subject,message,label
Nepieciešams apstiprinājums,"Labdien!

Vēlamies informēt par izmaiņām jūsu konta drošības statusā. Kontam ir nepieciešama papildu drošības pārbaude.

Lai turpinātu izmantot pakalpojumu, jāapstiprina jūsu informācija. Lai turpinātu, izmantojiet norādīto pārbaudes iespēju.

Lūdzu, neatlieciet šo pārbaudi.

Ar cieņu,
Klientu apkalpošanas nodaļa.",phishing
Drošības pārbaude,"Cienījamais lietotāj!

Svarīga informācija par jūsu kontu.

Ir konstatēta iespējama neatbilstība konta informācijā. Drošības pārbaude ir nepieciešama, lai aizsargātu jūsu kontu.

Veiciet norādīto pārbaudi, lai atjaunotu pilnu piekļuvi.
Lai turpinātu, izmantojiet norādīto pārbaudes iespēju.

Lūdzu, neatlieciet šo pārbaudi.

Ar cieņu,
Klientu apkalpošanas nodaļa.",phishing
Konta piekļuves problēma,"Svarīgs paziņojums!

Ir konstatēta darbība, kuru nepieciešams apstiprināt.

Paziņojums ir nosūtīts automātiski. Lai turpinātu izmantot kontu, nepieciešams veikt pārbaudi.

Šo darbību nepieciešams veikt pēc iespējas ātrāk. Pabeidziet pārbaudi, izmantojot drošības sadaļu.

Paldies par sapratni.",phishing
Jūsu konts ir ierobežots,"Labdien!

Pēdējās konta darbības dēļ nepieciešama papildu pārbaude. Lūdzu, pārbaudiet norādīto informāciju un apstipriniet darbību. Ja darbība netiks apstiprināta, konta izmantošana var būt ierobežota.

Izmantojiet konta pārbaudes iespēju, lai turpinātu.

Paldies, ka izmantojat mūsu pakalpojumus.",phishing
Jūsu konts ir ierobežots,"Sveiki, klient!

Ir konstatēta darbība, kuru nepieciešams apstiprināt.

Šī darbība ir saistīta ar jūsu konta drošību. Lai izvairītos no piekļuves ierobežošanas, apstipriniet konta datus.

Pārbaudes termiņš ir ierobežots. Konta pārbaudi var pabeigt, izmantojot zemāk norādīto darbību.

Ar cieņu,
Konta drošības komanda.",phishing
Svarīgs drošības paziņojums,"Cienījamais klient!

Svarīga informācija par jūsu kontu.

Sistēma nevarēja automātiski apstiprināt pēdējo darbību. Drošības pārbaude ir nepieciešama, lai aizsargātu jūsu kontu.

Lai turpinātu izmantot pakalpojumu, jāapstiprina jūsu informācija.
Konta pārbaudi var pabeigt, izmantojot zemāk norādīto darbību.

Pārbaudi ieteicams pabeigt tuvākajā laikā.

Ar cieņu,
Klientu apkalpošanas nodaļa.",phishing
Maksājuma apstiprināšana,"Svarīgs paziņojums!

Jūsu profils pašlaik gaida papildu pārbaudi.
Lūdzu, pabeidziet drošības pārbaudi.

Atbildēt uz šo ziņojumu nav nepieciešams.

Pārbaudi ieteicams pabeigt tuvākajā laikā. Lai turpinātu, izmantojiet norādīto pārbaudes iespēju.

Paldies par sadarbību.",phishing
Brīdinājums par kontu,"Labdien!

Jūsu profils pašlaik gaida papildu pārbaudi. Lai atjaunotu piekļuvi, nepieciešams apstiprināt konta statusu. Lūdzu, pievērsiet šim paziņojumam uzmanību.

Apstiprināšanas process ir pieejams konta pārbaudes sadaļā.

Paldies, ka izmantojat mūsu pakalpojumus.",phishing
Maksājuma apstiprināšana,"Labdien!

Jūsu konta drošības statuss ir jāapstiprina.

Šis ir automātiski nosūtīts paziņojums. Nepieciešams apstiprināt, ka konts joprojām pieder jums.

Pārbaudes termiņš ir ierobežots. Lai atjaunotu piekļuvi, turpiniet ar konta pārbaudi.

Paldies par sapratni.",phishing
Svarīgs drošības paziņojums,"Svarīgs paziņojums!

Vēlamies informēt par izmaiņām jūsu konta drošības statusā. Ir konstatēta iespējama neatbilstība konta informācijā.

Lai turpinātu izmantot pakalpojumu, jāapstiprina jūsu informācija. Konta pārbaudi var pabeigt, izmantojot zemāk norādīto darbību.

Ja darbība netiks apstiprināta, konta izmantošana var būt ierobežota.

Ar cieņu,
Konta drošības komanda.",phishing
Brīdinājums par kontu,"Cienījamais klient!

Ir konstatēta iespējama neatbilstība konta informācijā.
Lūdzu, veiciet nepieciešamo pārbaudi pēc iespējas ātrāk.

Papildu informācija par pārbaudi ir pieejama konta sadaļā.

Pretējā gadījumā var tikt piemēroti papildu drošības ierobežojumi. Lai apstiprinātu informāciju, atveriet pārbaudes sadaļu.

Paldies par sadarbību.",phishing
Svarīgs drošības paziņojums,"Sveiki, klient!

Mūsu sistēma ir konstatējusi neparastu aktivitāti jūsu kontā. Nepieciešams apstiprināt, ka konts joprojām pieder jums. Lūdzu, pievērsiet šim paziņojumam uzmanību.

Izmantojiet konta pārbaudes iespēju, lai turpinātu.

Paldies par sapratni.",phishing
Jūsu kontam nepieciešama pārbaude,"Sveiki!

Ir konstatēta iespējama neatbilstība konta informācijā.

Šis ir automātiski nosūtīts paziņojums. Nepieciešams apstiprināt, ka konts joprojām pieder jums.

Šo darbību nepieciešams veikt pēc iespējas ātrāk. Lai apstiprinātu informāciju, atveriet pārbaudes sadaļu.

Ar cieņu,
Konta drošības komanda.",phishing
Nepieciešama konta pārbaude,"Labdien, cienījamais klient!

Vēlamies informēt par izmaiņām jūsu konta drošības statusā. Sistēma nevarēja automātiski apstiprināt pēdējo darbību.

Lai turpinātu izmantot kontu, nepieciešams veikt pārbaudi. Konta pārbaudi var pabeigt, izmantojot zemāk norādīto darbību.

Pretējā gadījumā dažas konta funkcijas var kļūt nepieejamas.

Paldies, ka izmantojat mūsu pakalpojumus.",phishing
Brīdinājums par kontu,"Cienījamais lietotāj!

Pēdējās konta darbības dēļ nepieciešama papildu pārbaude.

Drošības pārbaude ir nepieciešama, lai aizsargātu jūsu kontu. Nepieciešams apstiprināt, ka konts joprojām pieder jums.

Ja darbība netiks apstiprināta, konta izmantošana var būt ierobežota. Lai turpinātu, izmantojiet norādīto pārbaudes iespēju.

Paldies par sadarbību.",phishing
Darījuma pārbaude,"Cienījamais lietotāj!

Mūsu sistēmā ir reģistrēta neparasta piekļuves darbība.
Lūdzu, veiciet nepieciešamo pārbaudi pēc iespējas ātrāk.

Šis ir automātiski nosūtīts paziņojums.

Šo darbību nepieciešams veikt pēc iespējas ātrāk. Konta pārbaudi var pabeigt, izmantojot zemāk norādīto darbību.

Paldies par sadarbību.",phishing
Identitātes pārbaude,"Cienījamais lietotāj!

Drošības sistēma ir pamanījusi aizdomīgu darbību.
Lūdzu, pabeidziet drošības pārbaudi.

Lūdzu, saglabājiet šo paziņojumu turpmākai atsaucei.

Nepieciešams rīkoties pirms konta statusa maiņas. Pabeidziet pārbaudi, izmantojot drošības sadaļu.

Ar cieņu,
Konta drošības komanda.",phishing
Konta pārbaudes termiņš,"Sveiki!

Drošības sistēma ir pamanījusi aizdomīgu darbību. Lai turpinātu izmantot kontu, nepieciešams veikt pārbaudi. Pretējā gadījumā var tikt piemēroti papildu drošības ierobežojumi.

Lai atjaunotu piekļuvi, turpiniet ar konta pārbaudi.

Paldies, ka izmantojat mūsu pakalpojumus.",phishing
Pēdējais atgādinājums par kontu,"Cienījamais lietotāj!

Mūsu sistēmā ir reģistrēta neparasta piekļuves darbība. Lai atjaunotu piekļuvi, nepieciešams apstiprināt konta statusu. Nepieciešams rīkoties pirms konta statusa maiņas.

Apstiprināšanas process ir pieejams konta pārbaudes sadaļā.

Paldies par sapratni.",phishing
Neparasta aktivitāte kontā,"Labdien!

Ir konstatēta iespējama neatbilstība konta informācijā.

Papildu informācija par pārbaudi ir pieejama konta sadaļā. Lūdzu, pabeidziet drošības pārbaudi.

Pārbaudes termiņš ir ierobežots. Lai apstiprinātu informāciju, atveriet pārbaudes sadaļu.

Paldies par sapratni.",phishing
Apstipriniet konta informāciju,"Sveiki!

Ir konstatēta iespējama neatbilstība konta informācijā. Lai izvairītos no piekļuves ierobežošanas, apstipriniet konta datus. Šo darbību nepieciešams veikt pēc iespējas ātrāk.

Lai turpinātu, izmantojiet norādīto pārbaudes iespēju.

Ar cieņu,
Drošības nodaļa.",phishing
Apstipriniet konta informāciju,"Svarīgs paziņojums!

Ir konstatēta iespējama neatbilstība konta informācijā. Lai izvairītos no piekļuves ierobežošanas, apstipriniet konta datus. Pretējā gadījumā dažas konta funkcijas var kļūt nepieejamas.

Pabeidziet pārbaudi, izmantojot drošības sadaļu.

Ar cieņu,
Konta drošības komanda.",phishing
Konta darbības apstiprināšana,"Labdien!

Mūsu sistēma ir konstatējusi neparastu aktivitāti jūsu kontā. Lūdzu, apstipriniet savu konta informāciju. Pretējā gadījumā dažas konta funkcijas var kļūt nepieejamas.

Lai apstiprinātu informāciju, atveriet pārbaudes sadaļu.

Ar cieņu,
Konta drošības komanda.",phishing
Svarīgs klienta paziņojums,"Labdien!

Sistēma nevarēja automātiski apstiprināt pēdējo darbību. Lai izvairītos no piekļuves ierobežošanas, apstipriniet konta datus. Pārbaudes termiņš ir ierobežots.

Lai atjaunotu piekļuvi, turpiniet ar konta pārbaudi.

Paldies par sapratni.",phishing
Darījuma pārbaude,"Cienījamais lietotāj!

Automātiskās pārbaudes laikā tika konstatēta nepieciešamība atjaunināt informāciju.

Drošības pārbaude ir nepieciešama, lai aizsargātu jūsu kontu. Lai izvairītos no piekļuves ierobežošanas, apstipriniet konta datus.

Ja pārbaude netiks veikta, piekļuve kontam var tikt ierobežota. Pabeidziet pārbaudi, izmantojot drošības sadaļu.

Ar cieņu,
Atbalsta komanda.",phishing
Apstipriniet konta informāciju,"Sveiki!

Svarīga informācija par jūsu kontu.

Automātiskās pārbaudes laikā tika konstatēta nepieciešamība atjaunināt informāciju. Paziņojums ir nosūtīts automātiski.

Lai turpinātu izmantot kontu, nepieciešams veikt pārbaudi.
Pabeidziet pārbaudi, izmantojot drošības sadaļu.

Pretējā gadījumā dažas konta funkcijas var kļūt nepieejamas.

Paldies par sadarbību.",phishing
Apstipriniet konta informāciju,"Labdien!

Drošības sistēma ir pamanījusi aizdomīgu darbību.
Lai atjaunotu piekļuvi, nepieciešams apstiprināt konta statusu.

Šī darbība ir saistīta ar jūsu konta drošību.

Pretējā gadījumā var tikt piemēroti papildu drošības ierobežojumi. Konta pārbaudi var pabeigt, izmantojot zemāk norādīto darbību.

Ar cieņu,
Atbalsta komanda.",phishing
Steidzams paziņojums,"Cienījamais klient!

Vēlamies informēt par izmaiņām jūsu konta drošības statusā. Ir konstatēta darbība, kuru nepieciešams apstiprināt.

Veiciet norādīto pārbaudi, lai atjaunotu pilnu piekļuvi. Izmantojiet konta pārbaudes iespēju, lai turpinātu.

Pretējā gadījumā dažas konta funkcijas var kļūt nepieejamas.

Ar cieņu,
Klientu apkalpošanas nodaļa.",phishing
Brīdinājums par kontu,"Labdien, cienījamais klient!

Vēlamies informēt par izmaiņām jūsu konta drošības statusā. Ir konstatēta darbība, kuru nepieciešams apstiprināt.

Lai izvairītos no piekļuves ierobežošanas, apstipriniet konta datus. Lai turpinātu, izmantojiet norādīto pārbaudes iespēju.

Šo darbību nepieciešams veikt pēc iespējas ātrāk.

Ar cieņu,
Konta drošības komanda.",phishing
Nepieciešama konta pārbaude,"Svarīgs paziņojums!

Vēlamies informēt par izmaiņām jūsu konta drošības statusā. Jūsu konta drošības statuss ir jāapstiprina.

Lūdzu, apstipriniet savu konta informāciju. Lai turpinātu, izmantojiet norādīto pārbaudes iespēju.

Nepieciešams rīkoties pirms konta statusa maiņas.

Paldies par sadarbību.",phishing
Konta pārbaudes termiņš,"Svarīgs paziņojums!

Ir konstatēta iespējama neatbilstība konta informācijā. Nepieciešams apstiprināt, ka konts joprojām pieder jums. Pretējā gadījumā dažas konta funkcijas var kļūt nepieejamas.

Lai apstiprinātu informāciju, atveriet pārbaudes sadaļu.

Paldies, ka izmantojat mūsu pakalpojumus.",phishing
Konta pārbaudes termiņš,"Labdien!

Jūsu konta drošības statuss ir jāapstiprina.
Lai turpinātu izmantot kontu, nepieciešams veikt pārbaudi.

Lūdzu, saglabājiet šo paziņojumu turpmākai atsaucei.

Šo darbību nepieciešams veikt pēc iespējas ātrāk. Pabeidziet pārbaudi, izmantojot drošības sadaļu.

Ar cieņu,
Atbalsta komanda.",phishing
Maksājuma apstiprināšana,"Svarīgs paziņojums!

Svarīga informācija par jūsu kontu.

Kontam ir nepieciešama papildu drošības pārbaude. Šī darbība ir saistīta ar jūsu konta drošību.

Lai turpinātu izmantot kontu, nepieciešams veikt pārbaudi.
Izmantojiet konta pārbaudes iespēju, lai turpinātu.

Ja pārbaude netiks veikta, piekļuve kontam var tikt ierobežota.

Ar cieņu,
Konta drošības komanda.",phishing
Jūsu konts ir ierobežots,"Cienījamais lietotāj!

Svarīga informācija par jūsu kontu.

Ir konstatēta darbība, kuru nepieciešams apstiprināt. Lūdzu, saglabājiet šo paziņojumu turpmākai atsaucei.

Lai turpinātu izmantot pakalpojumu, jāapstiprina jūsu informācija.
Apstiprināšanas process ir pieejams konta pārbaudes sadaļā.

Pretējā gadījumā dažas konta funkcijas var kļūt nepieejamas.

Ar cieņu,
Klientu apkalpošanas nodaļa.",phishing
Apstipriniet konta informāciju,"Sveiki, klient!

Sistēma nevarēja automātiski apstiprināt pēdējo darbību. Lai turpinātu izmantot kontu, nepieciešams veikt pārbaudi. Lūdzu, neatlieciet šo pārbaudi.

Lai atjaunotu piekļuvi, turpiniet ar konta pārbaudi.

Paldies par sapratni.",phishing
Konta piekļuves problēma,"Svarīgs paziņojums!

Svarīga informācija par jūsu kontu.

Ir konstatēta iespējama neatbilstība konta informācijā. Atbildēt uz šo ziņojumu nav nepieciešams.

Lai turpinātu izmantot pakalpojumu, jāapstiprina jūsu informācija.
Lai turpinātu, izmantojiet norādīto pārbaudes iespēju.

Šo darbību nepieciešams veikt pēc iespējas ātrāk.

Ar cieņu,
Konta drošības komanda.",phishing
Identitātes pārbaude,"Labdien, cienījamais klient!

Vēlamies informēt par izmaiņām jūsu konta drošības statusā. Kontam ir nepieciešama papildu drošības pārbaude.

Lai turpinātu izmantot pakalpojumu, jāapstiprina jūsu informācija. Izmantojiet konta pārbaudes iespēju, lai turpinātu.

Lūdzu, pievērsiet šim paziņojumam uzmanību.

Ar cieņu,
Konta drošības komanda.",phishing
Jūsu konts ir ierobežots,"Cienījamais lietotāj!

Automātiskā sistēma ir atzīmējusi jūsu kontu pārbaudei. Lūdzu, apstipriniet savu konta informāciju. Lūdzu, neatlieciet šo pārbaudi.

Pabeidziet pārbaudi, izmantojot drošības sadaļu.

Ar cieņu,
Atbalsta komanda.",phishing
Nepieciešama konta pārbaude,"Sveiki!

Jūsu profils pašlaik gaida papildu pārbaudi.

Atbildēt uz šo ziņojumu nav nepieciešams. Lai izvairītos no piekļuves ierobežošanas, apstipriniet konta datus.

Ja pārbaude netiks veikta, piekļuve kontam var tikt ierobežota. Lai atjaunotu piekļuvi, turpiniet ar konta pārbaudi.

Paldies, ka izmantojat mūsu pakalpojumus.",phishing
Brīdinājums par kontu,"Labdien!

Jūsu profils pašlaik gaida papildu pārbaudi. Nepieciešams apstiprināt, ka konts joprojām pieder jums. Pretējā gadījumā dažas konta funkcijas var kļūt nepieejamas.

Lai apstiprinātu informāciju, atveriet pārbaudes sadaļu.

Ar cieņu,
Konta drošības komanda.",phishing
Paziņojums par konta darbību,"Labdien, cienījamais klient!

Vēlamies informēt par izmaiņām jūsu konta drošības statusā. Pēdējās konta darbības dēļ nepieciešama papildu pārbaude.

Lai atjaunotu piekļuvi, nepieciešams apstiprināt konta statusu. Apstiprināšanas process ir pieejams konta pārbaudes sadaļā.

Pretējā gadījumā dažas konta funkcijas var kļūt nepieejamas.

Ar cieņu,
Klientu apkalpošanas nodaļa.",phishing
Konta piekļuves problēma,"Sveiki, klient!

Automātiskā sistēma ir atzīmējusi jūsu kontu pārbaudei.
Lai atjaunotu piekļuvi, nepieciešams apstiprināt konta statusu.

Šī darbība ir saistīta ar jūsu konta drošību.

Nepieciešams rīkoties pirms konta statusa maiņas. Lai turpinātu, izmantojiet norādīto pārbaudes iespēju.

Ar cieņu,
Atbalsta komanda.",phishing
Drošības pārbaude,"Cienījamais klient!

Jūsu konta drošības statuss ir jāapstiprina. Lūdzu, pabeidziet drošības pārbaudi. Šo darbību nepieciešams veikt pēc iespējas ātrāk.

Lai atjaunotu piekļuvi, turpiniet ar konta pārbaudi.

Ar cieņu,
Konta drošības komanda.",phishing
Nepieciešama konta pārbaude,"Labdien!

Ir konstatēta iespējama neatbilstība konta informācijā.
Lai turpinātu izmantot kontu, nepieciešams veikt pārbaudi.

Pārbaude tiek veikta drošības nolūkos.

Pārbaudes termiņš ir ierobežots. Apstiprināšanas process ir pieejams konta pārbaudes sadaļā.

Ar cieņu,
Klientu apkalpošanas nodaļa.",phishing
Steidzams paziņojums,"Cienījamais klient!

Svarīga informācija par jūsu kontu.

Sistēma nevarēja automātiski apstiprināt pēdējo darbību. Paziņojums ir nosūtīts automātiski.

Lūdzu, apstipriniet savu konta informāciju.
Apstiprināšanas process ir pieejams konta pārbaudes sadaļā.

Ja pārbaude netiks veikta, piekļuve kontam var tikt ierobežota.

Paldies, ka izmantojat mūsu pakalpojumus.",phishing
Svarīgs klienta paziņojums,"Labdien!

Svarīga informācija par jūsu kontu.

Mūsu sistēma ir konstatējusi neparastu aktivitāti jūsu kontā. Atbildēt uz šo ziņojumu nav nepieciešams.

Lūdzu, veiciet nepieciešamo pārbaudi pēc iespējas ātrāk.
Izmantojiet konta pārbaudes iespēju, lai turpinātu.

Pārbaudes termiņš ir ierobežots.

Paldies par sapratni.",phishing
Svarīgs drošības paziņojums,"Cienījamais lietotāj!

Sistēma nevarēja automātiski apstiprināt pēdējo darbību. Veiciet norādīto pārbaudi, lai atjaunotu pilnu piekļuvi. Pretējā gadījumā var tikt piemēroti papildu drošības ierobežojumi.

Izmantojiet konta pārbaudes iespēju, lai turpinātu.

Ar cieņu,
Atbalsta komanda.",phishing
Neapstiprināta darbība,"Cienījamais klient!

Vēlamies informēt par izmaiņām jūsu konta drošības statusā. Automātiskās pārbaudes laikā tika konstatēta nepieciešamība atjaunināt informāciju.

Lai atjaunotu piekļuvi, nepieciešams apstiprināt konta statusu. Apstiprināšanas process ir pieejams konta pārbaudes sadaļā.

Lūdzu, pievērsiet šim paziņojumam uzmanību.

Ar cieņu,
Konta drošības komanda.",phishing
Konta pārbaudes termiņš,"Labdien!

Mūsu sistēmā ir reģistrēta neparasta piekļuves darbība.
Nepieciešams apstiprināt, ka konts joprojām pieder jums.

Lūdzu, saglabājiet šo paziņojumu turpmākai atsaucei.

Pretējā gadījumā var tikt piemēroti papildu drošības ierobežojumi. Apstiprināšanas process ir pieejams konta pārbaudes sadaļā.

Paldies par sapratni.",phishing
Jūsu konts ir ierobežots,"Sveiki!

Mūsu sistēma ir konstatējusi neparastu aktivitāti jūsu kontā.
Lai turpinātu izmantot kontu, nepieciešams veikt pārbaudi.

Pārbaude tiek veikta drošības nolūkos.

Ja darbība netiks apstiprināta, konta izmantošana var būt ierobežota. Lai atjaunotu piekļuvi, turpiniet ar konta pārbaudi.

Ar cieņu,
Konta drošības komanda.",phishing
Drošības pārbaude,"Sveiki!

Svarīga informācija par jūsu kontu.

Jūsu profils pašlaik gaida papildu pārbaudi. Lūdzu, saglabājiet šo paziņojumu turpmākai atsaucei.

Lūdzu, veiciet nepieciešamo pārbaudi pēc iespējas ātrāk.
Izmantojiet konta pārbaudes iespēju, lai turpinātu.

Pārbaudi ieteicams pabeigt tuvākajā laikā.

Paldies, ka izmantojat mūsu pakalpojumus.",phishing
Neparasta aktivitāte kontā,"Labdien!

Svarīga informācija par jūsu kontu.

Jūsu konta drošības statuss ir jāapstiprina. Atbildēt uz šo ziņojumu nav nepieciešams.

Lai atjaunotu piekļuvi, nepieciešams apstiprināt konta statusu.
Izmantojiet konta pārbaudes iespēju, lai turpinātu.

Nepieciešams rīkoties pirms konta statusa maiņas.

Ar cieņu,
Konta drošības komanda.",phishing
Jūsu konts ir ierobežots,"Labdien, cienījamais klient!

Svarīga informācija par jūsu kontu.

Automātiskās pārbaudes laikā tika konstatēta nepieciešamība atjaunināt informāciju. Atbildēt uz šo ziņojumu nav nepieciešams.

Lūdzu, pārbaudiet norādīto informāciju un apstipriniet darbību.
Izmantojiet konta pārbaudes iespēju, lai turpinātu.

Pretējā gadījumā dažas konta funkcijas var kļūt nepieejamas.

Paldies, ka izmantojat mūsu pakalpojumus.",phishing
Steidzams paziņojums,"Labdien, cienījamais klient!

Svarīga informācija par jūsu kontu.

Drošības sistēma ir pamanījusi aizdomīgu darbību. Papildu informācija par pārbaudi ir pieejama konta sadaļā.

Lūdzu, pārbaudiet norādīto informāciju un apstipriniet darbību.
Izmantojiet konta pārbaudes iespēju, lai turpinātu.

Lūdzu, pievērsiet šim paziņojumam uzmanību.

Paldies par sapratni.",phishing
Nepieciešama tūlītēja darbība,"Labdien!

Automātiskās pārbaudes laikā tika konstatēta nepieciešamība atjaunināt informāciju.
Lai atjaunotu piekļuvi, nepieciešams apstiprināt konta statusu.

Atbildēt uz šo ziņojumu nav nepieciešams.

Ja darbība netiks apstiprināta, konta izmantošana var būt ierobežota. Apstiprināšanas process ir pieejams konta pārbaudes sadaļā.

Ar cieņu,
Konta drošības komanda.",phishing
Drošības sistēmas brīdinājums,"Cienījamais lietotāj!

Vēlamies informēt par izmaiņām jūsu konta drošības statusā. Pēdējās konta darbības dēļ nepieciešama papildu pārbaude.

Lūdzu, pabeidziet drošības pārbaudi. Izmantojiet konta pārbaudes iespēju, lai turpinātu.

Šo darbību nepieciešams veikt pēc iespējas ātrāk.

Paldies par sadarbību.",phishing
Svarīga informācija par jūsu kontu,"Cienījamais klient!

Vēlamies informēt par izmaiņām jūsu konta drošības statusā. Pēdējās konta darbības dēļ nepieciešama papildu pārbaude.

Lai turpinātu izmantot kontu, nepieciešams veikt pārbaudi. Izmantojiet konta pārbaudes iespēju, lai turpinātu.

Lūdzu, pievērsiet šim paziņojumam uzmanību.

Ar cieņu,
Drošības nodaļa.",phishing
Jūsu kontam nepieciešama pārbaude,"Cienījamais klient!

Automātiskās pārbaudes laikā tika konstatēta nepieciešamība atjaunināt informāciju. Lūdzu, pabeidziet drošības pārbaudi. Nepieciešams rīkoties pirms konta statusa maiņas.

Lai atjaunotu piekļuvi, turpiniet ar konta pārbaudi.

Ar cieņu,
Atbalsta komanda.",phishing
Nepieciešama konta pārbaude,"Labdien, cienījamais klient!

Ir konstatēta darbība, kuru nepieciešams apstiprināt. Lai turpinātu izmantot pakalpojumu, jāapstiprina jūsu informācija. Nepieciešams rīkoties pirms konta statusa maiņas.

Lai apstiprinātu informāciju, atveriet pārbaudes sadaļu.

Ar cieņu,
Atbalsta komanda.",phishing
Nepieciešama konta pārbaude,"Cienījamais lietotāj!

Ir konstatēta darbība, kuru nepieciešams apstiprināt.
Lūdzu, veiciet nepieciešamo pārbaudi pēc iespējas ātrāk.

Šī darbība ir saistīta ar jūsu konta drošību.

Ja darbība netiks apstiprināta, konta izmantošana var būt ierobežota. Konta pārbaudi var pabeigt, izmantojot zemāk norādīto darbību.

Ar cieņu,
Atbalsta komanda.",phishing
Neapstiprināta darbība,"Labdien, cienījamais klient!

Mūsu sistēmā ir reģistrēta neparasta piekļuves darbība. Lai izvairītos no piekļuves ierobežošanas, apstipriniet konta datus. Pārbaudi ieteicams pabeigt tuvākajā laikā.

Izmantojiet konta pārbaudes iespēju, lai turpinātu.

Paldies par sapratni.",phishing
Darījuma pārbaude,"Cienījamais lietotāj!

Mūsu sistēmā ir reģistrēta neparasta piekļuves darbība.
Veiciet norādīto pārbaudi, lai atjaunotu pilnu piekļuvi.

Paziņojums ir nosūtīts automātiski.

Pretējā gadījumā var tikt piemēroti papildu drošības ierobežojumi. Lai turpinātu, izmantojiet norādīto pārbaudes iespēju.

Paldies par sapratni.",phishing
Neapstiprināta darbība,"Cienījamais klient!

Sistēma nevarēja automātiski apstiprināt pēdējo darbību.
Veiciet norādīto pārbaudi, lai atjaunotu pilnu piekļuvi.

Drošības pārbaude ir nepieciešama, lai aizsargātu jūsu kontu.

Šo darbību nepieciešams veikt pēc iespējas ātrāk. Pabeidziet pārbaudi, izmantojot drošības sadaļu.

Paldies par sadarbību.",phishing
Jūsu konts ir ierobežots,"Labdien!

Jūsu konta drošības statuss ir jāapstiprina. Lai turpinātu izmantot pakalpojumu, jāapstiprina jūsu informācija. Pārbaudes termiņš ir ierobežots.

Pabeidziet pārbaudi, izmantojot drošības sadaļu.

Paldies par sapratni.",phishing
Drošības pārbaude,"Sveiki!

Kontam ir nepieciešama papildu drošības pārbaude. Lūdzu, pabeidziet drošības pārbaudi. Pretējā gadījumā var tikt piemēroti papildu drošības ierobežojumi.

Lai turpinātu, izmantojiet norādīto pārbaudes iespēju.

Paldies par sadarbību.",phishing
Neparasta aktivitāte kontā,"Labdien!

Kontam ir nepieciešama papildu drošības pārbaude. Lai atjaunotu piekļuvi, nepieciešams apstiprināt konta statusu. Lūdzu, neatlieciet šo pārbaudi.

Lai apstiprinātu informāciju, atveriet pārbaudes sadaļu.

Ar cieņu,
Klientu apkalpošanas nodaļa.",phishing
Jūsu konts ir ierobežots,"Labdien!

Pēdējās konta darbības dēļ nepieciešama papildu pārbaude.

Lūdzu, saglabājiet šo paziņojumu turpmākai atsaucei. Lūdzu, apstipriniet savu konta informāciju.

Šo darbību nepieciešams veikt pēc iespējas ātrāk. Pabeidziet pārbaudi, izmantojot drošības sadaļu.

Paldies, ka izmantojat mūsu pakalpojumus.",phishing
Drošības pārbaude,"Labdien!

Automātiskās pārbaudes laikā tika konstatēta nepieciešamība atjaunināt informāciju. Lai turpinātu izmantot kontu, nepieciešams veikt pārbaudi. Ja pārbaude netiks veikta, piekļuve kontam var tikt ierobežota.

Lai atjaunotu piekļuvi, turpiniet ar konta pārbaudi.

Ar cieņu,
Atbalsta komanda.",phishing
Steidzams paziņojums,"Cienījamais klient!

Jūsu profils pašlaik gaida papildu pārbaudi.
Lai izvairītos no piekļuves ierobežošanas, apstipriniet konta datus.

Šī darbība ir saistīta ar jūsu konta drošību.

Šo darbību nepieciešams veikt pēc iespējas ātrāk. Lai apstiprinātu informāciju, atveriet pārbaudes sadaļu.

Paldies par sapratni.",phishing
Nepieciešams apstiprinājums,"Sveiki, klient!

Ir konstatēta darbība, kuru nepieciešams apstiprināt. Veiciet norādīto pārbaudi, lai atjaunotu pilnu piekļuvi. Nepieciešams rīkoties pirms konta statusa maiņas.

Pabeidziet pārbaudi, izmantojot drošības sadaļu.

Ar cieņu,
Konta drošības komanda.",phishing
Nepieciešama konta pārbaude,"Cienījamais lietotāj!

Vēlamies informēt par izmaiņām jūsu konta drošības statusā. Sistēma nevarēja automātiski apstiprināt pēdējo darbību.

Nepieciešams apstiprināt, ka konts joprojām pieder jums. Pabeidziet pārbaudi, izmantojot drošības sadaļu.

Pretējā gadījumā dažas konta funkcijas var kļūt nepieejamas.

Ar cieņu,
Drošības nodaļa.",phishing
Neparasta aktivitāte kontā,"Sveiki!

Automātiskā sistēma ir atzīmējusi jūsu kontu pārbaudei. Lai turpinātu izmantot kontu, nepieciešams veikt pārbaudi. Lūdzu, pievērsiet šim paziņojumam uzmanību.

Lai turpinātu, izmantojiet norādīto pārbaudes iespēju.

Ar cieņu,
Drošības nodaļa.",phishing
Svarīgs drošības paziņojums,"Svarīgs paziņojums!

Jūsu konta drošības statuss ir jāapstiprina. Lai atjaunotu piekļuvi, nepieciešams apstiprināt konta statusu. Pretējā gadījumā var tikt piemēroti papildu drošības ierobežojumi.

Konta pārbaudi var pabeigt, izmantojot zemāk norādīto darbību.

Ar cieņu,
Konta drošības komanda.",phishing
Pēdējais atgādinājums par kontu,"Sveiki!

Svarīga informācija par jūsu kontu.

Mūsu sistēma ir konstatējusi neparastu aktivitāti jūsu kontā. Papildu informācija par pārbaudi ir pieejama konta sadaļā.

Lūdzu, pabeidziet drošības pārbaudi.
Lai turpinātu, izmantojiet norādīto pārbaudes iespēju.

Lūdzu, pievērsiet šim paziņojumam uzmanību.

Ar cieņu,
Klientu apkalpošanas nodaļa.",phishing
Drošības pārbaude,"Labdien, cienījamais klient!

Vēlamies informēt par izmaiņām jūsu konta drošības statusā. Jūsu konta drošības statuss ir jāapstiprina.

Lai atjaunotu piekļuvi, nepieciešams apstiprināt konta statusu. Lai apstiprinātu informāciju, atveriet pārbaudes sadaļu.

Pretējā gadījumā dažas konta funkcijas var kļūt nepieejamas.

Paldies par sapratni.",phishing
Nepieciešams apstiprinājums,"Sveiki, klient!

Svarīga informācija par jūsu kontu.

Mūsu sistēmā ir reģistrēta neparasta piekļuves darbība. Lūdzu, saglabājiet šo paziņojumu turpmākai atsaucei.

Lai turpinātu izmantot pakalpojumu, jāapstiprina jūsu informācija.
Pabeidziet pārbaudi, izmantojot drošības sadaļu.

Ja pārbaude netiks veikta, piekļuve kontam var tikt ierobežota.

Ar cieņu,
Konta drošības komanda.",phishing
Neapstiprināta darbība,"Svarīgs paziņojums!

Pēdējās konta darbības dēļ nepieciešama papildu pārbaude.
Lūdzu, veiciet nepieciešamo pārbaudi pēc iespējas ātrāk.

Papildu informācija par pārbaudi ir pieejama konta sadaļā.

Lūdzu, neatlieciet šo pārbaudi. Apstiprināšanas process ir pieejams konta pārbaudes sadaļā.

Ar cieņu,
Atbalsta komanda.",phishing
Svarīgs klienta paziņojums,"Sveiki!

Svarīga informācija par jūsu kontu.

Drošības sistēma ir pamanījusi aizdomīgu darbību. Atbildēt uz šo ziņojumu nav nepieciešams.

Veiciet norādīto pārbaudi, lai atjaunotu pilnu piekļuvi.
Izmantojiet konta pārbaudes iespēju, lai turpinātu.

Ja darbība netiks apstiprināta, konta izmantošana var būt ierobežota.

Ar cieņu,
Konta drošības komanda.",phishing
Jūsu konts ir ierobežots,"Labdien!

Vēlamies informēt par izmaiņām jūsu konta drošības statusā. Mūsu sistēmā ir reģistrēta neparasta piekļuves darbība.

Lai izvairītos no piekļuves ierobežošanas, apstipriniet konta datus. Lai apstiprinātu informāciju, atveriet pārbaudes sadaļu.

Lūdzu, pievērsiet šim paziņojumam uzmanību.

Ar cieņu,
Atbalsta komanda.",phishing
Piekļuves atjaunošana,"Labdien!

Drošības sistēma ir pamanījusi aizdomīgu darbību.

Pārbaude tiek veikta drošības nolūkos. Lūdzu, apstipriniet savu konta informāciju.

Pretējā gadījumā var tikt piemēroti papildu drošības ierobežojumi. Lai turpinātu, izmantojiet norādīto pārbaudes iespēju.

Ar cieņu,
Konta drošības komanda.",phishing
Jūsu profils ir jāatjauno,"Cienījamais klient!

Automātiskā sistēma ir atzīmējusi jūsu kontu pārbaudei. Lai izvairītos no piekļuves ierobežošanas, apstipriniet konta datus. Nepieciešams rīkoties pirms konta statusa maiņas.

Apstiprināšanas process ir pieejams konta pārbaudes sadaļā.

Paldies par sadarbību.",phishing
Jūsu kontam nepieciešama pārbaude,"Cienījamais lietotāj!

Svarīga informācija par jūsu kontu.

Ir konstatēta darbība, kuru nepieciešams apstiprināt. Lūdzu, saglabājiet šo paziņojumu turpmākai atsaucei.

Nepieciešams apstiprināt, ka konts joprojām pieder jums.
Izmantojiet konta pārbaudes iespēju, lai turpinātu.

Nepieciešams rīkoties pirms konta statusa maiņas.

Ar cieņu,
Atbalsta komanda.",phishing
Drošības sistēmas brīdinājums,"Labdien, cienījamais klient!

Ir konstatēta iespējama neatbilstība konta informācijā. Nepieciešams apstiprināt, ka konts joprojām pieder jums. Nepieciešams rīkoties pirms konta statusa maiņas.

Apstiprināšanas process ir pieejams konta pārbaudes sadaļā.

Paldies par sapratni.",phishing
Neparasta aktivitāte kontā,"Labdien, cienījamais klient!

Automātiskās pārbaudes laikā tika konstatēta nepieciešamība atjaunināt informāciju.
Lūdzu, veiciet nepieciešamo pārbaudi pēc iespējas ātrāk.

Papildu informācija par pārbaudi ir pieejama konta sadaļā.

Pretējā gadījumā var tikt piemēroti papildu drošības ierobežojumi. Izmantojiet konta pārbaudes iespēju, lai turpinātu.

Paldies, ka izmantojat mūsu pakalpojumus.",phishing
Svarīgs klienta paziņojums,"Labdien, cienījamais klient!

Svarīga informācija par jūsu kontu.

Mūsu sistēmā ir reģistrēta neparasta piekļuves darbība. Šis ir automātiski nosūtīts paziņojums.

Nepieciešams apstiprināt, ka konts joprojām pieder jums.
Lai apstiprinātu informāciju, atveriet pārbaudes sadaļu.

Lūdzu, pievērsiet šim paziņojumam uzmanību.

Ar cieņu,
Drošības nodaļa.",phishing
Nepieciešams apstiprinājums,"Labdien!

Pēdējās konta darbības dēļ nepieciešama papildu pārbaude.
Lai atjaunotu piekļuvi, nepieciešams apstiprināt konta statusu.

Lūdzu, saglabājiet šo paziņojumu turpmākai atsaucei.

Pārbaudes termiņš ir ierobežots. Pabeidziet pārbaudi, izmantojot drošības sadaļu.

Paldies par sapratni.",phishing
Neparasta aktivitāte kontā,"Cienījamais klient!

Jūsu konta drošības statuss ir jāapstiprina. Lūdzu, pārbaudiet norādīto informāciju un apstipriniet darbību. Ja darbība netiks apstiprināta, konta izmantošana var būt ierobežota.

Konta pārbaudi var pabeigt, izmantojot zemāk norādīto darbību.

Paldies, ka izmantojat mūsu pakalpojumus.",phishing
Neapstiprināta darbība,"Labdien!

Svarīga informācija par jūsu kontu.

Drošības sistēma ir pamanījusi aizdomīgu darbību. Šis ir automātiski nosūtīts paziņojums.

Nepieciešams apstiprināt, ka konts joprojām pieder jums.
Izmantojiet konta pārbaudes iespēju, lai turpinātu.

Pretējā gadījumā dažas konta funkcijas var kļūt nepieejamas.

Paldies par sadarbību.",phishing
Apstipriniet konta informāciju,"Svarīgs paziņojums!

Ir konstatēta darbība, kuru nepieciešams apstiprināt. Lūdzu, apstipriniet savu konta informāciju. Pretējā gadījumā var tikt piemēroti papildu drošības ierobežojumi.

Apstiprināšanas process ir pieejams konta pārbaudes sadaļā.

Paldies par sadarbību.",phishing
Darījuma pārbaude,"Cienījamais klient!

Svarīga informācija par jūsu kontu.

Mūsu sistēmā ir reģistrēta neparasta piekļuves darbība. Drošības pārbaude ir nepieciešama, lai aizsargātu jūsu kontu.

Lai turpinātu izmantot kontu, nepieciešams veikt pārbaudi.
Lai atjaunotu piekļuvi, turpiniet ar konta pārbaudi.

Pretējā gadījumā dažas konta funkcijas var kļūt nepieejamas.

Paldies par sadarbību.",phishing
Konta pārbaudes termiņš,"Cienījamais klient!

Jūsu konta drošības statuss ir jāapstiprina. Lai atjaunotu piekļuvi, nepieciešams apstiprināt konta statusu. Nepieciešams rīkoties pirms konta statusa maiņas.

Pabeidziet pārbaudi, izmantojot drošības sadaļu.

Ar cieņu,
Atbalsta komanda.",phishing
Identitātes pārbaude,"Labdien, cienījamais klient!

Automātiskā sistēma ir atzīmējusi jūsu kontu pārbaudei.
Lai atjaunotu piekļuvi, nepieciešams apstiprināt konta statusu.

Pārbaude tiek veikta drošības nolūkos.

Lūdzu, neatlieciet šo pārbaudi. Lai atjaunotu piekļuvi, turpiniet ar konta pārbaudi.

Ar cieņu,
Drošības nodaļa.",phishing
Konta piekļuves problēma,"Svarīgs paziņojums!

Svarīga informācija par jūsu kontu.

Drošības sistēma ir pamanījusi aizdomīgu darbību. Lūdzu, saglabājiet šo paziņojumu turpmākai atsaucei.

Lai turpinātu izmantot kontu, nepieciešams veikt pārbaudi.
Izmantojiet konta pārbaudes iespēju, lai turpinātu.

Lūdzu, neatlieciet šo pārbaudi.

Ar cieņu,
Drošības nodaļa.",phishing
Jūsu kontam nepieciešama pārbaude,"Labdien!

Jūsu profils pašlaik gaida papildu pārbaudi. Lūdzu, pabeidziet drošības pārbaudi. Nepieciešams rīkoties pirms konta statusa maiņas.

Apstiprināšanas process ir pieejams konta pārbaudes sadaļā.

Paldies, ka izmantojat mūsu pakalpojumus.",phishing
Svarīgs klienta paziņojums,"Cienījamais lietotāj!

Kontam ir nepieciešama papildu drošības pārbaude.

Pārbaude tiek veikta drošības nolūkos. Lai turpinātu izmantot kontu, nepieciešams veikt pārbaudi.

Nepieciešams rīkoties pirms konta statusa maiņas. Pabeidziet pārbaudi, izmantojot drošības sadaļu.

Paldies, ka izmantojat mūsu pakalpojumus.",phishing
Jūsu profils ir jāatjauno,"Sveiki, klient!

Drošības sistēma ir pamanījusi aizdomīgu darbību.
Lūdzu, apstipriniet savu konta informāciju.

Papildu informācija par pārbaudi ir pieejama konta sadaļā.

Lūdzu, pievērsiet šim paziņojumam uzmanību. Lai turpinātu, izmantojiet norādīto pārbaudes iespēju.

Paldies par sapratni.",phishing
Piekļuves atjaunošana,"Labdien, cienījamais klient!

Automātiskā sistēma ir atzīmējusi jūsu kontu pārbaudei.

Paziņojums ir nosūtīts automātiski. Lūdzu, pabeidziet drošības pārbaudi.

Pretējā gadījumā dažas konta funkcijas var kļūt nepieejamas. Apstiprināšanas process ir pieejams konta pārbaudes sadaļā.

Paldies, ka izmantojat mūsu pakalpojumus.",phishing
Nepieciešama tūlītēja darbība,"Sveiki, klient!

Svarīga informācija par jūsu kontu.

Ir konstatēta iespējama neatbilstība konta informācijā. Šis ir automātiski nosūtīts paziņojums.

Lūdzu, apstipriniet savu konta informāciju.
Pabeidziet pārbaudi, izmantojot drošības sadaļu.

Pārbaudes termiņš ir ierobežots.

Ar cieņu,
Drošības nodaļa.",phishing
Svarīgs drošības paziņojums,"Labdien, cienījamais klient!

Svarīga informācija par jūsu kontu.

Sistēma nevarēja automātiski apstiprināt pēdējo darbību. Šis ir automātiski nosūtīts paziņojums.

Lai atjaunotu piekļuvi, nepieciešams apstiprināt konta statusu.
Lai atjaunotu piekļuvi, turpiniet ar konta pārbaudi.

Nepieciešams rīkoties pirms konta statusa maiņas.

Ar cieņu,
Drošības nodaļa.",phishing
Svarīgs drošības paziņojums,"Cienījamais klient!

Sistēma nevarēja automātiski apstiprināt pēdējo darbību.
Nepieciešams apstiprināt, ka konts joprojām pieder jums.

Šī darbība ir saistīta ar jūsu konta drošību.

Pretējā gadījumā dažas konta funkcijas var kļūt nepieejamas. Konta pārbaudi var pabeigt, izmantojot zemāk norādīto darbību.

Paldies, ka izmantojat mūsu pakalpojumus.",phishing
Neparasta aktivitāte kontā,"Labdien!

Automātiskās pārbaudes laikā tika konstatēta nepieciešamība atjaunināt informāciju.

Paziņojums ir nosūtīts automātiski. Lai atjaunotu piekļuvi, nepieciešams apstiprināt konta statusu.

Lūdzu, neatlieciet šo pārbaudi. Lai turpinātu, izmantojiet norādīto pārbaudes iespēju.

Ar cieņu,
Drošības nodaļa.",phishing
Maksājuma apstiprināšana,"Sveiki!

Kontam ir nepieciešama papildu drošības pārbaude.
Lai izvairītos no piekļuves ierobežošanas, apstipriniet konta datus.

Papildu informācija par pārbaudi ir pieejama konta sadaļā.

Ja pārbaude netiks veikta, piekļuve kontam var tikt ierobežota. Apstiprināšanas process ir pieejams konta pārbaudes sadaļā.

Ar cieņu,
Atbalsta komanda.",phishing
Pēdējais atgādinājums par kontu,"Sveiki!

Kontam ir nepieciešama papildu drošības pārbaude.

Atbildēt uz šo ziņojumu nav nepieciešams. Lūdzu, pārbaudiet norādīto informāciju un apstipriniet darbību.

Lūdzu, neatlieciet šo pārbaudi. Lai apstiprinātu informāciju, atveriet pārbaudes sadaļu.

Paldies par sapratni.",phishing
Brīdinājums par kontu,"Labdien, cienījamais klient!

Mūsu sistēmā ir reģistrēta neparasta piekļuves darbība.

Atbildēt uz šo ziņojumu nav nepieciešams. Nepieciešams apstiprināt, ka konts joprojām pieder jums.

Ja darbība netiks apstiprināta, konta izmantošana var būt ierobežota. Lai turpinātu, izmantojiet norādīto pārbaudes iespēju.

Ar cieņu,
Konta drošības komanda.",phishing
Neapstiprināta darbība,"Labdien, cienījamais klient!

Svarīga informācija par jūsu kontu.

Sistēma nevarēja automātiski apstiprināt pēdējo darbību. Atbildēt uz šo ziņojumu nav nepieciešams.

Lai atjaunotu piekļuvi, nepieciešams apstiprināt konta statusu.
Izmantojiet konta pārbaudes iespēju, lai turpinātu.

Lūdzu, pievērsiet šim paziņojumam uzmanību.

Ar cieņu,
Atbalsta komanda.",phishing
Neapstiprināta darbība,"Cienījamais klient!

Drošības sistēma ir pamanījusi aizdomīgu darbību. Lūdzu, veiciet nepieciešamo pārbaudi pēc iespējas ātrāk. Pretējā gadījumā var tikt piemēroti papildu drošības ierobežojumi.

Pabeidziet pārbaudi, izmantojot drošības sadaļu.

Paldies par sapratni.",phishing
Pēdējais atgādinājums par kontu,"Labdien, cienījamais klient!

Svarīga informācija par jūsu kontu.

Pēdējās konta darbības dēļ nepieciešama papildu pārbaude. Šis ir automātiski nosūtīts paziņojums.

Lūdzu, apstipriniet savu konta informāciju.
Apstiprināšanas process ir pieejams konta pārbaudes sadaļā.

Pretējā gadījumā var tikt piemēroti papildu drošības ierobežojumi.

Ar cieņu,
Klientu apkalpošanas nodaļa.",phishing
Drošības pārbaude,"Labdien, cienījamais klient!

Pēdējās konta darbības dēļ nepieciešama papildu pārbaude.

Šī darbība ir saistīta ar jūsu konta drošību. Lūdzu, pabeidziet drošības pārbaudi.

Ja darbība netiks apstiprināta, konta izmantošana var būt ierobežota. Apstiprināšanas process ir pieejams konta pārbaudes sadaļā.

Paldies par sapratni.",phishing
Nepieciešams apstiprinājums,"Labdien, cienījamais klient!

Svarīga informācija par jūsu kontu.

Jūsu profils pašlaik gaida papildu pārbaudi. Paziņojums ir nosūtīts automātiski.

Veiciet norādīto pārbaudi, lai atjaunotu pilnu piekļuvi.
Pabeidziet pārbaudi, izmantojot drošības sadaļu.

Ja pārbaude netiks veikta, piekļuve kontam var tikt ierobežota.

Ar cieņu,
Atbalsta komanda.",phishing
Svarīgs klienta paziņojums,"Sveiki, klient!

Ir konstatēta darbība, kuru nepieciešams apstiprināt.

Šī darbība ir saistīta ar jūsu konta drošību. Lai atjaunotu piekļuvi, nepieciešams apstiprināt konta statusu.

Nepieciešams rīkoties pirms konta statusa maiņas. Apstiprināšanas process ir pieejams konta pārbaudes sadaļā.

Ar cieņu,
Klientu apkalpošanas nodaļa.",phishing
Svarīga informācija par jūsu kontu,"Labdien!

Svarīga informācija par jūsu kontu.

Mūsu sistēmā ir reģistrēta neparasta piekļuves darbība. Pārbaude tiek veikta drošības nolūkos.

Lai turpinātu izmantot kontu, nepieciešams veikt pārbaudi.
Apstiprināšanas process ir pieejams konta pārbaudes sadaļā.

Nepieciešams rīkoties pirms konta statusa maiņas.

Ar cieņu,
Konta drošības komanda.",phishing
Paziņojums par konta darbību,"Cienījamais klient!

Pēdējās konta darbības dēļ nepieciešama papildu pārbaude.

Atbildēt uz šo ziņojumu nav nepieciešams. Lūdzu, pabeidziet drošības pārbaudi.

Pārbaudi ieteicams pabeigt tuvākajā laikā. Konta pārbaudi var pabeigt, izmantojot zemāk norādīto darbību.

Ar cieņu,
Klientu apkalpošanas nodaļa.",phishing
Jūsu kontam nepieciešama pārbaude,"Labdien, cienījamais klient!

Ir konstatēta darbība, kuru nepieciešams apstiprināt. Lūdzu, veiciet nepieciešamo pārbaudi pēc iespējas ātrāk. Lūdzu, neatlieciet šo pārbaudi.

Pabeidziet pārbaudi, izmantojot drošības sadaļu.

Paldies par sapratni.",phishing
Piekļuves atjaunošana,"Sveiki!

Svarīga informācija par jūsu kontu.

Automātiskās pārbaudes laikā tika konstatēta nepieciešamība atjaunināt informāciju. Šis ir automātiski nosūtīts paziņojums.

Lai turpinātu izmantot pakalpojumu, jāapstiprina jūsu informācija.
Lai atjaunotu piekļuvi, turpiniet ar konta pārbaudi.

Pārbaudes termiņš ir ierobežots.

Paldies par sadarbību.",phishing
Darījuma pārbaude,"Sveiki!

Mūsu sistēma ir konstatējusi neparastu aktivitāti jūsu kontā.
Lai izvairītos no piekļuves ierobežošanas, apstipriniet konta datus.

Drošības pārbaude ir nepieciešama, lai aizsargātu jūsu kontu.

Pretējā gadījumā dažas konta funkcijas var kļūt nepieejamas. Izmantojiet konta pārbaudes iespēju, lai turpinātu.

Paldies par sadarbību.",phishing
Maksājuma apstiprināšana,"Labdien!

Jūsu konta drošības statuss ir jāapstiprina.
Lūdzu, pārbaudiet norādīto informāciju un apstipriniet darbību.

Atbildēt uz šo ziņojumu nav nepieciešams.

Lūdzu, pievērsiet šim paziņojumam uzmanību. Apstiprināšanas process ir pieejams konta pārbaudes sadaļā.

Ar cieņu,
Klientu apkalpošanas nodaļa.",phishing
Svarīga informācija par jūsu kontu,"Svarīgs paziņojums!

Vēlamies informēt par izmaiņām jūsu konta drošības statusā. Jūsu profils pašlaik gaida papildu pārbaudi.

Nepieciešams apstiprināt, ka konts joprojām pieder jums. Apstiprināšanas process ir pieejams konta pārbaudes sadaļā.

Pārbaudi ieteicams pabeigt tuvākajā laikā.

Ar cieņu,
Klientu apkalpošanas nodaļa.",phishing
Svarīgs klienta paziņojums,"Labdien!

Mūsu sistēma ir konstatējusi neparastu aktivitāti jūsu kontā.
Lai turpinātu izmantot pakalpojumu, jāapstiprina jūsu informācija.

Drošības pārbaude ir nepieciešama, lai aizsargātu jūsu kontu.

Šo darbību nepieciešams veikt pēc iespējas ātrāk. Lai apstiprinātu informāciju, atveriet pārbaudes sadaļu.

Paldies, ka izmantojat mūsu pakalpojumus.",phishing
Jūsu kontam nepieciešama pārbaude,"Cienījamais lietotāj!

Jūsu konta drošības statuss ir jāapstiprina. Lūdzu, pabeidziet drošības pārbaudi. Pārbaudi ieteicams pabeigt tuvākajā laikā.

Konta pārbaudi var pabeigt, izmantojot zemāk norādīto darbību.

Ar cieņu,
Drošības nodaļa.",phishing
Brīdinājums par kontu,"Sveiki!

Automātiskā sistēma ir atzīmējusi jūsu kontu pārbaudei.
Lūdzu, pārbaudiet norādīto informāciju un apstipriniet darbību.

Šī darbība ir saistīta ar jūsu konta drošību.

Nepieciešams rīkoties pirms konta statusa maiņas. Lai atjaunotu piekļuvi, turpiniet ar konta pārbaudi.

Ar cieņu,
Klientu apkalpošanas nodaļa.",phishing
Paziņojums par konta darbību,"Labdien!

Vēlamies informēt par izmaiņām jūsu konta drošības statusā. Ir konstatēta iespējama neatbilstība konta informācijā.

Lūdzu, veiciet nepieciešamo pārbaudi pēc iespējas ātrāk. Lai atjaunotu piekļuvi, turpiniet ar konta pārbaudi.

Pārbaudi ieteicams pabeigt tuvākajā laikā.

Ar cieņu,
Klientu apkalpošanas nodaļa.",phishing
Nepieciešams apstiprinājums,"Cienījamais lietotāj!

Svarīga informācija par jūsu kontu.

Jūsu profils pašlaik gaida papildu pārbaudi. Lūdzu, saglabājiet šo paziņojumu turpmākai atsaucei.

Nepieciešams apstiprināt, ka konts joprojām pieder jums.
Lai turpinātu, izmantojiet norādīto pārbaudes iespēju.

Ja pārbaude netiks veikta, piekļuve kontam var tikt ierobežota.

Ar cieņu,
Klientu apkalpošanas nodaļa.",phishing
Paziņojums par konta darbību,"Labdien, cienījamais klient!

Svarīga informācija par jūsu kontu.

Sistēma nevarēja automātiski apstiprināt pēdējo darbību. Lūdzu, saglabājiet šo paziņojumu turpmākai atsaucei.

Lūdzu, pabeidziet drošības pārbaudi.
Apstiprināšanas process ir pieejams konta pārbaudes sadaļā.

Pretējā gadījumā dažas konta funkcijas var kļūt nepieejamas.

Paldies par sapratni.",phishing
Apstipriniet konta informāciju,"Cienījamais klient!

Mūsu sistēmā ir reģistrēta neparasta piekļuves darbība.

Šis ir automātiski nosūtīts paziņojums. Lai turpinātu izmantot kontu, nepieciešams veikt pārbaudi.

Ja pārbaude netiks veikta, piekļuve kontam var tikt ierobežota. Izmantojiet konta pārbaudes iespēju, lai turpinātu.

Paldies par sapratni.",phishing
Brīdinājums par kontu,"Labdien!

Svarīga informācija par jūsu kontu.

Sistēma nevarēja automātiski apstiprināt pēdējo darbību. Pārbaude tiek veikta drošības nolūkos.

Nepieciešams apstiprināt, ka konts joprojām pieder jums.
Lai turpinātu, izmantojiet norādīto pārbaudes iespēju.

Nepieciešams rīkoties pirms konta statusa maiņas.

Ar cieņu,
Drošības nodaļa.",phishing
Konta pārbaudes termiņš,"Labdien!

Ir konstatēta iespējama neatbilstība konta informācijā. Lūdzu, pabeidziet drošības pārbaudi. Ja darbība netiks apstiprināta, konta izmantošana var būt ierobežota.

Lai atjaunotu piekļuvi, turpiniet ar konta pārbaudi.

Ar cieņu,
Konta drošības komanda.",phishing
Identitātes pārbaude,"Svarīgs paziņojums!

Mūsu sistēma ir konstatējusi neparastu aktivitāti jūsu kontā.
Lūdzu, veiciet nepieciešamo pārbaudi pēc iespējas ātrāk.

Atbildēt uz šo ziņojumu nav nepieciešams.

Pretējā gadījumā var tikt piemēroti papildu drošības ierobežojumi. Konta pārbaudi var pabeigt, izmantojot zemāk norādīto darbību.

Ar cieņu,
Atbalsta komanda.",phishing
Drošības pārbaude,"Labdien!

Ir konstatēta darbība, kuru nepieciešams apstiprināt.
Lai izvairītos no piekļuves ierobežošanas, apstipriniet konta datus.

Šī darbība ir saistīta ar jūsu konta drošību.

Lūdzu, neatlieciet šo pārbaudi. Lai turpinātu, izmantojiet norādīto pārbaudes iespēju.

Paldies par sapratni.",phishing
Maksājuma apstiprināšana,"Svarīgs paziņojums!

Svarīga informācija par jūsu kontu.

Automātiskā sistēma ir atzīmējusi jūsu kontu pārbaudei. Lūdzu, saglabājiet šo paziņojumu turpmākai atsaucei.

Lai izvairītos no piekļuves ierobežošanas, apstipriniet konta datus.
Lai atjaunotu piekļuvi, turpiniet ar konta pārbaudi.

Ja darbība netiks apstiprināta, konta izmantošana var būt ierobežota.

Ar cieņu,
Klientu apkalpošanas nodaļa.",phishing
Nepieciešams apstiprinājums,"Labdien!

Vēlamies informēt par izmaiņām jūsu konta drošības statusā. Jūsu konta drošības statuss ir jāapstiprina.

Lai turpinātu izmantot pakalpojumu, jāapstiprina jūsu informācija. Izmantojiet konta pārbaudes iespēju, lai turpinātu.

Ja pārbaude netiks veikta, piekļuve kontam var tikt ierobežota.

Paldies, ka izmantojat mūsu pakalpojumus.",phishing
Neapstiprināta darbība,"Sveiki, klient!

Svarīga informācija par jūsu kontu.

Ir konstatēta darbība, kuru nepieciešams apstiprināt. Šī darbība ir saistīta ar jūsu konta drošību.

Lūdzu, apstipriniet savu konta informāciju.
Izmantojiet konta pārbaudes iespēju, lai turpinātu.

Pretējā gadījumā var tikt piemēroti papildu drošības ierobežojumi.

Paldies, ka izmantojat mūsu pakalpojumus.",phishing
Konta darbības apstiprināšana,"Svarīgs paziņojums!

Drošības sistēma ir pamanījusi aizdomīgu darbību. Lūdzu, veiciet nepieciešamo pārbaudi pēc iespējas ātrāk. Ja darbība netiks apstiprināta, konta izmantošana var būt ierobežota.

Lai turpinātu, izmantojiet norādīto pārbaudes iespēju.

Ar cieņu,
Drošības nodaļa.",phishing
Piekļuves atjaunošana,"Labdien, cienījamais klient!

Drošības sistēma ir pamanījusi aizdomīgu darbību. Lūdzu, veiciet nepieciešamo pārbaudi pēc iespējas ātrāk. Pretējā gadījumā var tikt piemēroti papildu drošības ierobežojumi.

Lai turpinātu, izmantojiet norādīto pārbaudes iespēju.

Paldies, ka izmantojat mūsu pakalpojumus.",phishing
Neparasta aktivitāte kontā,"Sveiki, klient!

Mūsu sistēma ir konstatējusi neparastu aktivitāti jūsu kontā.
Nepieciešams apstiprināt, ka konts joprojām pieder jums.

Paziņojums ir nosūtīts automātiski.

Šo darbību nepieciešams veikt pēc iespējas ātrāk. Lai atjaunotu piekļuvi, turpiniet ar konta pārbaudi.

Ar cieņu,
Atbalsta komanda.",phishing
Drošības pārbaude,"Sveiki!

Svarīga informācija par jūsu kontu.

Jūsu konta drošības statuss ir jāapstiprina. Šis ir automātiski nosūtīts paziņojums.

Nepieciešams apstiprināt, ka konts joprojām pieder jums.
Izmantojiet konta pārbaudes iespēju, lai turpinātu.

Lūdzu, pievērsiet šim paziņojumam uzmanību.

Ar cieņu,
Drošības nodaļa.",phishing
Darījuma pārbaude,"Labdien!

Svarīga informācija par jūsu kontu.

Kontam ir nepieciešama papildu drošības pārbaude. Pārbaude tiek veikta drošības nolūkos.

Lai atjaunotu piekļuvi, nepieciešams apstiprināt konta statusu.
Konta pārbaudi var pabeigt, izmantojot zemāk norādīto darbību.

Ja darbība netiks apstiprināta, konta izmantošana var būt ierobežota.

Ar cieņu,
Drošības nodaļa.",phishing
Konta darbības apstiprināšana,"Sveiki, klient!

Jūsu konta drošības statuss ir jāapstiprina.
Lūdzu, pabeidziet drošības pārbaudi.

Papildu informācija par pārbaudi ir pieejama konta sadaļā.

Ja darbība netiks apstiprināta, konta izmantošana var būt ierobežota. Lai turpinātu, izmantojiet norādīto pārbaudes iespēju.

Paldies, ka izmantojat mūsu pakalpojumus.",phishing
Svarīga informācija par jūsu kontu,"Cienījamais klient!

Vēlamies informēt par izmaiņām jūsu konta drošības statusā. Jūsu konta drošības statuss ir jāapstiprina.

Lūdzu, pārbaudiet norādīto informāciju un apstipriniet darbību. Konta pārbaudi var pabeigt, izmantojot zemāk norādīto darbību.

Pretējā gadījumā var tikt piemēroti papildu drošības ierobežojumi.

Ar cieņu,
Atbalsta komanda.",phishing
Nepieciešams apstiprinājums,"Labdien!

Mūsu sistēmā ir reģistrēta neparasta piekļuves darbība.

Šī darbība ir saistīta ar jūsu konta drošību. Veiciet norādīto pārbaudi, lai atjaunotu pilnu piekļuvi.

Pārbaudi ieteicams pabeigt tuvākajā laikā. Konta pārbaudi var pabeigt, izmantojot zemāk norādīto darbību.

Ar cieņu,
Drošības nodaļa.",phishing
Drošības sistēmas brīdinājums,"Sveiki, klient!

Drošības sistēma ir pamanījusi aizdomīgu darbību.
Veiciet norādīto pārbaudi, lai atjaunotu pilnu piekļuvi.

Drošības pārbaude ir nepieciešama, lai aizsargātu jūsu kontu.

Pārbaudes termiņš ir ierobežots. Lai atjaunotu piekļuvi, turpiniet ar konta pārbaudi.

Ar cieņu,
Atbalsta komanda.",phishing
Svarīgs drošības paziņojums,"Labdien, cienījamais klient!

Automātiskā sistēma ir atzīmējusi jūsu kontu pārbaudei.

Drošības pārbaude ir nepieciešama, lai aizsargātu jūsu kontu. Lūdzu, veiciet nepieciešamo pārbaudi pēc iespējas ātrāk.

Pārbaudi ieteicams pabeigt tuvākajā laikā. Konta pārbaudi var pabeigt, izmantojot zemāk norādīto darbību.

Ar cieņu,
Atbalsta komanda.",phishing
Nepieciešama konta pārbaude,"Labdien!

Vēlamies informēt par izmaiņām jūsu konta drošības statusā. Mūsu sistēmā ir reģistrēta neparasta piekļuves darbība.

Lūdzu, pārbaudiet norādīto informāciju un apstipriniet darbību. Konta pārbaudi var pabeigt, izmantojot zemāk norādīto darbību.

Pārbaudi ieteicams pabeigt tuvākajā laikā.

Ar cieņu,
Konta drošības komanda.",phishing
Maksājuma apstiprināšana,"Sveiki!

Sistēma nevarēja automātiski apstiprināt pēdējo darbību.
Lūdzu, pabeidziet drošības pārbaudi.

Atbildēt uz šo ziņojumu nav nepieciešams.

Pretējā gadījumā var tikt piemēroti papildu drošības ierobežojumi. Konta pārbaudi var pabeigt, izmantojot zemāk norādīto darbību.

Paldies, ka izmantojat mūsu pakalpojumus.",phishing
Identitātes pārbaude,"Cienījamais klient!

Svarīga informācija par jūsu kontu.

Ir konstatēta darbība, kuru nepieciešams apstiprināt. Papildu informācija par pārbaudi ir pieejama konta sadaļā.

Lūdzu, apstipriniet savu konta informāciju.
Lai apstiprinātu informāciju, atveriet pārbaudes sadaļu.

Ja pārbaude netiks veikta, piekļuve kontam var tikt ierobežota.

Paldies par sadarbību.",phishing
Steidzams paziņojums,"Cienījamais lietotāj!

Mūsu sistēma ir konstatējusi neparastu aktivitāti jūsu kontā. Lai atjaunotu piekļuvi, nepieciešams apstiprināt konta statusu. Ja darbība netiks apstiprināta, konta izmantošana var būt ierobežota.

Apstiprināšanas process ir pieejams konta pārbaudes sadaļā.

Ar cieņu,
Atbalsta komanda.",phishing
Paziņojums par konta darbību,"Labdien!

Svarīga informācija par jūsu kontu.

Ir konstatēta iespējama neatbilstība konta informācijā. Pārbaude tiek veikta drošības nolūkos.

Lūdzu, apstipriniet savu konta informāciju.
Lai apstiprinātu informāciju, atveriet pārbaudes sadaļu.

Lūdzu, pievērsiet šim paziņojumam uzmanību.

Paldies, ka izmantojat mūsu pakalpojumus.",phishing
Jūsu kontam nepieciešama pārbaude,"Cienījamais lietotāj!

Vēlamies informēt par izmaiņām jūsu konta drošības statusā. Sistēma nevarēja automātiski apstiprināt pēdējo darbību.

Lai izvairītos no piekļuves ierobežošanas, apstipriniet konta datus. Izmantojiet konta pārbaudes iespēju, lai turpinātu.

Pretējā gadījumā var tikt piemēroti papildu drošības ierobežojumi.

Ar cieņu,
Konta drošības komanda.",phishing
Steidzams paziņojums,"Sveiki, klient!

Svarīga informācija par jūsu kontu.

Jūsu konta drošības statuss ir jāapstiprina. Šī darbība ir saistīta ar jūsu konta drošību.

Lūdzu, pabeidziet drošības pārbaudi.
Lai atjaunotu piekļuvi, turpiniet ar konta pārbaudi.

Ja darbība netiks apstiprināta, konta izmantošana var būt ierobežota.

Paldies par sapratni.",phishing
Nepieciešams apstiprinājums,"Cienījamais lietotāj!

Sistēma nevarēja automātiski apstiprināt pēdējo darbību. Lūdzu, veiciet nepieciešamo pārbaudi pēc iespējas ātrāk. Pārbaudes termiņš ir ierobežots.

Lai turpinātu, izmantojiet norādīto pārbaudes iespēju.

Paldies par sapratni.",phishing
Nepieciešama tūlītēja darbība,"Sveiki, klient!

Ir konstatēta darbība, kuru nepieciešams apstiprināt. Lai izvairītos no piekļuves ierobežošanas, apstipriniet konta datus. Lūdzu, neatlieciet šo pārbaudi.

Pabeidziet pārbaudi, izmantojot drošības sadaļu.

Ar cieņu,
Atbalsta komanda.",phishing
Jūsu profils ir jāatjauno,"Cienījamais klient!

Mūsu sistēmā ir reģistrēta neparasta piekļuves darbība.

Drošības pārbaude ir nepieciešama, lai aizsargātu jūsu kontu. Lai atjaunotu piekļuvi, nepieciešams apstiprināt konta statusu.

Nepieciešams rīkoties pirms konta statusa maiņas. Pabeidziet pārbaudi, izmantojot drošības sadaļu.

Ar cieņu,
Drošības nodaļa.",phishing
Konta darbības apstiprināšana,"Cienījamais lietotāj!

Mūsu sistēmā ir reģistrēta neparasta piekļuves darbība.
Lūdzu, apstipriniet savu konta informāciju.

Lūdzu, saglabājiet šo paziņojumu turpmākai atsaucei.

Ja pārbaude netiks veikta, piekļuve kontam var tikt ierobežota. Izmantojiet konta pārbaudes iespēju, lai turpinātu.

Ar cieņu,
Klientu apkalpošanas nodaļa.",phishing
Identitātes pārbaude,"Sveiki!

Jūsu profils pašlaik gaida papildu pārbaudi.
Lūdzu, veiciet nepieciešamo pārbaudi pēc iespējas ātrāk.

Šis ir automātiski nosūtīts paziņojums.

Pretējā gadījumā dažas konta funkcijas var kļūt nepieejamas. Lai turpinātu, izmantojiet norādīto pārbaudes iespēju.

Paldies par sadarbību.",phishing
Svarīga informācija par jūsu kontu,"Labdien!

Svarīga informācija par jūsu kontu.

Mūsu sistēmā ir reģistrēta neparasta piekļuves darbība. Atbildēt uz šo ziņojumu nav nepieciešams.

Lūdzu, apstipriniet savu konta informāciju.
Lai atjaunotu piekļuvi, turpiniet ar konta pārbaudi.

Nepieciešams rīkoties pirms konta statusa maiņas.

Paldies par sapratni.",phishing
Piekļuves atjaunošana,"Sveiki!

Svarīga informācija par jūsu kontu.

Mūsu sistēmā ir reģistrēta neparasta piekļuves darbība. Paziņojums ir nosūtīts automātiski.

Lūdzu, apstipriniet savu konta informāciju.
Lai turpinātu, izmantojiet norādīto pārbaudes iespēju.

Ja darbība netiks apstiprināta, konta izmantošana var būt ierobežota.

Paldies par sapratni.",phishing
Neparasta aktivitāte kontā,"Sveiki!

Vēlamies informēt par izmaiņām jūsu konta drošības statusā. Ir konstatēta iespējama neatbilstība konta informācijā.

Nepieciešams apstiprināt, ka konts joprojām pieder jums. Apstiprināšanas process ir pieejams konta pārbaudes sadaļā.

Ja darbība netiks apstiprināta, konta izmantošana var būt ierobežota.

Ar cieņu,
Klientu apkalpošanas nodaļa.",phishing
Neapstiprināta darbība,"Labdien, cienījamais klient!

Automātiskās pārbaudes laikā tika konstatēta nepieciešamība atjaunināt informāciju.
Veiciet norādīto pārbaudi, lai atjaunotu pilnu piekļuvi.

Šis ir automātiski nosūtīts paziņojums.

Pretējā gadījumā var tikt piemēroti papildu drošības ierobežojumi. Apstiprināšanas process ir pieejams konta pārbaudes sadaļā.

Ar cieņu,
Drošības nodaļa.",phishing
Neapstiprināta darbība,"Labdien!

Svarīga informācija par jūsu kontu.

Mūsu sistēma ir konstatējusi neparastu aktivitāti jūsu kontā. Papildu informācija par pārbaudi ir pieejama konta sadaļā.

Lai izvairītos no piekļuves ierobežošanas, apstipriniet konta datus.
Lai apstiprinātu informāciju, atveriet pārbaudes sadaļu.

Lūdzu, neatlieciet šo pārbaudi.

Paldies par sapratni.",phishing
Svarīga informācija par jūsu kontu,"Cienījamais klient!

Mūsu sistēmā ir reģistrēta neparasta piekļuves darbība.
Lai turpinātu izmantot pakalpojumu, jāapstiprina jūsu informācija.

Papildu informācija par pārbaudi ir pieejama konta sadaļā.

Nepieciešams rīkoties pirms konta statusa maiņas. Lai atjaunotu piekļuvi, turpiniet ar konta pārbaudi.

Paldies par sapratni.",phishing
Jūsu profils ir jāatjauno,"Labdien!

Automātiskā sistēma ir atzīmējusi jūsu kontu pārbaudei.
Lai turpinātu izmantot kontu, nepieciešams veikt pārbaudi.

Pārbaude tiek veikta drošības nolūkos.

Lūdzu, neatlieciet šo pārbaudi. Izmantojiet konta pārbaudes iespēju, lai turpinātu.

Ar cieņu,
Atbalsta komanda.",phishing
Svarīgs klienta paziņojums,"Cienījamais klient!

Vēlamies informēt par izmaiņām jūsu konta drošības statusā. Jūsu konta drošības statuss ir jāapstiprina.

Lai turpinātu izmantot pakalpojumu, jāapstiprina jūsu informācija. Lai atjaunotu piekļuvi, turpiniet ar konta pārbaudi.

Lūdzu, pievērsiet šim paziņojumam uzmanību.

Paldies, ka izmantojat mūsu pakalpojumus.",phishing
Svarīgs drošības paziņojums,"Cienījamais klient!

Vēlamies informēt par izmaiņām jūsu konta drošības statusā. Sistēma nevarēja automātiski apstiprināt pēdējo darbību.

Nepieciešams apstiprināt, ka konts joprojām pieder jums. Lai turpinātu, izmantojiet norādīto pārbaudes iespēju.

Šo darbību nepieciešams veikt pēc iespējas ātrāk.

Ar cieņu,
Drošības nodaļa.",phishing
Maksājuma apstiprināšana,"Labdien!

Ir konstatēta darbība, kuru nepieciešams apstiprināt.

Atbildēt uz šo ziņojumu nav nepieciešams. Lūdzu, apstipriniet savu konta informāciju.

Lūdzu, pievērsiet šim paziņojumam uzmanību. Lai atjaunotu piekļuvi, turpiniet ar konta pārbaudi.

Ar cieņu,
Drošības nodaļa.",phishing
Svarīgs drošības paziņojums,"Labdien, cienījamais klient!

Svarīga informācija par jūsu kontu.

Automātiskās pārbaudes laikā tika konstatēta nepieciešamība atjaunināt informāciju. Atbildēt uz šo ziņojumu nav nepieciešams.

Lai izvairītos no piekļuves ierobežošanas, apstipriniet konta datus.
Konta pārbaudi var pabeigt, izmantojot zemāk norādīto darbību.

Nepieciešams rīkoties pirms konta statusa maiņas.

Ar cieņu,
Konta drošības komanda.",phishing
Apstipriniet konta informāciju,"Sveiki, klient!

Svarīga informācija par jūsu kontu.

Automātiskā sistēma ir atzīmējusi jūsu kontu pārbaudei. Šis ir automātiski nosūtīts paziņojums.

Lai izvairītos no piekļuves ierobežošanas, apstipriniet konta datus.
Apstiprināšanas process ir pieejams konta pārbaudes sadaļā.

Šo darbību nepieciešams veikt pēc iespējas ātrāk.

Ar cieņu,
Klientu apkalpošanas nodaļa.",phishing
Brīdinājums par kontu,"Sveiki!

Svarīga informācija par jūsu kontu.

Jūsu profils pašlaik gaida papildu pārbaudi. Lūdzu, saglabājiet šo paziņojumu turpmākai atsaucei.

Lūdzu, pabeidziet drošības pārbaudi.
Konta pārbaudi var pabeigt, izmantojot zemāk norādīto darbību.

Pārbaudes termiņš ir ierobežots.

Paldies par sapratni.",phishing
Darījuma pārbaude,"Svarīgs paziņojums!

Mūsu sistēmā ir reģistrēta neparasta piekļuves darbība. Lai atjaunotu piekļuvi, nepieciešams apstiprināt konta statusu. Lūdzu, neatlieciet šo pārbaudi.

Pabeidziet pārbaudi, izmantojot drošības sadaļu.

Ar cieņu,
Klientu apkalpošanas nodaļa.",phishing
Nepieciešams apstiprinājums,"Svarīgs paziņojums!

Svarīga informācija par jūsu kontu.

Mūsu sistēma ir konstatējusi neparastu aktivitāti jūsu kontā. Atbildēt uz šo ziņojumu nav nepieciešams.

Lūdzu, apstipriniet savu konta informāciju.
Konta pārbaudi var pabeigt, izmantojot zemāk norādīto darbību.

Pārbaudes termiņš ir ierobežots.

Paldies par sapratni.",phishing
Drošības pārbaude,"Labdien!

Vēlamies informēt par izmaiņām jūsu konta drošības statusā. Jūsu profils pašlaik gaida papildu pārbaudi.

Lūdzu, veiciet nepieciešamo pārbaudi pēc iespējas ātrāk. Lai atjaunotu piekļuvi, turpiniet ar konta pārbaudi.

Pārbaudes termiņš ir ierobežots.

Ar cieņu,
Klientu apkalpošanas nodaļa.",phishing
Identitātes pārbaude,"Sveiki, klient!

Kontam ir nepieciešama papildu drošības pārbaude. Lūdzu, veiciet nepieciešamo pārbaudi pēc iespējas ātrāk. Pretējā gadījumā var tikt piemēroti papildu drošības ierobežojumi.

Apstiprināšanas process ir pieejams konta pārbaudes sadaļā.

Ar cieņu,
Atbalsta komanda.",phishing
Maksājuma apstiprināšana,"Sveiki!

Jūsu konta drošības statuss ir jāapstiprina. Lai izvairītos no piekļuves ierobežošanas, apstipriniet konta datus. Pretējā gadījumā dažas konta funkcijas var kļūt nepieejamas.

Lai apstiprinātu informāciju, atveriet pārbaudes sadaļu.

Paldies, ka izmantojat mūsu pakalpojumus.",phishing
Identitātes pārbaude,"Labdien!

Ir konstatēta darbība, kuru nepieciešams apstiprināt.
Lai izvairītos no piekļuves ierobežošanas, apstipriniet konta datus.

Drošības pārbaude ir nepieciešama, lai aizsargātu jūsu kontu.

Ja pārbaude netiks veikta, piekļuve kontam var tikt ierobežota. Pabeidziet pārbaudi, izmantojot drošības sadaļu.

Paldies, ka izmantojat mūsu pakalpojumus.",phishing
Pēdējais atgādinājums par kontu,"Svarīgs paziņojums!

Sistēma nevarēja automātiski apstiprināt pēdējo darbību.
Lūdzu, pārbaudiet norādīto informāciju un apstipriniet darbību.

Šī darbība ir saistīta ar jūsu konta drošību.

Šo darbību nepieciešams veikt pēc iespējas ātrāk. Izmantojiet konta pārbaudes iespēju, lai turpinātu.

Paldies par sapratni.",phishing
Konta darbības apstiprināšana,"Cienījamais lietotāj!

Mūsu sistēma ir konstatējusi neparastu aktivitāti jūsu kontā.

Šī darbība ir saistīta ar jūsu konta drošību. Lūdzu, pabeidziet drošības pārbaudi.

Pārbaudes termiņš ir ierobežots. Izmantojiet konta pārbaudes iespēju, lai turpinātu.

Paldies par sapratni.",phishing
Konta darbības apstiprināšana,"Cienījamais lietotāj!

Pēdējās konta darbības dēļ nepieciešama papildu pārbaude.

Drošības pārbaude ir nepieciešama, lai aizsargātu jūsu kontu. Lūdzu, veiciet nepieciešamo pārbaudi pēc iespējas ātrāk.

Pārbaudes termiņš ir ierobežots. Lai turpinātu, izmantojiet norādīto pārbaudes iespēju.

Ar cieņu,
Drošības nodaļa.",phishing
Jūsu konts ir ierobežots,"Labdien!

Drošības sistēma ir pamanījusi aizdomīgu darbību. Lūdzu, pabeidziet drošības pārbaudi. Lūdzu, neatlieciet šo pārbaudi.

Lai atjaunotu piekļuvi, turpiniet ar konta pārbaudi.

Ar cieņu,
Atbalsta komanda.",phishing
Svarīgs klienta paziņojums,"Sveiki!

Ir konstatēta iespējama neatbilstība konta informācijā. Lūdzu, pabeidziet drošības pārbaudi. Ja pārbaude netiks veikta, piekļuve kontam var tikt ierobežota.

Lai turpinātu, izmantojiet norādīto pārbaudes iespēju.

Ar cieņu,
Atbalsta komanda.",phishing
Neparasta aktivitāte kontā,"Cienījamais lietotāj!

Svarīga informācija par jūsu kontu.

Mūsu sistēmā ir reģistrēta neparasta piekļuves darbība. Drošības pārbaude ir nepieciešama, lai aizsargātu jūsu kontu.

Lai izvairītos no piekļuves ierobežošanas, apstipriniet konta datus.
Konta pārbaudi var pabeigt, izmantojot zemāk norādīto darbību.

Pārbaudes termiņš ir ierobežots.

Ar cieņu,
Drošības nodaļa.",phishing
Nepieciešama tūlītēja darbība,"Sveiki, klient!

Drošības sistēma ir pamanījusi aizdomīgu darbību.

Atbildēt uz šo ziņojumu nav nepieciešams. Nepieciešams apstiprināt, ka konts joprojām pieder jums.

Lūdzu, neatlieciet šo pārbaudi. Pabeidziet pārbaudi, izmantojot drošības sadaļu.

Paldies par sadarbību.",phishing
Jūsu profils ir jāatjauno,"Sveiki, klient!

Pēdējās konta darbības dēļ nepieciešama papildu pārbaude. Lūdzu, apstipriniet savu konta informāciju. Lūdzu, neatlieciet šo pārbaudi.

Lai atjaunotu piekļuvi, turpiniet ar konta pārbaudi.

Paldies par sapratni.",phishing
Drošības pārbaude,"Labdien!

Ir konstatēta iespējama neatbilstība konta informācijā.

Pārbaude tiek veikta drošības nolūkos. Veiciet norādīto pārbaudi, lai atjaunotu pilnu piekļuvi.

Pretējā gadījumā dažas konta funkcijas var kļūt nepieejamas. Pabeidziet pārbaudi, izmantojot drošības sadaļu.

Paldies par sapratni.",phishing
Nepieciešams apstiprinājums,"Labdien!

Vēlamies informēt par izmaiņām jūsu konta drošības statusā. Pēdējās konta darbības dēļ nepieciešama papildu pārbaude.

Lūdzu, apstipriniet savu konta informāciju. Lai atjaunotu piekļuvi, turpiniet ar konta pārbaudi.

Lūdzu, neatlieciet šo pārbaudi.

Paldies par sadarbību.",phishing
Jūsu kontam nepieciešama pārbaude,"Svarīgs paziņojums!

Svarīga informācija par jūsu kontu.

Automātiskā sistēma ir atzīmējusi jūsu kontu pārbaudei. Drošības pārbaude ir nepieciešama, lai aizsargātu jūsu kontu.

Nepieciešams apstiprināt, ka konts joprojām pieder jums.
Lai turpinātu, izmantojiet norādīto pārbaudes iespēju.

Pretējā gadījumā var tikt piemēroti papildu drošības ierobežojumi.

Ar cieņu,
Drošības nodaļa.",phishing
Jūsu profils ir jāatjauno,"Labdien!

Ir konstatēta darbība, kuru nepieciešams apstiprināt. Lūdzu, apstipriniet savu konta informāciju. Pārbaudi ieteicams pabeigt tuvākajā laikā.

Pabeidziet pārbaudi, izmantojot drošības sadaļu.

Ar cieņu,
Konta drošības komanda.",phishing
Svarīga informācija par jūsu kontu,"Labdien, cienījamais klient!

Vēlamies informēt par izmaiņām jūsu konta drošības statusā. Jūsu profils pašlaik gaida papildu pārbaudi.

Lūdzu, pabeidziet drošības pārbaudi. Izmantojiet konta pārbaudes iespēju, lai turpinātu.

Pretējā gadījumā var tikt piemēroti papildu drošības ierobežojumi.

Ar cieņu,
Konta drošības komanda.",phishing
Apstipriniet konta informāciju,"Labdien!

Kontam ir nepieciešama papildu drošības pārbaude.

Drošības pārbaude ir nepieciešama, lai aizsargātu jūsu kontu. Veiciet norādīto pārbaudi, lai atjaunotu pilnu piekļuvi.

Lūdzu, pievērsiet šim paziņojumam uzmanību. Lai apstiprinātu informāciju, atveriet pārbaudes sadaļu.

Ar cieņu,
Atbalsta komanda.",phishing
Drošības sistēmas brīdinājums,"Cienījamais lietotāj!

Jūsu profils pašlaik gaida papildu pārbaudi.
Lūdzu, pārbaudiet norādīto informāciju un apstipriniet darbību.

Pārbaude tiek veikta drošības nolūkos.

Nepieciešams rīkoties pirms konta statusa maiņas. Konta pārbaudi var pabeigt, izmantojot zemāk norādīto darbību.

Paldies, ka izmantojat mūsu pakalpojumus.",phishing
Konta piekļuves problēma,"Cienījamais klient!

Mūsu sistēmā ir reģistrēta neparasta piekļuves darbība. Nepieciešams apstiprināt, ka konts joprojām pieder jums. Nepieciešams rīkoties pirms konta statusa maiņas.

Apstiprināšanas process ir pieejams konta pārbaudes sadaļā.

Ar cieņu,
Atbalsta komanda.",phishing
Drošības sistēmas brīdinājums,"Labdien!

Svarīga informācija par jūsu kontu.

Mūsu sistēma ir konstatējusi neparastu aktivitāti jūsu kontā. Lūdzu, saglabājiet šo paziņojumu turpmākai atsaucei.

Lai turpinātu izmantot kontu, nepieciešams veikt pārbaudi.
Pabeidziet pārbaudi, izmantojot drošības sadaļu.

Pretējā gadījumā var tikt piemēroti papildu drošības ierobežojumi.

Paldies, ka izmantojat mūsu pakalpojumus.",phishing
Steidzams paziņojums,"Cienījamais lietotāj!

Sistēma nevarēja automātiski apstiprināt pēdējo darbību. Nepieciešams apstiprināt, ka konts joprojām pieder jums. Pārbaudi ieteicams pabeigt tuvākajā laikā.

Pabeidziet pārbaudi, izmantojot drošības sadaļu.

Ar cieņu,
Atbalsta komanda.",phishing
Svarīgs drošības paziņojums,"Svarīgs paziņojums!

Drošības sistēma ir pamanījusi aizdomīgu darbību. Lūdzu, pārbaudiet norādīto informāciju un apstipriniet darbību. Pretējā gadījumā var tikt piemēroti papildu drošības ierobežojumi.

Izmantojiet konta pārbaudes iespēju, lai turpinātu.

Paldies par sapratni.",phishing
Paziņojums par konta darbību,"Cienījamais lietotāj!

Jūsu profils pašlaik gaida papildu pārbaudi.
Lūdzu, pabeidziet drošības pārbaudi.

Atbildēt uz šo ziņojumu nav nepieciešams.

Ja pārbaude netiks veikta, piekļuve kontam var tikt ierobežota. Lai apstiprinātu informāciju, atveriet pārbaudes sadaļu.

Paldies par sadarbību.",phishing
Maksājuma apstiprināšana,"Cienījamais klient!

Ir konstatēta iespējama neatbilstība konta informācijā.
Lūdzu, pabeidziet drošības pārbaudi.

Paziņojums ir nosūtīts automātiski.

Šo darbību nepieciešams veikt pēc iespējas ātrāk. Izmantojiet konta pārbaudes iespēju, lai turpinātu.

Paldies, ka izmantojat mūsu pakalpojumus.",phishing
Neparasta aktivitāte kontā,"Sveiki, klient!

Kontam ir nepieciešama papildu drošības pārbaude.
Lūdzu, apstipriniet savu konta informāciju.

Lūdzu, saglabājiet šo paziņojumu turpmākai atsaucei.

Pārbaudes termiņš ir ierobežots. Lai apstiprinātu informāciju, atveriet pārbaudes sadaļu.

Paldies par sapratni.",phishing
Jūsu profils ir jāatjauno,"Cienījamais lietotāj!

Sistēma nevarēja automātiski apstiprināt pēdējo darbību.

Drošības pārbaude ir nepieciešama, lai aizsargātu jūsu kontu. Veiciet norādīto pārbaudi, lai atjaunotu pilnu piekļuvi.

Pretējā gadījumā var tikt piemēroti papildu drošības ierobežojumi. Izmantojiet konta pārbaudes iespēju, lai turpinātu.

Ar cieņu,
Drošības nodaļa.",phishing
Jūsu kontam nepieciešama pārbaude,"Cienījamais lietotāj!

Mūsu sistēmā ir reģistrēta neparasta piekļuves darbība.

Šī darbība ir saistīta ar jūsu konta drošību. Lai atjaunotu piekļuvi, nepieciešams apstiprināt konta statusu.

Nepieciešams rīkoties pirms konta statusa maiņas. Lai apstiprinātu informāciju, atveriet pārbaudes sadaļu.

Ar cieņu,
Drošības nodaļa.",phishing
Nepieciešams apstiprinājums,"Labdien, cienījamais klient!

Automātiskā sistēma ir atzīmējusi jūsu kontu pārbaudei.
Lai turpinātu izmantot kontu, nepieciešams veikt pārbaudi.

Atbildēt uz šo ziņojumu nav nepieciešams.

Nepieciešams rīkoties pirms konta statusa maiņas. Lai turpinātu, izmantojiet norādīto pārbaudes iespēju.

Paldies, ka izmantojat mūsu pakalpojumus.",phishing
Neapstiprināta darbība,"Sveiki!

Ir konstatēta darbība, kuru nepieciešams apstiprināt. Nepieciešams apstiprināt, ka konts joprojām pieder jums. Pārbaudes termiņš ir ierobežots.

Lai turpinātu, izmantojiet norādīto pārbaudes iespēju.

Ar cieņu,
Klientu apkalpošanas nodaļa.",phishing
Konta pārbaudes termiņš,"Sveiki!

Automātiskās pārbaudes laikā tika konstatēta nepieciešamība atjaunināt informāciju.
Lai turpinātu izmantot kontu, nepieciešams veikt pārbaudi.

Paziņojums ir nosūtīts automātiski.

Nepieciešams rīkoties pirms konta statusa maiņas. Lai turpinātu, izmantojiet norādīto pārbaudes iespēju.

Ar cieņu,
Drošības nodaļa.",phishing
Svarīgs drošības paziņojums,"Svarīgs paziņojums!

Svarīga informācija par jūsu kontu.

Drošības sistēma ir pamanījusi aizdomīgu darbību. Paziņojums ir nosūtīts automātiski.

Lūdzu, pabeidziet drošības pārbaudi.
Lai turpinātu, izmantojiet norādīto pārbaudes iespēju.

Lūdzu, pievērsiet šim paziņojumam uzmanību.

Paldies, ka izmantojat mūsu pakalpojumus.",phishing
Paziņojums par konta darbību,"Svarīgs paziņojums!

Svarīga informācija par jūsu kontu.

Pēdējās konta darbības dēļ nepieciešama papildu pārbaude. Lūdzu, saglabājiet šo paziņojumu turpmākai atsaucei.

Lai turpinātu izmantot pakalpojumu, jāapstiprina jūsu informācija.
Izmantojiet konta pārbaudes iespēju, lai turpinātu.

Šo darbību nepieciešams veikt pēc iespējas ātrāk.

Paldies, ka izmantojat mūsu pakalpojumus.",phishing
Apstipriniet konta informāciju,"Labdien!

Svarīga informācija par jūsu kontu.

Jūsu konta drošības statuss ir jāapstiprina. Papildu informācija par pārbaudi ir pieejama konta sadaļā.

Lūdzu, pabeidziet drošības pārbaudi.
Apstiprināšanas process ir pieejams konta pārbaudes sadaļā.

Šo darbību nepieciešams veikt pēc iespējas ātrāk.

Paldies par sapratni.",phishing
Pēdējais atgādinājums par kontu,"Cienījamais klient!

Automātiskās pārbaudes laikā tika konstatēta nepieciešamība atjaunināt informāciju.

Lūdzu, saglabājiet šo paziņojumu turpmākai atsaucei. Lai atjaunotu piekļuvi, nepieciešams apstiprināt konta statusu.

Nepieciešams rīkoties pirms konta statusa maiņas. Pabeidziet pārbaudi, izmantojot drošības sadaļu.

Ar cieņu,
Atbalsta komanda.",phishing
Konta piekļuves problēma,"Labdien!

Jūsu profils pašlaik gaida papildu pārbaudi.

Lūdzu, saglabājiet šo paziņojumu turpmākai atsaucei. Lūdzu, pārbaudiet norādīto informāciju un apstipriniet darbību.

Pārbaudes termiņš ir ierobežots. Konta pārbaudi var pabeigt, izmantojot zemāk norādīto darbību.

Paldies, ka izmantojat mūsu pakalpojumus.",phishing
Konta piekļuves problēma,"Svarīgs paziņojums!

Drošības sistēma ir pamanījusi aizdomīgu darbību. Lai turpinātu izmantot pakalpojumu, jāapstiprina jūsu informācija. Ja darbība netiks apstiprināta, konta izmantošana var būt ierobežota.

Izmantojiet konta pārbaudes iespēju, lai turpinātu.

Paldies par sapratni.",phishing
Jūsu konts ir ierobežots,"Svarīgs paziņojums!

Svarīga informācija par jūsu kontu.

Jūsu profils pašlaik gaida papildu pārbaudi. Drošības pārbaude ir nepieciešama, lai aizsargātu jūsu kontu.

Lūdzu, veiciet nepieciešamo pārbaudi pēc iespējas ātrāk.
Konta pārbaudi var pabeigt, izmantojot zemāk norādīto darbību.

Ja pārbaude netiks veikta, piekļuve kontam var tikt ierobežota.

Paldies par sapratni.",phishing
Svarīgs drošības paziņojums,"Sveiki!

Svarīga informācija par jūsu kontu.

Mūsu sistēmā ir reģistrēta neparasta piekļuves darbība. Papildu informācija par pārbaudi ir pieejama konta sadaļā.

Nepieciešams apstiprināt, ka konts joprojām pieder jums.
Lai apstiprinātu informāciju, atveriet pārbaudes sadaļu.

Ja darbība netiks apstiprināta, konta izmantošana var būt ierobežota.

Ar cieņu,
Atbalsta komanda.",phishing
Jūsu kontam nepieciešama pārbaude,"Sveiki, klient!

Drošības sistēma ir pamanījusi aizdomīgu darbību. Lai turpinātu izmantot pakalpojumu, jāapstiprina jūsu informācija. Lūdzu, pievērsiet šim paziņojumam uzmanību.

Apstiprināšanas process ir pieejams konta pārbaudes sadaļā.

Paldies par sadarbību.",phishing
Identitātes pārbaude,"Cienījamais klient!

Ir konstatēta darbība, kuru nepieciešams apstiprināt.

Lūdzu, saglabājiet šo paziņojumu turpmākai atsaucei. Lūdzu, apstipriniet savu konta informāciju.

Pārbaudes termiņš ir ierobežots. Konta pārbaudi var pabeigt, izmantojot zemāk norādīto darbību.

Paldies par sapratni.",phishing
Konta darbības apstiprināšana,"Cienījamais lietotāj!

Vēlamies informēt par izmaiņām jūsu konta drošības statusā. Automātiskās pārbaudes laikā tika konstatēta nepieciešamība atjaunināt informāciju.

Lūdzu, veiciet nepieciešamo pārbaudi pēc iespējas ātrāk. Apstiprināšanas process ir pieejams konta pārbaudes sadaļā.

Pārbaudes termiņš ir ierobežots.

Ar cieņu,
Klientu apkalpošanas nodaļa.",phishing
Jūsu kontam nepieciešama pārbaude,"Labdien, cienījamais klient!

Jūsu profils pašlaik gaida papildu pārbaudi.
Lūdzu, veiciet nepieciešamo pārbaudi pēc iespējas ātrāk.

Šī darbība ir saistīta ar jūsu konta drošību.

Pārbaudes termiņš ir ierobežots. Lai atjaunotu piekļuvi, turpiniet ar konta pārbaudi.

Paldies par sadarbību.",phishing
Svarīgs klienta paziņojums,"Cienījamais lietotāj!

Svarīga informācija par jūsu kontu.

Jūsu profils pašlaik gaida papildu pārbaudi. Šis ir automātiski nosūtīts paziņojums.

Lūdzu, pārbaudiet norādīto informāciju un apstipriniet darbību.
Lai turpinātu, izmantojiet norādīto pārbaudes iespēju.

Pretējā gadījumā dažas konta funkcijas var kļūt nepieejamas.

Ar cieņu,
Atbalsta komanda.",phishing
Konta piekļuves problēma,"Cienījamais klient!

Vēlamies informēt par izmaiņām jūsu konta drošības statusā. Jūsu konta drošības statuss ir jāapstiprina.

Lai turpinātu izmantot pakalpojumu, jāapstiprina jūsu informācija. Izmantojiet konta pārbaudes iespēju, lai turpinātu.

Pretējā gadījumā dažas konta funkcijas var kļūt nepieejamas.

Ar cieņu,
Atbalsta komanda.",phishing
Konta darbības apstiprināšana,"Svarīgs paziņojums!

Svarīga informācija par jūsu kontu.

Jūsu konta drošības statuss ir jāapstiprina. Šis ir automātiski nosūtīts paziņojums.

Lai atjaunotu piekļuvi, nepieciešams apstiprināt konta statusu.
Lai apstiprinātu informāciju, atveriet pārbaudes sadaļu.

Ja pārbaude netiks veikta, piekļuve kontam var tikt ierobežota.

Ar cieņu,
Atbalsta komanda.",phishing
Jūsu kontam nepieciešama pārbaude,"Svarīgs paziņojums!

Drošības sistēma ir pamanījusi aizdomīgu darbību.
Nepieciešams apstiprināt, ka konts joprojām pieder jums.

Drošības pārbaude ir nepieciešama, lai aizsargātu jūsu kontu.

Pretējā gadījumā var tikt piemēroti papildu drošības ierobežojumi. Izmantojiet konta pārbaudes iespēju, lai turpinātu.

Ar cieņu,
Klientu apkalpošanas nodaļa.",phishing
Drošības pārbaude,"Labdien, cienījamais klient!

Ir konstatēta darbība, kuru nepieciešams apstiprināt. Veiciet norādīto pārbaudi, lai atjaunotu pilnu piekļuvi. Pretējā gadījumā var tikt piemēroti papildu drošības ierobežojumi.

Konta pārbaudi var pabeigt, izmantojot zemāk norādīto darbību.

Ar cieņu,
Drošības nodaļa.",phishing
Konta pārbaudes termiņš,"Labdien!

Pēdējās konta darbības dēļ nepieciešama papildu pārbaude.

Lūdzu, saglabājiet šo paziņojumu turpmākai atsaucei. Lai izvairītos no piekļuves ierobežošanas, apstipriniet konta datus.

Pārbaudi ieteicams pabeigt tuvākajā laikā. Pabeidziet pārbaudi, izmantojot drošības sadaļu.

Paldies par sadarbību.",phishing
Neparasta aktivitāte kontā,"Sveiki!

Svarīga informācija par jūsu kontu.

Mūsu sistēma ir konstatējusi neparastu aktivitāti jūsu kontā. Paziņojums ir nosūtīts automātiski.

Lūdzu, pārbaudiet norādīto informāciju un apstipriniet darbību.
Izmantojiet konta pārbaudes iespēju, lai turpinātu.

Ja darbība netiks apstiprināta, konta izmantošana var būt ierobežota.

Ar cieņu,
Konta drošības komanda.",phishing
Nepieciešama konta pārbaude,"Sveiki, klient!

Svarīga informācija par jūsu kontu.

Kontam ir nepieciešama papildu drošības pārbaude. Atbildēt uz šo ziņojumu nav nepieciešams.

Lūdzu, veiciet nepieciešamo pārbaudi pēc iespējas ātrāk.
Apstiprināšanas process ir pieejams konta pārbaudes sadaļā.

Pretējā gadījumā var tikt piemēroti papildu drošības ierobežojumi.

Paldies par sapratni.",phishing
Jūsu kontam nepieciešama pārbaude,"Cienījamais lietotāj!

Vēlamies informēt par izmaiņām jūsu konta drošības statusā. Pēdējās konta darbības dēļ nepieciešama papildu pārbaude.

Lūdzu, veiciet nepieciešamo pārbaudi pēc iespējas ātrāk. Pabeidziet pārbaudi, izmantojot drošības sadaļu.

Ja pārbaude netiks veikta, piekļuve kontam var tikt ierobežota.

Paldies par sadarbību.",phishing
Steidzams paziņojums,"Cienījamais lietotāj!

Jūsu konta drošības statuss ir jāapstiprina.

Atbildēt uz šo ziņojumu nav nepieciešams. Lūdzu, pārbaudiet norādīto informāciju un apstipriniet darbību.

Ja darbība netiks apstiprināta, konta izmantošana var būt ierobežota. Konta pārbaudi var pabeigt, izmantojot zemāk norādīto darbību.

Ar cieņu,
Konta drošības komanda.",phishing
Pēdējais atgādinājums par kontu,"Labdien!

Kontam ir nepieciešama papildu drošības pārbaude.
Lūdzu, veiciet nepieciešamo pārbaudi pēc iespējas ātrāk.

Šis ir automātiski nosūtīts paziņojums.

Nepieciešams rīkoties pirms konta statusa maiņas. Konta pārbaudi var pabeigt, izmantojot zemāk norādīto darbību.

Ar cieņu,
Klientu apkalpošanas nodaļa.",phishing
Apstipriniet konta informāciju,"Cienījamais lietotāj!

Vēlamies informēt par izmaiņām jūsu konta drošības statusā. Ir konstatēta darbība, kuru nepieciešams apstiprināt.

Veiciet norādīto pārbaudi, lai atjaunotu pilnu piekļuvi. Apstiprināšanas process ir pieejams konta pārbaudes sadaļā.

Pārbaudi ieteicams pabeigt tuvākajā laikā.

Paldies par sadarbību.",phishing
Apstipriniet konta informāciju,"Labdien!

Sistēma nevarēja automātiski apstiprināt pēdējo darbību. Nepieciešams apstiprināt, ka konts joprojām pieder jums. Pārbaudes termiņš ir ierobežots.

Lai turpinātu, izmantojiet norādīto pārbaudes iespēju.

Paldies par sadarbību.",phishing
Jūsu kontam nepieciešama pārbaude,"Sveiki!

Pēdējās konta darbības dēļ nepieciešama papildu pārbaude. Nepieciešams apstiprināt, ka konts joprojām pieder jums. Pārbaudi ieteicams pabeigt tuvākajā laikā.

Apstiprināšanas process ir pieejams konta pārbaudes sadaļā.

Paldies par sapratni.",phishing
Apstipriniet konta informāciju,"Labdien!

Automātiskā sistēma ir atzīmējusi jūsu kontu pārbaudei. Lūdzu, veiciet nepieciešamo pārbaudi pēc iespējas ātrāk. Ja pārbaude netiks veikta, piekļuve kontam var tikt ierobežota.

Apstiprināšanas process ir pieejams konta pārbaudes sadaļā.

Paldies par sadarbību.",phishing
Darījuma pārbaude,"Labdien!

Svarīga informācija par jūsu kontu.

Mūsu sistēma ir konstatējusi neparastu aktivitāti jūsu kontā. Papildu informācija par pārbaudi ir pieejama konta sadaļā.

Lai turpinātu izmantot kontu, nepieciešams veikt pārbaudi.
Lai atjaunotu piekļuvi, turpiniet ar konta pārbaudi.

Lūdzu, pievērsiet šim paziņojumam uzmanību.

Paldies par sapratni.",phishing
Nepieciešama tūlītēja darbība,"Labdien!

Automātiskā sistēma ir atzīmējusi jūsu kontu pārbaudei. Lūdzu, apstipriniet savu konta informāciju. Pretējā gadījumā dažas konta funkcijas var kļūt nepieejamas.

Konta pārbaudi var pabeigt, izmantojot zemāk norādīto darbību.

Paldies par sapratni.",phishing
Maksājuma apstiprināšana,"Sveiki, klient!

Vēlamies informēt par izmaiņām jūsu konta drošības statusā. Ir konstatēta darbība, kuru nepieciešams apstiprināt.

Lai atjaunotu piekļuvi, nepieciešams apstiprināt konta statusu. Lai turpinātu, izmantojiet norādīto pārbaudes iespēju.

Nepieciešams rīkoties pirms konta statusa maiņas.

Ar cieņu,
Klientu apkalpošanas nodaļa.",phishing
Neapstiprināta darbība,"Cienījamais klient!

Svarīga informācija par jūsu kontu.

Jūsu konta drošības statuss ir jāapstiprina. Atbildēt uz šo ziņojumu nav nepieciešams.

Lai izvairītos no piekļuves ierobežošanas, apstipriniet konta datus.
Konta pārbaudi var pabeigt, izmantojot zemāk norādīto darbību.

Ja pārbaude netiks veikta, piekļuve kontam var tikt ierobežota.

Ar cieņu,
Drošības nodaļa.",phishing
Pēdējais atgādinājums par kontu,"Cienījamais lietotāj!

Vēlamies informēt par izmaiņām jūsu konta drošības statusā. Drošības sistēma ir pamanījusi aizdomīgu darbību.

Lūdzu, pārbaudiet norādīto informāciju un apstipriniet darbību. Lai apstiprinātu informāciju, atveriet pārbaudes sadaļu.

Ja pārbaude netiks veikta, piekļuve kontam var tikt ierobežota.

Ar cieņu,
Konta drošības komanda.",phishing
Paziņojums par konta darbību,"Labdien!

Svarīga informācija par jūsu kontu.

Mūsu sistēma ir konstatējusi neparastu aktivitāti jūsu kontā. Drošības pārbaude ir nepieciešama, lai aizsargātu jūsu kontu.

Nepieciešams apstiprināt, ka konts joprojām pieder jums.
Apstiprināšanas process ir pieejams konta pārbaudes sadaļā.

Pārbaudi ieteicams pabeigt tuvākajā laikā.

Ar cieņu,
Atbalsta komanda.",phishing
Paziņojums par konta darbību,"Labdien!

Vēlamies informēt par izmaiņām jūsu konta drošības statusā. Automātiskā sistēma ir atzīmējusi jūsu kontu pārbaudei.

Lūdzu, veiciet nepieciešamo pārbaudi pēc iespējas ātrāk. Izmantojiet konta pārbaudes iespēju, lai turpinātu.

Nepieciešams rīkoties pirms konta statusa maiņas.

Paldies, ka izmantojat mūsu pakalpojumus.",phishing
Pēdējais atgādinājums par kontu,"Cienījamais klient!

Pēdējās konta darbības dēļ nepieciešama papildu pārbaude. Veiciet norādīto pārbaudi, lai atjaunotu pilnu piekļuvi. Pretējā gadījumā dažas konta funkcijas var kļūt nepieejamas.

Konta pārbaudi var pabeigt, izmantojot zemāk norādīto darbību.

Paldies, ka izmantojat mūsu pakalpojumus.",phishing
Jūsu profils ir jāatjauno,"Labdien!

Svarīga informācija par jūsu kontu.

Mūsu sistēmā ir reģistrēta neparasta piekļuves darbība. Lūdzu, saglabājiet šo paziņojumu turpmākai atsaucei.

Lai atjaunotu piekļuvi, nepieciešams apstiprināt konta statusu.
Lai atjaunotu piekļuvi, turpiniet ar konta pārbaudi.

Lūdzu, pievērsiet šim paziņojumam uzmanību.

Paldies par sapratni.",phishing
Identitātes pārbaude,"Cienījamais lietotāj!

Svarīga informācija par jūsu kontu.

Ir konstatēta iespējama neatbilstība konta informācijā. Lūdzu, saglabājiet šo paziņojumu turpmākai atsaucei.

Lai atjaunotu piekļuvi, nepieciešams apstiprināt konta statusu.
Konta pārbaudi var pabeigt, izmantojot zemāk norādīto darbību.

Ja darbība netiks apstiprināta, konta izmantošana var būt ierobežota.

Paldies, ka izmantojat mūsu pakalpojumus.",phishing
Piekļuves atjaunošana,"Labdien, cienījamais klient!

Pēdējās konta darbības dēļ nepieciešama papildu pārbaude. Lūdzu, pabeidziet drošības pārbaudi. Pretējā gadījumā var tikt piemēroti papildu drošības ierobežojumi.

Lai atjaunotu piekļuvi, turpiniet ar konta pārbaudi.

Ar cieņu,
Klientu apkalpošanas nodaļa.",phishing
Jūsu kontam nepieciešama pārbaude,"Svarīgs paziņojums!

Ir konstatēta darbība, kuru nepieciešams apstiprināt.
Lai turpinātu izmantot kontu, nepieciešams veikt pārbaudi.

Šī darbība ir saistīta ar jūsu konta drošību.

Šo darbību nepieciešams veikt pēc iespējas ātrāk. Pabeidziet pārbaudi, izmantojot drošības sadaļu.

Ar cieņu,
Konta drošības komanda.",phishing
Brīdinājums par kontu,"Cienījamais lietotāj!

Svarīga informācija par jūsu kontu.

Jūsu konta drošības statuss ir jāapstiprina. Pārbaude tiek veikta drošības nolūkos.

Lai turpinātu izmantot kontu, nepieciešams veikt pārbaudi.
Pabeidziet pārbaudi, izmantojot drošības sadaļu.

Pretējā gadījumā dažas konta funkcijas var kļūt nepieejamas.

Paldies, ka izmantojat mūsu pakalpojumus.",phishing
Jūsu kontam nepieciešama pārbaude,"Labdien!

Svarīga informācija par jūsu kontu.

Ir konstatēta iespējama neatbilstība konta informācijā. Lūdzu, saglabājiet šo paziņojumu turpmākai atsaucei.

Lūdzu, pārbaudiet norādīto informāciju un apstipriniet darbību.
Apstiprināšanas process ir pieejams konta pārbaudes sadaļā.

Nepieciešams rīkoties pirms konta statusa maiņas.

Ar cieņu,
Atbalsta komanda.",phishing
Neparasta aktivitāte kontā,"Labdien!

Mūsu sistēmā ir reģistrēta neparasta piekļuves darbība. Lūdzu, pabeidziet drošības pārbaudi. Ja darbība netiks apstiprināta, konta izmantošana var būt ierobežota.

Lai apstiprinātu informāciju, atveriet pārbaudes sadaļu.

Ar cieņu,
Drošības nodaļa.",phishing
Jūsu konts ir ierobežots,"Sveiki, klient!

Vēlamies informēt par izmaiņām jūsu konta drošības statusā. Mūsu sistēma ir konstatējusi neparastu aktivitāti jūsu kontā.

Lūdzu, veiciet nepieciešamo pārbaudi pēc iespējas ātrāk. Lai atjaunotu piekļuvi, turpiniet ar konta pārbaudi.

Lūdzu, neatlieciet šo pārbaudi.

Paldies par sapratni.",phishing
Jūsu profils ir jāatjauno,"Labdien, cienījamais klient!

Ir konstatēta darbība, kuru nepieciešams apstiprināt.
Lūdzu, apstipriniet savu konta informāciju.

Papildu informācija par pārbaudi ir pieejama konta sadaļā.

Ja pārbaude netiks veikta, piekļuve kontam var tikt ierobežota. Apstiprināšanas process ir pieejams konta pārbaudes sadaļā.

Ar cieņu,
Atbalsta komanda.",phishing
Jūsu konts ir ierobežots,"Sveiki!

Svarīga informācija par jūsu kontu.

Pēdējās konta darbības dēļ nepieciešama papildu pārbaude. Lūdzu, saglabājiet šo paziņojumu turpmākai atsaucei.

Lūdzu, veiciet nepieciešamo pārbaudi pēc iespējas ātrāk.
Lai apstiprinātu informāciju, atveriet pārbaudes sadaļu.

Pretējā gadījumā dažas konta funkcijas var kļūt nepieejamas.

Ar cieņu,
Klientu apkalpošanas nodaļa.",phishing
Jūsu profils ir jāatjauno,"Labdien!

Drošības sistēma ir pamanījusi aizdomīgu darbību.

Lūdzu, saglabājiet šo paziņojumu turpmākai atsaucei. Lai atjaunotu piekļuvi, nepieciešams apstiprināt konta statusu.

Ja darbība netiks apstiprināta, konta izmantošana var būt ierobežota. Lai apstiprinātu informāciju, atveriet pārbaudes sadaļu.

Ar cieņu,
Klientu apkalpošanas nodaļa.",phishing
Konta pārbaudes termiņš,"Svarīgs paziņojums!

Vēlamies informēt par izmaiņām jūsu konta drošības statusā. Ir konstatēta iespējama neatbilstība konta informācijā.

Lūdzu, apstipriniet savu konta informāciju. Konta pārbaudi var pabeigt, izmantojot zemāk norādīto darbību.

Lūdzu, neatlieciet šo pārbaudi.

Ar cieņu,
Atbalsta komanda.",phishing
Paziņojums par konta darbību,"Sveiki, klient!

Pēdējās konta darbības dēļ nepieciešama papildu pārbaude.

Šis ir automātiski nosūtīts paziņojums. Lūdzu, pabeidziet drošības pārbaudi.

Ja pārbaude netiks veikta, piekļuve kontam var tikt ierobežota. Konta pārbaudi var pabeigt, izmantojot zemāk norādīto darbību.

Ar cieņu,
Drošības nodaļa.",phishing
Nepieciešama konta pārbaude,"Labdien!

Kontam ir nepieciešama papildu drošības pārbaude.
Lūdzu, pārbaudiet norādīto informāciju un apstipriniet darbību.

Drošības pārbaude ir nepieciešama, lai aizsargātu jūsu kontu.

Lūdzu, neatlieciet šo pārbaudi. Apstiprināšanas process ir pieejams konta pārbaudes sadaļā.

Paldies par sapratni.",phishing
Neparasta aktivitāte kontā,"Cienījamais lietotāj!

Vēlamies informēt par izmaiņām jūsu konta drošības statusā. Kontam ir nepieciešama papildu drošības pārbaude.

Lai turpinātu izmantot pakalpojumu, jāapstiprina jūsu informācija. Izmantojiet konta pārbaudes iespēju, lai turpinātu.

Pārbaudes termiņš ir ierobežots.

Ar cieņu,
Atbalsta komanda.",phishing
Drošības sistēmas brīdinājums,"Sveiki!

Automātiskā sistēma ir atzīmējusi jūsu kontu pārbaudei.

Paziņojums ir nosūtīts automātiski. Lūdzu, pabeidziet drošības pārbaudi.

Ja darbība netiks apstiprināta, konta izmantošana var būt ierobežota. Lai apstiprinātu informāciju, atveriet pārbaudes sadaļu.

Ar cieņu,
Klientu apkalpošanas nodaļa.",phishing
Svarīga informācija par jūsu kontu,"Cienījamais klient!

Kontam ir nepieciešama papildu drošības pārbaude.

Papildu informācija par pārbaudi ir pieejama konta sadaļā. Lai atjaunotu piekļuvi, nepieciešams apstiprināt konta statusu.

Pretējā gadījumā dažas konta funkcijas var kļūt nepieejamas. Konta pārbaudi var pabeigt, izmantojot zemāk norādīto darbību.

Paldies par sadarbību.",phishing
Maksājuma apstiprināšana,"Sveiki!

Kontam ir nepieciešama papildu drošības pārbaude.

Šis ir automātiski nosūtīts paziņojums. Lūdzu, pārbaudiet norādīto informāciju un apstipriniet darbību.

Lūdzu, pievērsiet šim paziņojumam uzmanību. Pabeidziet pārbaudi, izmantojot drošības sadaļu.

Ar cieņu,
Drošības nodaļa.",phishing
Darījuma pārbaude,"Labdien!

Kontam ir nepieciešama papildu drošības pārbaude.
Lai turpinātu izmantot pakalpojumu, jāapstiprina jūsu informācija.

Šī darbība ir saistīta ar jūsu konta drošību.

Pārbaudi ieteicams pabeigt tuvākajā laikā. Lai apstiprinātu informāciju, atveriet pārbaudes sadaļu.

Ar cieņu,
Konta drošības komanda.",phishing
Nepieciešams apstiprinājums,"Cienījamais lietotāj!

Svarīga informācija par jūsu kontu.

Sistēma nevarēja automātiski apstiprināt pēdējo darbību. Atbildēt uz šo ziņojumu nav nepieciešams.

Lai turpinātu izmantot pakalpojumu, jāapstiprina jūsu informācija.
Apstiprināšanas process ir pieejams konta pārbaudes sadaļā.

Pārbaudes termiņš ir ierobežots.

Ar cieņu,
Drošības nodaļa.",phishing
Identitātes pārbaude,"Svarīgs paziņojums!

Vēlamies informēt par izmaiņām jūsu konta drošības statusā. Automātiskā sistēma ir atzīmējusi jūsu kontu pārbaudei.

Lai turpinātu izmantot kontu, nepieciešams veikt pārbaudi. Lai atjaunotu piekļuvi, turpiniet ar konta pārbaudi.

Pretējā gadījumā var tikt piemēroti papildu drošības ierobežojumi.

Ar cieņu,
Konta drošības komanda.",phishing
Brīdinājums par kontu,"Cienījamais klient!

Vēlamies informēt par izmaiņām jūsu konta drošības statusā. Jūsu konta drošības statuss ir jāapstiprina.

Lūdzu, pabeidziet drošības pārbaudi. Lai turpinātu, izmantojiet norādīto pārbaudes iespēju.

Ja darbība netiks apstiprināta, konta izmantošana var būt ierobežota.

Paldies par sapratni.",phishing
Apstipriniet konta informāciju,"Labdien, cienījamais klient!

Sistēma nevarēja automātiski apstiprināt pēdējo darbību. Nepieciešams apstiprināt, ka konts joprojām pieder jums. Pretējā gadījumā var tikt piemēroti papildu drošības ierobežojumi.

Lai apstiprinātu informāciju, atveriet pārbaudes sadaļu.

Ar cieņu,
Drošības nodaļa.",phishing
Nepieciešams apstiprinājums,"Labdien!

Sistēma nevarēja automātiski apstiprināt pēdējo darbību. Lūdzu, veiciet nepieciešamo pārbaudi pēc iespējas ātrāk. Nepieciešams rīkoties pirms konta statusa maiņas.

Lai atjaunotu piekļuvi, turpiniet ar konta pārbaudi.

Paldies par sapratni.",phishing
Drošības pārbaude,"Sveiki!

Jūsu profils pašlaik gaida papildu pārbaudi. Lūdzu, veiciet nepieciešamo pārbaudi pēc iespējas ātrāk. Lūdzu, pievērsiet šim paziņojumam uzmanību.

Pabeidziet pārbaudi, izmantojot drošības sadaļu.

Ar cieņu,
Drošības nodaļa.",phishing
Maksājuma apstiprināšana,"Sveiki, klient!

Jūsu profils pašlaik gaida papildu pārbaudi.
Lūdzu, pabeidziet drošības pārbaudi.

Paziņojums ir nosūtīts automātiski.

Pārbaudes termiņš ir ierobežots. Lai turpinātu, izmantojiet norādīto pārbaudes iespēju.

Ar cieņu,
Atbalsta komanda.",phishing
Jūsu konts ir ierobežots,"Labdien!

Svarīga informācija par jūsu kontu.

Ir konstatēta darbība, kuru nepieciešams apstiprināt. Šis ir automātiski nosūtīts paziņojums.

Lūdzu, apstipriniet savu konta informāciju.
Lai atjaunotu piekļuvi, turpiniet ar konta pārbaudi.

Ja darbība netiks apstiprināta, konta izmantošana var būt ierobežota.

Ar cieņu,
Drošības nodaļa.",phishing
Steidzams paziņojums,"Svarīgs paziņojums!

Kontam ir nepieciešama papildu drošības pārbaude.

Šī darbība ir saistīta ar jūsu konta drošību. Nepieciešams apstiprināt, ka konts joprojām pieder jums.

Lūdzu, neatlieciet šo pārbaudi. Lai turpinātu, izmantojiet norādīto pārbaudes iespēju.

Ar cieņu,
Drošības nodaļa.",phishing
Konta piekļuves problēma,"Sveiki, klient!

Vēlamies informēt par izmaiņām jūsu konta drošības statusā. Jūsu konta drošības statuss ir jāapstiprina.

Lūdzu, pabeidziet drošības pārbaudi. Lai atjaunotu piekļuvi, turpiniet ar konta pārbaudi.

Ja darbība netiks apstiprināta, konta izmantošana var būt ierobežota.

Paldies par sapratni.",phishing
Konta darbības apstiprināšana,"Labdien!

Svarīga informācija par jūsu kontu.

Mūsu sistēmā ir reģistrēta neparasta piekļuves darbība. Lūdzu, saglabājiet šo paziņojumu turpmākai atsaucei.

Lūdzu, pārbaudiet norādīto informāciju un apstipriniet darbību.
Lai turpinātu, izmantojiet norādīto pārbaudes iespēju.

Pretējā gadījumā dažas konta funkcijas var kļūt nepieejamas.

Ar cieņu,
Atbalsta komanda.",phishing
Steidzams paziņojums,"Labdien, cienījamais klient!

Svarīga informācija par jūsu kontu.

Drošības sistēma ir pamanījusi aizdomīgu darbību. Papildu informācija par pārbaudi ir pieejama konta sadaļā.

Lūdzu, pārbaudiet norādīto informāciju un apstipriniet darbību.
Apstiprināšanas process ir pieejams konta pārbaudes sadaļā.

Pārbaudi ieteicams pabeigt tuvākajā laikā.

Paldies, ka izmantojat mūsu pakalpojumus.",phishing
Konta piekļuves problēma,"Cienījamais klient!

Ir konstatēta iespējama neatbilstība konta informācijā.

Šī darbība ir saistīta ar jūsu konta drošību. Lūdzu, pabeidziet drošības pārbaudi.

Nepieciešams rīkoties pirms konta statusa maiņas. Pabeidziet pārbaudi, izmantojot drošības sadaļu.

Ar cieņu,
Drošības nodaļa.",phishing
Konta piekļuves problēma,"Sveiki, klient!

Svarīga informācija par jūsu kontu.

Pēdējās konta darbības dēļ nepieciešama papildu pārbaude. Paziņojums ir nosūtīts automātiski.

Nepieciešams apstiprināt, ka konts joprojām pieder jums.
Lai apstiprinātu informāciju, atveriet pārbaudes sadaļu.

Lūdzu, neatlieciet šo pārbaudi.

Ar cieņu,
Konta drošības komanda.",phishing
Paziņojums par konta darbību,"Sveiki, klient!

Ir konstatēta darbība, kuru nepieciešams apstiprināt.

Pārbaude tiek veikta drošības nolūkos. Lai turpinātu izmantot pakalpojumu, jāapstiprina jūsu informācija.

Ja pārbaude netiks veikta, piekļuve kontam var tikt ierobežota. Lai atjaunotu piekļuvi, turpiniet ar konta pārbaudi.

Paldies par sapratni.",phishing
Jūsu kontam nepieciešama pārbaude,"Svarīgs paziņojums!

Mūsu sistēma ir konstatējusi neparastu aktivitāti jūsu kontā.
Lūdzu, apstipriniet savu konta informāciju.

Drošības pārbaude ir nepieciešama, lai aizsargātu jūsu kontu.

Lūdzu, neatlieciet šo pārbaudi. Lai apstiprinātu informāciju, atveriet pārbaudes sadaļu.

Ar cieņu,
Atbalsta komanda.",phishing
Jūsu kontam nepieciešama pārbaude,"Labdien!

Vēlamies informēt par izmaiņām jūsu konta drošības statusā. Jūsu profils pašlaik gaida papildu pārbaudi.

Veiciet norādīto pārbaudi, lai atjaunotu pilnu piekļuvi. Lai atjaunotu piekļuvi, turpiniet ar konta pārbaudi.

Nepieciešams rīkoties pirms konta statusa maiņas.

Paldies, ka izmantojat mūsu pakalpojumus.",phishing
Maksājuma apstiprināšana,"Sveiki!

Ir konstatēta iespējama neatbilstība konta informācijā.
Veiciet norādīto pārbaudi, lai atjaunotu pilnu piekļuvi.

Šī darbība ir saistīta ar jūsu konta drošību.

Ja darbība netiks apstiprināta, konta izmantošana var būt ierobežota. Izmantojiet konta pārbaudes iespēju, lai turpinātu.

Ar cieņu,
Konta drošības komanda.",phishing
Nepieciešama tūlītēja darbība,"Labdien!

Vēlamies informēt par izmaiņām jūsu konta drošības statusā. Automātiskā sistēma ir atzīmējusi jūsu kontu pārbaudei.

Lai turpinātu izmantot kontu, nepieciešams veikt pārbaudi. Pabeidziet pārbaudi, izmantojot drošības sadaļu.

Pārbaudes termiņš ir ierobežots.

Ar cieņu,
Konta drošības komanda.",phishing
Pēdējais atgādinājums par kontu,"Labdien, cienījamais klient!

Pēdējās konta darbības dēļ nepieciešama papildu pārbaude.
Lai turpinātu izmantot pakalpojumu, jāapstiprina jūsu informācija.

Šis ir automātiski nosūtīts paziņojums.

Ja darbība netiks apstiprināta, konta izmantošana var būt ierobežota. Pabeidziet pārbaudi, izmantojot drošības sadaļu.

Paldies par sadarbību.",phishing
Jūsu profils ir jāatjauno,"Sveiki, klient!

Vēlamies informēt par izmaiņām jūsu konta drošības statusā. Kontam ir nepieciešama papildu drošības pārbaude.

Nepieciešams apstiprināt, ka konts joprojām pieder jums. Konta pārbaudi var pabeigt, izmantojot zemāk norādīto darbību.

Pārbaudi ieteicams pabeigt tuvākajā laikā.

Ar cieņu,
Drošības nodaļa.",phishing
Maksājuma apstiprināšana,"Labdien!

Ir konstatēta iespējama neatbilstība konta informācijā.

Atbildēt uz šo ziņojumu nav nepieciešams. Lūdzu, pabeidziet drošības pārbaudi.

Nepieciešams rīkoties pirms konta statusa maiņas. Lai turpinātu, izmantojiet norādīto pārbaudes iespēju.

Paldies, ka izmantojat mūsu pakalpojumus.",phishing
Brīdinājums par kontu,"Svarīgs paziņojums!

Ir konstatēta iespējama neatbilstība konta informācijā.
Lūdzu, pārbaudiet norādīto informāciju un apstipriniet darbību.

Paziņojums ir nosūtīts automātiski.

Lūdzu, pievērsiet šim paziņojumam uzmanību. Izmantojiet konta pārbaudes iespēju, lai turpinātu.

Paldies, ka izmantojat mūsu pakalpojumus.",phishing
Brīdinājums par kontu,"Sveiki!

Jūsu konta drošības statuss ir jāapstiprina.

Pārbaude tiek veikta drošības nolūkos. Nepieciešams apstiprināt, ka konts joprojām pieder jums.

Lūdzu, pievērsiet šim paziņojumam uzmanību. Izmantojiet konta pārbaudes iespēju, lai turpinātu.

Paldies par sapratni.",phishing
Nepieciešama tūlītēja darbība,"Labdien!

Drošības sistēma ir pamanījusi aizdomīgu darbību.
Lai atjaunotu piekļuvi, nepieciešams apstiprināt konta statusu.

Atbildēt uz šo ziņojumu nav nepieciešams.

Lūdzu, neatlieciet šo pārbaudi. Konta pārbaudi var pabeigt, izmantojot zemāk norādīto darbību.

Paldies par sapratni.",phishing
Apstipriniet konta informāciju,"Svarīgs paziņojums!

Vēlamies informēt par izmaiņām jūsu konta drošības statusā. Mūsu sistēmā ir reģistrēta neparasta piekļuves darbība.

Lai atjaunotu piekļuvi, nepieciešams apstiprināt konta statusu. Izmantojiet konta pārbaudes iespēju, lai turpinātu.

Pārbaudes termiņš ir ierobežots.

Ar cieņu,
Atbalsta komanda.",phishing
Pēdējais atgādinājums par kontu,"Labdien!

Svarīga informācija par jūsu kontu.

Jūsu profils pašlaik gaida papildu pārbaudi. Lūdzu, saglabājiet šo paziņojumu turpmākai atsaucei.

Lai izvairītos no piekļuves ierobežošanas, apstipriniet konta datus.
Pabeidziet pārbaudi, izmantojot drošības sadaļu.

Pārbaudes termiņš ir ierobežots.

Paldies, ka izmantojat mūsu pakalpojumus.",phishing
Brīdinājums par kontu,"Cienījamais klient!

Sistēma nevarēja automātiski apstiprināt pēdējo darbību.

Lūdzu, saglabājiet šo paziņojumu turpmākai atsaucei. Lai turpinātu izmantot pakalpojumu, jāapstiprina jūsu informācija.

Šo darbību nepieciešams veikt pēc iespējas ātrāk. Konta pārbaudi var pabeigt, izmantojot zemāk norādīto darbību.

Paldies, ka izmantojat mūsu pakalpojumus.",phishing
Drošības pārbaude,"Cienījamais lietotāj!

Ir konstatēta darbība, kuru nepieciešams apstiprināt.
Lai turpinātu izmantot kontu, nepieciešams veikt pārbaudi.

Paziņojums ir nosūtīts automātiski.

Lūdzu, pievērsiet šim paziņojumam uzmanību. Konta pārbaudi var pabeigt, izmantojot zemāk norādīto darbību.

Paldies, ka izmantojat mūsu pakalpojumus.",phishing
Konta darbības apstiprināšana,"Svarīgs paziņojums!

Svarīga informācija par jūsu kontu.

Sistēma nevarēja automātiski apstiprināt pēdējo darbību. Paziņojums ir nosūtīts automātiski.

Lai turpinātu izmantot pakalpojumu, jāapstiprina jūsu informācija.
Apstiprināšanas process ir pieejams konta pārbaudes sadaļā.

Pārbaudes termiņš ir ierobežots.

Paldies par sapratni.",phishing
Nepieciešams apstiprinājums,"Cienījamais klient!

Kontam ir nepieciešama papildu drošības pārbaude. Lai atjaunotu piekļuvi, nepieciešams apstiprināt konta statusu. Pārbaudes termiņš ir ierobežots.

Lai turpinātu, izmantojiet norādīto pārbaudes iespēju.

Paldies par sapratni.",phishing
Paziņojums par konta darbību,"Cienījamais lietotāj!

Vēlamies informēt par izmaiņām jūsu konta drošības statusā. Drošības sistēma ir pamanījusi aizdomīgu darbību.

Lūdzu, pabeidziet drošības pārbaudi. Izmantojiet konta pārbaudes iespēju, lai turpinātu.

Ja pārbaude netiks veikta, piekļuve kontam var tikt ierobežota.

Paldies par sadarbību.",phishing
Svarīgs klienta paziņojums,"Labdien, cienījamais klient!

Pēdējās konta darbības dēļ nepieciešama papildu pārbaude. Lai atjaunotu piekļuvi, nepieciešams apstiprināt konta statusu. Pretējā gadījumā dažas konta funkcijas var kļūt nepieejamas.

Lai turpinātu, izmantojiet norādīto pārbaudes iespēju.

Ar cieņu,
Drošības nodaļa.",phishing
Paziņojums par konta darbību,"Labdien!

Automātiskā sistēma ir atzīmējusi jūsu kontu pārbaudei. Lai turpinātu izmantot kontu, nepieciešams veikt pārbaudi. Pārbaudi ieteicams pabeigt tuvākajā laikā.

Apstiprināšanas process ir pieejams konta pārbaudes sadaļā.

Ar cieņu,
Atbalsta komanda.",phishing
Drošības pārbaude,"Cienījamais lietotāj!

Vēlamies informēt par izmaiņām jūsu konta drošības statusā. Ir konstatēta darbība, kuru nepieciešams apstiprināt.

Veiciet norādīto pārbaudi, lai atjaunotu pilnu piekļuvi. Lai turpinātu, izmantojiet norādīto pārbaudes iespēju.

Pretējā gadījumā dažas konta funkcijas var kļūt nepieejamas.

Ar cieņu,
Atbalsta komanda.",phishing
Paziņojums par konta darbību,"Labdien!

Pēdējās konta darbības dēļ nepieciešama papildu pārbaude. Lai izvairītos no piekļuves ierobežošanas, apstipriniet konta datus. Ja pārbaude netiks veikta, piekļuve kontam var tikt ierobežota.

Lai atjaunotu piekļuvi, turpiniet ar konta pārbaudi.

Ar cieņu,
Atbalsta komanda.",phishing
Jūsu kontam nepieciešama pārbaude,"Cienījamais klient!

Jūsu konta drošības statuss ir jāapstiprina. Veiciet norādīto pārbaudi, lai atjaunotu pilnu piekļuvi. Ja darbība netiks apstiprināta, konta izmantošana var būt ierobežota.

Izmantojiet konta pārbaudes iespēju, lai turpinātu.

Paldies par sapratni.",phishing
Steidzams paziņojums,"Labdien!

Mūsu sistēmā ir reģistrēta neparasta piekļuves darbība.

Atbildēt uz šo ziņojumu nav nepieciešams. Lai turpinātu izmantot kontu, nepieciešams veikt pārbaudi.

Ja darbība netiks apstiprināta, konta izmantošana var būt ierobežota. Lai apstiprinātu informāciju, atveriet pārbaudes sadaļu.

Paldies par sapratni.",phishing
Jūsu konts ir ierobežots,"Sveiki!

Mūsu sistēmā ir reģistrēta neparasta piekļuves darbība.

Paziņojums ir nosūtīts automātiski. Nepieciešams apstiprināt, ka konts joprojām pieder jums.

Šo darbību nepieciešams veikt pēc iespējas ātrāk. Pabeidziet pārbaudi, izmantojot drošības sadaļu.

Ar cieņu,
Konta drošības komanda.",phishing
Pēdējais atgādinājums par kontu,"Sveiki, klient!

Mūsu sistēma ir konstatējusi neparastu aktivitāti jūsu kontā.

Šī darbība ir saistīta ar jūsu konta drošību. Lai turpinātu izmantot pakalpojumu, jāapstiprina jūsu informācija.

Ja darbība netiks apstiprināta, konta izmantošana var būt ierobežota. Apstiprināšanas process ir pieejams konta pārbaudes sadaļā.

Paldies par sadarbību.",phishing
Paziņojums par konta darbību,"Sveiki!

Mūsu sistēma ir konstatējusi neparastu aktivitāti jūsu kontā. Lūdzu, veiciet nepieciešamo pārbaudi pēc iespējas ātrāk. Šo darbību nepieciešams veikt pēc iespējas ātrāk.

Pabeidziet pārbaudi, izmantojot drošības sadaļu.

Ar cieņu,
Klientu apkalpošanas nodaļa.",phishing
Konta darbības apstiprināšana,"Cienījamais klient!

Mūsu sistēma ir konstatējusi neparastu aktivitāti jūsu kontā.

Drošības pārbaude ir nepieciešama, lai aizsargātu jūsu kontu. Lai atjaunotu piekļuvi, nepieciešams apstiprināt konta statusu.

Pretējā gadījumā dažas konta funkcijas var kļūt nepieejamas. Izmantojiet konta pārbaudes iespēju, lai turpinātu.

Paldies, ka izmantojat mūsu pakalpojumus.",phishing
Identitātes pārbaude,"Svarīgs paziņojums!

Automātiskā sistēma ir atzīmējusi jūsu kontu pārbaudei.
Veiciet norādīto pārbaudi, lai atjaunotu pilnu piekļuvi.

Atbildēt uz šo ziņojumu nav nepieciešams.

Šo darbību nepieciešams veikt pēc iespējas ātrāk. Pabeidziet pārbaudi, izmantojot drošības sadaļu.

Ar cieņu,
Klientu apkalpošanas nodaļa.",phishing
Piekļuves atjaunošana,"Cienījamais klient!

Mūsu sistēmā ir reģistrēta neparasta piekļuves darbība.
Nepieciešams apstiprināt, ka konts joprojām pieder jums.

Pārbaude tiek veikta drošības nolūkos.

Ja darbība netiks apstiprināta, konta izmantošana var būt ierobežota. Konta pārbaudi var pabeigt, izmantojot zemāk norādīto darbību.

Ar cieņu,
Konta drošības komanda.",phishing
Jūsu profils ir jāatjauno,"Svarīgs paziņojums!

Svarīga informācija par jūsu kontu.

Drošības sistēma ir pamanījusi aizdomīgu darbību. Šis ir automātiski nosūtīts paziņojums.

Nepieciešams apstiprināt, ka konts joprojām pieder jums.
Lai apstiprinātu informāciju, atveriet pārbaudes sadaļu.

Lūdzu, neatlieciet šo pārbaudi.

Ar cieņu,
Klientu apkalpošanas nodaļa.",phishing
Identitātes pārbaude,"Svarīgs paziņojums!

Svarīga informācija par jūsu kontu.

Ir konstatēta darbība, kuru nepieciešams apstiprināt. Papildu informācija par pārbaudi ir pieejama konta sadaļā.

Lūdzu, apstipriniet savu konta informāciju.
Lai turpinātu, izmantojiet norādīto pārbaudes iespēju.

Pretējā gadījumā dažas konta funkcijas var kļūt nepieejamas.

Ar cieņu,
Konta drošības komanda.",phishing
Jūsu profils ir jāatjauno,"Sveiki!

Vēlamies informēt par izmaiņām jūsu konta drošības statusā. Mūsu sistēmā ir reģistrēta neparasta piekļuves darbība.

Nepieciešams apstiprināt, ka konts joprojām pieder jums. Apstiprināšanas process ir pieejams konta pārbaudes sadaļā.

Pretējā gadījumā var tikt piemēroti papildu drošības ierobežojumi.

Paldies par sadarbību.",phishing
Maksājuma apstiprināšana,"Labdien!

Vēlamies informēt par izmaiņām jūsu konta drošības statusā. Sistēma nevarēja automātiski apstiprināt pēdējo darbību.

Lūdzu, veiciet nepieciešamo pārbaudi pēc iespējas ātrāk. Lai turpinātu, izmantojiet norādīto pārbaudes iespēju.

Ja pārbaude netiks veikta, piekļuve kontam var tikt ierobežota.

Paldies par sapratni.",phishing
Nepieciešama konta pārbaude,"Cienījamais lietotāj!

Sistēma nevarēja automātiski apstiprināt pēdējo darbību. Lai atjaunotu piekļuvi, nepieciešams apstiprināt konta statusu. Pārbaudes termiņš ir ierobežots.

Izmantojiet konta pārbaudes iespēju, lai turpinātu.

Ar cieņu,
Konta drošības komanda.",phishing
Steidzams paziņojums,"Sveiki!

Svarīga informācija par jūsu kontu.

Ir konstatēta iespējama neatbilstība konta informācijā. Papildu informācija par pārbaudi ir pieejama konta sadaļā.

Lūdzu, veiciet nepieciešamo pārbaudi pēc iespējas ātrāk.
Konta pārbaudi var pabeigt, izmantojot zemāk norādīto darbību.

Pārbaudi ieteicams pabeigt tuvākajā laikā.

Ar cieņu,
Atbalsta komanda.",phishing
Konta pārbaudes termiņš,"Sveiki, klient!

Vēlamies informēt par izmaiņām jūsu konta drošības statusā. Kontam ir nepieciešama papildu drošības pārbaude.

Lūdzu, veiciet nepieciešamo pārbaudi pēc iespējas ātrāk. Lai apstiprinātu informāciju, atveriet pārbaudes sadaļu.

Pretējā gadījumā dažas konta funkcijas var kļūt nepieejamas.

Ar cieņu,
Drošības nodaļa.",phishing
Nepieciešama tūlītēja darbība,"Cienījamais klient!

Ir konstatēta darbība, kuru nepieciešams apstiprināt.
Lūdzu, pārbaudiet norādīto informāciju un apstipriniet darbību.

Paziņojums ir nosūtīts automātiski.

Nepieciešams rīkoties pirms konta statusa maiņas. Konta pārbaudi var pabeigt, izmantojot zemāk norādīto darbību.

Paldies par sapratni.",phishing
Konta pārbaudes termiņš,"Labdien!

Vēlamies informēt par izmaiņām jūsu konta drošības statusā. Mūsu sistēmā ir reģistrēta neparasta piekļuves darbība.

Lai turpinātu izmantot kontu, nepieciešams veikt pārbaudi. Izmantojiet konta pārbaudes iespēju, lai turpinātu.

Ja pārbaude netiks veikta, piekļuve kontam var tikt ierobežota.

Ar cieņu,
Konta drošības komanda.",phishing
Paziņojums par konta darbību,"Labdien!

Jūsu profils pašlaik gaida papildu pārbaudi.
Veiciet norādīto pārbaudi, lai atjaunotu pilnu piekļuvi.

Drošības pārbaude ir nepieciešama, lai aizsargātu jūsu kontu.

Šo darbību nepieciešams veikt pēc iespējas ātrāk. Izmantojiet konta pārbaudes iespēju, lai turpinātu.

Paldies, ka izmantojat mūsu pakalpojumus.",phishing
Identitātes pārbaude,"Cienījamais lietotāj!

Mūsu sistēmā ir reģistrēta neparasta piekļuves darbība.

Papildu informācija par pārbaudi ir pieejama konta sadaļā. Lūdzu, apstipriniet savu konta informāciju.

Šo darbību nepieciešams veikt pēc iespējas ātrāk. Lai apstiprinātu informāciju, atveriet pārbaudes sadaļu.

Paldies par sapratni.",phishing
Darījuma pārbaude,"Cienījamais klient!

Jūsu profils pašlaik gaida papildu pārbaudi.
Lūdzu, pārbaudiet norādīto informāciju un apstipriniet darbību.

Šī darbība ir saistīta ar jūsu konta drošību.

Pārbaudes termiņš ir ierobežots. Lai turpinātu, izmantojiet norādīto pārbaudes iespēju.

Paldies par sapratni.",phishing
Neapstiprināta darbība,"Svarīgs paziņojums!

Vēlamies informēt par izmaiņām jūsu konta drošības statusā. Mūsu sistēmā ir reģistrēta neparasta piekļuves darbība.

Lūdzu, pārbaudiet norādīto informāciju un apstipriniet darbību. Pabeidziet pārbaudi, izmantojot drošības sadaļu.

Pārbaudi ieteicams pabeigt tuvākajā laikā.

Ar cieņu,
Klientu apkalpošanas nodaļa.",phishing
Jūsu profils ir jāatjauno,"Svarīgs paziņojums!

Svarīga informācija par jūsu kontu.

Drošības sistēma ir pamanījusi aizdomīgu darbību. Drošības pārbaude ir nepieciešama, lai aizsargātu jūsu kontu.

Lūdzu, apstipriniet savu konta informāciju.
Konta pārbaudi var pabeigt, izmantojot zemāk norādīto darbību.

Nepieciešams rīkoties pirms konta statusa maiņas.

Ar cieņu,
Atbalsta komanda.",phishing
Pēdējais atgādinājums par kontu,"Sveiki!

Svarīga informācija par jūsu kontu.

Mūsu sistēmā ir reģistrēta neparasta piekļuves darbība. Drošības pārbaude ir nepieciešama, lai aizsargātu jūsu kontu.

Veiciet norādīto pārbaudi, lai atjaunotu pilnu piekļuvi.
Lai apstiprinātu informāciju, atveriet pārbaudes sadaļu.

Pārbaudes termiņš ir ierobežots.

Ar cieņu,
Drošības nodaļa.",phishing
Brīdinājums par kontu,"Svarīgs paziņojums!

Automātiskās pārbaudes laikā tika konstatēta nepieciešamība atjaunināt informāciju.

Lūdzu, saglabājiet šo paziņojumu turpmākai atsaucei. Lūdzu, veiciet nepieciešamo pārbaudi pēc iespējas ātrāk.

Pretējā gadījumā dažas konta funkcijas var kļūt nepieejamas. Konta pārbaudi var pabeigt, izmantojot zemāk norādīto darbību.

Ar cieņu,
Drošības nodaļa.",phishing
Drošības pārbaude,"Labdien!

Svarīga informācija par jūsu kontu.

Ir konstatēta darbība, kuru nepieciešams apstiprināt. Drošības pārbaude ir nepieciešama, lai aizsargātu jūsu kontu.

Nepieciešams apstiprināt, ka konts joprojām pieder jums.
Lai atjaunotu piekļuvi, turpiniet ar konta pārbaudi.

Ja pārbaude netiks veikta, piekļuve kontam var tikt ierobežota.

Ar cieņu,
Drošības nodaļa.",phishing
Jūsu konts ir ierobežots,"Labdien!

Vēlamies informēt par izmaiņām jūsu konta drošības statusā. Drošības sistēma ir pamanījusi aizdomīgu darbību.

Lūdzu, apstipriniet savu konta informāciju. Konta pārbaudi var pabeigt, izmantojot zemāk norādīto darbību.

Pārbaudi ieteicams pabeigt tuvākajā laikā.

Ar cieņu,
Konta drošības komanda.",phishing
Konta darbības apstiprināšana,"Sveiki, klient!

Vēlamies informēt par izmaiņām jūsu konta drošības statusā. Ir konstatēta iespējama neatbilstība konta informācijā.

Nepieciešams apstiprināt, ka konts joprojām pieder jums. Lai turpinātu, izmantojiet norādīto pārbaudes iespēju.

Šo darbību nepieciešams veikt pēc iespējas ātrāk.

Ar cieņu,
Drošības nodaļa.",phishing
Konta piekļuves problēma,"Sveiki!

Vēlamies informēt par izmaiņām jūsu konta drošības statusā. Ir konstatēta iespējama neatbilstība konta informācijā.

Veiciet norādīto pārbaudi, lai atjaunotu pilnu piekļuvi. Pabeidziet pārbaudi, izmantojot drošības sadaļu.

Ja pārbaude netiks veikta, piekļuve kontam var tikt ierobežota.

Paldies, ka izmantojat mūsu pakalpojumus.",phishing
Identitātes pārbaude,"Sveiki!

Jūsu profils pašlaik gaida papildu pārbaudi.

Papildu informācija par pārbaudi ir pieejama konta sadaļā. Lūdzu, pabeidziet drošības pārbaudi.

Šo darbību nepieciešams veikt pēc iespējas ātrāk. Apstiprināšanas process ir pieejams konta pārbaudes sadaļā.

Ar cieņu,
Atbalsta komanda.",phishing
Brīdinājums par kontu,"Sveiki!

Ir konstatēta darbība, kuru nepieciešams apstiprināt.
Lūdzu, pārbaudiet norādīto informāciju un apstipriniet darbību.

Šī darbība ir saistīta ar jūsu konta drošību.

Pretējā gadījumā var tikt piemēroti papildu drošības ierobežojumi. Apstiprināšanas process ir pieejams konta pārbaudes sadaļā.

Paldies par sapratni.",phishing
Svarīga informācija par jūsu kontu,"Svarīgs paziņojums!

Sistēma nevarēja automātiski apstiprināt pēdējo darbību.

Lūdzu, saglabājiet šo paziņojumu turpmākai atsaucei. Lūdzu, veiciet nepieciešamo pārbaudi pēc iespējas ātrāk.

Pretējā gadījumā var tikt piemēroti papildu drošības ierobežojumi. Lai turpinātu, izmantojiet norādīto pārbaudes iespēju.

Ar cieņu,
Konta drošības komanda.",phishing
Maksājuma apstiprināšana,"Sveiki!

Svarīga informācija par jūsu kontu.

Pēdējās konta darbības dēļ nepieciešama papildu pārbaude. Lūdzu, saglabājiet šo paziņojumu turpmākai atsaucei.

Lūdzu, veiciet nepieciešamo pārbaudi pēc iespējas ātrāk.
Izmantojiet konta pārbaudes iespēju, lai turpinātu.

Pārbaudi ieteicams pabeigt tuvākajā laikā.

Ar cieņu,
Atbalsta komanda.",phishing
Maksājuma apstiprināšana,"Labdien!

Jūsu profils pašlaik gaida papildu pārbaudi.
Lūdzu, pārbaudiet norādīto informāciju un apstipriniet darbību.

Šī darbība ir saistīta ar jūsu konta drošību.

Pārbaudes termiņš ir ierobežots. Lai turpinātu, izmantojiet norādīto pārbaudes iespēju.

Ar cieņu,
Drošības nodaļa.",phishing
Drošības pārbaude,"Svarīgs paziņojums!

Vēlamies informēt par izmaiņām jūsu konta drošības statusā. Sistēma nevarēja automātiski apstiprināt pēdējo darbību.

Lūdzu, pabeidziet drošības pārbaudi. Konta pārbaudi var pabeigt, izmantojot zemāk norādīto darbību.

Šo darbību nepieciešams veikt pēc iespējas ātrāk.

Ar cieņu,
Drošības nodaļa.",phishing
Maksājuma apstiprināšana,"Sveiki, klient!

Pēdējās konta darbības dēļ nepieciešama papildu pārbaude.
Nepieciešams apstiprināt, ka konts joprojām pieder jums.

Šis ir automātiski nosūtīts paziņojums.

Ja darbība netiks apstiprināta, konta izmantošana var būt ierobežota. Lai apstiprinātu informāciju, atveriet pārbaudes sadaļu.

Paldies par sadarbību.",phishing
Brīdinājums par kontu,"Labdien!

Svarīga informācija par jūsu kontu.

Jūsu konta drošības statuss ir jāapstiprina. Atbildēt uz šo ziņojumu nav nepieciešams.

Nepieciešams apstiprināt, ka konts joprojām pieder jums.
Pabeidziet pārbaudi, izmantojot drošības sadaļu.

Lūdzu, neatlieciet šo pārbaudi.

Ar cieņu,
Klientu apkalpošanas nodaļa.",phishing
Piekļuves atjaunošana,"Labdien, cienījamais klient!

Pēdējās konta darbības dēļ nepieciešama papildu pārbaude.
Lūdzu, pabeidziet drošības pārbaudi.

Lūdzu, saglabājiet šo paziņojumu turpmākai atsaucei.

Lūdzu, neatlieciet šo pārbaudi. Lai atjaunotu piekļuvi, turpiniet ar konta pārbaudi.

Ar cieņu,
Drošības nodaļa.",phishing
Nepieciešama konta pārbaude,"Cienījamais lietotāj!

Svarīga informācija par jūsu kontu.

Ir konstatēta iespējama neatbilstība konta informācijā. Lūdzu, saglabājiet šo paziņojumu turpmākai atsaucei.

Veiciet norādīto pārbaudi, lai atjaunotu pilnu piekļuvi.
Izmantojiet konta pārbaudes iespēju, lai turpinātu.

Lūdzu, neatlieciet šo pārbaudi.

Ar cieņu,
Konta drošības komanda.",phishing
Nepieciešama konta pārbaude,"Sveiki, klient!

Mūsu sistēma ir konstatējusi neparastu aktivitāti jūsu kontā.
Veiciet norādīto pārbaudi, lai atjaunotu pilnu piekļuvi.

Atbildēt uz šo ziņojumu nav nepieciešams.

Lūdzu, neatlieciet šo pārbaudi. Lai turpinātu, izmantojiet norādīto pārbaudes iespēju.

Ar cieņu,
Drošības nodaļa.",phishing
Svarīgs drošības paziņojums,"Labdien!

Automātiskās pārbaudes laikā tika konstatēta nepieciešamība atjaunināt informāciju. Lūdzu, pārbaudiet norādīto informāciju un apstipriniet darbību. Pārbaudes termiņš ir ierobežots.

Konta pārbaudi var pabeigt, izmantojot zemāk norādīto darbību.

Ar cieņu,
Konta drošības komanda.",phishing
Identitātes pārbaude,"Svarīgs paziņojums!

Vēlamies informēt par izmaiņām jūsu konta drošības statusā. Mūsu sistēma ir konstatējusi neparastu aktivitāti jūsu kontā.

Lai izvairītos no piekļuves ierobežošanas, apstipriniet konta datus. Lai apstiprinātu informāciju, atveriet pārbaudes sadaļu.

Ja pārbaude netiks veikta, piekļuve kontam var tikt ierobežota.

Ar cieņu,
Atbalsta komanda.",phishing
Svarīgs drošības paziņojums,"Svarīgs paziņojums!

Svarīga informācija par jūsu kontu.

Ir konstatēta iespējama neatbilstība konta informācijā. Papildu informācija par pārbaudi ir pieejama konta sadaļā.

Lai atjaunotu piekļuvi, nepieciešams apstiprināt konta statusu.
Pabeidziet pārbaudi, izmantojot drošības sadaļu.

Šo darbību nepieciešams veikt pēc iespējas ātrāk.

Paldies par sapratni.",phishing
Paziņojums par konta darbību,"Labdien!

Vēlamies informēt par izmaiņām jūsu konta drošības statusā. Automātiskā sistēma ir atzīmējusi jūsu kontu pārbaudei.

Lai turpinātu izmantot kontu, nepieciešams veikt pārbaudi. Apstiprināšanas process ir pieejams konta pārbaudes sadaļā.

Pārbaudi ieteicams pabeigt tuvākajā laikā.

Ar cieņu,
Drošības nodaļa.",phishing
Svarīgs drošības paziņojums,"Labdien, cienījamais klient!

Automātiskās pārbaudes laikā tika konstatēta nepieciešamība atjaunināt informāciju.
Lūdzu, apstipriniet savu konta informāciju.

Lūdzu, saglabājiet šo paziņojumu turpmākai atsaucei.

Pretējā gadījumā var tikt piemēroti papildu drošības ierobežojumi. Lai atjaunotu piekļuvi, turpiniet ar konta pārbaudi.

Paldies, ka izmantojat mūsu pakalpojumus.",phishing
Piekļuves atjaunošana,"Labdien!

Pēdējās konta darbības dēļ nepieciešama papildu pārbaude.

Drošības pārbaude ir nepieciešama, lai aizsargātu jūsu kontu. Lūdzu, pabeidziet drošības pārbaudi.

Ja pārbaude netiks veikta, piekļuve kontam var tikt ierobežota. Konta pārbaudi var pabeigt, izmantojot zemāk norādīto darbību.

Paldies par sadarbību.",phishing
Drošības pārbaude,"Cienījamais lietotāj!

Kontam ir nepieciešama papildu drošības pārbaude.
Lūdzu, apstipriniet savu konta informāciju.

Šī darbība ir saistīta ar jūsu konta drošību.

Šo darbību nepieciešams veikt pēc iespējas ātrāk. Lai apstiprinātu informāciju, atveriet pārbaudes sadaļu.

Paldies par sadarbību.",phishing
Nepieciešams apstiprinājums,"Labdien, cienījamais klient!

Jūsu profils pašlaik gaida papildu pārbaudi.

Šis ir automātiski nosūtīts paziņojums. Nepieciešams apstiprināt, ka konts joprojām pieder jums.

Ja pārbaude netiks veikta, piekļuve kontam var tikt ierobežota. Lai atjaunotu piekļuvi, turpiniet ar konta pārbaudi.

Ar cieņu,
Atbalsta komanda.",phishing
Svarīgs drošības paziņojums,"Sveiki, klient!

Jūsu profils pašlaik gaida papildu pārbaudi.
Nepieciešams apstiprināt, ka konts joprojām pieder jums.

Drošības pārbaude ir nepieciešama, lai aizsargātu jūsu kontu.

Pārbaudi ieteicams pabeigt tuvākajā laikā. Pabeidziet pārbaudi, izmantojot drošības sadaļu.

Paldies par sapratni.",phishing
Konta darbības apstiprināšana,"Cienījamais klient!

Svarīga informācija par jūsu kontu.

Mūsu sistēma ir konstatējusi neparastu aktivitāti jūsu kontā. Šis ir automātiski nosūtīts paziņojums.

Lai atjaunotu piekļuvi, nepieciešams apstiprināt konta statusu.
Izmantojiet konta pārbaudes iespēju, lai turpinātu.

Ja pārbaude netiks veikta, piekļuve kontam var tikt ierobežota.

Paldies par sadarbību.",phishing
Konta pārbaudes termiņš,"Labdien!

Mūsu sistēmā ir reģistrēta neparasta piekļuves darbība. Lai izvairītos no piekļuves ierobežošanas, apstipriniet konta datus. Ja pārbaude netiks veikta, piekļuve kontam var tikt ierobežota.

Konta pārbaudi var pabeigt, izmantojot zemāk norādīto darbību.

Ar cieņu,
Atbalsta komanda.",phishing
Svarīga informācija par jūsu kontu,"Sveiki, klient!

Ir konstatēta iespējama neatbilstība konta informācijā.
Lūdzu, veiciet nepieciešamo pārbaudi pēc iespējas ātrāk.

Paziņojums ir nosūtīts automātiski.

Pretējā gadījumā dažas konta funkcijas var kļūt nepieejamas. Lai atjaunotu piekļuvi, turpiniet ar konta pārbaudi.

Ar cieņu,
Konta drošības komanda.",phishing
Svarīga informācija par jūsu kontu,"Cienījamais klient!

Vēlamies informēt par izmaiņām jūsu konta drošības statusā. Ir konstatēta iespējama neatbilstība konta informācijā.

Lai izvairītos no piekļuves ierobežošanas, apstipriniet konta datus. Pabeidziet pārbaudi, izmantojot drošības sadaļu.

Ja pārbaude netiks veikta, piekļuve kontam var tikt ierobežota.

Paldies par sapratni.",phishing
Jūsu konts ir ierobežots,"Cienījamais klient!

Jūsu profils pašlaik gaida papildu pārbaudi.

Lūdzu, saglabājiet šo paziņojumu turpmākai atsaucei. Lai izvairītos no piekļuves ierobežošanas, apstipriniet konta datus.

Lūdzu, neatlieciet šo pārbaudi. Pabeidziet pārbaudi, izmantojot drošības sadaļu.

Ar cieņu,
Drošības nodaļa.",phishing
Svarīgs klienta paziņojums,"Sveiki, klient!

Vēlamies informēt par izmaiņām jūsu konta drošības statusā. Ir konstatēta iespējama neatbilstība konta informācijā.

Lai turpinātu izmantot kontu, nepieciešams veikt pārbaudi. Izmantojiet konta pārbaudes iespēju, lai turpinātu.

Lūdzu, pievērsiet šim paziņojumam uzmanību.

Ar cieņu,
Klientu apkalpošanas nodaļa.",phishing
Konta piekļuves problēma,"Cienījamais lietotāj!

Mūsu sistēmā ir reģistrēta neparasta piekļuves darbība. Lai atjaunotu piekļuvi, nepieciešams apstiprināt konta statusu. Pārbaudes termiņš ir ierobežots.

Pabeidziet pārbaudi, izmantojot drošības sadaļu.

Paldies par sapratni.",phishing
Apstipriniet konta informāciju,"Cienījamais lietotāj!

Automātiskā sistēma ir atzīmējusi jūsu kontu pārbaudei.
Lūdzu, veiciet nepieciešamo pārbaudi pēc iespējas ātrāk.

Šis ir automātiski nosūtīts paziņojums.

Lūdzu, neatlieciet šo pārbaudi. Apstiprināšanas process ir pieejams konta pārbaudes sadaļā.

Ar cieņu,
Konta drošības komanda.",phishing
Nepieciešams apstiprinājums,"Sveiki, klient!

Svarīga informācija par jūsu kontu.

Ir konstatēta darbība, kuru nepieciešams apstiprināt. Lūdzu, saglabājiet šo paziņojumu turpmākai atsaucei.

Nepieciešams apstiprināt, ka konts joprojām pieder jums.
Lai apstiprinātu informāciju, atveriet pārbaudes sadaļu.

Pretējā gadījumā var tikt piemēroti papildu drošības ierobežojumi.

Paldies par sapratni.",phishing
Nepieciešama tūlītēja darbība,"Cienījamais lietotāj!

Vēlamies informēt par izmaiņām jūsu konta drošības statusā. Ir konstatēta darbība, kuru nepieciešams apstiprināt.

Lai atjaunotu piekļuvi, nepieciešams apstiprināt konta statusu. Izmantojiet konta pārbaudes iespēju, lai turpinātu.

Ja pārbaude netiks veikta, piekļuve kontam var tikt ierobežota.

Ar cieņu,
Klientu apkalpošanas nodaļa.",phishing
Konta pārbaudes termiņš,"Svarīgs paziņojums!

Automātiskā sistēma ir atzīmējusi jūsu kontu pārbaudei.

Papildu informācija par pārbaudi ir pieejama konta sadaļā. Lai turpinātu izmantot kontu, nepieciešams veikt pārbaudi.

Nepieciešams rīkoties pirms konta statusa maiņas. Konta pārbaudi var pabeigt, izmantojot zemāk norādīto darbību.

Paldies par sapratni.",phishing
Apstipriniet konta informāciju,"Sveiki, klient!

Jūsu konta drošības statuss ir jāapstiprina.
Nepieciešams apstiprināt, ka konts joprojām pieder jums.

Papildu informācija par pārbaudi ir pieejama konta sadaļā.

Pārbaudi ieteicams pabeigt tuvākajā laikā. Apstiprināšanas process ir pieejams konta pārbaudes sadaļā.

Ar cieņu,
Konta drošības komanda.",phishing
Brīdinājums par kontu,"Cienījamais lietotāj!

Mūsu sistēma ir konstatējusi neparastu aktivitāti jūsu kontā.

Paziņojums ir nosūtīts automātiski. Lai turpinātu izmantot pakalpojumu, jāapstiprina jūsu informācija.

Nepieciešams rīkoties pirms konta statusa maiņas. Izmantojiet konta pārbaudes iespēju, lai turpinātu.

Paldies par sadarbību.",phishing
Darījuma pārbaude,"Labdien, cienījamais klient!

Jūsu profils pašlaik gaida papildu pārbaudi.
Lūdzu, pārbaudiet norādīto informāciju un apstipriniet darbību.

Šī darbība ir saistīta ar jūsu konta drošību.

Ja darbība netiks apstiprināta, konta izmantošana var būt ierobežota. Pabeidziet pārbaudi, izmantojot drošības sadaļu.

Ar cieņu,
Atbalsta komanda.",phishing
Konta darbības apstiprināšana,"Svarīgs paziņojums!

Vēlamies informēt par izmaiņām jūsu konta drošības statusā. Drošības sistēma ir pamanījusi aizdomīgu darbību.

Lai turpinātu izmantot pakalpojumu, jāapstiprina jūsu informācija. Izmantojiet konta pārbaudes iespēju, lai turpinātu.

Ja pārbaude netiks veikta, piekļuve kontam var tikt ierobežota.

Paldies, ka izmantojat mūsu pakalpojumus.",phishing
Paziņojums par konta darbību,"Labdien!

Vēlamies informēt par izmaiņām jūsu konta drošības statusā. Ir konstatēta iespējama neatbilstība konta informācijā.

Veiciet norādīto pārbaudi, lai atjaunotu pilnu piekļuvi. Konta pārbaudi var pabeigt, izmantojot zemāk norādīto darbību.

Lūdzu, neatlieciet šo pārbaudi.

Paldies, ka izmantojat mūsu pakalpojumus.",phishing
Konta darbības apstiprināšana,"Labdien!

Drošības sistēma ir pamanījusi aizdomīgu darbību. Nepieciešams apstiprināt, ka konts joprojām pieder jums. Pretējā gadījumā var tikt piemēroti papildu drošības ierobežojumi.

Izmantojiet konta pārbaudes iespēju, lai turpinātu.

Ar cieņu,
Konta drošības komanda.",phishing
Paziņojums par konta darbību,"Cienījamais klient!

Pēdējās konta darbības dēļ nepieciešama papildu pārbaude.

Pārbaude tiek veikta drošības nolūkos. Nepieciešams apstiprināt, ka konts joprojām pieder jums.

Ja pārbaude netiks veikta, piekļuve kontam var tikt ierobežota. Konta pārbaudi var pabeigt, izmantojot zemāk norādīto darbību.

Ar cieņu,
Konta drošības komanda.",phishing
Konta piekļuves problēma,"Labdien, cienījamais klient!

Svarīga informācija par jūsu kontu.

Mūsu sistēmā ir reģistrēta neparasta piekļuves darbība. Atbildēt uz šo ziņojumu nav nepieciešams.

Lai atjaunotu piekļuvi, nepieciešams apstiprināt konta statusu.
Lai atjaunotu piekļuvi, turpiniet ar konta pārbaudi.

Šo darbību nepieciešams veikt pēc iespējas ātrāk.

Paldies par sapratni.",phishing
Svarīgs drošības paziņojums,"Sveiki, klient!

Mūsu sistēmā ir reģistrēta neparasta piekļuves darbība.
Nepieciešams apstiprināt, ka konts joprojām pieder jums.

Papildu informācija par pārbaudi ir pieejama konta sadaļā.

Lūdzu, neatlieciet šo pārbaudi. Apstiprināšanas process ir pieejams konta pārbaudes sadaļā.

Paldies, ka izmantojat mūsu pakalpojumus.",phishing
Paziņojums par konta darbību,"Cienījamais klient!

Jūsu profils pašlaik gaida papildu pārbaudi.

Pārbaude tiek veikta drošības nolūkos. Lūdzu, apstipriniet savu konta informāciju.

Pretējā gadījumā dažas konta funkcijas var kļūt nepieejamas. Izmantojiet konta pārbaudes iespēju, lai turpinātu.

Paldies par sadarbību.",phishing
Jūsu konts ir ierobežots,"Sveiki!

Sistēma nevarēja automātiski apstiprināt pēdējo darbību.

Pārbaude tiek veikta drošības nolūkos. Lūdzu, veiciet nepieciešamo pārbaudi pēc iespējas ātrāk.

Ja darbība netiks apstiprināta, konta izmantošana var būt ierobežota. Konta pārbaudi var pabeigt, izmantojot zemāk norādīto darbību.

Ar cieņu,
Konta drošības komanda.",phishing
Drošības sistēmas brīdinājums,"Svarīgs paziņojums!

Ir konstatēta iespējama neatbilstība konta informācijā.

Atbildēt uz šo ziņojumu nav nepieciešams. Lai turpinātu izmantot pakalpojumu, jāapstiprina jūsu informācija.

Nepieciešams rīkoties pirms konta statusa maiņas. Apstiprināšanas process ir pieejams konta pārbaudes sadaļā.

Ar cieņu,
Drošības nodaļa.",phishing
Piekļuves atjaunošana,"Cienījamais lietotāj!

Vēlamies informēt par izmaiņām jūsu konta drošības statusā. Drošības sistēma ir pamanījusi aizdomīgu darbību.

Lai turpinātu izmantot pakalpojumu, jāapstiprina jūsu informācija. Izmantojiet konta pārbaudes iespēju, lai turpinātu.

Šo darbību nepieciešams veikt pēc iespējas ātrāk.

Ar cieņu,
Konta drošības komanda.",phishing
Darījuma pārbaude,"Svarīgs paziņojums!

Pēdējās konta darbības dēļ nepieciešama papildu pārbaude.
Lai turpinātu izmantot kontu, nepieciešams veikt pārbaudi.

Paziņojums ir nosūtīts automātiski.

Ja darbība netiks apstiprināta, konta izmantošana var būt ierobežota. Pabeidziet pārbaudi, izmantojot drošības sadaļu.

Ar cieņu,
Atbalsta komanda.",phishing
Jūsu profils ir jāatjauno,"Cienījamais klient!

Automātiskās pārbaudes laikā tika konstatēta nepieciešamība atjaunināt informāciju.
Lūdzu, pārbaudiet norādīto informāciju un apstipriniet darbību.

Šis ir automātiski nosūtīts paziņojums.

Lūdzu, neatlieciet šo pārbaudi. Lai atjaunotu piekļuvi, turpiniet ar konta pārbaudi.

Ar cieņu,
Atbalsta komanda.",phishing
Nepieciešams apstiprinājums,"Cienījamais lietotāj!

Sistēma nevarēja automātiski apstiprināt pēdējo darbību.

Pārbaude tiek veikta drošības nolūkos. Lūdzu, apstipriniet savu konta informāciju.

Šo darbību nepieciešams veikt pēc iespējas ātrāk. Lai apstiprinātu informāciju, atveriet pārbaudes sadaļu.

Ar cieņu,
Atbalsta komanda.",phishing
Jūsu kontam nepieciešama pārbaude,"Cienījamais klient!

Vēlamies informēt par izmaiņām jūsu konta drošības statusā. Drošības sistēma ir pamanījusi aizdomīgu darbību.

Lūdzu, pārbaudiet norādīto informāciju un apstipriniet darbību. Pabeidziet pārbaudi, izmantojot drošības sadaļu.

Pretējā gadījumā dažas konta funkcijas var kļūt nepieejamas.

Ar cieņu,
Klientu apkalpošanas nodaļa.",phishing
Konta piekļuves problēma,"Labdien!

Svarīga informācija par jūsu kontu.

Mūsu sistēma ir konstatējusi neparastu aktivitāti jūsu kontā. Lūdzu, saglabājiet šo paziņojumu turpmākai atsaucei.

Nepieciešams apstiprināt, ka konts joprojām pieder jums.
Izmantojiet konta pārbaudes iespēju, lai turpinātu.

Pretējā gadījumā dažas konta funkcijas var kļūt nepieejamas.

Ar cieņu,
Drošības nodaļa.",phishing
Paziņojums par konta darbību,"Sveiki, klient!

Svarīga informācija par jūsu kontu.

Mūsu sistēmā ir reģistrēta neparasta piekļuves darbība. Pārbaude tiek veikta drošības nolūkos.

Lūdzu, apstipriniet savu konta informāciju.
Izmantojiet konta pārbaudes iespēju, lai turpinātu.

Lūdzu, neatlieciet šo pārbaudi.

Ar cieņu,
Drošības nodaļa.",phishing
Drošības sistēmas brīdinājums,"Cienījamais klient!

Mūsu sistēma ir konstatējusi neparastu aktivitāti jūsu kontā.

Atbildēt uz šo ziņojumu nav nepieciešams. Lai atjaunotu piekļuvi, nepieciešams apstiprināt konta statusu.

Pretējā gadījumā dažas konta funkcijas var kļūt nepieejamas. Pabeidziet pārbaudi, izmantojot drošības sadaļu.

Ar cieņu,
Konta drošības komanda.",phishing
Paziņojums par konta darbību,"Labdien!

Svarīga informācija par jūsu kontu.

Mūsu sistēmā ir reģistrēta neparasta piekļuves darbība. Šis ir automātiski nosūtīts paziņojums.

Nepieciešams apstiprināt, ka konts joprojām pieder jums.
Lai apstiprinātu informāciju, atveriet pārbaudes sadaļu.

Ja darbība netiks apstiprināta, konta izmantošana var būt ierobežota.

Paldies par sadarbību.",phishing
Neapstiprināta darbība,"Cienījamais klient!

Kontam ir nepieciešama papildu drošības pārbaude.

Drošības pārbaude ir nepieciešama, lai aizsargātu jūsu kontu. Lai turpinātu izmantot pakalpojumu, jāapstiprina jūsu informācija.

Ja darbība netiks apstiprināta, konta izmantošana var būt ierobežota. Konta pārbaudi var pabeigt, izmantojot zemāk norādīto darbību.

Paldies, ka izmantojat mūsu pakalpojumus.",phishing
Svarīgs drošības paziņojums,"Labdien, cienījamais klient!

Vēlamies informēt par izmaiņām jūsu konta drošības statusā. Kontam ir nepieciešama papildu drošības pārbaude.

Lai turpinātu izmantot kontu, nepieciešams veikt pārbaudi. Lai apstiprinātu informāciju, atveriet pārbaudes sadaļu.

Ja darbība netiks apstiprināta, konta izmantošana var būt ierobežota.

Ar cieņu,
Drošības nodaļa.",phishing
Svarīga informācija par jūsu kontu,"Cienījamais klient!

Vēlamies informēt par izmaiņām jūsu konta drošības statusā. Automātiskā sistēma ir atzīmējusi jūsu kontu pārbaudei.

Nepieciešams apstiprināt, ka konts joprojām pieder jums. Pabeidziet pārbaudi, izmantojot drošības sadaļu.

Nepieciešams rīkoties pirms konta statusa maiņas.

Paldies par sapratni.",phishing
Jūsu profils ir jāatjauno,"Labdien!

Mūsu sistēmā ir reģistrēta neparasta piekļuves darbība.
Lūdzu, pārbaudiet norādīto informāciju un apstipriniet darbību.

Šis ir automātiski nosūtīts paziņojums.

Pārbaudi ieteicams pabeigt tuvākajā laikā. Lai atjaunotu piekļuvi, turpiniet ar konta pārbaudi.

Paldies, ka izmantojat mūsu pakalpojumus.",phishing
Pēdējais atgādinājums par kontu,"Svarīgs paziņojums!

Vēlamies informēt par izmaiņām jūsu konta drošības statusā. Jūsu konta drošības statuss ir jāapstiprina.

Lūdzu, pabeidziet drošības pārbaudi. Izmantojiet konta pārbaudes iespēju, lai turpinātu.

Ja pārbaude netiks veikta, piekļuve kontam var tikt ierobežota.

Paldies par sapratni.",phishing
Piekļuves atjaunošana,"Labdien!

Vēlamies informēt par izmaiņām jūsu konta drošības statusā. Automātiskā sistēma ir atzīmējusi jūsu kontu pārbaudei.

Lai turpinātu izmantot pakalpojumu, jāapstiprina jūsu informācija. Konta pārbaudi var pabeigt, izmantojot zemāk norādīto darbību.

Pretējā gadījumā var tikt piemēroti papildu drošības ierobežojumi.

Ar cieņu,
Drošības nodaļa.",phishing
Pēdējais atgādinājums par kontu,"Sveiki!

Vēlamies informēt par izmaiņām jūsu konta drošības statusā. Automātiskā sistēma ir atzīmējusi jūsu kontu pārbaudei.

Lūdzu, pabeidziet drošības pārbaudi. Apstiprināšanas process ir pieejams konta pārbaudes sadaļā.

Pārbaudes termiņš ir ierobežots.

Paldies par sadarbību.",phishing
Jūsu konts ir ierobežots,"Labdien!

Ir konstatēta iespējama neatbilstība konta informācijā.
Lai izvairītos no piekļuves ierobežošanas, apstipriniet konta datus.

Paziņojums ir nosūtīts automātiski.

Šo darbību nepieciešams veikt pēc iespējas ātrāk. Konta pārbaudi var pabeigt, izmantojot zemāk norādīto darbību.

Paldies, ka izmantojat mūsu pakalpojumus.",phishing
Svarīga informācija par jūsu kontu,"Cienījamais lietotāj!

Ir konstatēta darbība, kuru nepieciešams apstiprināt.
Lūdzu, apstipriniet savu konta informāciju.

Lūdzu, saglabājiet šo paziņojumu turpmākai atsaucei.

Pārbaudi ieteicams pabeigt tuvākajā laikā. Lai apstiprinātu informāciju, atveriet pārbaudes sadaļu.

Ar cieņu,
Klientu apkalpošanas nodaļa.",phishing
Pēdējais atgādinājums par kontu,"Labdien!

Svarīga informācija par jūsu kontu.

Jūsu konta drošības statuss ir jāapstiprina. Šī darbība ir saistīta ar jūsu konta drošību.

Lai izvairītos no piekļuves ierobežošanas, apstipriniet konta datus.
Lai apstiprinātu informāciju, atveriet pārbaudes sadaļu.

Pretējā gadījumā var tikt piemēroti papildu drošības ierobežojumi.

Paldies par sadarbību.",phishing
Apstipriniet konta informāciju,"Cienījamais lietotāj!

Pēdējās konta darbības dēļ nepieciešama papildu pārbaude.
Lai izvairītos no piekļuves ierobežošanas, apstipriniet konta datus.

Šī darbība ir saistīta ar jūsu konta drošību.

Šo darbību nepieciešams veikt pēc iespējas ātrāk. Konta pārbaudi var pabeigt, izmantojot zemāk norādīto darbību.

Paldies par sapratni.",phishing
Konta piekļuves problēma,"Labdien!

Svarīga informācija par jūsu kontu.

Automātiskā sistēma ir atzīmējusi jūsu kontu pārbaudei. Pārbaude tiek veikta drošības nolūkos.

Lai turpinātu izmantot kontu, nepieciešams veikt pārbaudi.
Lai atjaunotu piekļuvi, turpiniet ar konta pārbaudi.

Lūdzu, pievērsiet šim paziņojumam uzmanību.

Ar cieņu,
Klientu apkalpošanas nodaļa.",phishing
Drošības pārbaude,"Sveiki, klient!

Svarīga informācija par jūsu kontu.

Drošības sistēma ir pamanījusi aizdomīgu darbību. Lūdzu, saglabājiet šo paziņojumu turpmākai atsaucei.

Lai turpinātu izmantot kontu, nepieciešams veikt pārbaudi.
Lai turpinātu, izmantojiet norādīto pārbaudes iespēju.

Ja pārbaude netiks veikta, piekļuve kontam var tikt ierobežota.

Paldies par sadarbību.",phishing
Jūsu kontam nepieciešama pārbaude,"Sveiki, klient!

Jūsu konta drošības statuss ir jāapstiprina.

Pārbaude tiek veikta drošības nolūkos. Lūdzu, apstipriniet savu konta informāciju.

Pārbaudes termiņš ir ierobežots. Pabeidziet pārbaudi, izmantojot drošības sadaļu.

Paldies, ka izmantojat mūsu pakalpojumus.",phishing
Darījuma pārbaude,"Labdien!

Drošības sistēma ir pamanījusi aizdomīgu darbību. Veiciet norādīto pārbaudi, lai atjaunotu pilnu piekļuvi. Ja darbība netiks apstiprināta, konta izmantošana var būt ierobežota.

Konta pārbaudi var pabeigt, izmantojot zemāk norādīto darbību.

Ar cieņu,
Klientu apkalpošanas nodaļa.",phishing
Drošības sistēmas brīdinājums,"Cienījamais lietotāj!

Jūsu profils pašlaik gaida papildu pārbaudi.

Šis ir automātiski nosūtīts paziņojums. Veiciet norādīto pārbaudi, lai atjaunotu pilnu piekļuvi.

Ja pārbaude netiks veikta, piekļuve kontam var tikt ierobežota. Apstiprināšanas process ir pieejams konta pārbaudes sadaļā.

Paldies par sadarbību.",phishing
Konta darbības apstiprināšana,"Cienījamais klient!

Vēlamies informēt par izmaiņām jūsu konta drošības statusā. Ir konstatēta darbība, kuru nepieciešams apstiprināt.

Veiciet norādīto pārbaudi, lai atjaunotu pilnu piekļuvi. Pabeidziet pārbaudi, izmantojot drošības sadaļu.

Pārbaudi ieteicams pabeigt tuvākajā laikā.

Ar cieņu,
Atbalsta komanda.",phishing
Jūsu kontam nepieciešama pārbaude,"Cienījamais lietotāj!

Svarīga informācija par jūsu kontu.

Automātiskās pārbaudes laikā tika konstatēta nepieciešamība atjaunināt informāciju. Drošības pārbaude ir nepieciešama, lai aizsargātu jūsu kontu.

Lai atjaunotu piekļuvi, nepieciešams apstiprināt konta statusu.
Pabeidziet pārbaudi, izmantojot drošības sadaļu.

Šo darbību nepieciešams veikt pēc iespējas ātrāk.

Paldies par sadarbību.",phishing
Darījuma pārbaude,"Labdien!

Vēlamies informēt par izmaiņām jūsu konta drošības statusā. Kontam ir nepieciešama papildu drošības pārbaude.

Lūdzu, veiciet nepieciešamo pārbaudi pēc iespējas ātrāk. Konta pārbaudi var pabeigt, izmantojot zemāk norādīto darbību.

Lūdzu, neatlieciet šo pārbaudi.

Ar cieņu,
Drošības nodaļa.",phishing
Svarīgs klienta paziņojums,"Sveiki!

Svarīga informācija par jūsu kontu.

Sistēma nevarēja automātiski apstiprināt pēdējo darbību. Šī darbība ir saistīta ar jūsu konta drošību.

Lai turpinātu izmantot kontu, nepieciešams veikt pārbaudi.
Lai apstiprinātu informāciju, atveriet pārbaudes sadaļu.

Pretējā gadījumā dažas konta funkcijas var kļūt nepieejamas.

Paldies par sadarbību.",phishing
Drošības pārbaude,"Labdien!

Sistēma nevarēja automātiski apstiprināt pēdējo darbību. Veiciet norādīto pārbaudi, lai atjaunotu pilnu piekļuvi. Pretējā gadījumā var tikt piemēroti papildu drošības ierobežojumi.

Pabeidziet pārbaudi, izmantojot drošības sadaļu.

Paldies par sadarbību.",phishing
Drošības sistēmas brīdinājums,"Sveiki!

Svarīga informācija par jūsu kontu.

Pēdējās konta darbības dēļ nepieciešama papildu pārbaude. Šis ir automātiski nosūtīts paziņojums.

Lai atjaunotu piekļuvi, nepieciešams apstiprināt konta statusu.
Lai turpinātu, izmantojiet norādīto pārbaudes iespēju.

Šo darbību nepieciešams veikt pēc iespējas ātrāk.

Ar cieņu,
Klientu apkalpošanas nodaļa.",phishing
Jūsu kontam nepieciešama pārbaude,"Labdien, cienījamais klient!

Svarīga informācija par jūsu kontu.

Jūsu konta drošības statuss ir jāapstiprina. Atbildēt uz šo ziņojumu nav nepieciešams.

Lūdzu, pabeidziet drošības pārbaudi.
Konta pārbaudi var pabeigt, izmantojot zemāk norādīto darbību.

Pārbaudi ieteicams pabeigt tuvākajā laikā.

Paldies par sadarbību.",phishing
Jūsu profils ir jāatjauno,"Labdien, cienījamais klient!

Svarīga informācija par jūsu kontu.

Automātiskās pārbaudes laikā tika konstatēta nepieciešamība atjaunināt informāciju. Paziņojums ir nosūtīts automātiski.

Lai atjaunotu piekļuvi, nepieciešams apstiprināt konta statusu.
Apstiprināšanas process ir pieejams konta pārbaudes sadaļā.

Lūdzu, neatlieciet šo pārbaudi.

Ar cieņu,
Klientu apkalpošanas nodaļa.",phishing
Drošības pārbaude,"Sveiki!

Drošības sistēma ir pamanījusi aizdomīgu darbību.

Papildu informācija par pārbaudi ir pieejama konta sadaļā. Nepieciešams apstiprināt, ka konts joprojām pieder jums.

Pārbaudes termiņš ir ierobežots. Izmantojiet konta pārbaudes iespēju, lai turpinātu.

Ar cieņu,
Konta drošības komanda.",phishing
Nepieciešama konta pārbaude,"Cienījamais klient!

Drošības sistēma ir pamanījusi aizdomīgu darbību.
Veiciet norādīto pārbaudi, lai atjaunotu pilnu piekļuvi.

Drošības pārbaude ir nepieciešama, lai aizsargātu jūsu kontu.

Lūdzu, neatlieciet šo pārbaudi. Izmantojiet konta pārbaudes iespēju, lai turpinātu.

Ar cieņu,
Konta drošības komanda.",phishing
Apstipriniet konta informāciju,"Cienījamais klient!

Mūsu sistēmā ir reģistrēta neparasta piekļuves darbība.

Atbildēt uz šo ziņojumu nav nepieciešams. Lai turpinātu izmantot kontu, nepieciešams veikt pārbaudi.

Nepieciešams rīkoties pirms konta statusa maiņas. Pabeidziet pārbaudi, izmantojot drošības sadaļu.

Ar cieņu,
Konta drošības komanda.",phishing
Konta pārbaudes termiņš,"Cienījamais klient!

Automātiskā sistēma ir atzīmējusi jūsu kontu pārbaudei.
Lūdzu, apstipriniet savu konta informāciju.

Papildu informācija par pārbaudi ir pieejama konta sadaļā.

Ja pārbaude netiks veikta, piekļuve kontam var tikt ierobežota. Lai turpinātu, izmantojiet norādīto pārbaudes iespēju.

Ar cieņu,
Drošības nodaļa.",phishing
Nepieciešama tūlītēja darbība,"Sveiki!

Ir konstatēta darbība, kuru nepieciešams apstiprināt.
Lūdzu, apstipriniet savu konta informāciju.

Papildu informācija par pārbaudi ir pieejama konta sadaļā.

Nepieciešams rīkoties pirms konta statusa maiņas. Apstiprināšanas process ir pieejams konta pārbaudes sadaļā.

Paldies, ka izmantojat mūsu pakalpojumus.",phishing
Konta piekļuves problēma,"Labdien!

Jūsu konta drošības statuss ir jāapstiprina. Lai atjaunotu piekļuvi, nepieciešams apstiprināt konta statusu. Pretējā gadījumā var tikt piemēroti papildu drošības ierobežojumi.

Lai turpinātu, izmantojiet norādīto pārbaudes iespēju.

Ar cieņu,
Atbalsta komanda.",phishing
Identitātes pārbaude,"Sveiki!

Mūsu sistēma ir konstatējusi neparastu aktivitāti jūsu kontā.

Drošības pārbaude ir nepieciešama, lai aizsargātu jūsu kontu. Lūdzu, apstipriniet savu konta informāciju.

Pretējā gadījumā var tikt piemēroti papildu drošības ierobežojumi. Konta pārbaudi var pabeigt, izmantojot zemāk norādīto darbību.

Paldies, ka izmantojat mūsu pakalpojumus.",phishing
Identitātes pārbaude,"Sveiki!

Mūsu sistēma ir konstatējusi neparastu aktivitāti jūsu kontā. Veiciet norādīto pārbaudi, lai atjaunotu pilnu piekļuvi. Pretējā gadījumā var tikt piemēroti papildu drošības ierobežojumi.

Apstiprināšanas process ir pieejams konta pārbaudes sadaļā.

Paldies par sadarbību.",phishing
Konta piekļuves problēma,"Cienījamais klient!

Vēlamies informēt par izmaiņām jūsu konta drošības statusā. Mūsu sistēmā ir reģistrēta neparasta piekļuves darbība.

Lūdzu, veiciet nepieciešamo pārbaudi pēc iespējas ātrāk. Lai atjaunotu piekļuvi, turpiniet ar konta pārbaudi.

Lūdzu, pievērsiet šim paziņojumam uzmanību.

Paldies par sadarbību.",phishing
Maksājuma apstiprināšana,"Labdien!

Jūsu profils pašlaik gaida papildu pārbaudi. Lūdzu, pabeidziet drošības pārbaudi. Lūdzu, pievērsiet šim paziņojumam uzmanību.

Lai turpinātu, izmantojiet norādīto pārbaudes iespēju.

Paldies, ka izmantojat mūsu pakalpojumus.",phishing
Pēdējais atgādinājums par kontu,"Labdien!

Sistēma nevarēja automātiski apstiprināt pēdējo darbību.
Lūdzu, veiciet nepieciešamo pārbaudi pēc iespējas ātrāk.

Paziņojums ir nosūtīts automātiski.

Lūdzu, neatlieciet šo pārbaudi. Pabeidziet pārbaudi, izmantojot drošības sadaļu.

Ar cieņu,
Drošības nodaļa.",phishing
Konta darbības apstiprināšana,"Sveiki!

Drošības sistēma ir pamanījusi aizdomīgu darbību. Lūdzu, pārbaudiet norādīto informāciju un apstipriniet darbību. Lūdzu, pievērsiet šim paziņojumam uzmanību.

Lai apstiprinātu informāciju, atveriet pārbaudes sadaļu.

Paldies par sapratni.",phishing
Konta piekļuves problēma,"Cienījamais lietotāj!

Pēdējās konta darbības dēļ nepieciešama papildu pārbaude.
Lai izvairītos no piekļuves ierobežošanas, apstipriniet konta datus.

Atbildēt uz šo ziņojumu nav nepieciešams.

Šo darbību nepieciešams veikt pēc iespējas ātrāk. Izmantojiet konta pārbaudes iespēju, lai turpinātu.

Paldies par sapratni.",phishing
Paziņojums par konta darbību,"Cienījamais klient!

Drošības sistēma ir pamanījusi aizdomīgu darbību.
Lai turpinātu izmantot pakalpojumu, jāapstiprina jūsu informācija.

Papildu informācija par pārbaudi ir pieejama konta sadaļā.

Pretējā gadījumā var tikt piemēroti papildu drošības ierobežojumi. Konta pārbaudi var pabeigt, izmantojot zemāk norādīto darbību.

Paldies par sadarbību.",phishing
Konta pārbaudes termiņš,"Cienījamais lietotāj!

Vēlamies informēt par izmaiņām jūsu konta drošības statusā. Mūsu sistēmā ir reģistrēta neparasta piekļuves darbība.

Veiciet norādīto pārbaudi, lai atjaunotu pilnu piekļuvi. Lai atjaunotu piekļuvi, turpiniet ar konta pārbaudi.

Ja darbība netiks apstiprināta, konta izmantošana var būt ierobežota.

Ar cieņu,
Atbalsta komanda.",phishing
Jūsu konts ir ierobežots,"Cienījamais klient!

Vēlamies informēt par izmaiņām jūsu konta drošības statusā. Jūsu profils pašlaik gaida papildu pārbaudi.

Lūdzu, pārbaudiet norādīto informāciju un apstipriniet darbību. Lai turpinātu, izmantojiet norādīto pārbaudes iespēju.

Lūdzu, pievērsiet šim paziņojumam uzmanību.

Paldies par sapratni.",phishing
Nepieciešama tūlītēja darbība,"Cienījamais lietotāj!

Sistēma nevarēja automātiski apstiprināt pēdējo darbību.
Lai turpinātu izmantot pakalpojumu, jāapstiprina jūsu informācija.

Drošības pārbaude ir nepieciešama, lai aizsargātu jūsu kontu.

Ja darbība netiks apstiprināta, konta izmantošana var būt ierobežota. Konta pārbaudi var pabeigt, izmantojot zemāk norādīto darbību.

Ar cieņu,
Klientu apkalpošanas nodaļa.",phishing
Konta darbības apstiprināšana,"Labdien!

Automātiskās pārbaudes laikā tika konstatēta nepieciešamība atjaunināt informāciju.

Drošības pārbaude ir nepieciešama, lai aizsargātu jūsu kontu. Lai izvairītos no piekļuves ierobežošanas, apstipriniet konta datus.

Pretējā gadījumā var tikt piemēroti papildu drošības ierobežojumi. Lai turpinātu, izmantojiet norādīto pārbaudes iespēju.

Ar cieņu,
Atbalsta komanda.",phishing
Brīdinājums par kontu,"Svarīgs paziņojums!

Vēlamies informēt par izmaiņām jūsu konta drošības statusā. Kontam ir nepieciešama papildu drošības pārbaude.

Lai turpinātu izmantot pakalpojumu, jāapstiprina jūsu informācija. Konta pārbaudi var pabeigt, izmantojot zemāk norādīto darbību.

Ja darbība netiks apstiprināta, konta izmantošana var būt ierobežota.

Paldies par sadarbību.",phishing
Jūsu kontam nepieciešama pārbaude,"Labdien!

Mūsu sistēmā ir reģistrēta neparasta piekļuves darbība. Lai turpinātu izmantot kontu, nepieciešams veikt pārbaudi. Pārbaudes termiņš ir ierobežots.

Lai atjaunotu piekļuvi, turpiniet ar konta pārbaudi.

Paldies par sadarbību.",phishing
Jūsu konts ir ierobežots,"Labdien!

Jūsu profils pašlaik gaida papildu pārbaudi.

Pārbaude tiek veikta drošības nolūkos. Nepieciešams apstiprināt, ka konts joprojām pieder jums.

Pārbaudes termiņš ir ierobežots. Lai atjaunotu piekļuvi, turpiniet ar konta pārbaudi.

Ar cieņu,
Klientu apkalpošanas nodaļa.",phishing
Piekļuves atjaunošana,"Cienījamais lietotāj!

Vēlamies informēt par izmaiņām jūsu konta drošības statusā. Sistēma nevarēja automātiski apstiprināt pēdējo darbību.

Veiciet norādīto pārbaudi, lai atjaunotu pilnu piekļuvi. Lai atjaunotu piekļuvi, turpiniet ar konta pārbaudi.

Pārbaudi ieteicams pabeigt tuvākajā laikā.

Ar cieņu,
Atbalsta komanda.",phishing
Svarīgs drošības paziņojums,"Sveiki!

Pēdējās konta darbības dēļ nepieciešama papildu pārbaude.

Papildu informācija par pārbaudi ir pieejama konta sadaļā. Lai turpinātu izmantot pakalpojumu, jāapstiprina jūsu informācija.

Pārbaudes termiņš ir ierobežots. Konta pārbaudi var pabeigt, izmantojot zemāk norādīto darbību.

Paldies par sapratni.",phishing
Nepieciešams apstiprinājums,"Sveiki, klient!

Svarīga informācija par jūsu kontu.

Mūsu sistēmā ir reģistrēta neparasta piekļuves darbība. Paziņojums ir nosūtīts automātiski.

Lai turpinātu izmantot kontu, nepieciešams veikt pārbaudi.
Lai turpinātu, izmantojiet norādīto pārbaudes iespēju.

Ja pārbaude netiks veikta, piekļuve kontam var tikt ierobežota.

Ar cieņu,
Klientu apkalpošanas nodaļa.",phishing
Konta darbības apstiprināšana,"Cienījamais lietotāj!

Ir konstatēta darbība, kuru nepieciešams apstiprināt.
Lūdzu, veiciet nepieciešamo pārbaudi pēc iespējas ātrāk.

Šis ir automātiski nosūtīts paziņojums.

Lūdzu, neatlieciet šo pārbaudi. Lai turpinātu, izmantojiet norādīto pārbaudes iespēju.

Ar cieņu,
Drošības nodaļa.",phishing
Svarīgs klienta paziņojums,"Labdien!

Svarīga informācija par jūsu kontu.

Sistēma nevarēja automātiski apstiprināt pēdējo darbību. Papildu informācija par pārbaudi ir pieejama konta sadaļā.

Lai izvairītos no piekļuves ierobežošanas, apstipriniet konta datus.
Lai apstiprinātu informāciju, atveriet pārbaudes sadaļu.

Lūdzu, pievērsiet šim paziņojumam uzmanību.

Ar cieņu,
Konta drošības komanda.",phishing
Konta darbības apstiprināšana,"Sveiki, klient!

Sistēma nevarēja automātiski apstiprināt pēdējo darbību.

Šis ir automātiski nosūtīts paziņojums. Veiciet norādīto pārbaudi, lai atjaunotu pilnu piekļuvi.

Pretējā gadījumā var tikt piemēroti papildu drošības ierobežojumi. Izmantojiet konta pārbaudes iespēju, lai turpinātu.

Paldies, ka izmantojat mūsu pakalpojumus.",phishing
Svarīgs drošības paziņojums,"Labdien!

Pēdējās konta darbības dēļ nepieciešama papildu pārbaude. Lai turpinātu izmantot kontu, nepieciešams veikt pārbaudi. Ja darbība netiks apstiprināta, konta izmantošana var būt ierobežota.

Izmantojiet konta pārbaudes iespēju, lai turpinātu.

Ar cieņu,
Drošības nodaļa.",phishing
Jūsu profils ir jāatjauno,"Cienījamais klient!

Ir konstatēta iespējama neatbilstība konta informācijā.
Lai turpinātu izmantot pakalpojumu, jāapstiprina jūsu informācija.

Pārbaude tiek veikta drošības nolūkos.

Lūdzu, neatlieciet šo pārbaudi. Lai turpinātu, izmantojiet norādīto pārbaudes iespēju.

Ar cieņu,
Konta drošības komanda.",phishing
Brīdinājums par kontu,"Cienījamais klient!

Mūsu sistēmā ir reģistrēta neparasta piekļuves darbība.
Lai turpinātu izmantot kontu, nepieciešams veikt pārbaudi.

Papildu informācija par pārbaudi ir pieejama konta sadaļā.

Lūdzu, pievērsiet šim paziņojumam uzmanību. Pabeidziet pārbaudi, izmantojot drošības sadaļu.

Paldies, ka izmantojat mūsu pakalpojumus.",phishing
Identitātes pārbaude,"Svarīgs paziņojums!

Kontam ir nepieciešama papildu drošības pārbaude.

Šī darbība ir saistīta ar jūsu konta drošību. Lūdzu, veiciet nepieciešamo pārbaudi pēc iespējas ātrāk.

Šo darbību nepieciešams veikt pēc iespējas ātrāk. Apstiprināšanas process ir pieejams konta pārbaudes sadaļā.

Paldies, ka izmantojat mūsu pakalpojumus.",phishing
Konta piekļuves problēma,"Labdien!

Automātiskā sistēma ir atzīmējusi jūsu kontu pārbaudei.
Lūdzu, pabeidziet drošības pārbaudi.

Drošības pārbaude ir nepieciešama, lai aizsargātu jūsu kontu.

Ja darbība netiks apstiprināta, konta izmantošana var būt ierobežota. Pabeidziet pārbaudi, izmantojot drošības sadaļu.

Ar cieņu,
Klientu apkalpošanas nodaļa.",phishing
Drošības sistēmas brīdinājums,"Sveiki, klient!

Ir konstatēta iespējama neatbilstība konta informācijā.

Lūdzu, saglabājiet šo paziņojumu turpmākai atsaucei. Lūdzu, pārbaudiet norādīto informāciju un apstipriniet darbību.

Pārbaudi ieteicams pabeigt tuvākajā laikā. Apstiprināšanas process ir pieejams konta pārbaudes sadaļā.

Ar cieņu,
Klientu apkalpošanas nodaļa.",phishing
Jūsu kontam nepieciešama pārbaude,"Labdien, cienījamais klient!

Vēlamies informēt par izmaiņām jūsu konta drošības statusā. Mūsu sistēmā ir reģistrēta neparasta piekļuves darbība.

Lai turpinātu izmantot pakalpojumu, jāapstiprina jūsu informācija. Konta pārbaudi var pabeigt, izmantojot zemāk norādīto darbību.

Lūdzu, neatlieciet šo pārbaudi.

Ar cieņu,
Drošības nodaļa.",phishing
Jūsu konts ir ierobežots,"Labdien!

Automātiskā sistēma ir atzīmējusi jūsu kontu pārbaudei. Lai turpinātu izmantot kontu, nepieciešams veikt pārbaudi. Nepieciešams rīkoties pirms konta statusa maiņas.

Apstiprināšanas process ir pieejams konta pārbaudes sadaļā.

Ar cieņu,
Klientu apkalpošanas nodaļa.",phishing
Drošības sistēmas brīdinājums,"Labdien!

Vēlamies informēt par izmaiņām jūsu konta drošības statusā. Pēdējās konta darbības dēļ nepieciešama papildu pārbaude.

Lai atjaunotu piekļuvi, nepieciešams apstiprināt konta statusu. Lai apstiprinātu informāciju, atveriet pārbaudes sadaļu.

Ja pārbaude netiks veikta, piekļuve kontam var tikt ierobežota.

Ar cieņu,
Klientu apkalpošanas nodaļa.",phishing
Piekļuves atjaunošana,"Cienījamais lietotāj!

Drošības sistēma ir pamanījusi aizdomīgu darbību. Lūdzu, pabeidziet drošības pārbaudi. Šo darbību nepieciešams veikt pēc iespējas ātrāk.

Apstiprināšanas process ir pieejams konta pārbaudes sadaļā.

Paldies par sadarbību.",phishing
Nepieciešams apstiprinājums,"Sveiki!

Ir konstatēta iespējama neatbilstība konta informācijā. Lai turpinātu izmantot pakalpojumu, jāapstiprina jūsu informācija. Šo darbību nepieciešams veikt pēc iespējas ātrāk.

Pabeidziet pārbaudi, izmantojot drošības sadaļu.

Ar cieņu,
Drošības nodaļa.",phishing
Konta piekļuves problēma,"Labdien!

Mūsu sistēmā ir reģistrēta neparasta piekļuves darbība. Lai turpinātu izmantot kontu, nepieciešams veikt pārbaudi. Šo darbību nepieciešams veikt pēc iespējas ātrāk.

Apstiprināšanas process ir pieejams konta pārbaudes sadaļā.

Paldies par sapratni.",phishing
Nepieciešama tūlītēja darbība,"Sveiki!

Pēdējās konta darbības dēļ nepieciešama papildu pārbaude.
Lūdzu, pabeidziet drošības pārbaudi.

Lūdzu, saglabājiet šo paziņojumu turpmākai atsaucei.

Ja darbība netiks apstiprināta, konta izmantošana var būt ierobežota. Apstiprināšanas process ir pieejams konta pārbaudes sadaļā.

Ar cieņu,
Atbalsta komanda.",phishing
Jūsu konts ir ierobežots,"Cienījamais lietotāj!

Ir konstatēta iespējama neatbilstība konta informācijā. Lai izvairītos no piekļuves ierobežošanas, apstipriniet konta datus. Šo darbību nepieciešams veikt pēc iespējas ātrāk.

Lai apstiprinātu informāciju, atveriet pārbaudes sadaļu.

Ar cieņu,
Atbalsta komanda.",phishing
Svarīga informācija par jūsu kontu,"Svarīgs paziņojums!

Svarīga informācija par jūsu kontu.

Kontam ir nepieciešama papildu drošības pārbaude. Šī darbība ir saistīta ar jūsu konta drošību.

Nepieciešams apstiprināt, ka konts joprojām pieder jums.
Lai turpinātu, izmantojiet norādīto pārbaudes iespēju.

Pārbaudi ieteicams pabeigt tuvākajā laikā.

Paldies par sapratni.",phishing
Steidzams paziņojums,"Sveiki, klient!

Sistēma nevarēja automātiski apstiprināt pēdējo darbību. Lūdzu, pārbaudiet norādīto informāciju un apstipriniet darbību. Pretējā gadījumā var tikt piemēroti papildu drošības ierobežojumi.

Pabeidziet pārbaudi, izmantojot drošības sadaļu.

Ar cieņu,
Atbalsta komanda.",phishing
Jūsu kontam nepieciešama pārbaude,"Labdien!

Svarīga informācija par jūsu kontu.

Mūsu sistēmā ir reģistrēta neparasta piekļuves darbība. Drošības pārbaude ir nepieciešama, lai aizsargātu jūsu kontu.

Lai turpinātu izmantot pakalpojumu, jāapstiprina jūsu informācija.
Konta pārbaudi var pabeigt, izmantojot zemāk norādīto darbību.

Ja darbība netiks apstiprināta, konta izmantošana var būt ierobežota.

Ar cieņu,
Klientu apkalpošanas nodaļa.",phishing
Steidzams paziņojums,"Labdien, cienījamais klient!

Sistēma nevarēja automātiski apstiprināt pēdējo darbību.
Lai izvairītos no piekļuves ierobežošanas, apstipriniet konta datus.

Papildu informācija par pārbaudi ir pieejama konta sadaļā.

Nepieciešams rīkoties pirms konta statusa maiņas. Apstiprināšanas process ir pieejams konta pārbaudes sadaļā.

Paldies par sapratni.",phishing
Nepieciešams apstiprinājums,"Sveiki!

Ir konstatēta darbība, kuru nepieciešams apstiprināt.

Šis ir automātiski nosūtīts paziņojums. Lai izvairītos no piekļuves ierobežošanas, apstipriniet konta datus.

Lūdzu, pievērsiet šim paziņojumam uzmanību. Izmantojiet konta pārbaudes iespēju, lai turpinātu.

Ar cieņu,
Drošības nodaļa.",phishing
Drošības sistēmas brīdinājums,"Labdien!

Sistēma nevarēja automātiski apstiprināt pēdējo darbību.

Šī darbība ir saistīta ar jūsu konta drošību. Veiciet norādīto pārbaudi, lai atjaunotu pilnu piekļuvi.

Lūdzu, pievērsiet šim paziņojumam uzmanību. Pabeidziet pārbaudi, izmantojot drošības sadaļu.

Ar cieņu,
Atbalsta komanda.",phishing
Jūsu profils ir jāatjauno,"Labdien!

Mūsu sistēmā ir reģistrēta neparasta piekļuves darbība.
Lai atjaunotu piekļuvi, nepieciešams apstiprināt konta statusu.

Drošības pārbaude ir nepieciešama, lai aizsargātu jūsu kontu.

Ja pārbaude netiks veikta, piekļuve kontam var tikt ierobežota. Konta pārbaudi var pabeigt, izmantojot zemāk norādīto darbību.

Ar cieņu,
Drošības nodaļa.",phishing
Brīdinājums par kontu,"Svarīgs paziņojums!

Svarīga informācija par jūsu kontu.

Ir konstatēta darbība, kuru nepieciešams apstiprināt. Drošības pārbaude ir nepieciešama, lai aizsargātu jūsu kontu.

Nepieciešams apstiprināt, ka konts joprojām pieder jums.
Lai apstiprinātu informāciju, atveriet pārbaudes sadaļu.

Pārbaudes termiņš ir ierobežots.

Ar cieņu,
Konta drošības komanda.",phishing
Konta piekļuves problēma,"Svarīgs paziņojums!

Svarīga informācija par jūsu kontu.

Mūsu sistēma ir konstatējusi neparastu aktivitāti jūsu kontā. Paziņojums ir nosūtīts automātiski.

Lai izvairītos no piekļuves ierobežošanas, apstipriniet konta datus.
Lai turpinātu, izmantojiet norādīto pārbaudes iespēju.

Pārbaudi ieteicams pabeigt tuvākajā laikā.

Paldies par sadarbību.",phishing
Nepieciešama tūlītēja darbība,"Cienījamais klient!

Svarīga informācija par jūsu kontu.

Ir konstatēta iespējama neatbilstība konta informācijā. Lūdzu, saglabājiet šo paziņojumu turpmākai atsaucei.

Lūdzu, pārbaudiet norādīto informāciju un apstipriniet darbību.
Lai apstiprinātu informāciju, atveriet pārbaudes sadaļu.

Lūdzu, neatlieciet šo pārbaudi.

Ar cieņu,
Drošības nodaļa.",phishing
Nepieciešama tūlītēja darbība,"Labdien!

Vēlamies informēt par izmaiņām jūsu konta drošības statusā. Drošības sistēma ir pamanījusi aizdomīgu darbību.

Lūdzu, apstipriniet savu konta informāciju. Lai apstiprinātu informāciju, atveriet pārbaudes sadaļu.

Lūdzu, pievērsiet šim paziņojumam uzmanību.

Ar cieņu,
Konta drošības komanda.",phishing
Drošības pārbaude,"Labdien!

Vēlamies informēt par izmaiņām jūsu konta drošības statusā. Jūsu profils pašlaik gaida papildu pārbaudi.

Lūdzu, veiciet nepieciešamo pārbaudi pēc iespējas ātrāk. Lai turpinātu, izmantojiet norādīto pārbaudes iespēju.

Pretējā gadījumā var tikt piemēroti papildu drošības ierobežojumi.

Paldies par sapratni.",phishing
Konta pārbaudes termiņš,"Labdien!

Svarīga informācija par jūsu kontu.

Drošības sistēma ir pamanījusi aizdomīgu darbību. Šī darbība ir saistīta ar jūsu konta drošību.

Lūdzu, pārbaudiet norādīto informāciju un apstipriniet darbību.
Lai turpinātu, izmantojiet norādīto pārbaudes iespēju.

Pretējā gadījumā dažas konta funkcijas var kļūt nepieejamas.

Ar cieņu,
Klientu apkalpošanas nodaļa.",phishing
Drošības pārbaude,"Labdien!

Vēlamies informēt par izmaiņām jūsu konta drošības statusā. Ir konstatēta darbība, kuru nepieciešams apstiprināt.

Lai atjaunotu piekļuvi, nepieciešams apstiprināt konta statusu. Izmantojiet konta pārbaudes iespēju, lai turpinātu.

Pārbaudi ieteicams pabeigt tuvākajā laikā.

Ar cieņu,
Drošības nodaļa.",phishing
Svarīgs klienta paziņojums,"Labdien, cienījamais klient!

Jūsu konta drošības statuss ir jāapstiprina. Nepieciešams apstiprināt, ka konts joprojām pieder jums. Pretējā gadījumā var tikt piemēroti papildu drošības ierobežojumi.

Lai atjaunotu piekļuvi, turpiniet ar konta pārbaudi.

Paldies par sapratni.",phishing
Svarīgs klienta paziņojums,"Svarīgs paziņojums!

Svarīga informācija par jūsu kontu.

Ir konstatēta iespējama neatbilstība konta informācijā. Paziņojums ir nosūtīts automātiski.

Lūdzu, apstipriniet savu konta informāciju.
Konta pārbaudi var pabeigt, izmantojot zemāk norādīto darbību.

Nepieciešams rīkoties pirms konta statusa maiņas.

Paldies par sadarbību.",phishing
Nepieciešama konta pārbaude,"Cienījamais lietotāj!

Automātiskā sistēma ir atzīmējusi jūsu kontu pārbaudei.

Pārbaude tiek veikta drošības nolūkos. Lūdzu, pārbaudiet norādīto informāciju un apstipriniet darbību.

Lūdzu, pievērsiet šim paziņojumam uzmanību. Apstiprināšanas process ir pieejams konta pārbaudes sadaļā.

Ar cieņu,
Drošības nodaļa.",phishing
Jūsu konts ir ierobežots,"Labdien!

Svarīga informācija par jūsu kontu.

Drošības sistēma ir pamanījusi aizdomīgu darbību. Atbildēt uz šo ziņojumu nav nepieciešams.

Lūdzu, pārbaudiet norādīto informāciju un apstipriniet darbību.
Pabeidziet pārbaudi, izmantojot drošības sadaļu.

Nepieciešams rīkoties pirms konta statusa maiņas.

Ar cieņu,
Drošības nodaļa.",phishing
Jūsu konts ir ierobežots,"Cienījamais lietotāj!

Ir konstatēta darbība, kuru nepieciešams apstiprināt.
Nepieciešams apstiprināt, ka konts joprojām pieder jums.

Šis ir automātiski nosūtīts paziņojums.

Ja pārbaude netiks veikta, piekļuve kontam var tikt ierobežota. Lai apstiprinātu informāciju, atveriet pārbaudes sadaļu.

Paldies, ka izmantojat mūsu pakalpojumus.",phishing
Maksājuma apstiprināšana,"Labdien!

Vēlamies informēt par izmaiņām jūsu konta drošības statusā. Mūsu sistēma ir konstatējusi neparastu aktivitāti jūsu kontā.

Lūdzu, apstipriniet savu konta informāciju. Apstiprināšanas process ir pieejams konta pārbaudes sadaļā.

Pretējā gadījumā var tikt piemēroti papildu drošības ierobežojumi.

Ar cieņu,
Konta drošības komanda.",phishing
Darījuma pārbaude,"Labdien, cienījamais klient!

Ir konstatēta iespējama neatbilstība konta informācijā. Nepieciešams apstiprināt, ka konts joprojām pieder jums. Nepieciešams rīkoties pirms konta statusa maiņas.

Konta pārbaudi var pabeigt, izmantojot zemāk norādīto darbību.

Paldies, ka izmantojat mūsu pakalpojumus.",phishing
Identitātes pārbaude,"Labdien!

Mūsu sistēmā ir reģistrēta neparasta piekļuves darbība. Lūdzu, pabeidziet drošības pārbaudi. Lūdzu, neatlieciet šo pārbaudi.

Apstiprināšanas process ir pieejams konta pārbaudes sadaļā.

Ar cieņu,
Drošības nodaļa.",phishing
Konta darbības apstiprināšana,"Labdien!

Ir konstatēta iespējama neatbilstība konta informācijā.
Lai izvairītos no piekļuves ierobežošanas, apstipriniet konta datus.

Paziņojums ir nosūtīts automātiski.

Lūdzu, neatlieciet šo pārbaudi. Lai apstiprinātu informāciju, atveriet pārbaudes sadaļu.

Ar cieņu,
Konta drošības komanda.",phishing
Neapstiprināta darbība,"Labdien!

Sistēma nevarēja automātiski apstiprināt pēdējo darbību.
Nepieciešams apstiprināt, ka konts joprojām pieder jums.

Drošības pārbaude ir nepieciešama, lai aizsargātu jūsu kontu.

Pārbaudes termiņš ir ierobežots. Apstiprināšanas process ir pieejams konta pārbaudes sadaļā.

Ar cieņu,
Konta drošības komanda.",phishing
Darījuma pārbaude,"Labdien!

Vēlamies informēt par izmaiņām jūsu konta drošības statusā. Ir konstatēta iespējama neatbilstība konta informācijā.

Lūdzu, pārbaudiet norādīto informāciju un apstipriniet darbību. Konta pārbaudi var pabeigt, izmantojot zemāk norādīto darbību.

Šo darbību nepieciešams veikt pēc iespējas ātrāk.

Paldies par sapratni.",phishing
Drošības sistēmas brīdinājums,"Sveiki, klient!

Svarīga informācija par jūsu kontu.

Jūsu konta drošības statuss ir jāapstiprina. Drošības pārbaude ir nepieciešama, lai aizsargātu jūsu kontu.

Lai turpinātu izmantot pakalpojumu, jāapstiprina jūsu informācija.
Lai apstiprinātu informāciju, atveriet pārbaudes sadaļu.

Lūdzu, neatlieciet šo pārbaudi.

Ar cieņu,
Drošības nodaļa.",phishing
Jūsu kontam nepieciešama pārbaude,"Sveiki, klient!

Kontam ir nepieciešama papildu drošības pārbaude.

Šis ir automātiski nosūtīts paziņojums. Veiciet norādīto pārbaudi, lai atjaunotu pilnu piekļuvi.

Šo darbību nepieciešams veikt pēc iespējas ātrāk. Apstiprināšanas process ir pieejams konta pārbaudes sadaļā.

Paldies par sadarbību.",phishing
Konta darbības apstiprināšana,"Cienījamais klient!

Jūsu konta drošības statuss ir jāapstiprina.
Nepieciešams apstiprināt, ka konts joprojām pieder jums.

Šis ir automātiski nosūtīts paziņojums.

Ja pārbaude netiks veikta, piekļuve kontam var tikt ierobežota. Pabeidziet pārbaudi, izmantojot drošības sadaļu.

Paldies par sadarbību.",phishing
Steidzams paziņojums,"Svarīgs paziņojums!

Pēdējās konta darbības dēļ nepieciešama papildu pārbaude. Lai atjaunotu piekļuvi, nepieciešams apstiprināt konta statusu. Ja darbība netiks apstiprināta, konta izmantošana var būt ierobežota.

Lai turpinātu, izmantojiet norādīto pārbaudes iespēju.

Ar cieņu,
Drošības nodaļa.",phishing
Svarīgs klienta paziņojums,"Sveiki!

Jūsu konta drošības statuss ir jāapstiprina.
Lai atjaunotu piekļuvi, nepieciešams apstiprināt konta statusu.

Drošības pārbaude ir nepieciešama, lai aizsargātu jūsu kontu.

Pretējā gadījumā dažas konta funkcijas var kļūt nepieejamas. Konta pārbaudi var pabeigt, izmantojot zemāk norādīto darbību.

Ar cieņu,
Atbalsta komanda.",phishing
Nepieciešama tūlītēja darbība,"Cienījamais lietotāj!

Automātiskās pārbaudes laikā tika konstatēta nepieciešamība atjaunināt informāciju.

Drošības pārbaude ir nepieciešama, lai aizsargātu jūsu kontu. Lūdzu, apstipriniet savu konta informāciju.

Lūdzu, pievērsiet šim paziņojumam uzmanību. Lai apstiprinātu informāciju, atveriet pārbaudes sadaļu.

Ar cieņu,
Drošības nodaļa.",phishing
Neapstiprināta darbība,"Sveiki, klient!

Svarīga informācija par jūsu kontu.

Ir konstatēta iespējama neatbilstība konta informācijā. Pārbaude tiek veikta drošības nolūkos.

Nepieciešams apstiprināt, ka konts joprojām pieder jums.
Lai apstiprinātu informāciju, atveriet pārbaudes sadaļu.

Pretējā gadījumā var tikt piemēroti papildu drošības ierobežojumi.

Paldies par sapratni.",phishing
Drošības sistēmas brīdinājums,"Labdien!

Vēlamies informēt par izmaiņām jūsu konta drošības statusā. Drošības sistēma ir pamanījusi aizdomīgu darbību.

Veiciet norādīto pārbaudi, lai atjaunotu pilnu piekļuvi. Lai atjaunotu piekļuvi, turpiniet ar konta pārbaudi.

Ja darbība netiks apstiprināta, konta izmantošana var būt ierobežota.

Ar cieņu,
Drošības nodaļa.",phishing
Steidzams paziņojums,"Labdien, cienījamais klient!

Vēlamies informēt par izmaiņām jūsu konta drošības statusā. Ir konstatēta iespējama neatbilstība konta informācijā.

Lūdzu, pārbaudiet norādīto informāciju un apstipriniet darbību. Izmantojiet konta pārbaudes iespēju, lai turpinātu.

Lūdzu, neatlieciet šo pārbaudi.

Ar cieņu,
Klientu apkalpošanas nodaļa.",phishing
Drošības pārbaude,"Sveiki!

Vēlamies informēt par izmaiņām jūsu konta drošības statusā. Automātiskās pārbaudes laikā tika konstatēta nepieciešamība atjaunināt informāciju.

Lūdzu, pārbaudiet norādīto informāciju un apstipriniet darbību. Lai atjaunotu piekļuvi, turpiniet ar konta pārbaudi.

Šo darbību nepieciešams veikt pēc iespējas ātrāk.

Ar cieņu,
Atbalsta komanda.",phishing
Konta pārbaudes termiņš,"Cienījamais lietotāj!

Sistēma nevarēja automātiski apstiprināt pēdējo darbību. Lai turpinātu izmantot pakalpojumu, jāapstiprina jūsu informācija. Nepieciešams rīkoties pirms konta statusa maiņas.

Apstiprināšanas process ir pieejams konta pārbaudes sadaļā.

Paldies par sapratni.",phishing
Konta pārbaudes termiņš,"Labdien!

Mūsu sistēmā ir reģistrēta neparasta piekļuves darbība. Lai izvairītos no piekļuves ierobežošanas, apstipriniet konta datus. Pārbaudes termiņš ir ierobežots.

Lai apstiprinātu informāciju, atveriet pārbaudes sadaļu.

Paldies, ka izmantojat mūsu pakalpojumus.",phishing
Svarīga informācija par jūsu kontu,"Labdien!

Svarīga informācija par jūsu kontu.

Mūsu sistēmā ir reģistrēta neparasta piekļuves darbība. Papildu informācija par pārbaudi ir pieejama konta sadaļā.

Lūdzu, veiciet nepieciešamo pārbaudi pēc iespējas ātrāk.
Pabeidziet pārbaudi, izmantojot drošības sadaļu.

Lūdzu, neatlieciet šo pārbaudi.

Ar cieņu,
Drošības nodaļa.",phishing
Nepieciešama tūlītēja darbība,"Labdien, cienījamais klient!

Svarīga informācija par jūsu kontu.

Ir konstatēta iespējama neatbilstība konta informācijā. Lūdzu, saglabājiet šo paziņojumu turpmākai atsaucei.

Lūdzu, pabeidziet drošības pārbaudi.
Lai turpinātu, izmantojiet norādīto pārbaudes iespēju.

Šo darbību nepieciešams veikt pēc iespējas ātrāk.

Ar cieņu,
Klientu apkalpošanas nodaļa.",phishing
Paziņojums par konta darbību,"Sveiki!

Svarīga informācija par jūsu kontu.

Jūsu konta drošības statuss ir jāapstiprina. Atbildēt uz šo ziņojumu nav nepieciešams.

Lūdzu, veiciet nepieciešamo pārbaudi pēc iespējas ātrāk.
Pabeidziet pārbaudi, izmantojot drošības sadaļu.

Pretējā gadījumā dažas konta funkcijas var kļūt nepieejamas.

Paldies, ka izmantojat mūsu pakalpojumus.",phishing
Nepieciešama tūlītēja darbība,"Sveiki!

Ir konstatēta darbība, kuru nepieciešams apstiprināt. Lūdzu, pabeidziet drošības pārbaudi. Pretējā gadījumā dažas konta funkcijas var kļūt nepieejamas.

Apstiprināšanas process ir pieejams konta pārbaudes sadaļā.

Ar cieņu,
Drošības nodaļa.",phishing
Jūsu konts ir ierobežots,"Labdien!

Vēlamies informēt par izmaiņām jūsu konta drošības statusā. Mūsu sistēmā ir reģistrēta neparasta piekļuves darbība.

Lai izvairītos no piekļuves ierobežošanas, apstipriniet konta datus. Pabeidziet pārbaudi, izmantojot drošības sadaļu.

Pretējā gadījumā dažas konta funkcijas var kļūt nepieejamas.

Ar cieņu,
Klientu apkalpošanas nodaļa.",phishing
Drošības pārbaude,"Labdien!

Automātiskā sistēma ir atzīmējusi jūsu kontu pārbaudei. Veiciet norādīto pārbaudi, lai atjaunotu pilnu piekļuvi. Lūdzu, pievērsiet šim paziņojumam uzmanību.

Pabeidziet pārbaudi, izmantojot drošības sadaļu.

Ar cieņu,
Drošības nodaļa.",phishing
Konta darbības apstiprināšana,"Cienījamais lietotāj!

Svarīga informācija par jūsu kontu.

Ir konstatēta iespējama neatbilstība konta informācijā. Atbildēt uz šo ziņojumu nav nepieciešams.

Veiciet norādīto pārbaudi, lai atjaunotu pilnu piekļuvi.
Konta pārbaudi var pabeigt, izmantojot zemāk norādīto darbību.

Pretējā gadījumā var tikt piemēroti papildu drošības ierobežojumi.

Paldies par sapratni.",phishing
Drošības pārbaude,"Labdien!

Svarīga informācija par jūsu kontu.

Automātiskās pārbaudes laikā tika konstatēta nepieciešamība atjaunināt informāciju. Šis ir automātiski nosūtīts paziņojums.

Lūdzu, veiciet nepieciešamo pārbaudi pēc iespējas ātrāk.
Lai apstiprinātu informāciju, atveriet pārbaudes sadaļu.

Pretējā gadījumā var tikt piemēroti papildu drošības ierobežojumi.

Paldies par sapratni.",phishing
Apstipriniet konta informāciju,"Cienījamais lietotāj!

Vēlamies informēt par izmaiņām jūsu konta drošības statusā. Ir konstatēta darbība, kuru nepieciešams apstiprināt.

Lūdzu, pārbaudiet norādīto informāciju un apstipriniet darbību. Pabeidziet pārbaudi, izmantojot drošības sadaļu.

Ja pārbaude netiks veikta, piekļuve kontam var tikt ierobežota.

Ar cieņu,
Drošības nodaļa.",phishing
Nepieciešama konta pārbaude,"Cienījamais lietotāj!

Vēlamies informēt par izmaiņām jūsu konta drošības statusā. Mūsu sistēmā ir reģistrēta neparasta piekļuves darbība.

Lūdzu, pabeidziet drošības pārbaudi. Lai apstiprinātu informāciju, atveriet pārbaudes sadaļu.

Ja darbība netiks apstiprināta, konta izmantošana var būt ierobežota.

Paldies, ka izmantojat mūsu pakalpojumus.",phishing
Pēdējais atgādinājums par kontu,"Labdien!

Vēlamies informēt par izmaiņām jūsu konta drošības statusā. Mūsu sistēma ir konstatējusi neparastu aktivitāti jūsu kontā.

Veiciet norādīto pārbaudi, lai atjaunotu pilnu piekļuvi. Lai turpinātu, izmantojiet norādīto pārbaudes iespēju.

Pārbaudes termiņš ir ierobežots.

Paldies par sadarbību.",phishing
Nepieciešama konta pārbaude,"Cienījamais lietotāj!

Sistēma nevarēja automātiski apstiprināt pēdējo darbību.
Lūdzu, apstipriniet savu konta informāciju.

Drošības pārbaude ir nepieciešama, lai aizsargātu jūsu kontu.

Pretējā gadījumā dažas konta funkcijas var kļūt nepieejamas. Lai atjaunotu piekļuvi, turpiniet ar konta pārbaudi.

Ar cieņu,
Klientu apkalpošanas nodaļa.",phishing
Piekļuves atjaunošana,"Svarīgs paziņojums!

Svarīga informācija par jūsu kontu.

Mūsu sistēma ir konstatējusi neparastu aktivitāti jūsu kontā. Paziņojums ir nosūtīts automātiski.

Lūdzu, veiciet nepieciešamo pārbaudi pēc iespējas ātrāk.
Apstiprināšanas process ir pieejams konta pārbaudes sadaļā.

Pretējā gadījumā var tikt piemēroti papildu drošības ierobežojumi.

Paldies par sadarbību.",phishing
Svarīgs klienta paziņojums,"Cienījamais klient!

Mūsu sistēmā ir reģistrēta neparasta piekļuves darbība. Lūdzu, pabeidziet drošības pārbaudi. Šo darbību nepieciešams veikt pēc iespējas ātrāk.

Lai turpinātu, izmantojiet norādīto pārbaudes iespēju.

Ar cieņu,
Klientu apkalpošanas nodaļa.",phishing
Nepieciešams apstiprinājums,"Sveiki, klient!

Vēlamies informēt par izmaiņām jūsu konta drošības statusā. Automātiskā sistēma ir atzīmējusi jūsu kontu pārbaudei.

Veiciet norādīto pārbaudi, lai atjaunotu pilnu piekļuvi. Izmantojiet konta pārbaudes iespēju, lai turpinātu.

Pretējā gadījumā dažas konta funkcijas var kļūt nepieejamas.

Ar cieņu,
Atbalsta komanda.",phishing
Drošības sistēmas brīdinājums,"Sveiki!

Vēlamies informēt par izmaiņām jūsu konta drošības statusā. Drošības sistēma ir pamanījusi aizdomīgu darbību.

Lūdzu, apstipriniet savu konta informāciju. Pabeidziet pārbaudi, izmantojot drošības sadaļu.

Ja darbība netiks apstiprināta, konta izmantošana var būt ierobežota.

Ar cieņu,
Klientu apkalpošanas nodaļa.",phishing
Piekļuves atjaunošana,"Sveiki!

Automātiskā sistēma ir atzīmējusi jūsu kontu pārbaudei.
Lūdzu, pabeidziet drošības pārbaudi.

Šī darbība ir saistīta ar jūsu konta drošību.

Pretējā gadījumā dažas konta funkcijas var kļūt nepieejamas. Izmantojiet konta pārbaudes iespēju, lai turpinātu.

Ar cieņu,
Klientu apkalpošanas nodaļa.",phishing
Nepieciešams apstiprinājums,"Sveiki, klient!

Pēdējās konta darbības dēļ nepieciešama papildu pārbaude.

Papildu informācija par pārbaudi ir pieejama konta sadaļā. Veiciet norādīto pārbaudi, lai atjaunotu pilnu piekļuvi.

Lūdzu, neatlieciet šo pārbaudi. Lai apstiprinātu informāciju, atveriet pārbaudes sadaļu.

Ar cieņu,
Konta drošības komanda.",phishing
Jūsu konts ir ierobežots,"Sveiki!

Vēlamies informēt par izmaiņām jūsu konta drošības statusā. Jūsu profils pašlaik gaida papildu pārbaudi.

Lai turpinātu izmantot kontu, nepieciešams veikt pārbaudi. Lai turpinātu, izmantojiet norādīto pārbaudes iespēju.

Lūdzu, neatlieciet šo pārbaudi.

Paldies par sadarbību.",phishing
Apstipriniet konta informāciju,"Cienījamais lietotāj!

Automātiskās pārbaudes laikā tika konstatēta nepieciešamība atjaunināt informāciju. Lai atjaunotu piekļuvi, nepieciešams apstiprināt konta statusu. Pretējā gadījumā var tikt piemēroti papildu drošības ierobežojumi.

Pabeidziet pārbaudi, izmantojot drošības sadaļu.

Paldies par sadarbību.",phishing
Pēdējais atgādinājums par kontu,"Cienījamais klient!

Ir konstatēta darbība, kuru nepieciešams apstiprināt.

Lūdzu, saglabājiet šo paziņojumu turpmākai atsaucei. Lūdzu, pārbaudiet norādīto informāciju un apstipriniet darbību.

Lūdzu, pievērsiet šim paziņojumam uzmanību. Pabeidziet pārbaudi, izmantojot drošības sadaļu.

Ar cieņu,
Atbalsta komanda.",phishing
Drošības sistēmas brīdinājums,"Labdien, cienījamais klient!

Jūsu profils pašlaik gaida papildu pārbaudi.
Lai turpinātu izmantot pakalpojumu, jāapstiprina jūsu informācija.

Šī darbība ir saistīta ar jūsu konta drošību.

Nepieciešams rīkoties pirms konta statusa maiņas. Apstiprināšanas process ir pieejams konta pārbaudes sadaļā.

Ar cieņu,
Klientu apkalpošanas nodaļa.",phishing
Neapstiprināta darbība,"Labdien, cienījamais klient!

Ir konstatēta darbība, kuru nepieciešams apstiprināt. Lūdzu, pabeidziet drošības pārbaudi. Pretējā gadījumā var tikt piemēroti papildu drošības ierobežojumi.

Konta pārbaudi var pabeigt, izmantojot zemāk norādīto darbību.

Ar cieņu,
Klientu apkalpošanas nodaļa.",phishing
Apstipriniet konta informāciju,"Labdien!

Ir konstatēta iespējama neatbilstība konta informācijā.
Veiciet norādīto pārbaudi, lai atjaunotu pilnu piekļuvi.

Atbildēt uz šo ziņojumu nav nepieciešams.

Pretējā gadījumā dažas konta funkcijas var kļūt nepieejamas. Konta pārbaudi var pabeigt, izmantojot zemāk norādīto darbību.

Ar cieņu,
Klientu apkalpošanas nodaļa.",phishing
Piekļuves atjaunošana,"Svarīgs paziņojums!

Drošības sistēma ir pamanījusi aizdomīgu darbību.
Lai izvairītos no piekļuves ierobežošanas, apstipriniet konta datus.

Lūdzu, saglabājiet šo paziņojumu turpmākai atsaucei.

Pārbaudes termiņš ir ierobežots. Lai apstiprinātu informāciju, atveriet pārbaudes sadaļu.

Ar cieņu,
Atbalsta komanda.",phishing
Svarīgs klienta paziņojums,"Labdien!

Vēlamies informēt par izmaiņām jūsu konta drošības statusā. Sistēma nevarēja automātiski apstiprināt pēdējo darbību.

Lai atjaunotu piekļuvi, nepieciešams apstiprināt konta statusu. Apstiprināšanas process ir pieejams konta pārbaudes sadaļā.

Lūdzu, pievērsiet šim paziņojumam uzmanību.

Paldies, ka izmantojat mūsu pakalpojumus.",phishing
Konta piekļuves problēma,"Cienījamais klient!

Vēlamies informēt par izmaiņām jūsu konta drošības statusā. Ir konstatēta iespējama neatbilstība konta informācijā.

Nepieciešams apstiprināt, ka konts joprojām pieder jums. Lai turpinātu, izmantojiet norādīto pārbaudes iespēju.

Pretējā gadījumā var tikt piemēroti papildu drošības ierobežojumi.

Ar cieņu,
Klientu apkalpošanas nodaļa.",phishing
Maksājuma apstiprināšana,"Labdien!

Ir konstatēta iespējama neatbilstība konta informācijā.
Lai turpinātu izmantot pakalpojumu, jāapstiprina jūsu informācija.

Lūdzu, saglabājiet šo paziņojumu turpmākai atsaucei.

Lūdzu, neatlieciet šo pārbaudi. Konta pārbaudi var pabeigt, izmantojot zemāk norādīto darbību.

Ar cieņu,
Klientu apkalpošanas nodaļa.",phishing
Drošības pārbaude,"Labdien!

Pēdējās konta darbības dēļ nepieciešama papildu pārbaude. Lūdzu, veiciet nepieciešamo pārbaudi pēc iespējas ātrāk. Nepieciešams rīkoties pirms konta statusa maiņas.

Lai apstiprinātu informāciju, atveriet pārbaudes sadaļu.

Ar cieņu,
Konta drošības komanda.",phishing
Jūsu kontam nepieciešama pārbaude,"Labdien, cienījamais klient!

Jūsu profils pašlaik gaida papildu pārbaudi.

Šī darbība ir saistīta ar jūsu konta drošību. Lai turpinātu izmantot pakalpojumu, jāapstiprina jūsu informācija.

Ja pārbaude netiks veikta, piekļuve kontam var tikt ierobežota. Konta pārbaudi var pabeigt, izmantojot zemāk norādīto darbību.

Ar cieņu,
Klientu apkalpošanas nodaļa.",phishing
Steidzams paziņojums,"Labdien!

Ir konstatēta iespējama neatbilstība konta informācijā.

Drošības pārbaude ir nepieciešama, lai aizsargātu jūsu kontu. Lūdzu, apstipriniet savu konta informāciju.

Pretējā gadījumā var tikt piemēroti papildu drošības ierobežojumi. Apstiprināšanas process ir pieejams konta pārbaudes sadaļā.

Paldies, ka izmantojat mūsu pakalpojumus.",phishing
Paziņojums par konta darbību,"Cienījamais klient!

Ir konstatēta iespējama neatbilstība konta informācijā. Lai turpinātu izmantot pakalpojumu, jāapstiprina jūsu informācija. Šo darbību nepieciešams veikt pēc iespējas ātrāk.

Konta pārbaudi var pabeigt, izmantojot zemāk norādīto darbību.

Ar cieņu,
Drošības nodaļa.",phishing
Jūsu kontam nepieciešama pārbaude,"Svarīgs paziņojums!

Vēlamies informēt par izmaiņām jūsu konta drošības statusā. Kontam ir nepieciešama papildu drošības pārbaude.

Lūdzu, veiciet nepieciešamo pārbaudi pēc iespējas ātrāk. Apstiprināšanas process ir pieejams konta pārbaudes sadaļā.

Pretējā gadījumā dažas konta funkcijas var kļūt nepieejamas.

Ar cieņu,
Konta drošības komanda.",phishing
Svarīgs drošības paziņojums,"Svarīgs paziņojums!

Kontam ir nepieciešama papildu drošības pārbaude.
Lūdzu, apstipriniet savu konta informāciju.

Lūdzu, saglabājiet šo paziņojumu turpmākai atsaucei.

Šo darbību nepieciešams veikt pēc iespējas ātrāk. Konta pārbaudi var pabeigt, izmantojot zemāk norādīto darbību.

Ar cieņu,
Konta drošības komanda.",phishing
Nepieciešama konta pārbaude,"Svarīgs paziņojums!

Automātiskā sistēma ir atzīmējusi jūsu kontu pārbaudei. Lūdzu, pārbaudiet norādīto informāciju un apstipriniet darbību. Ja pārbaude netiks veikta, piekļuve kontam var tikt ierobežota.

Konta pārbaudi var pabeigt, izmantojot zemāk norādīto darbību.

Ar cieņu,
Klientu apkalpošanas nodaļa.",phishing
Brīdinājums par kontu,"Labdien, cienījamais klient!

Ir konstatēta iespējama neatbilstība konta informācijā. Lai turpinātu izmantot kontu, nepieciešams veikt pārbaudi. Pārbaudi ieteicams pabeigt tuvākajā laikā.

Izmantojiet konta pārbaudes iespēju, lai turpinātu.

Ar cieņu,
Atbalsta komanda.",phishing
Konta piekļuves problēma,"Sveiki!

Mūsu sistēmā ir reģistrēta neparasta piekļuves darbība. Lūdzu, veiciet nepieciešamo pārbaudi pēc iespējas ātrāk. Pretējā gadījumā dažas konta funkcijas var kļūt nepieejamas.

Konta pārbaudi var pabeigt, izmantojot zemāk norādīto darbību.

Ar cieņu,
Konta drošības komanda.",phishing
Nepieciešama tūlītēja darbība,"Labdien!

Svarīga informācija par jūsu kontu.

Jūsu profils pašlaik gaida papildu pārbaudi. Šī darbība ir saistīta ar jūsu konta drošību.

Lai izvairītos no piekļuves ierobežošanas, apstipriniet konta datus.
Izmantojiet konta pārbaudes iespēju, lai turpinātu.

Ja pārbaude netiks veikta, piekļuve kontam var tikt ierobežota.

Ar cieņu,
Klientu apkalpošanas nodaļa.",phishing
Neapstiprināta darbība,"Labdien!

Automātiskā sistēma ir atzīmējusi jūsu kontu pārbaudei.
Lai atjaunotu piekļuvi, nepieciešams apstiprināt konta statusu.

Papildu informācija par pārbaudi ir pieejama konta sadaļā.

Lūdzu, neatlieciet šo pārbaudi. Izmantojiet konta pārbaudes iespēju, lai turpinātu.

Ar cieņu,
Konta drošības komanda.",phishing
Maksājuma apstiprināšana,"Svarīgs paziņojums!

Vēlamies informēt par izmaiņām jūsu konta drošības statusā. Kontam ir nepieciešama papildu drošības pārbaude.

Lai turpinātu izmantot pakalpojumu, jāapstiprina jūsu informācija. Lai atjaunotu piekļuvi, turpiniet ar konta pārbaudi.

Nepieciešams rīkoties pirms konta statusa maiņas.

Ar cieņu,
Atbalsta komanda.",phishing
Svarīgs klienta paziņojums,"Sveiki!

Vēlamies informēt par izmaiņām jūsu konta drošības statusā. Ir konstatēta darbība, kuru nepieciešams apstiprināt.

Lai turpinātu izmantot kontu, nepieciešams veikt pārbaudi. Apstiprināšanas process ir pieejams konta pārbaudes sadaļā.

Šo darbību nepieciešams veikt pēc iespējas ātrāk.

Ar cieņu,
Konta drošības komanda.",phishing
Svarīga informācija par jūsu kontu,"Sveiki, klient!

Mūsu sistēma ir konstatējusi neparastu aktivitāti jūsu kontā. Lai izvairītos no piekļuves ierobežošanas, apstipriniet konta datus. Pretējā gadījumā var tikt piemēroti papildu drošības ierobežojumi.

Pabeidziet pārbaudi, izmantojot drošības sadaļu.

Ar cieņu,
Klientu apkalpošanas nodaļa.",phishing
Maksājuma apstiprināšana,"Svarīgs paziņojums!

Automātiskās pārbaudes laikā tika konstatēta nepieciešamība atjaunināt informāciju. Nepieciešams apstiprināt, ka konts joprojām pieder jums. Pārbaudi ieteicams pabeigt tuvākajā laikā.

Izmantojiet konta pārbaudes iespēju, lai turpinātu.

Ar cieņu,
Konta drošības komanda.",phishing
Drošības sistēmas brīdinājums,"Sveiki, klient!

Mūsu sistēma ir konstatējusi neparastu aktivitāti jūsu kontā. Lai turpinātu izmantot kontu, nepieciešams veikt pārbaudi. Ja pārbaude netiks veikta, piekļuve kontam var tikt ierobežota.

Lai turpinātu, izmantojiet norādīto pārbaudes iespēju.

Ar cieņu,
Atbalsta komanda.",phishing
Paziņojums par konta darbību,"Cienījamais klient!

Svarīga informācija par jūsu kontu.

Automātiskās pārbaudes laikā tika konstatēta nepieciešamība atjaunināt informāciju. Šī darbība ir saistīta ar jūsu konta drošību.

Lūdzu, pabeidziet drošības pārbaudi.
Izmantojiet konta pārbaudes iespēju, lai turpinātu.

Šo darbību nepieciešams veikt pēc iespējas ātrāk.

Ar cieņu,
Atbalsta komanda.",phishing
Apstipriniet konta informāciju,"Cienījamais lietotāj!

Svarīga informācija par jūsu kontu.

Jūsu profils pašlaik gaida papildu pārbaudi. Drošības pārbaude ir nepieciešama, lai aizsargātu jūsu kontu.

Lūdzu, pārbaudiet norādīto informāciju un apstipriniet darbību.
Apstiprināšanas process ir pieejams konta pārbaudes sadaļā.

Pretējā gadījumā dažas konta funkcijas var kļūt nepieejamas.

Paldies, ka izmantojat mūsu pakalpojumus.",phishing
Darījuma pārbaude,"Sveiki, klient!

Jūsu profils pašlaik gaida papildu pārbaudi. Lūdzu, pabeidziet drošības pārbaudi. Lūdzu, neatlieciet šo pārbaudi.

Lai atjaunotu piekļuvi, turpiniet ar konta pārbaudi.

Paldies par sapratni.",phishing
Apstipriniet konta informāciju,"Cienījamais lietotāj!

Svarīga informācija par jūsu kontu.

Mūsu sistēmā ir reģistrēta neparasta piekļuves darbība. Šis ir automātiski nosūtīts paziņojums.

Lūdzu, pārbaudiet norādīto informāciju un apstipriniet darbību.
Lai atjaunotu piekļuvi, turpiniet ar konta pārbaudi.

Ja darbība netiks apstiprināta, konta izmantošana var būt ierobežota.

Ar cieņu,
Atbalsta komanda.",phishing
Nepieciešams apstiprinājums,"Labdien, cienījamais klient!

Automātiskā sistēma ir atzīmējusi jūsu kontu pārbaudei. Veiciet norādīto pārbaudi, lai atjaunotu pilnu piekļuvi. Ja pārbaude netiks veikta, piekļuve kontam var tikt ierobežota.

Lai atjaunotu piekļuvi, turpiniet ar konta pārbaudi.

Ar cieņu,
Drošības nodaļa.",phishing
Nepieciešams apstiprinājums,"Sveiki!

Vēlamies informēt par izmaiņām jūsu konta drošības statusā. Pēdējās konta darbības dēļ nepieciešama papildu pārbaude.

Veiciet norādīto pārbaudi, lai atjaunotu pilnu piekļuvi. Lai apstiprinātu informāciju, atveriet pārbaudes sadaļu.

Pretējā gadījumā var tikt piemēroti papildu drošības ierobežojumi.

Ar cieņu,
Klientu apkalpošanas nodaļa.",phishing
Paziņojums par konta darbību,"Labdien!

Vēlamies informēt par izmaiņām jūsu konta drošības statusā. Mūsu sistēma ir konstatējusi neparastu aktivitāti jūsu kontā.

Nepieciešams apstiprināt, ka konts joprojām pieder jums. Lai apstiprinātu informāciju, atveriet pārbaudes sadaļu.

Pārbaudes termiņš ir ierobežots.

Ar cieņu,
Konta drošības komanda.",phishing
Svarīgs drošības paziņojums,"Cienījamais lietotāj!

Ir konstatēta darbība, kuru nepieciešams apstiprināt.

Šis ir automātiski nosūtīts paziņojums. Lūdzu, pārbaudiet norādīto informāciju un apstipriniet darbību.

Ja pārbaude netiks veikta, piekļuve kontam var tikt ierobežota. Lai atjaunotu piekļuvi, turpiniet ar konta pārbaudi.

Paldies par sapratni.",phishing
Jūsu konts ir ierobežots,"Sveiki!

Vēlamies informēt par izmaiņām jūsu konta drošības statusā. Automātiskās pārbaudes laikā tika konstatēta nepieciešamība atjaunināt informāciju.

Lai turpinātu izmantot pakalpojumu, jāapstiprina jūsu informācija. Apstiprināšanas process ir pieejams konta pārbaudes sadaļā.

Ja pārbaude netiks veikta, piekļuve kontam var tikt ierobežota.

Paldies, ka izmantojat mūsu pakalpojumus.",phishing
Steidzams paziņojums,"Sveiki, klient!

Svarīga informācija par jūsu kontu.

Jūsu profils pašlaik gaida papildu pārbaudi. Paziņojums ir nosūtīts automātiski.

Lai atjaunotu piekļuvi, nepieciešams apstiprināt konta statusu.
Lai atjaunotu piekļuvi, turpiniet ar konta pārbaudi.

Pārbaudi ieteicams pabeigt tuvākajā laikā.

Paldies par sapratni.",phishing
Identitātes pārbaude,"Labdien!

Vēlamies informēt par izmaiņām jūsu konta drošības statusā. Ir konstatēta iespējama neatbilstība konta informācijā.

Lūdzu, pabeidziet drošības pārbaudi. Pabeidziet pārbaudi, izmantojot drošības sadaļu.

Nepieciešams rīkoties pirms konta statusa maiņas.

Ar cieņu,
Konta drošības komanda.",phishing
Nepieciešama tūlītēja darbība,"Labdien!

Sistēma nevarēja automātiski apstiprināt pēdējo darbību. Lūdzu, pabeidziet drošības pārbaudi. Nepieciešams rīkoties pirms konta statusa maiņas.

Lai apstiprinātu informāciju, atveriet pārbaudes sadaļu.

Paldies, ka izmantojat mūsu pakalpojumus.",phishing
Brīdinājums par kontu,"Svarīgs paziņojums!

Vēlamies informēt par izmaiņām jūsu konta drošības statusā. Kontam ir nepieciešama papildu drošības pārbaude.

Lūdzu, apstipriniet savu konta informāciju. Konta pārbaudi var pabeigt, izmantojot zemāk norādīto darbību.

Pretējā gadījumā var tikt piemēroti papildu drošības ierobežojumi.

Paldies par sadarbību.",phishing
Identitātes pārbaude,"Sveiki!

Svarīga informācija par jūsu kontu.

Automātiskās pārbaudes laikā tika konstatēta nepieciešamība atjaunināt informāciju. Atbildēt uz šo ziņojumu nav nepieciešams.

Nepieciešams apstiprināt, ka konts joprojām pieder jums.
Apstiprināšanas process ir pieejams konta pārbaudes sadaļā.

Ja darbība netiks apstiprināta, konta izmantošana var būt ierobežota.

Ar cieņu,
Klientu apkalpošanas nodaļa.",phishing
Darījuma pārbaude,"Cienījamais lietotāj!

Automātiskā sistēma ir atzīmējusi jūsu kontu pārbaudei.

Atbildēt uz šo ziņojumu nav nepieciešams. Lai turpinātu izmantot pakalpojumu, jāapstiprina jūsu informācija.

Pretējā gadījumā dažas konta funkcijas var kļūt nepieejamas. Lai turpinātu, izmantojiet norādīto pārbaudes iespēju.

Ar cieņu,
Atbalsta komanda.",phishing
Jūsu konts ir ierobežots,"Labdien, cienījamais klient!

Kontam ir nepieciešama papildu drošības pārbaude.

Atbildēt uz šo ziņojumu nav nepieciešams. Lūdzu, pārbaudiet norādīto informāciju un apstipriniet darbību.

Ja darbība netiks apstiprināta, konta izmantošana var būt ierobežota. Izmantojiet konta pārbaudes iespēju, lai turpinātu.

Ar cieņu,
Atbalsta komanda.",phishing
Svarīga informācija par jūsu kontu,"Sveiki, klient!

Vēlamies informēt par izmaiņām jūsu konta drošības statusā. Drošības sistēma ir pamanījusi aizdomīgu darbību.

Lūdzu, pārbaudiet norādīto informāciju un apstipriniet darbību. Konta pārbaudi var pabeigt, izmantojot zemāk norādīto darbību.

Lūdzu, neatlieciet šo pārbaudi.

Ar cieņu,
Konta drošības komanda.",phishing
Paziņojums par konta darbību,"Svarīgs paziņojums!

Kontam ir nepieciešama papildu drošības pārbaude.
Veiciet norādīto pārbaudi, lai atjaunotu pilnu piekļuvi.

Drošības pārbaude ir nepieciešama, lai aizsargātu jūsu kontu.

Pretējā gadījumā dažas konta funkcijas var kļūt nepieejamas. Lai turpinātu, izmantojiet norādīto pārbaudes iespēju.

Ar cieņu,
Klientu apkalpošanas nodaļa.",phishing
Jūsu kontam nepieciešama pārbaude,"Cienījamais klient!

Vēlamies informēt par izmaiņām jūsu konta drošības statusā. Kontam ir nepieciešama papildu drošības pārbaude.

Lūdzu, pabeidziet drošības pārbaudi. Lai turpinātu, izmantojiet norādīto pārbaudes iespēju.

Pretējā gadījumā dažas konta funkcijas var kļūt nepieejamas.

Paldies par sapratni.",phishing
Nepieciešama tūlītēja darbība,"Labdien!

Vēlamies informēt par izmaiņām jūsu konta drošības statusā. Automātiskās pārbaudes laikā tika konstatēta nepieciešamība atjaunināt informāciju.

Lai atjaunotu piekļuvi, nepieciešams apstiprināt konta statusu. Lai apstiprinātu informāciju, atveriet pārbaudes sadaļu.

Pārbaudi ieteicams pabeigt tuvākajā laikā.

Paldies par sapratni.",phishing
Svarīga informācija par jūsu kontu,"Sveiki, klient!

Svarīga informācija par jūsu kontu.

Jūsu konta drošības statuss ir jāapstiprina. Paziņojums ir nosūtīts automātiski.

Lai turpinātu izmantot kontu, nepieciešams veikt pārbaudi.
Lai atjaunotu piekļuvi, turpiniet ar konta pārbaudi.

Ja pārbaude netiks veikta, piekļuve kontam var tikt ierobežota.

Paldies par sadarbību.",phishing
Svarīgs drošības paziņojums,"Sveiki!

Sistēma nevarēja automātiski apstiprināt pēdējo darbību. Lai turpinātu izmantot kontu, nepieciešams veikt pārbaudi. Lūdzu, neatlieciet šo pārbaudi.

Apstiprināšanas process ir pieejams konta pārbaudes sadaļā.

Paldies par sadarbību.",phishing
Konta pārbaudes termiņš,"Cienījamais klient!

Automātiskā sistēma ir atzīmējusi jūsu kontu pārbaudei.
Lūdzu, pārbaudiet norādīto informāciju un apstipriniet darbību.

Paziņojums ir nosūtīts automātiski.

Pretējā gadījumā dažas konta funkcijas var kļūt nepieejamas. Pabeidziet pārbaudi, izmantojot drošības sadaļu.

Ar cieņu,
Klientu apkalpošanas nodaļa.",phishing
Paziņojums par konta darbību,"Labdien!

Vēlamies informēt par izmaiņām jūsu konta drošības statusā. Pēdējās konta darbības dēļ nepieciešama papildu pārbaude.

Nepieciešams apstiprināt, ka konts joprojām pieder jums. Konta pārbaudi var pabeigt, izmantojot zemāk norādīto darbību.

Pārbaudi ieteicams pabeigt tuvākajā laikā.

Ar cieņu,
Atbalsta komanda.",phishing
Neapstiprināta darbība,"Sveiki!

Vēlamies informēt par izmaiņām jūsu konta drošības statusā. Sistēma nevarēja automātiski apstiprināt pēdējo darbību.

Lai turpinātu izmantot pakalpojumu, jāapstiprina jūsu informācija. Lai atjaunotu piekļuvi, turpiniet ar konta pārbaudi.

Pretējā gadījumā dažas konta funkcijas var kļūt nepieejamas.

Ar cieņu,
Klientu apkalpošanas nodaļa.",phishing
Konta piekļuves problēma,"Labdien!

Drošības sistēma ir pamanījusi aizdomīgu darbību. Lūdzu, veiciet nepieciešamo pārbaudi pēc iespējas ātrāk. Šo darbību nepieciešams veikt pēc iespējas ātrāk.

Pabeidziet pārbaudi, izmantojot drošības sadaļu.

Paldies par sadarbību.",phishing
Steidzams paziņojums,"Labdien!

Vēlamies informēt par izmaiņām jūsu konta drošības statusā. Sistēma nevarēja automātiski apstiprināt pēdējo darbību.

Lai turpinātu izmantot pakalpojumu, jāapstiprina jūsu informācija. Izmantojiet konta pārbaudes iespēju, lai turpinātu.

Pretējā gadījumā var tikt piemēroti papildu drošības ierobežojumi.

Ar cieņu,
Drošības nodaļa.",phishing
Brīdinājums par kontu,"Cienījamais klient!

Drošības sistēma ir pamanījusi aizdomīgu darbību. Nepieciešams apstiprināt, ka konts joprojām pieder jums. Pretējā gadījumā dažas konta funkcijas var kļūt nepieejamas.

Apstiprināšanas process ir pieejams konta pārbaudes sadaļā.

Paldies par sadarbību.",phishing
Neparasta aktivitāte kontā,"Svarīgs paziņojums!

Ir konstatēta darbība, kuru nepieciešams apstiprināt.

Šī darbība ir saistīta ar jūsu konta drošību. Lai atjaunotu piekļuvi, nepieciešams apstiprināt konta statusu.

Pretējā gadījumā var tikt piemēroti papildu drošības ierobežojumi. Apstiprināšanas process ir pieejams konta pārbaudes sadaļā.

Ar cieņu,
Konta drošības komanda.",phishing
Neparasta aktivitāte kontā,"Cienījamais lietotāj!

Svarīga informācija par jūsu kontu.

Drošības sistēma ir pamanījusi aizdomīgu darbību. Šī darbība ir saistīta ar jūsu konta drošību.

Lūdzu, veiciet nepieciešamo pārbaudi pēc iespējas ātrāk.
Pabeidziet pārbaudi, izmantojot drošības sadaļu.

Pārbaudi ieteicams pabeigt tuvākajā laikā.

Paldies, ka izmantojat mūsu pakalpojumus.",phishing
Neapstiprināta darbība,"Labdien, cienījamais klient!

Automātiskās pārbaudes laikā tika konstatēta nepieciešamība atjaunināt informāciju.
Nepieciešams apstiprināt, ka konts joprojām pieder jums.

Drošības pārbaude ir nepieciešama, lai aizsargātu jūsu kontu.

Lūdzu, pievērsiet šim paziņojumam uzmanību. Lai atjaunotu piekļuvi, turpiniet ar konta pārbaudi.

Ar cieņu,
Klientu apkalpošanas nodaļa.",phishing
Konta piekļuves problēma,"Cienījamais klient!

Svarīga informācija par jūsu kontu.

Pēdējās konta darbības dēļ nepieciešama papildu pārbaude. Drošības pārbaude ir nepieciešama, lai aizsargātu jūsu kontu.

Lūdzu, pabeidziet drošības pārbaudi.
Lai turpinātu, izmantojiet norādīto pārbaudes iespēju.

Lūdzu, neatlieciet šo pārbaudi.

Paldies par sadarbību.",phishing
Nepieciešama konta pārbaude,"Sveiki, klient!

Mūsu sistēma ir konstatējusi neparastu aktivitāti jūsu kontā. Lai turpinātu izmantot kontu, nepieciešams veikt pārbaudi. Nepieciešams rīkoties pirms konta statusa maiņas.

Lai turpinātu, izmantojiet norādīto pārbaudes iespēju.

Paldies, ka izmantojat mūsu pakalpojumus.",phishing
Piekļuves atjaunošana,"Cienījamais klient!

Vēlamies informēt par izmaiņām jūsu konta drošības statusā. Kontam ir nepieciešama papildu drošības pārbaude.

Lai izvairītos no piekļuves ierobežošanas, apstipriniet konta datus. Konta pārbaudi var pabeigt, izmantojot zemāk norādīto darbību.

Šo darbību nepieciešams veikt pēc iespējas ātrāk.

Ar cieņu,
Konta drošības komanda.",phishing
Svarīgs klienta paziņojums,"Labdien, cienījamais klient!

Vēlamies informēt par izmaiņām jūsu konta drošības statusā. Pēdējās konta darbības dēļ nepieciešama papildu pārbaude.

Lai izvairītos no piekļuves ierobežošanas, apstipriniet konta datus. Lai atjaunotu piekļuvi, turpiniet ar konta pārbaudi.

Pārbaudi ieteicams pabeigt tuvākajā laikā.

Ar cieņu,
Atbalsta komanda.",phishing
Svarīgs drošības paziņojums,"Sveiki, klient!

Kontam ir nepieciešama papildu drošības pārbaude.

Pārbaude tiek veikta drošības nolūkos. Lai turpinātu izmantot kontu, nepieciešams veikt pārbaudi.

Pārbaudes termiņš ir ierobežots. Pabeidziet pārbaudi, izmantojot drošības sadaļu.

Paldies par sadarbību.",phishing
Nepieciešama tūlītēja darbība,"Labdien, cienījamais klient!

Jūsu konta drošības statuss ir jāapstiprina.

Drošības pārbaude ir nepieciešama, lai aizsargātu jūsu kontu. Nepieciešams apstiprināt, ka konts joprojām pieder jums.

Pretējā gadījumā var tikt piemēroti papildu drošības ierobežojumi. Lai atjaunotu piekļuvi, turpiniet ar konta pārbaudi.

Ar cieņu,
Drošības nodaļa.",phishing
Drošības pārbaude,"Svarīgs paziņojums!

Automātiskās pārbaudes laikā tika konstatēta nepieciešamība atjaunināt informāciju. Lai izvairītos no piekļuves ierobežošanas, apstipriniet konta datus. Šo darbību nepieciešams veikt pēc iespējas ātrāk.

Pabeidziet pārbaudi, izmantojot drošības sadaļu.

Paldies par sadarbību.",phishing
Jūsu konts ir ierobežots,"Sveiki, klient!

Svarīga informācija par jūsu kontu.

Automātiskā sistēma ir atzīmējusi jūsu kontu pārbaudei. Atbildēt uz šo ziņojumu nav nepieciešams.

Lai izvairītos no piekļuves ierobežošanas, apstipriniet konta datus.
Lai apstiprinātu informāciju, atveriet pārbaudes sadaļu.

Šo darbību nepieciešams veikt pēc iespējas ātrāk.

Paldies par sapratni.",phishing
Steidzams paziņojums,"Sveiki!

Vēlamies informēt par izmaiņām jūsu konta drošības statusā. Drošības sistēma ir pamanījusi aizdomīgu darbību.

Nepieciešams apstiprināt, ka konts joprojām pieder jums. Pabeidziet pārbaudi, izmantojot drošības sadaļu.

Lūdzu, neatlieciet šo pārbaudi.

Ar cieņu,
Atbalsta komanda.",phishing
Identitātes pārbaude,"Labdien!

Vēlamies informēt par izmaiņām jūsu konta drošības statusā. Jūsu profils pašlaik gaida papildu pārbaudi.

Veiciet norādīto pārbaudi, lai atjaunotu pilnu piekļuvi. Pabeidziet pārbaudi, izmantojot drošības sadaļu.

Ja pārbaude netiks veikta, piekļuve kontam var tikt ierobežota.

Paldies par sadarbību.",phishing
Nepieciešama tūlītēja darbība,"Svarīgs paziņojums!

Svarīga informācija par jūsu kontu.

Jūsu konta drošības statuss ir jāapstiprina. Šis ir automātiski nosūtīts paziņojums.

Lūdzu, pabeidziet drošības pārbaudi.
Konta pārbaudi var pabeigt, izmantojot zemāk norādīto darbību.

Pretējā gadījumā var tikt piemēroti papildu drošības ierobežojumi.

Paldies, ka izmantojat mūsu pakalpojumus.",phishing
Svarīga informācija par jūsu kontu,"Sveiki, klient!

Kontam ir nepieciešama papildu drošības pārbaude. Lai atjaunotu piekļuvi, nepieciešams apstiprināt konta statusu. Nepieciešams rīkoties pirms konta statusa maiņas.

Lai turpinātu, izmantojiet norādīto pārbaudes iespēju.

Ar cieņu,
Klientu apkalpošanas nodaļa.",phishing
Svarīgs drošības paziņojums,"Labdien!

Jūsu konta drošības statuss ir jāapstiprina.

Papildu informācija par pārbaudi ir pieejama konta sadaļā. Lūdzu, apstipriniet savu konta informāciju.

Lūdzu, neatlieciet šo pārbaudi. Pabeidziet pārbaudi, izmantojot drošības sadaļu.

Ar cieņu,
Atbalsta komanda.",phishing
Piekļuves atjaunošana,"Labdien!

Svarīga informācija par jūsu kontu.

Jūsu profils pašlaik gaida papildu pārbaudi. Lūdzu, saglabājiet šo paziņojumu turpmākai atsaucei.

Lai turpinātu izmantot kontu, nepieciešams veikt pārbaudi.
Izmantojiet konta pārbaudes iespēju, lai turpinātu.

Lūdzu, pievērsiet šim paziņojumam uzmanību.

Ar cieņu,
Atbalsta komanda.",phishing
Nepieciešams apstiprinājums,"Labdien!

Vēlamies informēt par izmaiņām jūsu konta drošības statusā. Mūsu sistēma ir konstatējusi neparastu aktivitāti jūsu kontā.

Lūdzu, veiciet nepieciešamo pārbaudi pēc iespējas ātrāk. Pabeidziet pārbaudi, izmantojot drošības sadaļu.

Pretējā gadījumā dažas konta funkcijas var kļūt nepieejamas.

Ar cieņu,
Atbalsta komanda.",phishing
Maksājuma apstiprināšana,"Labdien!

Vēlamies informēt par izmaiņām jūsu konta drošības statusā. Mūsu sistēmā ir reģistrēta neparasta piekļuves darbība.

Nepieciešams apstiprināt, ka konts joprojām pieder jums. Lai turpinātu, izmantojiet norādīto pārbaudes iespēju.

Pārbaudes termiņš ir ierobežots.

Ar cieņu,
Drošības nodaļa.",phishing
Konta darbības apstiprināšana,"Sveiki, klient!

Svarīga informācija par jūsu kontu.

Jūsu profils pašlaik gaida papildu pārbaudi. Atbildēt uz šo ziņojumu nav nepieciešams.

Lai turpinātu izmantot pakalpojumu, jāapstiprina jūsu informācija.
Lai atjaunotu piekļuvi, turpiniet ar konta pārbaudi.

Pārbaudi ieteicams pabeigt tuvākajā laikā.

Ar cieņu,
Konta drošības komanda.",phishing
Darījuma pārbaude,"Labdien!

Svarīga informācija par jūsu kontu.

Automātiskās pārbaudes laikā tika konstatēta nepieciešamība atjaunināt informāciju. Drošības pārbaude ir nepieciešama, lai aizsargātu jūsu kontu.

Lūdzu, pārbaudiet norādīto informāciju un apstipriniet darbību.
Pabeidziet pārbaudi, izmantojot drošības sadaļu.

Lūdzu, neatlieciet šo pārbaudi.

Ar cieņu,
Atbalsta komanda.",phishing
Jūsu profils ir jāatjauno,"Labdien!

Mūsu sistēmā ir reģistrēta neparasta piekļuves darbība.

Šis ir automātiski nosūtīts paziņojums. Lai turpinātu izmantot pakalpojumu, jāapstiprina jūsu informācija.

Šo darbību nepieciešams veikt pēc iespējas ātrāk. Konta pārbaudi var pabeigt, izmantojot zemāk norādīto darbību.

Paldies par sadarbību.",phishing
Svarīgs klienta paziņojums,"Svarīgs paziņojums!

Drošības sistēma ir pamanījusi aizdomīgu darbību. Lūdzu, pabeidziet drošības pārbaudi. Lūdzu, pievērsiet šim paziņojumam uzmanību.

Lai atjaunotu piekļuvi, turpiniet ar konta pārbaudi.

Paldies par sadarbību.",phishing
Paziņojums par konta darbību,"Svarīgs paziņojums!

Drošības sistēma ir pamanījusi aizdomīgu darbību.

Atbildēt uz šo ziņojumu nav nepieciešams. Lūdzu, apstipriniet savu konta informāciju.

Nepieciešams rīkoties pirms konta statusa maiņas. Lai apstiprinātu informāciju, atveriet pārbaudes sadaļu.

Ar cieņu,
Drošības nodaļa.",phishing
Piekļuves atjaunošana,"Cienījamais lietotāj!

Kontam ir nepieciešama papildu drošības pārbaude.
Lūdzu, pabeidziet drošības pārbaudi.

Lūdzu, saglabājiet šo paziņojumu turpmākai atsaucei.

Šo darbību nepieciešams veikt pēc iespējas ātrāk. Apstiprināšanas process ir pieejams konta pārbaudes sadaļā.

Paldies par sadarbību.",phishing
Nepieciešama konta pārbaude,"Sveiki, klient!

Mūsu sistēmā ir reģistrēta neparasta piekļuves darbība.
Lai izvairītos no piekļuves ierobežošanas, apstipriniet konta datus.

Drošības pārbaude ir nepieciešama, lai aizsargātu jūsu kontu.

Lūdzu, pievērsiet šim paziņojumam uzmanību. Apstiprināšanas process ir pieejams konta pārbaudes sadaļā.

Paldies par sapratni.",phishing
Jūsu konts ir ierobežots,"Cienījamais lietotāj!

Svarīga informācija par jūsu kontu.

Jūsu konta drošības statuss ir jāapstiprina. Šī darbība ir saistīta ar jūsu konta drošību.

Lai izvairītos no piekļuves ierobežošanas, apstipriniet konta datus.
Lai turpinātu, izmantojiet norādīto pārbaudes iespēju.

Šo darbību nepieciešams veikt pēc iespējas ātrāk.

Ar cieņu,
Konta drošības komanda.",phishing
Pēdējais atgādinājums par kontu,"Cienījamais klient!

Ir konstatēta darbība, kuru nepieciešams apstiprināt. Lūdzu, apstipriniet savu konta informāciju. Pārbaudi ieteicams pabeigt tuvākajā laikā.

Pabeidziet pārbaudi, izmantojot drošības sadaļu.

Paldies, ka izmantojat mūsu pakalpojumus.",phishing
Jūsu konts ir ierobežots,"Labdien!

Automātiskā sistēma ir atzīmējusi jūsu kontu pārbaudei. Lūdzu, apstipriniet savu konta informāciju. Pārbaudi ieteicams pabeigt tuvākajā laikā.

Apstiprināšanas process ir pieejams konta pārbaudes sadaļā.

Ar cieņu,
Atbalsta komanda.",phishing
Nepieciešams apstiprinājums,"Sveiki, klient!

Ir konstatēta iespējama neatbilstība konta informācijā. Veiciet norādīto pārbaudi, lai atjaunotu pilnu piekļuvi. Nepieciešams rīkoties pirms konta statusa maiņas.

Lai apstiprinātu informāciju, atveriet pārbaudes sadaļu.

Paldies par sadarbību.",phishing
Drošības sistēmas brīdinājums,"Svarīgs paziņojums!

Jūsu konta drošības statuss ir jāapstiprina. Lai izvairītos no piekļuves ierobežošanas, apstipriniet konta datus. Pretējā gadījumā dažas konta funkcijas var kļūt nepieejamas.

Lai turpinātu, izmantojiet norādīto pārbaudes iespēju.

Ar cieņu,
Atbalsta komanda.",phishing
Piekļuves atjaunošana,"Cienījamais lietotāj!

Svarīga informācija par jūsu kontu.

Pēdējās konta darbības dēļ nepieciešama papildu pārbaude. Atbildēt uz šo ziņojumu nav nepieciešams.

Lai turpinātu izmantot kontu, nepieciešams veikt pārbaudi.
Lai apstiprinātu informāciju, atveriet pārbaudes sadaļu.

Ja pārbaude netiks veikta, piekļuve kontam var tikt ierobežota.

Ar cieņu,
Konta drošības komanda.",phishing
Svarīgs klienta paziņojums,"Sveiki, klient!

Vēlamies informēt par izmaiņām jūsu konta drošības statusā. Ir konstatēta darbība, kuru nepieciešams apstiprināt.

Lūdzu, veiciet nepieciešamo pārbaudi pēc iespējas ātrāk. Izmantojiet konta pārbaudes iespēju, lai turpinātu.

Pārbaudi ieteicams pabeigt tuvākajā laikā.

Ar cieņu,
Konta drošības komanda.",phishing
Identitātes pārbaude,"Labdien!

Vēlamies informēt par izmaiņām jūsu konta drošības statusā. Automātiskās pārbaudes laikā tika konstatēta nepieciešamība atjaunināt informāciju.

Veiciet norādīto pārbaudi, lai atjaunotu pilnu piekļuvi. Lai turpinātu, izmantojiet norādīto pārbaudes iespēju.

Pretējā gadījumā var tikt piemēroti papildu drošības ierobežojumi.

Paldies, ka izmantojat mūsu pakalpojumus.",phishing
Neapstiprināta darbība,"Sveiki, klient!

Ir konstatēta iespējama neatbilstība konta informācijā.
Lūdzu, veiciet nepieciešamo pārbaudi pēc iespējas ātrāk.

Šī darbība ir saistīta ar jūsu konta drošību.

Ja pārbaude netiks veikta, piekļuve kontam var tikt ierobežota. Pabeidziet pārbaudi, izmantojot drošības sadaļu.

Paldies par sadarbību.",phishing
Nepieciešams apstiprinājums,"Labdien!

Svarīga informācija par jūsu kontu.

Drošības sistēma ir pamanījusi aizdomīgu darbību. Papildu informācija par pārbaudi ir pieejama konta sadaļā.

Lūdzu, apstipriniet savu konta informāciju.
Lai turpinātu, izmantojiet norādīto pārbaudes iespēju.

Šo darbību nepieciešams veikt pēc iespējas ātrāk.

Paldies, ka izmantojat mūsu pakalpojumus.",phishing
Brīdinājums par kontu,"Cienījamais lietotāj!

Ir konstatēta darbība, kuru nepieciešams apstiprināt. Lai izvairītos no piekļuves ierobežošanas, apstipriniet konta datus. Pārbaudes termiņš ir ierobežots.

Pabeidziet pārbaudi, izmantojot drošības sadaļu.

Paldies par sapratni.",phishing
Konta darbības apstiprināšana,"Cienījamais lietotāj!

Svarīga informācija par jūsu kontu.

Automātiskā sistēma ir atzīmējusi jūsu kontu pārbaudei. Paziņojums ir nosūtīts automātiski.

Lai atjaunotu piekļuvi, nepieciešams apstiprināt konta statusu.
Lai atjaunotu piekļuvi, turpiniet ar konta pārbaudi.

Pārbaudes termiņš ir ierobežots.

Ar cieņu,
Atbalsta komanda.",phishing
Konta darbības apstiprināšana,"Labdien, cienījamais klient!

Svarīga informācija par jūsu kontu.

Automātiskā sistēma ir atzīmējusi jūsu kontu pārbaudei. Pārbaude tiek veikta drošības nolūkos.

Lūdzu, apstipriniet savu konta informāciju.
Pabeidziet pārbaudi, izmantojot drošības sadaļu.

Lūdzu, neatlieciet šo pārbaudi.

Paldies, ka izmantojat mūsu pakalpojumus.",phishing
Konta darbības apstiprināšana,"Sveiki!

Vēlamies informēt par izmaiņām jūsu konta drošības statusā. Automātiskā sistēma ir atzīmējusi jūsu kontu pārbaudei.

Lūdzu, apstipriniet savu konta informāciju. Apstiprināšanas process ir pieejams konta pārbaudes sadaļā.

Lūdzu, neatlieciet šo pārbaudi.

Ar cieņu,
Atbalsta komanda.",phishing
Paziņojums par konta darbību,"Labdien!

Vēlamies informēt par izmaiņām jūsu konta drošības statusā. Pēdējās konta darbības dēļ nepieciešama papildu pārbaude.

Lai turpinātu izmantot pakalpojumu, jāapstiprina jūsu informācija. Lai apstiprinātu informāciju, atveriet pārbaudes sadaļu.

Ja darbība netiks apstiprināta, konta izmantošana var būt ierobežota.

Paldies, ka izmantojat mūsu pakalpojumus.",phishing
Maksājuma apstiprināšana,"Labdien, cienījamais klient!

Vēlamies informēt par izmaiņām jūsu konta drošības statusā. Sistēma nevarēja automātiski apstiprināt pēdējo darbību.

Lai turpinātu izmantot kontu, nepieciešams veikt pārbaudi. Lai atjaunotu piekļuvi, turpiniet ar konta pārbaudi.

Pārbaudi ieteicams pabeigt tuvākajā laikā.

Ar cieņu,
Klientu apkalpošanas nodaļa.",phishing
Konta pārbaudes termiņš,"Labdien, cienījamais klient!

Vēlamies informēt par izmaiņām jūsu konta drošības statusā. Automātiskās pārbaudes laikā tika konstatēta nepieciešamība atjaunināt informāciju.

Lūdzu, pārbaudiet norādīto informāciju un apstipriniet darbību. Apstiprināšanas process ir pieejams konta pārbaudes sadaļā.

Pārbaudes termiņš ir ierobežots.

Ar cieņu,
Klientu apkalpošanas nodaļa.",phishing
Jūsu kontam nepieciešama pārbaude,"Cienījamais klient!

Pēdējās konta darbības dēļ nepieciešama papildu pārbaude.
Veiciet norādīto pārbaudi, lai atjaunotu pilnu piekļuvi.

Lūdzu, saglabājiet šo paziņojumu turpmākai atsaucei.

Lūdzu, pievērsiet šim paziņojumam uzmanību. Lai apstiprinātu informāciju, atveriet pārbaudes sadaļu.

Ar cieņu,
Klientu apkalpošanas nodaļa.",phishing
Piekļuves atjaunošana,"Cienījamais klient!

Svarīga informācija par jūsu kontu.

Pēdējās konta darbības dēļ nepieciešama papildu pārbaude. Pārbaude tiek veikta drošības nolūkos.

Lūdzu, pabeidziet drošības pārbaudi.
Konta pārbaudi var pabeigt, izmantojot zemāk norādīto darbību.

Pretējā gadījumā dažas konta funkcijas var kļūt nepieejamas.

Ar cieņu,
Konta drošības komanda.",phishing
Jūsu profils ir jāatjauno,"Svarīgs paziņojums!

Vēlamies informēt par izmaiņām jūsu konta drošības statusā. Automātiskās pārbaudes laikā tika konstatēta nepieciešamība atjaunināt informāciju.

Lai atjaunotu piekļuvi, nepieciešams apstiprināt konta statusu. Konta pārbaudi var pabeigt, izmantojot zemāk norādīto darbību.

Ja pārbaude netiks veikta, piekļuve kontam var tikt ierobežota.

Paldies, ka izmantojat mūsu pakalpojumus.",phishing
Apstipriniet konta informāciju,"Cienījamais lietotāj!

Vēlamies informēt par izmaiņām jūsu konta drošības statusā. Sistēma nevarēja automātiski apstiprināt pēdējo darbību.

Nepieciešams apstiprināt, ka konts joprojām pieder jums. Lai turpinātu, izmantojiet norādīto pārbaudes iespēju.

Nepieciešams rīkoties pirms konta statusa maiņas.

Ar cieņu,
Klientu apkalpošanas nodaļa.",phishing
Nepieciešama konta pārbaude,"Labdien!

Vēlamies informēt par izmaiņām jūsu konta drošības statusā. Mūsu sistēma ir konstatējusi neparastu aktivitāti jūsu kontā.

Lai atjaunotu piekļuvi, nepieciešams apstiprināt konta statusu. Lai apstiprinātu informāciju, atveriet pārbaudes sadaļu.

Pretējā gadījumā var tikt piemēroti papildu drošības ierobežojumi.

Ar cieņu,
Konta drošības komanda.",phishing
Konta piekļuves problēma,"Sveiki!

Ir konstatēta darbība, kuru nepieciešams apstiprināt.

Atbildēt uz šo ziņojumu nav nepieciešams. Lai izvairītos no piekļuves ierobežošanas, apstipriniet konta datus.

Lūdzu, pievērsiet šim paziņojumam uzmanību. Lai atjaunotu piekļuvi, turpiniet ar konta pārbaudi.

Ar cieņu,
Klientu apkalpošanas nodaļa.",phishing
Nepieciešama konta pārbaude,"Cienījamais klient!

Jūsu konta drošības statuss ir jāapstiprina.

Lūdzu, saglabājiet šo paziņojumu turpmākai atsaucei. Lai izvairītos no piekļuves ierobežošanas, apstipriniet konta datus.

Lūdzu, neatlieciet šo pārbaudi. Lai turpinātu, izmantojiet norādīto pārbaudes iespēju.

Ar cieņu,
Drošības nodaļa.",phishing
Nepieciešams apstiprinājums,"Labdien!

Mūsu sistēmā ir reģistrēta neparasta piekļuves darbība.

Lūdzu, saglabājiet šo paziņojumu turpmākai atsaucei. Lai izvairītos no piekļuves ierobežošanas, apstipriniet konta datus.

Šo darbību nepieciešams veikt pēc iespējas ātrāk. Izmantojiet konta pārbaudes iespēju, lai turpinātu.

Ar cieņu,
Klientu apkalpošanas nodaļa.",phishing
Apstipriniet konta informāciju,"Sveiki, klient!

Jūsu profils pašlaik gaida papildu pārbaudi.
Lūdzu, pabeidziet drošības pārbaudi.

Šī darbība ir saistīta ar jūsu konta drošību.

Šo darbību nepieciešams veikt pēc iespējas ātrāk. Apstiprināšanas process ir pieejams konta pārbaudes sadaļā.

Paldies, ka izmantojat mūsu pakalpojumus.",phishing
Pēdējais atgādinājums par kontu,"Sveiki, klient!

Ir konstatēta iespējama neatbilstība konta informācijā. Lūdzu, veiciet nepieciešamo pārbaudi pēc iespējas ātrāk. Pārbaudes termiņš ir ierobežots.

Pabeidziet pārbaudi, izmantojot drošības sadaļu.

Ar cieņu,
Atbalsta komanda.",phishing
Jūsu konts ir ierobežots,"Svarīgs paziņojums!

Ir konstatēta iespējama neatbilstība konta informācijā. Veiciet norādīto pārbaudi, lai atjaunotu pilnu piekļuvi. Pārbaudi ieteicams pabeigt tuvākajā laikā.

Lai atjaunotu piekļuvi, turpiniet ar konta pārbaudi.

Ar cieņu,
Atbalsta komanda.",phishing
Jūsu kontam nepieciešama pārbaude,"Labdien!

Ir konstatēta darbība, kuru nepieciešams apstiprināt. Lai turpinātu izmantot pakalpojumu, jāapstiprina jūsu informācija. Lūdzu, pievērsiet šim paziņojumam uzmanību.

Lai atjaunotu piekļuvi, turpiniet ar konta pārbaudi.

Paldies, ka izmantojat mūsu pakalpojumus.",phishing
Nepieciešama konta pārbaude,"Svarīgs paziņojums!

Jūsu konta drošības statuss ir jāapstiprina.
Lai atjaunotu piekļuvi, nepieciešams apstiprināt konta statusu.

Šis ir automātiski nosūtīts paziņojums.

Ja darbība netiks apstiprināta, konta izmantošana var būt ierobežota. Lai turpinātu, izmantojiet norādīto pārbaudes iespēju.

Paldies par sapratni.",phishing
Nepieciešama tūlītēja darbība,"Cienījamais klient!

Automātiskā sistēma ir atzīmējusi jūsu kontu pārbaudei.

Pārbaude tiek veikta drošības nolūkos. Lūdzu, pabeidziet drošības pārbaudi.

Pārbaudes termiņš ir ierobežots. Apstiprināšanas process ir pieejams konta pārbaudes sadaļā.

Paldies, ka izmantojat mūsu pakalpojumus.",phishing
Steidzams paziņojums,"Labdien, cienījamais klient!

Vēlamies informēt par izmaiņām jūsu konta drošības statusā. Automātiskās pārbaudes laikā tika konstatēta nepieciešamība atjaunināt informāciju.

Lai atjaunotu piekļuvi, nepieciešams apstiprināt konta statusu. Apstiprināšanas process ir pieejams konta pārbaudes sadaļā.

Lūdzu, pievērsiet šim paziņojumam uzmanību.

Ar cieņu,
Konta drošības komanda.",phishing
Pēdējais atgādinājums par kontu,"Labdien!

Pēdējās konta darbības dēļ nepieciešama papildu pārbaude. Lūdzu, apstipriniet savu konta informāciju. Nepieciešams rīkoties pirms konta statusa maiņas.

Izmantojiet konta pārbaudes iespēju, lai turpinātu.

Ar cieņu,
Konta drošības komanda.",phishing
Konta piekļuves problēma,"Cienījamais lietotāj!

Svarīga informācija par jūsu kontu.

Ir konstatēta iespējama neatbilstība konta informācijā. Pārbaude tiek veikta drošības nolūkos.

Nepieciešams apstiprināt, ka konts joprojām pieder jums.
Lai atjaunotu piekļuvi, turpiniet ar konta pārbaudi.

Lūdzu, neatlieciet šo pārbaudi.

Ar cieņu,
Atbalsta komanda.",phishing
Jūsu kontam nepieciešama pārbaude,"Cienījamais lietotāj!

Mūsu sistēmā ir reģistrēta neparasta piekļuves darbība.
Lūdzu, pārbaudiet norādīto informāciju un apstipriniet darbību.

Paziņojums ir nosūtīts automātiski.

Ja pārbaude netiks veikta, piekļuve kontam var tikt ierobežota. Apstiprināšanas process ir pieejams konta pārbaudes sadaļā.

Ar cieņu,
Drošības nodaļa.",phishing
Neapstiprināta darbība,"Cienījamais klient!

Sistēma nevarēja automātiski apstiprināt pēdējo darbību.

Pārbaude tiek veikta drošības nolūkos. Lūdzu, veiciet nepieciešamo pārbaudi pēc iespējas ātrāk.

Pārbaudi ieteicams pabeigt tuvākajā laikā. Izmantojiet konta pārbaudes iespēju, lai turpinātu.

Paldies, ka izmantojat mūsu pakalpojumus.",phishing
Maksājuma apstiprināšana,"Cienījamais lietotāj!

Jūsu profils pašlaik gaida papildu pārbaudi. Nepieciešams apstiprināt, ka konts joprojām pieder jums. Nepieciešams rīkoties pirms konta statusa maiņas.

Konta pārbaudi var pabeigt, izmantojot zemāk norādīto darbību.

Ar cieņu,
Konta drošības komanda.",phishing
Jūsu profils ir jāatjauno,"Svarīgs paziņojums!

Drošības sistēma ir pamanījusi aizdomīgu darbību. Lai turpinātu izmantot kontu, nepieciešams veikt pārbaudi. Pretējā gadījumā dažas konta funkcijas var kļūt nepieejamas.

Apstiprināšanas process ir pieejams konta pārbaudes sadaļā.

Paldies par sapratni.",phishing
Identitātes pārbaude,"Sveiki, klient!

Mūsu sistēmā ir reģistrēta neparasta piekļuves darbība.

Šis ir automātiski nosūtīts paziņojums. Lai izvairītos no piekļuves ierobežošanas, apstipriniet konta datus.

Pretējā gadījumā var tikt piemēroti papildu drošības ierobežojumi. Pabeidziet pārbaudi, izmantojot drošības sadaļu.

Paldies par sapratni.",phishing
Pēdējais atgādinājums par kontu,"Cienījamais klient!

Mūsu sistēma ir konstatējusi neparastu aktivitāti jūsu kontā.
Lai izvairītos no piekļuves ierobežošanas, apstipriniet konta datus.

Paziņojums ir nosūtīts automātiski.

Pārbaudi ieteicams pabeigt tuvākajā laikā. Lai turpinātu, izmantojiet norādīto pārbaudes iespēju.

Ar cieņu,
Atbalsta komanda.",phishing
Paziņojums par konta darbību,"Cienījamais lietotāj!

Ir konstatēta darbība, kuru nepieciešams apstiprināt.

Šī darbība ir saistīta ar jūsu konta drošību. Veiciet norādīto pārbaudi, lai atjaunotu pilnu piekļuvi.

Ja pārbaude netiks veikta, piekļuve kontam var tikt ierobežota. Konta pārbaudi var pabeigt, izmantojot zemāk norādīto darbību.

Ar cieņu,
Drošības nodaļa.",phishing
Nepieciešama konta pārbaude,"Labdien!

Pēdējās konta darbības dēļ nepieciešama papildu pārbaude.

Atbildēt uz šo ziņojumu nav nepieciešams. Lūdzu, veiciet nepieciešamo pārbaudi pēc iespējas ātrāk.

Šo darbību nepieciešams veikt pēc iespējas ātrāk. Lai apstiprinātu informāciju, atveriet pārbaudes sadaļu.

Ar cieņu,
Konta drošības komanda.",phishing
Konta piekļuves problēma,"Cienījamais lietotāj!

Vēlamies informēt par izmaiņām jūsu konta drošības statusā. Mūsu sistēma ir konstatējusi neparastu aktivitāti jūsu kontā.

Lai izvairītos no piekļuves ierobežošanas, apstipriniet konta datus. Lai atjaunotu piekļuvi, turpiniet ar konta pārbaudi.

Pārbaudes termiņš ir ierobežots.

Paldies par sadarbību.",phishing
Jūsu kontam nepieciešama pārbaude,"Cienījamais lietotāj!

Mūsu sistēma ir konstatējusi neparastu aktivitāti jūsu kontā.
Lai izvairītos no piekļuves ierobežošanas, apstipriniet konta datus.

Lūdzu, saglabājiet šo paziņojumu turpmākai atsaucei.

Ja pārbaude netiks veikta, piekļuve kontam var tikt ierobežota. Lai apstiprinātu informāciju, atveriet pārbaudes sadaļu.

Paldies par sadarbību.",phishing
Konta piekļuves problēma,"Labdien, cienījamais klient!

Vēlamies informēt par izmaiņām jūsu konta drošības statusā. Jūsu konta drošības statuss ir jāapstiprina.

Lai turpinātu izmantot pakalpojumu, jāapstiprina jūsu informācija. Lai turpinātu, izmantojiet norādīto pārbaudes iespēju.

Ja darbība netiks apstiprināta, konta izmantošana var būt ierobežota.

Paldies, ka izmantojat mūsu pakalpojumus.",phishing
Nepieciešama konta pārbaude,"Sveiki!

Svarīga informācija par jūsu kontu.

Pēdējās konta darbības dēļ nepieciešama papildu pārbaude. Šis ir automātiski nosūtīts paziņojums.

Lūdzu, pabeidziet drošības pārbaudi.
Apstiprināšanas process ir pieejams konta pārbaudes sadaļā.

Pārbaudi ieteicams pabeigt tuvākajā laikā.

Ar cieņu,
Klientu apkalpošanas nodaļa.",phishing
Neparasta aktivitāte kontā,"Labdien, cienījamais klient!

Ir konstatēta iespējama neatbilstība konta informācijā.
Lūdzu, pabeidziet drošības pārbaudi.

Lūdzu, saglabājiet šo paziņojumu turpmākai atsaucei.

Pretējā gadījumā dažas konta funkcijas var kļūt nepieejamas. Apstiprināšanas process ir pieejams konta pārbaudes sadaļā.

Ar cieņu,
Klientu apkalpošanas nodaļa.",phishing
Nepieciešams apstiprinājums,"Labdien, cienījamais klient!

Sistēma nevarēja automātiski apstiprināt pēdējo darbību. Veiciet norādīto pārbaudi, lai atjaunotu pilnu piekļuvi. Nepieciešams rīkoties pirms konta statusa maiņas.

Lai apstiprinātu informāciju, atveriet pārbaudes sadaļu.

Paldies, ka izmantojat mūsu pakalpojumus.",phishing
Brīdinājums par kontu,"Sveiki!

Ir konstatēta iespējama neatbilstība konta informācijā. Lai atjaunotu piekļuvi, nepieciešams apstiprināt konta statusu. Pretējā gadījumā var tikt piemēroti papildu drošības ierobežojumi.

Apstiprināšanas process ir pieejams konta pārbaudes sadaļā.

Ar cieņu,
Atbalsta komanda.",phishing
Nepieciešams apstiprinājums,"Sveiki, klient!

Sistēma nevarēja automātiski apstiprināt pēdējo darbību.

Drošības pārbaude ir nepieciešama, lai aizsargātu jūsu kontu. Lūdzu, apstipriniet savu konta informāciju.

Pretējā gadījumā dažas konta funkcijas var kļūt nepieejamas. Lai turpinātu, izmantojiet norādīto pārbaudes iespēju.

Ar cieņu,
Atbalsta komanda.",phishing
Jūsu profils ir jāatjauno,"Sveiki!

Mūsu sistēmā ir reģistrēta neparasta piekļuves darbība. Nepieciešams apstiprināt, ka konts joprojām pieder jums. Pretējā gadījumā dažas konta funkcijas var kļūt nepieejamas.

Lai atjaunotu piekļuvi, turpiniet ar konta pārbaudi.

Paldies par sapratni.",phishing
Drošības pārbaude,"Sveiki!

Drošības sistēma ir pamanījusi aizdomīgu darbību. Lai izvairītos no piekļuves ierobežošanas, apstipriniet konta datus. Šo darbību nepieciešams veikt pēc iespējas ātrāk.

Lai apstiprinātu informāciju, atveriet pārbaudes sadaļu.

Ar cieņu,
Atbalsta komanda.",phishing
Nepieciešams apstiprinājums,"Sveiki, klient!

Jūsu konta drošības statuss ir jāapstiprina.

Drošības pārbaude ir nepieciešama, lai aizsargātu jūsu kontu. Lūdzu, pārbaudiet norādīto informāciju un apstipriniet darbību.

Pretējā gadījumā var tikt piemēroti papildu drošības ierobežojumi. Pabeidziet pārbaudi, izmantojot drošības sadaļu.

Paldies par sapratni.",phishing
Neparasta aktivitāte kontā,"Svarīgs paziņojums!

Drošības sistēma ir pamanījusi aizdomīgu darbību. Lai atjaunotu piekļuvi, nepieciešams apstiprināt konta statusu. Šo darbību nepieciešams veikt pēc iespējas ātrāk.

Apstiprināšanas process ir pieejams konta pārbaudes sadaļā.

Paldies, ka izmantojat mūsu pakalpojumus.",phishing
Svarīgs drošības paziņojums,"Cienījamais klient!

Mūsu sistēma ir konstatējusi neparastu aktivitāti jūsu kontā.

Papildu informācija par pārbaudi ir pieejama konta sadaļā. Lai turpinātu izmantot kontu, nepieciešams veikt pārbaudi.

Pārbaudes termiņš ir ierobežots. Izmantojiet konta pārbaudes iespēju, lai turpinātu.

Ar cieņu,
Atbalsta komanda.",phishing
Brīdinājums par kontu,"Svarīgs paziņojums!

Svarīga informācija par jūsu kontu.

Mūsu sistēma ir konstatējusi neparastu aktivitāti jūsu kontā. Drošības pārbaude ir nepieciešama, lai aizsargātu jūsu kontu.

Lai turpinātu izmantot pakalpojumu, jāapstiprina jūsu informācija.
Apstiprināšanas process ir pieejams konta pārbaudes sadaļā.

Lūdzu, pievērsiet šim paziņojumam uzmanību.

Ar cieņu,
Konta drošības komanda.",phishing
Maksājuma apstiprināšana,"Sveiki, klient!

Mūsu sistēmā ir reģistrēta neparasta piekļuves darbība.

Drošības pārbaude ir nepieciešama, lai aizsargātu jūsu kontu. Nepieciešams apstiprināt, ka konts joprojām pieder jums.

Šo darbību nepieciešams veikt pēc iespējas ātrāk. Lai atjaunotu piekļuvi, turpiniet ar konta pārbaudi.

Ar cieņu,
Konta drošības komanda.",phishing
Darījuma pārbaude,"Labdien!

Svarīga informācija par jūsu kontu.

Pēdējās konta darbības dēļ nepieciešama papildu pārbaude. Lūdzu, saglabājiet šo paziņojumu turpmākai atsaucei.

Lūdzu, pārbaudiet norādīto informāciju un apstipriniet darbību.
Lai atjaunotu piekļuvi, turpiniet ar konta pārbaudi.

Pārbaudes termiņš ir ierobežots.

Paldies par sadarbību.",phishing
Apstipriniet konta informāciju,"Cienījamais lietotāj!

Vēlamies informēt par izmaiņām jūsu konta drošības statusā. Jūsu profils pašlaik gaida papildu pārbaudi.

Lai izvairītos no piekļuves ierobežošanas, apstipriniet konta datus. Pabeidziet pārbaudi, izmantojot drošības sadaļu.

Pretējā gadījumā dažas konta funkcijas var kļūt nepieejamas.

Ar cieņu,
Atbalsta komanda.",phishing
Maksājuma apstiprināšana,"Sveiki!

Pēdējās konta darbības dēļ nepieciešama papildu pārbaude.

Atbildēt uz šo ziņojumu nav nepieciešams. Veiciet norādīto pārbaudi, lai atjaunotu pilnu piekļuvi.

Šo darbību nepieciešams veikt pēc iespējas ātrāk. Pabeidziet pārbaudi, izmantojot drošības sadaļu.

Ar cieņu,
Konta drošības komanda.",phishing
Drošības sistēmas brīdinājums,"Svarīgs paziņojums!

Automātiskās pārbaudes laikā tika konstatēta nepieciešamība atjaunināt informāciju.

Pārbaude tiek veikta drošības nolūkos. Lūdzu, pārbaudiet norādīto informāciju un apstipriniet darbību.

Lūdzu, neatlieciet šo pārbaudi. Pabeidziet pārbaudi, izmantojot drošības sadaļu.

Ar cieņu,
Drošības nodaļa.",phishing
Drošības sistēmas brīdinājums,"Labdien!

Svarīga informācija par jūsu kontu.

Jūsu konta drošības statuss ir jāapstiprina. Papildu informācija par pārbaudi ir pieejama konta sadaļā.

Nepieciešams apstiprināt, ka konts joprojām pieder jums.
Lai turpinātu, izmantojiet norādīto pārbaudes iespēju.

Pārbaudes termiņš ir ierobežots.

Paldies par sadarbību.",phishing
Apstipriniet konta informāciju,"Labdien!

Kontam ir nepieciešama papildu drošības pārbaude.

Papildu informācija par pārbaudi ir pieejama konta sadaļā. Nepieciešams apstiprināt, ka konts joprojām pieder jums.

Ja pārbaude netiks veikta, piekļuve kontam var tikt ierobežota. Lai atjaunotu piekļuvi, turpiniet ar konta pārbaudi.

Ar cieņu,
Drošības nodaļa.",phishing
Piekļuves atjaunošana,"Sveiki, klient!

Automātiskā sistēma ir atzīmējusi jūsu kontu pārbaudei.

Šis ir automātiski nosūtīts paziņojums. Nepieciešams apstiprināt, ka konts joprojām pieder jums.

Pārbaudes termiņš ir ierobežots. Konta pārbaudi var pabeigt, izmantojot zemāk norādīto darbību.

Ar cieņu,
Konta drošības komanda.",phishing
Darījuma pārbaude,"Sveiki!

Mūsu sistēma ir konstatējusi neparastu aktivitāti jūsu kontā.
Nepieciešams apstiprināt, ka konts joprojām pieder jums.

Šis ir automātiski nosūtīts paziņojums.

Pārbaudi ieteicams pabeigt tuvākajā laikā. Apstiprināšanas process ir pieejams konta pārbaudes sadaļā.

Ar cieņu,
Klientu apkalpošanas nodaļa.",phishing
Maksājuma apstiprināšana,"Labdien, cienījamais klient!

Mūsu sistēmā ir reģistrēta neparasta piekļuves darbība. Nepieciešams apstiprināt, ka konts joprojām pieder jums. Pretējā gadījumā var tikt piemēroti papildu drošības ierobežojumi.

Lai apstiprinātu informāciju, atveriet pārbaudes sadaļu.

Ar cieņu,
Atbalsta komanda.",phishing
Svarīgs klienta paziņojums,"Labdien, cienījamais klient!

Kontam ir nepieciešama papildu drošības pārbaude.
Lūdzu, apstipriniet savu konta informāciju.

Papildu informācija par pārbaudi ir pieejama konta sadaļā.

Pārbaudi ieteicams pabeigt tuvākajā laikā. Lai turpinātu, izmantojiet norādīto pārbaudes iespēju.

Paldies, ka izmantojat mūsu pakalpojumus.",phishing
Identitātes pārbaude,"Svarīgs paziņojums!

Vēlamies informēt par izmaiņām jūsu konta drošības statusā. Jūsu konta drošības statuss ir jāapstiprina.

Veiciet norādīto pārbaudi, lai atjaunotu pilnu piekļuvi. Izmantojiet konta pārbaudes iespēju, lai turpinātu.

Lūdzu, pievērsiet šim paziņojumam uzmanību.

Paldies par sapratni.",phishing
Svarīgs drošības paziņojums,"Sveiki!

Mūsu sistēma ir konstatējusi neparastu aktivitāti jūsu kontā.
Lai atjaunotu piekļuvi, nepieciešams apstiprināt konta statusu.

Papildu informācija par pārbaudi ir pieejama konta sadaļā.

Lūdzu, neatlieciet šo pārbaudi. Konta pārbaudi var pabeigt, izmantojot zemāk norādīto darbību.

Paldies par sapratni.",phishing
Nepieciešama tūlītēja darbība,"Labdien, cienījamais klient!

Mūsu sistēmā ir reģistrēta neparasta piekļuves darbība.
Lūdzu, apstipriniet savu konta informāciju.

Drošības pārbaude ir nepieciešama, lai aizsargātu jūsu kontu.

Nepieciešams rīkoties pirms konta statusa maiņas. Apstiprināšanas process ir pieejams konta pārbaudes sadaļā.

Paldies par sapratni.",phishing
Jūsu konts ir ierobežots,"Svarīgs paziņojums!

Svarīga informācija par jūsu kontu.

Kontam ir nepieciešama papildu drošības pārbaude. Šī darbība ir saistīta ar jūsu konta drošību.

Lūdzu, veiciet nepieciešamo pārbaudi pēc iespējas ātrāk.
Lai turpinātu, izmantojiet norādīto pārbaudes iespēju.

Pretējā gadījumā var tikt piemēroti papildu drošības ierobežojumi.

Ar cieņu,
Konta drošības komanda.",phishing
Konta darbības apstiprināšana,"Cienījamais klient!

Svarīga informācija par jūsu kontu.

Mūsu sistēmā ir reģistrēta neparasta piekļuves darbība. Šis ir automātiski nosūtīts paziņojums.

Lūdzu, pārbaudiet norādīto informāciju un apstipriniet darbību.
Lai turpinātu, izmantojiet norādīto pārbaudes iespēju.

Ja darbība netiks apstiprināta, konta izmantošana var būt ierobežota.

Paldies par sapratni.",phishing
Jūsu kontam nepieciešama pārbaude,"Svarīgs paziņojums!

Svarīga informācija par jūsu kontu.

Mūsu sistēma ir konstatējusi neparastu aktivitāti jūsu kontā. Atbildēt uz šo ziņojumu nav nepieciešams.

Lūdzu, pārbaudiet norādīto informāciju un apstipriniet darbību.
Konta pārbaudi var pabeigt, izmantojot zemāk norādīto darbību.

Pretējā gadījumā dažas konta funkcijas var kļūt nepieejamas.

Paldies par sapratni.",phishing
Nepieciešama konta pārbaude,"Cienījamais lietotāj!

Svarīga informācija par jūsu kontu.

Jūsu konta drošības statuss ir jāapstiprina. Šis ir automātiski nosūtīts paziņojums.

Lūdzu, apstipriniet savu konta informāciju.
Pabeidziet pārbaudi, izmantojot drošības sadaļu.

Pretējā gadījumā var tikt piemēroti papildu drošības ierobežojumi.

Paldies par sapratni.",phishing
Piekļuves atjaunošana,"Labdien, cienījamais klient!

Mūsu sistēma ir konstatējusi neparastu aktivitāti jūsu kontā.

Pārbaude tiek veikta drošības nolūkos. Lai turpinātu izmantot pakalpojumu, jāapstiprina jūsu informācija.

Ja darbība netiks apstiprināta, konta izmantošana var būt ierobežota. Lai atjaunotu piekļuvi, turpiniet ar konta pārbaudi.

Ar cieņu,
Atbalsta komanda.",phishing
Jūsu kontam nepieciešama pārbaude,"Labdien!

Jūsu konta drošības statuss ir jāapstiprina. Lai turpinātu izmantot pakalpojumu, jāapstiprina jūsu informācija. Pretējā gadījumā var tikt piemēroti papildu drošības ierobežojumi.

Lai atjaunotu piekļuvi, turpiniet ar konta pārbaudi.

Ar cieņu,
Klientu apkalpošanas nodaļa.",phishing
Darījuma pārbaude,"Labdien, cienījamais klient!

Vēlamies informēt par izmaiņām jūsu konta drošības statusā. Automātiskās pārbaudes laikā tika konstatēta nepieciešamība atjaunināt informāciju.

Lai atjaunotu piekļuvi, nepieciešams apstiprināt konta statusu. Lai apstiprinātu informāciju, atveriet pārbaudes sadaļu.

Ja darbība netiks apstiprināta, konta izmantošana var būt ierobežota.

Paldies, ka izmantojat mūsu pakalpojumus.",phishing
Konta pārbaudes termiņš,"Labdien!

Mūsu sistēma ir konstatējusi neparastu aktivitāti jūsu kontā.

Šis ir automātiski nosūtīts paziņojums. Lūdzu, pabeidziet drošības pārbaudi.

Pretējā gadījumā dažas konta funkcijas var kļūt nepieejamas. Izmantojiet konta pārbaudes iespēju, lai turpinātu.

Paldies, ka izmantojat mūsu pakalpojumus.",phishing
Maksājuma apstiprināšana,"Svarīgs paziņojums!

Vēlamies informēt par izmaiņām jūsu konta drošības statusā. Mūsu sistēma ir konstatējusi neparastu aktivitāti jūsu kontā.

Lūdzu, apstipriniet savu konta informāciju. Pabeidziet pārbaudi, izmantojot drošības sadaļu.

Ja darbība netiks apstiprināta, konta izmantošana var būt ierobežota.

Ar cieņu,
Konta drošības komanda.",phishing
Drošības sistēmas brīdinājums,"Cienījamais klient!

Automātiskās pārbaudes laikā tika konstatēta nepieciešamība atjaunināt informāciju.
Veiciet norādīto pārbaudi, lai atjaunotu pilnu piekļuvi.

Papildu informācija par pārbaudi ir pieejama konta sadaļā.

Pārbaudi ieteicams pabeigt tuvākajā laikā. Izmantojiet konta pārbaudes iespēju, lai turpinātu.

Paldies, ka izmantojat mūsu pakalpojumus.",phishing
Nepieciešama konta pārbaude,"Cienījamais klient!

Vēlamies informēt par izmaiņām jūsu konta drošības statusā. Jūsu konta drošības statuss ir jāapstiprina.

Lai atjaunotu piekļuvi, nepieciešams apstiprināt konta statusu. Lai apstiprinātu informāciju, atveriet pārbaudes sadaļu.

Pretējā gadījumā var tikt piemēroti papildu drošības ierobežojumi.

Ar cieņu,
Atbalsta komanda.",phishing
Steidzams paziņojums,"Cienījamais klient!

Svarīga informācija par jūsu kontu.

Jūsu konta drošības statuss ir jāapstiprina. Atbildēt uz šo ziņojumu nav nepieciešams.

Lūdzu, veiciet nepieciešamo pārbaudi pēc iespējas ātrāk.
Pabeidziet pārbaudi, izmantojot drošības sadaļu.

Nepieciešams rīkoties pirms konta statusa maiņas.

Paldies par sapratni.",phishing
Paziņojums par konta darbību,"Svarīgs paziņojums!

Mūsu sistēma ir konstatējusi neparastu aktivitāti jūsu kontā.
Lai atjaunotu piekļuvi, nepieciešams apstiprināt konta statusu.

Paziņojums ir nosūtīts automātiski.

Nepieciešams rīkoties pirms konta statusa maiņas. Izmantojiet konta pārbaudes iespēju, lai turpinātu.

Paldies, ka izmantojat mūsu pakalpojumus.",phishing
Nepieciešama tūlītēja darbība,"Labdien!

Svarīga informācija par jūsu kontu.

Jūsu profils pašlaik gaida papildu pārbaudi. Šī darbība ir saistīta ar jūsu konta drošību.

Lūdzu, pabeidziet drošības pārbaudi.
Konta pārbaudi var pabeigt, izmantojot zemāk norādīto darbību.

Lūdzu, pievērsiet šim paziņojumam uzmanību.

Ar cieņu,
Konta drošības komanda.",phishing
Pēdējais atgādinājums par kontu,"Sveiki, klient!

Svarīga informācija par jūsu kontu.

Jūsu konta drošības statuss ir jāapstiprina. Paziņojums ir nosūtīts automātiski.

Lai atjaunotu piekļuvi, nepieciešams apstiprināt konta statusu.
Lai turpinātu, izmantojiet norādīto pārbaudes iespēju.

Pretējā gadījumā dažas konta funkcijas var kļūt nepieejamas.

Ar cieņu,
Drošības nodaļa.",phishing
Darījuma pārbaude,"Sveiki, klient!

Sistēma nevarēja automātiski apstiprināt pēdējo darbību. Lūdzu, apstipriniet savu konta informāciju. Šo darbību nepieciešams veikt pēc iespējas ātrāk.

Lai atjaunotu piekļuvi, turpiniet ar konta pārbaudi.

Paldies, ka izmantojat mūsu pakalpojumus.",phishing
Jūsu kontam nepieciešama pārbaude,"Labdien, cienījamais klient!

Ir konstatēta darbība, kuru nepieciešams apstiprināt.

Paziņojums ir nosūtīts automātiski. Nepieciešams apstiprināt, ka konts joprojām pieder jums.

Nepieciešams rīkoties pirms konta statusa maiņas. Konta pārbaudi var pabeigt, izmantojot zemāk norādīto darbību.

Paldies par sapratni.",phishing
Drošības sistēmas brīdinājums,"Sveiki!

Ir konstatēta darbība, kuru nepieciešams apstiprināt. Lūdzu, pabeidziet drošības pārbaudi. Nepieciešams rīkoties pirms konta statusa maiņas.

Pabeidziet pārbaudi, izmantojot drošības sadaļu.

Ar cieņu,
Atbalsta komanda.",phishing
Darījuma pārbaude,"Labdien!

Vēlamies informēt par izmaiņām jūsu konta drošības statusā. Kontam ir nepieciešama papildu drošības pārbaude.

Lūdzu, veiciet nepieciešamo pārbaudi pēc iespējas ātrāk. Konta pārbaudi var pabeigt, izmantojot zemāk norādīto darbību.

Pretējā gadījumā var tikt piemēroti papildu drošības ierobežojumi.

Ar cieņu,
Atbalsta komanda.",phishing
Konta pārbaudes termiņš,"Cienījamais lietotāj!

Pēdējās konta darbības dēļ nepieciešama papildu pārbaude.
Lūdzu, pārbaudiet norādīto informāciju un apstipriniet darbību.

Drošības pārbaude ir nepieciešama, lai aizsargātu jūsu kontu.

Lūdzu, pievērsiet šim paziņojumam uzmanību. Lai atjaunotu piekļuvi, turpiniet ar konta pārbaudi.

Ar cieņu,
Konta drošības komanda.",phishing
Nepieciešama konta pārbaude,"Labdien!

Mūsu sistēmā ir reģistrēta neparasta piekļuves darbība. Veiciet norādīto pārbaudi, lai atjaunotu pilnu piekļuvi. Lūdzu, neatlieciet šo pārbaudi.

Lai atjaunotu piekļuvi, turpiniet ar konta pārbaudi.

Ar cieņu,
Konta drošības komanda.",phishing
Nepieciešama tūlītēja darbība,"Cienījamais klient!

Ir konstatēta iespējama neatbilstība konta informācijā.
Nepieciešams apstiprināt, ka konts joprojām pieder jums.

Papildu informācija par pārbaudi ir pieejama konta sadaļā.

Pretējā gadījumā dažas konta funkcijas var kļūt nepieejamas. Lai apstiprinātu informāciju, atveriet pārbaudes sadaļu.

Ar cieņu,
Konta drošības komanda.",phishing
Konta piekļuves problēma,"Labdien!

Jūsu konta drošības statuss ir jāapstiprina.
Lūdzu, veiciet nepieciešamo pārbaudi pēc iespējas ātrāk.

Atbildēt uz šo ziņojumu nav nepieciešams.

Lūdzu, pievērsiet šim paziņojumam uzmanību. Lai atjaunotu piekļuvi, turpiniet ar konta pārbaudi.

Ar cieņu,
Klientu apkalpošanas nodaļa.",phishing
Pēdējais atgādinājums par kontu,"Labdien, cienījamais klient!

Svarīga informācija par jūsu kontu.

Mūsu sistēmā ir reģistrēta neparasta piekļuves darbība. Drošības pārbaude ir nepieciešama, lai aizsargātu jūsu kontu.

Lai turpinātu izmantot kontu, nepieciešams veikt pārbaudi.
Lai turpinātu, izmantojiet norādīto pārbaudes iespēju.

Nepieciešams rīkoties pirms konta statusa maiņas.

Ar cieņu,
Konta drošības komanda.",phishing
Neparasta aktivitāte kontā,"Sveiki, klient!

Ir konstatēta darbība, kuru nepieciešams apstiprināt. Lai atjaunotu piekļuvi, nepieciešams apstiprināt konta statusu. Nepieciešams rīkoties pirms konta statusa maiņas.

Pabeidziet pārbaudi, izmantojot drošības sadaļu.

Ar cieņu,
Klientu apkalpošanas nodaļa.",phishing
Neapstiprināta darbība,"Cienījamais lietotāj!

Ir konstatēta darbība, kuru nepieciešams apstiprināt.

Šī darbība ir saistīta ar jūsu konta drošību. Lūdzu, pabeidziet drošības pārbaudi.

Pārbaudi ieteicams pabeigt tuvākajā laikā. Lai atjaunotu piekļuvi, turpiniet ar konta pārbaudi.

Ar cieņu,
Klientu apkalpošanas nodaļa.",phishing
Jūsu profils ir jāatjauno,"Sveiki!

Automātiskās pārbaudes laikā tika konstatēta nepieciešamība atjaunināt informāciju. Lai turpinātu izmantot kontu, nepieciešams veikt pārbaudi. Nepieciešams rīkoties pirms konta statusa maiņas.

Lai apstiprinātu informāciju, atveriet pārbaudes sadaļu.

Paldies par sadarbību.",phishing
Svarīga informācija par jūsu kontu,"Sveiki, klient!

Automātiskā sistēma ir atzīmējusi jūsu kontu pārbaudei.

Atbildēt uz šo ziņojumu nav nepieciešams. Lai turpinātu izmantot pakalpojumu, jāapstiprina jūsu informācija.

Pretējā gadījumā var tikt piemēroti papildu drošības ierobežojumi. Lai turpinātu, izmantojiet norādīto pārbaudes iespēju.

Ar cieņu,
Klientu apkalpošanas nodaļa.",phishing
Drošības sistēmas brīdinājums,"Labdien, cienījamais klient!

Jūsu konta drošības statuss ir jāapstiprina. Lai izvairītos no piekļuves ierobežošanas, apstipriniet konta datus. Pretējā gadījumā dažas konta funkcijas var kļūt nepieejamas.

Konta pārbaudi var pabeigt, izmantojot zemāk norādīto darbību.

Ar cieņu,
Atbalsta komanda.",phishing
Apstipriniet konta informāciju,"Sveiki!

Pēdējās konta darbības dēļ nepieciešama papildu pārbaude. Lai atjaunotu piekļuvi, nepieciešams apstiprināt konta statusu. Pretējā gadījumā dažas konta funkcijas var kļūt nepieejamas.

Izmantojiet konta pārbaudes iespēju, lai turpinātu.

Ar cieņu,
Konta drošības komanda.",phishing
Nepieciešama tūlītēja darbība,"Labdien!

Vēlamies informēt par izmaiņām jūsu konta drošības statusā. Sistēma nevarēja automātiski apstiprināt pēdējo darbību.

Lai atjaunotu piekļuvi, nepieciešams apstiprināt konta statusu. Izmantojiet konta pārbaudes iespēju, lai turpinātu.

Pārbaudes termiņš ir ierobežots.

Ar cieņu,
Drošības nodaļa.",phishing
Neapstiprināta darbība,"Labdien!

Svarīga informācija par jūsu kontu.

Sistēma nevarēja automātiski apstiprināt pēdējo darbību. Papildu informācija par pārbaudi ir pieejama konta sadaļā.

Lūdzu, pārbaudiet norādīto informāciju un apstipriniet darbību.
Izmantojiet konta pārbaudes iespēju, lai turpinātu.

Pretējā gadījumā dažas konta funkcijas var kļūt nepieejamas.

Paldies, ka izmantojat mūsu pakalpojumus.",phishing
Svarīga informācija par jūsu kontu,"Svarīgs paziņojums!

Vēlamies informēt par izmaiņām jūsu konta drošības statusā. Jūsu profils pašlaik gaida papildu pārbaudi.

Lūdzu, apstipriniet savu konta informāciju. Lai apstiprinātu informāciju, atveriet pārbaudes sadaļu.

Ja darbība netiks apstiprināta, konta izmantošana var būt ierobežota.

Ar cieņu,
Konta drošības komanda.",phishing
Svarīgs drošības paziņojums,"Labdien!

Ir konstatēta iespējama neatbilstība konta informācijā.

Paziņojums ir nosūtīts automātiski. Lūdzu, pārbaudiet norādīto informāciju un apstipriniet darbību.

Ja pārbaude netiks veikta, piekļuve kontam var tikt ierobežota. Lai atjaunotu piekļuvi, turpiniet ar konta pārbaudi.

Paldies, ka izmantojat mūsu pakalpojumus.",phishing
Apstipriniet konta informāciju,"Labdien!

Mūsu sistēmā ir reģistrēta neparasta piekļuves darbība. Lūdzu, apstipriniet savu konta informāciju. Lūdzu, neatlieciet šo pārbaudi.

Pabeidziet pārbaudi, izmantojot drošības sadaļu.

Paldies, ka izmantojat mūsu pakalpojumus.",phishing
Pēdējais atgādinājums par kontu,"Labdien!

Svarīga informācija par jūsu kontu.

Ir konstatēta iespējama neatbilstība konta informācijā. Drošības pārbaude ir nepieciešama, lai aizsargātu jūsu kontu.

Lūdzu, pabeidziet drošības pārbaudi.
Lai atjaunotu piekļuvi, turpiniet ar konta pārbaudi.

Ja pārbaude netiks veikta, piekļuve kontam var tikt ierobežota.

Paldies, ka izmantojat mūsu pakalpojumus.",phishing
Neparasta aktivitāte kontā,"Sveiki!

Drošības sistēma ir pamanījusi aizdomīgu darbību.
Veiciet norādīto pārbaudi, lai atjaunotu pilnu piekļuvi.

Šī darbība ir saistīta ar jūsu konta drošību.

Ja darbība netiks apstiprināta, konta izmantošana var būt ierobežota. Pabeidziet pārbaudi, izmantojot drošības sadaļu.

Ar cieņu,
Atbalsta komanda.",phishing
Konta piekļuves problēma,"Svarīgs paziņojums!

Vēlamies informēt par izmaiņām jūsu konta drošības statusā. Drošības sistēma ir pamanījusi aizdomīgu darbību.

Nepieciešams apstiprināt, ka konts joprojām pieder jums. Apstiprināšanas process ir pieejams konta pārbaudes sadaļā.

Pārbaudi ieteicams pabeigt tuvākajā laikā.

Ar cieņu,
Konta drošības komanda.",phishing
Svarīga informācija par jūsu kontu,"Cienījamais lietotāj!

Mūsu sistēmā ir reģistrēta neparasta piekļuves darbība.
Veiciet norādīto pārbaudi, lai atjaunotu pilnu piekļuvi.

Papildu informācija par pārbaudi ir pieejama konta sadaļā.

Pārbaudi ieteicams pabeigt tuvākajā laikā. Izmantojiet konta pārbaudes iespēju, lai turpinātu.

Paldies par sapratni.",phishing
Neparasta aktivitāte kontā,"Svarīgs paziņojums!

Svarīga informācija par jūsu kontu.

Mūsu sistēmā ir reģistrēta neparasta piekļuves darbība. Pārbaude tiek veikta drošības nolūkos.

Lai turpinātu izmantot kontu, nepieciešams veikt pārbaudi.
Apstiprināšanas process ir pieejams konta pārbaudes sadaļā.

Lūdzu, pievērsiet šim paziņojumam uzmanību.

Paldies par sadarbību.",phishing
Svarīgs klienta paziņojums,"Sveiki, klient!

Drošības sistēma ir pamanījusi aizdomīgu darbību.

Lūdzu, saglabājiet šo paziņojumu turpmākai atsaucei. Lūdzu, pabeidziet drošības pārbaudi.

Pārbaudes termiņš ir ierobežots. Izmantojiet konta pārbaudes iespēju, lai turpinātu.

Ar cieņu,
Klientu apkalpošanas nodaļa.",phishing
Konta pārbaudes termiņš,"Labdien!

Jūsu profils pašlaik gaida papildu pārbaudi.

Atbildēt uz šo ziņojumu nav nepieciešams. Lūdzu, apstipriniet savu konta informāciju.

Nepieciešams rīkoties pirms konta statusa maiņas. Konta pārbaudi var pabeigt, izmantojot zemāk norādīto darbību.

Ar cieņu,
Klientu apkalpošanas nodaļa.",phishing
Drošības pārbaude,"Labdien, cienījamais klient!

Ir konstatēta iespējama neatbilstība konta informācijā.
Lai atjaunotu piekļuvi, nepieciešams apstiprināt konta statusu.

Pārbaude tiek veikta drošības nolūkos.

Nepieciešams rīkoties pirms konta statusa maiņas. Konta pārbaudi var pabeigt, izmantojot zemāk norādīto darbību.

Ar cieņu,
Atbalsta komanda.",phishing
Konta piekļuves problēma,"Sveiki, klient!

Drošības sistēma ir pamanījusi aizdomīgu darbību. Lai turpinātu izmantot pakalpojumu, jāapstiprina jūsu informācija. Ja pārbaude netiks veikta, piekļuve kontam var tikt ierobežota.

Lai turpinātu, izmantojiet norādīto pārbaudes iespēju.

Ar cieņu,
Drošības nodaļa.",phishing
Jūsu kontam nepieciešama pārbaude,"Sveiki, klient!

Mūsu sistēmā ir reģistrēta neparasta piekļuves darbība.

Paziņojums ir nosūtīts automātiski. Lūdzu, apstipriniet savu konta informāciju.

Lūdzu, pievērsiet šim paziņojumam uzmanību. Apstiprināšanas process ir pieejams konta pārbaudes sadaļā.

Paldies, ka izmantojat mūsu pakalpojumus.",phishing
Drošības sistēmas brīdinājums,"Cienījamais klient!

Vēlamies informēt par izmaiņām jūsu konta drošības statusā. Sistēma nevarēja automātiski apstiprināt pēdējo darbību.

Lai turpinātu izmantot kontu, nepieciešams veikt pārbaudi. Lai apstiprinātu informāciju, atveriet pārbaudes sadaļu.

Lūdzu, pievērsiet šim paziņojumam uzmanību.

Ar cieņu,
Konta drošības komanda.",phishing
Drošības pārbaude,"Cienījamais lietotāj!

Pēdējās konta darbības dēļ nepieciešama papildu pārbaude.

Drošības pārbaude ir nepieciešama, lai aizsargātu jūsu kontu. Lai izvairītos no piekļuves ierobežošanas, apstipriniet konta datus.

Šo darbību nepieciešams veikt pēc iespējas ātrāk. Konta pārbaudi var pabeigt, izmantojot zemāk norādīto darbību.

Ar cieņu,
Atbalsta komanda.",phishing
Drošības pārbaude,"Sveiki!

Kontam ir nepieciešama papildu drošības pārbaude.

Šī darbība ir saistīta ar jūsu konta drošību. Lūdzu, pabeidziet drošības pārbaudi.

Lūdzu, neatlieciet šo pārbaudi. Pabeidziet pārbaudi, izmantojot drošības sadaļu.

Ar cieņu,
Konta drošības komanda.",phishing
Drošības pārbaude,"Labdien!

Automātiskās pārbaudes laikā tika konstatēta nepieciešamība atjaunināt informāciju.
Lai turpinātu izmantot pakalpojumu, jāapstiprina jūsu informācija.

Lūdzu, saglabājiet šo paziņojumu turpmākai atsaucei.

Šo darbību nepieciešams veikt pēc iespējas ātrāk. Konta pārbaudi var pabeigt, izmantojot zemāk norādīto darbību.

Ar cieņu,
Drošības nodaļa.",phishing
Svarīgs drošības paziņojums,"Sveiki!

Mūsu sistēma ir konstatējusi neparastu aktivitāti jūsu kontā.

Atbildēt uz šo ziņojumu nav nepieciešams. Lai turpinātu izmantot kontu, nepieciešams veikt pārbaudi.

Lūdzu, pievērsiet šim paziņojumam uzmanību. Izmantojiet konta pārbaudes iespēju, lai turpinātu.

Ar cieņu,
Klientu apkalpošanas nodaļa.",phishing
Neparasta aktivitāte kontā,"Svarīgs paziņojums!

Jūsu konta drošības statuss ir jāapstiprina.

Lūdzu, saglabājiet šo paziņojumu turpmākai atsaucei. Lūdzu, pabeidziet drošības pārbaudi.

Ja pārbaude netiks veikta, piekļuve kontam var tikt ierobežota. Lai apstiprinātu informāciju, atveriet pārbaudes sadaļu.

Ar cieņu,
Drošības nodaļa.",phishing
Jūsu kontam nepieciešama pārbaude,"Labdien, cienījamais klient!

Mūsu sistēmā ir reģistrēta neparasta piekļuves darbība.

Atbildēt uz šo ziņojumu nav nepieciešams. Lai atjaunotu piekļuvi, nepieciešams apstiprināt konta statusu.

Nepieciešams rīkoties pirms konta statusa maiņas. Pabeidziet pārbaudi, izmantojot drošības sadaļu.

Ar cieņu,
Konta drošības komanda.",phishing
Paziņojums par konta darbību,"Sveiki, klient!

Vēlamies informēt par izmaiņām jūsu konta drošības statusā. Sistēma nevarēja automātiski apstiprināt pēdējo darbību.

Lai atjaunotu piekļuvi, nepieciešams apstiprināt konta statusu. Pabeidziet pārbaudi, izmantojot drošības sadaļu.

Pretējā gadījumā dažas konta funkcijas var kļūt nepieejamas.

Ar cieņu,
Drošības nodaļa.",phishing
Brīdinājums par kontu,"Sveiki, klient!

Svarīga informācija par jūsu kontu.

Automātiskās pārbaudes laikā tika konstatēta nepieciešamība atjaunināt informāciju. Paziņojums ir nosūtīts automātiski.

Lai turpinātu izmantot pakalpojumu, jāapstiprina jūsu informācija.
Konta pārbaudi var pabeigt, izmantojot zemāk norādīto darbību.

Šo darbību nepieciešams veikt pēc iespējas ātrāk.

Ar cieņu,
Klientu apkalpošanas nodaļa.",phishing
Brīdinājums par kontu,"Svarīgs paziņojums!

Kontam ir nepieciešama papildu drošības pārbaude. Lai turpinātu izmantot kontu, nepieciešams veikt pārbaudi. Ja pārbaude netiks veikta, piekļuve kontam var tikt ierobežota.

Izmantojiet konta pārbaudes iespēju, lai turpinātu.

Paldies, ka izmantojat mūsu pakalpojumus.",phishing
Konta piekļuves problēma,"Cienījamais lietotāj!

Automātiskās pārbaudes laikā tika konstatēta nepieciešamība atjaunināt informāciju.

Paziņojums ir nosūtīts automātiski. Lai turpinātu izmantot pakalpojumu, jāapstiprina jūsu informācija.

Lūdzu, neatlieciet šo pārbaudi. Lai atjaunotu piekļuvi, turpiniet ar konta pārbaudi.

Paldies par sapratni.",phishing
Jūsu profils ir jāatjauno,"Labdien!

Vēlamies informēt par izmaiņām jūsu konta drošības statusā. Drošības sistēma ir pamanījusi aizdomīgu darbību.

Lai izvairītos no piekļuves ierobežošanas, apstipriniet konta datus. Apstiprināšanas process ir pieejams konta pārbaudes sadaļā.

Pārbaudes termiņš ir ierobežots.

Ar cieņu,
Konta drošības komanda.",phishing
Brīdinājums par kontu,"Svarīgs paziņojums!

Svarīga informācija par jūsu kontu.

Mūsu sistēmā ir reģistrēta neparasta piekļuves darbība. Šī darbība ir saistīta ar jūsu konta drošību.

Lūdzu, pabeidziet drošības pārbaudi.
Lai apstiprinātu informāciju, atveriet pārbaudes sadaļu.

Nepieciešams rīkoties pirms konta statusa maiņas.

Ar cieņu,
Klientu apkalpošanas nodaļa.",phishing
Jūsu kontam nepieciešama pārbaude,"Cienījamais klient!

Vēlamies informēt par izmaiņām jūsu konta drošības statusā. Sistēma nevarēja automātiski apstiprināt pēdējo darbību.

Lai turpinātu izmantot pakalpojumu, jāapstiprina jūsu informācija. Pabeidziet pārbaudi, izmantojot drošības sadaļu.

Pretējā gadījumā var tikt piemēroti papildu drošības ierobežojumi.

Paldies par sadarbību.",phishing
Pēdējais atgādinājums par kontu,"Svarīgs paziņojums!

Jūsu profils pašlaik gaida papildu pārbaudi.

Papildu informācija par pārbaudi ir pieejama konta sadaļā. Lai atjaunotu piekļuvi, nepieciešams apstiprināt konta statusu.

Ja pārbaude netiks veikta, piekļuve kontam var tikt ierobežota. Lai atjaunotu piekļuvi, turpiniet ar konta pārbaudi.

Ar cieņu,
Atbalsta komanda.",phishing
Jūsu konts ir ierobežots,"Labdien, cienījamais klient!

Automātiskā sistēma ir atzīmējusi jūsu kontu pārbaudei. Lūdzu, pārbaudiet norādīto informāciju un apstipriniet darbību. Pārbaudi ieteicams pabeigt tuvākajā laikā.

Lai atjaunotu piekļuvi, turpiniet ar konta pārbaudi.

Paldies, ka izmantojat mūsu pakalpojumus.",phishing
Konta piekļuves problēma,"Labdien!

Mūsu sistēmā ir reģistrēta neparasta piekļuves darbība. Lūdzu, apstipriniet savu konta informāciju. Lūdzu, neatlieciet šo pārbaudi.

Lai apstiprinātu informāciju, atveriet pārbaudes sadaļu.

Paldies par sapratni.",phishing
Drošības pārbaude,"Sveiki!

Ir konstatēta iespējama neatbilstība konta informācijā.

Drošības pārbaude ir nepieciešama, lai aizsargātu jūsu kontu. Veiciet norādīto pārbaudi, lai atjaunotu pilnu piekļuvi.

Šo darbību nepieciešams veikt pēc iespējas ātrāk. Lai apstiprinātu informāciju, atveriet pārbaudes sadaļu.

Ar cieņu,
Atbalsta komanda.",phishing
Darījuma pārbaude,"Labdien!

Drošības sistēma ir pamanījusi aizdomīgu darbību.

Šī darbība ir saistīta ar jūsu konta drošību. Lai izvairītos no piekļuves ierobežošanas, apstipriniet konta datus.

Lūdzu, neatlieciet šo pārbaudi. Lai atjaunotu piekļuvi, turpiniet ar konta pārbaudi.

Ar cieņu,
Konta drošības komanda.",phishing
Apstipriniet konta informāciju,"Sveiki, klient!

Ir konstatēta darbība, kuru nepieciešams apstiprināt.

Paziņojums ir nosūtīts automātiski. Lai izvairītos no piekļuves ierobežošanas, apstipriniet konta datus.

Ja pārbaude netiks veikta, piekļuve kontam var tikt ierobežota. Pabeidziet pārbaudi, izmantojot drošības sadaļu.

Ar cieņu,
Atbalsta komanda.",phishing
Pēdējais atgādinājums par kontu,"Cienījamais lietotāj!

Sistēma nevarēja automātiski apstiprināt pēdējo darbību.

Atbildēt uz šo ziņojumu nav nepieciešams. Lūdzu, veiciet nepieciešamo pārbaudi pēc iespējas ātrāk.

Pretējā gadījumā dažas konta funkcijas var kļūt nepieejamas. Lai atjaunotu piekļuvi, turpiniet ar konta pārbaudi.

Paldies par sapratni.",phishing
Drošības pārbaude,"Labdien, cienījamais klient!

Vēlamies informēt par izmaiņām jūsu konta drošības statusā. Drošības sistēma ir pamanījusi aizdomīgu darbību.

Lai atjaunotu piekļuvi, nepieciešams apstiprināt konta statusu. Lai turpinātu, izmantojiet norādīto pārbaudes iespēju.

Pretējā gadījumā var tikt piemēroti papildu drošības ierobežojumi.

Ar cieņu,
Konta drošības komanda.",phishing
Steidzams paziņojums,"Sveiki, klient!

Ir konstatēta darbība, kuru nepieciešams apstiprināt.
Lai turpinātu izmantot kontu, nepieciešams veikt pārbaudi.

Atbildēt uz šo ziņojumu nav nepieciešams.

Pārbaudi ieteicams pabeigt tuvākajā laikā. Izmantojiet konta pārbaudes iespēju, lai turpinātu.

Paldies par sadarbību.",phishing
Identitātes pārbaude,"Labdien, cienījamais klient!

Ir konstatēta darbība, kuru nepieciešams apstiprināt.
Lai turpinātu izmantot kontu, nepieciešams veikt pārbaudi.

Šis ir automātiski nosūtīts paziņojums.

Pretējā gadījumā var tikt piemēroti papildu drošības ierobežojumi. Lai atjaunotu piekļuvi, turpiniet ar konta pārbaudi.

Paldies par sadarbību.",phishing
Nepieciešama konta pārbaude,"Cienījamais klient!

Svarīga informācija par jūsu kontu.

Jūsu konta drošības statuss ir jāapstiprina. Atbildēt uz šo ziņojumu nav nepieciešams.

Lai izvairītos no piekļuves ierobežošanas, apstipriniet konta datus.
Apstiprināšanas process ir pieejams konta pārbaudes sadaļā.

Šo darbību nepieciešams veikt pēc iespējas ātrāk.

Paldies par sadarbību.",phishing
Nepieciešama konta pārbaude,"Svarīgs paziņojums!

Jūsu konta drošības statuss ir jāapstiprina.
Lai turpinātu izmantot kontu, nepieciešams veikt pārbaudi.

Pārbaude tiek veikta drošības nolūkos.

Lūdzu, pievērsiet šim paziņojumam uzmanību. Lai turpinātu, izmantojiet norādīto pārbaudes iespēju.

Ar cieņu,
Konta drošības komanda.",phishing
Svarīga informācija par jūsu kontu,"Labdien!

Automātiskā sistēma ir atzīmējusi jūsu kontu pārbaudei.
Lai turpinātu izmantot pakalpojumu, jāapstiprina jūsu informācija.

Papildu informācija par pārbaudi ir pieejama konta sadaļā.

Ja pārbaude netiks veikta, piekļuve kontam var tikt ierobežota. Lai atjaunotu piekļuvi, turpiniet ar konta pārbaudi.

Ar cieņu,
Atbalsta komanda.",phishing
Pēdējais atgādinājums par kontu,"Labdien!

Mūsu sistēma ir konstatējusi neparastu aktivitāti jūsu kontā.
Lai turpinātu izmantot kontu, nepieciešams veikt pārbaudi.

Lūdzu, saglabājiet šo paziņojumu turpmākai atsaucei.

Lūdzu, pievērsiet šim paziņojumam uzmanību. Apstiprināšanas process ir pieejams konta pārbaudes sadaļā.

Paldies par sadarbību.",phishing
Darījuma pārbaude,"Labdien!

Jūsu konta drošības statuss ir jāapstiprina.

Paziņojums ir nosūtīts automātiski. Lai atjaunotu piekļuvi, nepieciešams apstiprināt konta statusu.

Pretējā gadījumā dažas konta funkcijas var kļūt nepieejamas. Pabeidziet pārbaudi, izmantojot drošības sadaļu.

Ar cieņu,
Klientu apkalpošanas nodaļa.",phishing
Drošības pārbaude,"Labdien, cienījamais klient!

Ir konstatēta iespējama neatbilstība konta informācijā.

Paziņojums ir nosūtīts automātiski. Lūdzu, pabeidziet drošības pārbaudi.

Šo darbību nepieciešams veikt pēc iespējas ātrāk. Konta pārbaudi var pabeigt, izmantojot zemāk norādīto darbību.

Ar cieņu,
Konta drošības komanda.",phishing
Darījuma pārbaude,"Cienījamais lietotāj!

Ir konstatēta iespējama neatbilstība konta informācijā. Lai turpinātu izmantot pakalpojumu, jāapstiprina jūsu informācija. Pretējā gadījumā var tikt piemēroti papildu drošības ierobežojumi.

Apstiprināšanas process ir pieejams konta pārbaudes sadaļā.

Ar cieņu,
Atbalsta komanda.",phishing
Svarīgs klienta paziņojums,"Sveiki!

Vēlamies informēt par izmaiņām jūsu konta drošības statusā. Jūsu profils pašlaik gaida papildu pārbaudi.

Lai atjaunotu piekļuvi, nepieciešams apstiprināt konta statusu. Izmantojiet konta pārbaudes iespēju, lai turpinātu.

Pārbaudes termiņš ir ierobežots.

Paldies, ka izmantojat mūsu pakalpojumus.",phishing
Svarīgs drošības paziņojums,"Cienījamais lietotāj!

Kontam ir nepieciešama papildu drošības pārbaude.
Lai turpinātu izmantot kontu, nepieciešams veikt pārbaudi.

Lūdzu, saglabājiet šo paziņojumu turpmākai atsaucei.

Pārbaudes termiņš ir ierobežots. Pabeidziet pārbaudi, izmantojot drošības sadaļu.

Paldies par sadarbību.",phishing
Neapstiprināta darbība,"Cienījamais lietotāj!

Ir konstatēta darbība, kuru nepieciešams apstiprināt. Lūdzu, veiciet nepieciešamo pārbaudi pēc iespējas ātrāk. Nepieciešams rīkoties pirms konta statusa maiņas.

Lai turpinātu, izmantojiet norādīto pārbaudes iespēju.

Ar cieņu,
Atbalsta komanda.",phishing
Paziņojums par konta darbību,"Labdien!

Vēlamies informēt par izmaiņām jūsu konta drošības statusā. Automātiskā sistēma ir atzīmējusi jūsu kontu pārbaudei.

Lai atjaunotu piekļuvi, nepieciešams apstiprināt konta statusu. Izmantojiet konta pārbaudes iespēju, lai turpinātu.

Pretējā gadījumā var tikt piemēroti papildu drošības ierobežojumi.

Ar cieņu,
Atbalsta komanda.",phishing
Svarīgs drošības paziņojums,"Labdien, cienījamais klient!

Mūsu sistēma ir konstatējusi neparastu aktivitāti jūsu kontā.

Šis ir automātiski nosūtīts paziņojums. Lai turpinātu izmantot kontu, nepieciešams veikt pārbaudi.

Ja darbība netiks apstiprināta, konta izmantošana var būt ierobežota. Konta pārbaudi var pabeigt, izmantojot zemāk norādīto darbību.

Ar cieņu,
Drošības nodaļa.",phishing
Darījuma pārbaude,"Sveiki!

Vēlamies informēt par izmaiņām jūsu konta drošības statusā. Mūsu sistēma ir konstatējusi neparastu aktivitāti jūsu kontā.

Veiciet norādīto pārbaudi, lai atjaunotu pilnu piekļuvi. Lai atjaunotu piekļuvi, turpiniet ar konta pārbaudi.

Ja darbība netiks apstiprināta, konta izmantošana var būt ierobežota.

Ar cieņu,
Konta drošības komanda.",phishing
Pēdējais atgādinājums par kontu,"Sveiki!

Drošības sistēma ir pamanījusi aizdomīgu darbību.

Lūdzu, saglabājiet šo paziņojumu turpmākai atsaucei. Lai turpinātu izmantot pakalpojumu, jāapstiprina jūsu informācija.

Ja pārbaude netiks veikta, piekļuve kontam var tikt ierobežota. Pabeidziet pārbaudi, izmantojot drošības sadaļu.

Paldies, ka izmantojat mūsu pakalpojumus.",phishing
Paziņojums par konta darbību,"Svarīgs paziņojums!

Drošības sistēma ir pamanījusi aizdomīgu darbību.
Lūdzu, apstipriniet savu konta informāciju.

Paziņojums ir nosūtīts automātiski.

Šo darbību nepieciešams veikt pēc iespējas ātrāk. Pabeidziet pārbaudi, izmantojot drošības sadaļu.

Ar cieņu,
Drošības nodaļa.",phishing
Svarīgs drošības paziņojums,"Labdien!

Svarīga informācija par jūsu kontu.

Automātiskā sistēma ir atzīmējusi jūsu kontu pārbaudei. Atbildēt uz šo ziņojumu nav nepieciešams.

Lai izvairītos no piekļuves ierobežošanas, apstipriniet konta datus.
Konta pārbaudi var pabeigt, izmantojot zemāk norādīto darbību.

Pretējā gadījumā var tikt piemēroti papildu drošības ierobežojumi.

Ar cieņu,
Konta drošības komanda.",phishing
Maksājuma apstiprināšana,"Cienījamais lietotāj!

Svarīga informācija par jūsu kontu.

Jūsu konta drošības statuss ir jāapstiprina. Šis ir automātiski nosūtīts paziņojums.

Lūdzu, pabeidziet drošības pārbaudi.
Apstiprināšanas process ir pieejams konta pārbaudes sadaļā.

Ja darbība netiks apstiprināta, konta izmantošana var būt ierobežota.

Ar cieņu,
Atbalsta komanda.",phishing
Piekļuves atjaunošana,"Labdien, cienījamais klient!

Kontam ir nepieciešama papildu drošības pārbaude.

Lūdzu, saglabājiet šo paziņojumu turpmākai atsaucei. Lai turpinātu izmantot kontu, nepieciešams veikt pārbaudi.

Pārbaudi ieteicams pabeigt tuvākajā laikā. Lai atjaunotu piekļuvi, turpiniet ar konta pārbaudi.

Ar cieņu,
Konta drošības komanda.",phishing
Steidzams paziņojums,"Svarīgs paziņojums!

Vēlamies informēt par izmaiņām jūsu konta drošības statusā. Sistēma nevarēja automātiski apstiprināt pēdējo darbību.

Veiciet norādīto pārbaudi, lai atjaunotu pilnu piekļuvi. Pabeidziet pārbaudi, izmantojot drošības sadaļu.

Pretējā gadījumā dažas konta funkcijas var kļūt nepieejamas.

Ar cieņu,
Drošības nodaļa.",phishing
Jūsu konts ir ierobežots,"Labdien!

Vēlamies informēt par izmaiņām jūsu konta drošības statusā. Automātiskās pārbaudes laikā tika konstatēta nepieciešamība atjaunināt informāciju.

Lai turpinātu izmantot kontu, nepieciešams veikt pārbaudi. Lai turpinātu, izmantojiet norādīto pārbaudes iespēju.

Pretējā gadījumā dažas konta funkcijas var kļūt nepieejamas.

Ar cieņu,
Konta drošības komanda.",phishing
Nepieciešama tūlītēja darbība,"Cienījamais lietotāj!

Ir konstatēta darbība, kuru nepieciešams apstiprināt.
Lūdzu, veiciet nepieciešamo pārbaudi pēc iespējas ātrāk.

Paziņojums ir nosūtīts automātiski.

Pretējā gadījumā var tikt piemēroti papildu drošības ierobežojumi. Lai apstiprinātu informāciju, atveriet pārbaudes sadaļu.

Ar cieņu,
Klientu apkalpošanas nodaļa.",phishing
Konta piekļuves problēma,"Cienījamais lietotāj!

Svarīga informācija par jūsu kontu.

Mūsu sistēmā ir reģistrēta neparasta piekļuves darbība. Pārbaude tiek veikta drošības nolūkos.

Lūdzu, apstipriniet savu konta informāciju.
Pabeidziet pārbaudi, izmantojot drošības sadaļu.

Lūdzu, pievērsiet šim paziņojumam uzmanību.

Ar cieņu,
Drošības nodaļa.",phishing
Jūsu konts ir ierobežots,"Svarīgs paziņojums!

Mūsu sistēmā ir reģistrēta neparasta piekļuves darbība.

Paziņojums ir nosūtīts automātiski. Lai turpinātu izmantot kontu, nepieciešams veikt pārbaudi.

Lūdzu, pievērsiet šim paziņojumam uzmanību. Pabeidziet pārbaudi, izmantojot drošības sadaļu.

Paldies, ka izmantojat mūsu pakalpojumus.",phishing
Konta pārbaudes termiņš,"Sveiki, klient!

Svarīga informācija par jūsu kontu.

Mūsu sistēma ir konstatējusi neparastu aktivitāti jūsu kontā. Šis ir automātiski nosūtīts paziņojums.

Lūdzu, apstipriniet savu konta informāciju.
Lai atjaunotu piekļuvi, turpiniet ar konta pārbaudi.

Ja pārbaude netiks veikta, piekļuve kontam var tikt ierobežota.

Ar cieņu,
Konta drošības komanda.",phishing
Jūsu profils ir jāatjauno,"Labdien!

Automātiskā sistēma ir atzīmējusi jūsu kontu pārbaudei.

Papildu informācija par pārbaudi ir pieejama konta sadaļā. Lai turpinātu izmantot pakalpojumu, jāapstiprina jūsu informācija.

Ja pārbaude netiks veikta, piekļuve kontam var tikt ierobežota. Lai atjaunotu piekļuvi, turpiniet ar konta pārbaudi.

Paldies, ka izmantojat mūsu pakalpojumus.",phishing
Pēdējais atgādinājums par kontu,"Svarīgs paziņojums!

Svarīga informācija par jūsu kontu.

Sistēma nevarēja automātiski apstiprināt pēdējo darbību. Atbildēt uz šo ziņojumu nav nepieciešams.

Veiciet norādīto pārbaudi, lai atjaunotu pilnu piekļuvi.
Apstiprināšanas process ir pieejams konta pārbaudes sadaļā.

Ja darbība netiks apstiprināta, konta izmantošana var būt ierobežota.

Ar cieņu,
Atbalsta komanda.",phishing
Konta pārbaudes termiņš,"Sveiki, klient!

Jūsu profils pašlaik gaida papildu pārbaudi. Lūdzu, apstipriniet savu konta informāciju. Pretējā gadījumā var tikt piemēroti papildu drošības ierobežojumi.

Izmantojiet konta pārbaudes iespēju, lai turpinātu.

Paldies, ka izmantojat mūsu pakalpojumus.",phishing
Nepieciešama tūlītēja darbība,"Labdien!

Vēlamies informēt par izmaiņām jūsu konta drošības statusā. Automātiskā sistēma ir atzīmējusi jūsu kontu pārbaudei.

Lūdzu, pabeidziet drošības pārbaudi. Apstiprināšanas process ir pieejams konta pārbaudes sadaļā.

Pārbaudi ieteicams pabeigt tuvākajā laikā.

Ar cieņu,
Konta drošības komanda.",phishing
Darījuma pārbaude,"Svarīgs paziņojums!

Jūsu profils pašlaik gaida papildu pārbaudi.

Atbildēt uz šo ziņojumu nav nepieciešams. Lai izvairītos no piekļuves ierobežošanas, apstipriniet konta datus.

Pārbaudi ieteicams pabeigt tuvākajā laikā. Lai turpinātu, izmantojiet norādīto pārbaudes iespēju.

Paldies, ka izmantojat mūsu pakalpojumus.",phishing
Nepieciešama konta pārbaude,"Sveiki!

Jūsu konta drošības statuss ir jāapstiprina. Lai izvairītos no piekļuves ierobežošanas, apstipriniet konta datus. Pretējā gadījumā dažas konta funkcijas var kļūt nepieejamas.

Izmantojiet konta pārbaudes iespēju, lai turpinātu.

Ar cieņu,
Drošības nodaļa.",phishing
Konta pārbaudes termiņš,"Labdien!

Pēdējās konta darbības dēļ nepieciešama papildu pārbaude. Lai turpinātu izmantot kontu, nepieciešams veikt pārbaudi. Ja pārbaude netiks veikta, piekļuve kontam var tikt ierobežota.

Konta pārbaudi var pabeigt, izmantojot zemāk norādīto darbību.

Ar cieņu,
Konta drošības komanda.",phishing
Svarīgs drošības paziņojums,"Labdien, cienījamais klient!

Svarīga informācija par jūsu kontu.

Pēdējās konta darbības dēļ nepieciešama papildu pārbaude. Šis ir automātiski nosūtīts paziņojums.

Lūdzu, pārbaudiet norādīto informāciju un apstipriniet darbību.
Lai atjaunotu piekļuvi, turpiniet ar konta pārbaudi.

Nepieciešams rīkoties pirms konta statusa maiņas.

Paldies par sadarbību.",phishing
Steidzams paziņojums,"Labdien, cienījamais klient!

Vēlamies informēt par izmaiņām jūsu konta drošības statusā. Pēdējās konta darbības dēļ nepieciešama papildu pārbaude.

Lai izvairītos no piekļuves ierobežošanas, apstipriniet konta datus. Lai atjaunotu piekļuvi, turpiniet ar konta pārbaudi.

Pretējā gadījumā var tikt piemēroti papildu drošības ierobežojumi.

Paldies par sapratni.",phishing
Nepieciešama tūlītēja darbība,"Svarīgs paziņojums!

Sistēma nevarēja automātiski apstiprināt pēdējo darbību. Lai turpinātu izmantot pakalpojumu, jāapstiprina jūsu informācija. Ja pārbaude netiks veikta, piekļuve kontam var tikt ierobežota.

Apstiprināšanas process ir pieejams konta pārbaudes sadaļā.

Paldies, ka izmantojat mūsu pakalpojumus.",phishing
Konta darbības apstiprināšana,"Cienījamais lietotāj!

Svarīga informācija par jūsu kontu.

Ir konstatēta darbība, kuru nepieciešams apstiprināt. Šī darbība ir saistīta ar jūsu konta drošību.

Lai turpinātu izmantot kontu, nepieciešams veikt pārbaudi.
Lai turpinātu, izmantojiet norādīto pārbaudes iespēju.

Šo darbību nepieciešams veikt pēc iespējas ātrāk.

Paldies par sadarbību.",phishing
Svarīgs drošības paziņojums,"Labdien, cienījamais klient!

Ir konstatēta darbība, kuru nepieciešams apstiprināt.
Lai izvairītos no piekļuves ierobežošanas, apstipriniet konta datus.

Drošības pārbaude ir nepieciešama, lai aizsargātu jūsu kontu.

Pretējā gadījumā dažas konta funkcijas var kļūt nepieejamas. Konta pārbaudi var pabeigt, izmantojot zemāk norādīto darbību.

Ar cieņu,
Konta drošības komanda.",phishing
Konta darbības apstiprināšana,"Labdien!

Vēlamies informēt par izmaiņām jūsu konta drošības statusā. Pēdējās konta darbības dēļ nepieciešama papildu pārbaude.

Lai turpinātu izmantot pakalpojumu, jāapstiprina jūsu informācija. Lai atjaunotu piekļuvi, turpiniet ar konta pārbaudi.

Ja darbība netiks apstiprināta, konta izmantošana var būt ierobežota.

Ar cieņu,
Klientu apkalpošanas nodaļa.",phishing
Jūsu profils ir jāatjauno,"Cienījamais lietotāj!

Kontam ir nepieciešama papildu drošības pārbaude.
Lai izvairītos no piekļuves ierobežošanas, apstipriniet konta datus.

Paziņojums ir nosūtīts automātiski.

Pretējā gadījumā var tikt piemēroti papildu drošības ierobežojumi. Lai atjaunotu piekļuvi, turpiniet ar konta pārbaudi.

Ar cieņu,
Konta drošības komanda.",phishing
Darījuma pārbaude,"Labdien!

Svarīga informācija par jūsu kontu.

Drošības sistēma ir pamanījusi aizdomīgu darbību. Šis ir automātiski nosūtīts paziņojums.

Nepieciešams apstiprināt, ka konts joprojām pieder jums.
Apstiprināšanas process ir pieejams konta pārbaudes sadaļā.

Pretējā gadījumā var tikt piemēroti papildu drošības ierobežojumi.

Ar cieņu,
Klientu apkalpošanas nodaļa.",phishing
Nepieciešams apstiprinājums,"Labdien!

Automātiskās pārbaudes laikā tika konstatēta nepieciešamība atjaunināt informāciju.

Lūdzu, saglabājiet šo paziņojumu turpmākai atsaucei. Lūdzu, pārbaudiet norādīto informāciju un apstipriniet darbību.

Šo darbību nepieciešams veikt pēc iespējas ātrāk. Izmantojiet konta pārbaudes iespēju, lai turpinātu.

Ar cieņu,
Atbalsta komanda.",phishing
Steidzams paziņojums,"Labdien!

Ir konstatēta darbība, kuru nepieciešams apstiprināt.
Veiciet norādīto pārbaudi, lai atjaunotu pilnu piekļuvi.

Pārbaude tiek veikta drošības nolūkos.

Pretējā gadījumā dažas konta funkcijas var kļūt nepieejamas. Izmantojiet konta pārbaudes iespēju, lai turpinātu.

Paldies, ka izmantojat mūsu pakalpojumus.",phishing
Nepieciešama tūlītēja darbība,"Cienījamais klient!

Sistēma nevarēja automātiski apstiprināt pēdējo darbību. Nepieciešams apstiprināt, ka konts joprojām pieder jums. Lūdzu, pievērsiet šim paziņojumam uzmanību.

Konta pārbaudi var pabeigt, izmantojot zemāk norādīto darbību.

Paldies par sapratni.",phishing
Pēdējais atgādinājums par kontu,"Labdien, cienījamais klient!

Svarīga informācija par jūsu kontu.

Automātiskā sistēma ir atzīmējusi jūsu kontu pārbaudei. Šis ir automātiski nosūtīts paziņojums.

Lai turpinātu izmantot pakalpojumu, jāapstiprina jūsu informācija.
Lai apstiprinātu informāciju, atveriet pārbaudes sadaļu.

Šo darbību nepieciešams veikt pēc iespējas ātrāk.

Paldies par sapratni.",phishing
Apstipriniet konta informāciju,"Cienījamais klient!

Vēlamies informēt par izmaiņām jūsu konta drošības statusā. Ir konstatēta darbība, kuru nepieciešams apstiprināt.

Lūdzu, pabeidziet drošības pārbaudi. Pabeidziet pārbaudi, izmantojot drošības sadaļu.

Pārbaudi ieteicams pabeigt tuvākajā laikā.

Ar cieņu,
Drošības nodaļa.",phishing
Svarīga informācija par jūsu kontu,"Labdien!

Mūsu sistēmā ir reģistrēta neparasta piekļuves darbība.

Papildu informācija par pārbaudi ir pieejama konta sadaļā. Lai atjaunotu piekļuvi, nepieciešams apstiprināt konta statusu.

Šo darbību nepieciešams veikt pēc iespējas ātrāk. Pabeidziet pārbaudi, izmantojot drošības sadaļu.

Ar cieņu,
Konta drošības komanda.",phishing
Svarīgs klienta paziņojums,"Cienījamais klient!

Svarīga informācija par jūsu kontu.

Drošības sistēma ir pamanījusi aizdomīgu darbību. Pārbaude tiek veikta drošības nolūkos.

Lai atjaunotu piekļuvi, nepieciešams apstiprināt konta statusu.
Lai turpinātu, izmantojiet norādīto pārbaudes iespēju.

Lūdzu, neatlieciet šo pārbaudi.

Paldies par sadarbību.",phishing
Drošības pārbaude,"Labdien!

Svarīga informācija par jūsu kontu.

Jūsu profils pašlaik gaida papildu pārbaudi. Papildu informācija par pārbaudi ir pieejama konta sadaļā.

Lai izvairītos no piekļuves ierobežošanas, apstipriniet konta datus.
Izmantojiet konta pārbaudes iespēju, lai turpinātu.

Ja darbība netiks apstiprināta, konta izmantošana var būt ierobežota.

Paldies par sadarbību.",phishing
Nepieciešama tūlītēja darbība,"Cienījamais lietotāj!

Kontam ir nepieciešama papildu drošības pārbaude.

Šī darbība ir saistīta ar jūsu konta drošību. Lai atjaunotu piekļuvi, nepieciešams apstiprināt konta statusu.

Pārbaudi ieteicams pabeigt tuvākajā laikā. Apstiprināšanas process ir pieejams konta pārbaudes sadaļā.

Paldies, ka izmantojat mūsu pakalpojumus.",phishing
Drošības pārbaude,"Svarīgs paziņojums!

Ir konstatēta darbība, kuru nepieciešams apstiprināt.

Šī darbība ir saistīta ar jūsu konta drošību. Lai turpinātu izmantot kontu, nepieciešams veikt pārbaudi.

Ja pārbaude netiks veikta, piekļuve kontam var tikt ierobežota. Lai atjaunotu piekļuvi, turpiniet ar konta pārbaudi.

Ar cieņu,
Drošības nodaļa.",phishing
Jūsu kontam nepieciešama pārbaude,"Labdien, cienījamais klient!

Sistēma nevarēja automātiski apstiprināt pēdējo darbību. Lūdzu, apstipriniet savu konta informāciju. Pārbaudes termiņš ir ierobežots.

Lai turpinātu, izmantojiet norādīto pārbaudes iespēju.

Paldies, ka izmantojat mūsu pakalpojumus.",phishing
Jūsu profils ir jāatjauno,"Cienījamais klient!

Svarīga informācija par jūsu kontu.

Jūsu profils pašlaik gaida papildu pārbaudi. Atbildēt uz šo ziņojumu nav nepieciešams.

Lai turpinātu izmantot kontu, nepieciešams veikt pārbaudi.
Lai turpinātu, izmantojiet norādīto pārbaudes iespēju.

Pretējā gadījumā var tikt piemēroti papildu drošības ierobežojumi.

Ar cieņu,
Drošības nodaļa.",phishing
Brīdinājums par kontu,"Sveiki!

Svarīga informācija par jūsu kontu.

Mūsu sistēmā ir reģistrēta neparasta piekļuves darbība. Atbildēt uz šo ziņojumu nav nepieciešams.

Lai atjaunotu piekļuvi, nepieciešams apstiprināt konta statusu.
Izmantojiet konta pārbaudes iespēju, lai turpinātu.

Ja pārbaude netiks veikta, piekļuve kontam var tikt ierobežota.

Paldies par sadarbību.",phishing
Darījuma pārbaude,"Sveiki!

Mūsu sistēma ir konstatējusi neparastu aktivitāti jūsu kontā. Veiciet norādīto pārbaudi, lai atjaunotu pilnu piekļuvi. Pretējā gadījumā var tikt piemēroti papildu drošības ierobežojumi.

Pabeidziet pārbaudi, izmantojot drošības sadaļu.

Ar cieņu,
Drošības nodaļa.",phishing
Nepieciešama konta pārbaude,"Cienījamais lietotāj!

Automātiskās pārbaudes laikā tika konstatēta nepieciešamība atjaunināt informāciju.

Paziņojums ir nosūtīts automātiski. Lūdzu, pabeidziet drošības pārbaudi.

Pretējā gadījumā dažas konta funkcijas var kļūt nepieejamas. Lai apstiprinātu informāciju, atveriet pārbaudes sadaļu.

Paldies par sapratni.",phishing
Paziņojums par konta darbību,"Labdien!

Svarīga informācija par jūsu kontu.

Sistēma nevarēja automātiski apstiprināt pēdējo darbību. Šī darbība ir saistīta ar jūsu konta drošību.

Lai izvairītos no piekļuves ierobežošanas, apstipriniet konta datus.
Lai turpinātu, izmantojiet norādīto pārbaudes iespēju.

Pretējā gadījumā dažas konta funkcijas var kļūt nepieejamas.

Paldies, ka izmantojat mūsu pakalpojumus.",phishing
Konta darbības apstiprināšana,"Labdien!

Automātiskās pārbaudes laikā tika konstatēta nepieciešamība atjaunināt informāciju.
Lai atjaunotu piekļuvi, nepieciešams apstiprināt konta statusu.

Atbildēt uz šo ziņojumu nav nepieciešams.

Pretējā gadījumā var tikt piemēroti papildu drošības ierobežojumi. Konta pārbaudi var pabeigt, izmantojot zemāk norādīto darbību.

Paldies, ka izmantojat mūsu pakalpojumus.",phishing
Steidzams paziņojums,"Sveiki, klient!

Automātiskā sistēma ir atzīmējusi jūsu kontu pārbaudei.
Lai izvairītos no piekļuves ierobežošanas, apstipriniet konta datus.

Papildu informācija par pārbaudi ir pieejama konta sadaļā.

Lūdzu, neatlieciet šo pārbaudi. Lai apstiprinātu informāciju, atveriet pārbaudes sadaļu.

Ar cieņu,
Atbalsta komanda.",phishing
Konta pārbaudes termiņš,"Svarīgs paziņojums!

Svarīga informācija par jūsu kontu.

Kontam ir nepieciešama papildu drošības pārbaude. Pārbaude tiek veikta drošības nolūkos.

Lūdzu, veiciet nepieciešamo pārbaudi pēc iespējas ātrāk.
Lai apstiprinātu informāciju, atveriet pārbaudes sadaļu.

Lūdzu, pievērsiet šim paziņojumam uzmanību.

Ar cieņu,
Klientu apkalpošanas nodaļa.",phishing
Nepieciešama konta pārbaude,"Sveiki!

Vēlamies informēt par izmaiņām jūsu konta drošības statusā. Ir konstatēta iespējama neatbilstība konta informācijā.

Lūdzu, pabeidziet drošības pārbaudi. Lai turpinātu, izmantojiet norādīto pārbaudes iespēju.

Pretējā gadījumā var tikt piemēroti papildu drošības ierobežojumi.

Ar cieņu,
Drošības nodaļa.",phishing
Svarīga informācija par jūsu kontu,"Sveiki, klient!

Svarīga informācija par jūsu kontu.

Sistēma nevarēja automātiski apstiprināt pēdējo darbību. Šis ir automātiski nosūtīts paziņojums.

Lai turpinātu izmantot pakalpojumu, jāapstiprina jūsu informācija.
Apstiprināšanas process ir pieejams konta pārbaudes sadaļā.

Pārbaudes termiņš ir ierobežots.

Ar cieņu,
Atbalsta komanda.",phishing
Maksājuma apstiprināšana,"Labdien!

Svarīga informācija par jūsu kontu.

Kontam ir nepieciešama papildu drošības pārbaude. Atbildēt uz šo ziņojumu nav nepieciešams.

Lai turpinātu izmantot pakalpojumu, jāapstiprina jūsu informācija.
Lai turpinātu, izmantojiet norādīto pārbaudes iespēju.

Ja pārbaude netiks veikta, piekļuve kontam var tikt ierobežota.

Ar cieņu,
Konta drošības komanda.",phishing
Svarīgs drošības paziņojums,"Sveiki, klient!

Svarīga informācija par jūsu kontu.

Mūsu sistēma ir konstatējusi neparastu aktivitāti jūsu kontā. Lūdzu, saglabājiet šo paziņojumu turpmākai atsaucei.

Lai atjaunotu piekļuvi, nepieciešams apstiprināt konta statusu.
Izmantojiet konta pārbaudes iespēju, lai turpinātu.

Ja pārbaude netiks veikta, piekļuve kontam var tikt ierobežota.

Ar cieņu,
Drošības nodaļa.",phishing
Paziņojums par konta darbību,"Labdien!

Vēlamies informēt par izmaiņām jūsu konta drošības statusā. Sistēma nevarēja automātiski apstiprināt pēdējo darbību.

Lūdzu, pārbaudiet norādīto informāciju un apstipriniet darbību. Lai atjaunotu piekļuvi, turpiniet ar konta pārbaudi.

Nepieciešams rīkoties pirms konta statusa maiņas.

Ar cieņu,
Atbalsta komanda.",phishing
Konta piekļuves problēma,"Cienījamais lietotāj!

Vēlamies informēt par izmaiņām jūsu konta drošības statusā. Ir konstatēta darbība, kuru nepieciešams apstiprināt.

Lūdzu, pabeidziet drošības pārbaudi. Pabeidziet pārbaudi, izmantojot drošības sadaļu.

Ja darbība netiks apstiprināta, konta izmantošana var būt ierobežota.

Paldies par sapratni.",phishing
Darījuma pārbaude,"Labdien!

Ir konstatēta iespējama neatbilstība konta informācijā.
Nepieciešams apstiprināt, ka konts joprojām pieder jums.

Papildu informācija par pārbaudi ir pieejama konta sadaļā.

Ja pārbaude netiks veikta, piekļuve kontam var tikt ierobežota. Pabeidziet pārbaudi, izmantojot drošības sadaļu.

Paldies, ka izmantojat mūsu pakalpojumus.",phishing
Jūsu konts ir ierobežots,"Svarīgs paziņojums!

Jūsu konta drošības statuss ir jāapstiprina.
Lai turpinātu izmantot pakalpojumu, jāapstiprina jūsu informācija.

Pārbaude tiek veikta drošības nolūkos.

Pretējā gadījumā dažas konta funkcijas var kļūt nepieejamas. Pabeidziet pārbaudi, izmantojot drošības sadaļu.

Ar cieņu,
Atbalsta komanda.",phishing
Brīdinājums par kontu,"Svarīgs paziņojums!

Vēlamies informēt par izmaiņām jūsu konta drošības statusā. Drošības sistēma ir pamanījusi aizdomīgu darbību.

Veiciet norādīto pārbaudi, lai atjaunotu pilnu piekļuvi. Lai apstiprinātu informāciju, atveriet pārbaudes sadaļu.

Lūdzu, neatlieciet šo pārbaudi.

Paldies par sapratni.",phishing
Nepieciešama konta pārbaude,"Cienījamais klient!

Sistēma nevarēja automātiski apstiprināt pēdējo darbību. Nepieciešams apstiprināt, ka konts joprojām pieder jums. Pārbaudi ieteicams pabeigt tuvākajā laikā.

Lai apstiprinātu informāciju, atveriet pārbaudes sadaļu.

Ar cieņu,
Drošības nodaļa.",phishing
Drošības pārbaude,"Sveiki!

Vēlamies informēt par izmaiņām jūsu konta drošības statusā. Mūsu sistēmā ir reģistrēta neparasta piekļuves darbība.

Lai izvairītos no piekļuves ierobežošanas, apstipriniet konta datus. Lai apstiprinātu informāciju, atveriet pārbaudes sadaļu.

Ja darbība netiks apstiprināta, konta izmantošana var būt ierobežota.

Ar cieņu,
Drošības nodaļa.",phishing
Drošības pārbaude,"Labdien!

Svarīga informācija par jūsu kontu.

Mūsu sistēmā ir reģistrēta neparasta piekļuves darbība. Šī darbība ir saistīta ar jūsu konta drošību.

Lai turpinātu izmantot kontu, nepieciešams veikt pārbaudi.
Izmantojiet konta pārbaudes iespēju, lai turpinātu.

Pārbaudi ieteicams pabeigt tuvākajā laikā.

Ar cieņu,
Atbalsta komanda.",phishing
Steidzams paziņojums,"Labdien!

Ir konstatēta darbība, kuru nepieciešams apstiprināt.

Atbildēt uz šo ziņojumu nav nepieciešams. Lai atjaunotu piekļuvi, nepieciešams apstiprināt konta statusu.

Nepieciešams rīkoties pirms konta statusa maiņas. Lai apstiprinātu informāciju, atveriet pārbaudes sadaļu.

Ar cieņu,
Atbalsta komanda.",phishing
Piekļuves atjaunošana,"Labdien!

Mūsu sistēmā ir reģistrēta neparasta piekļuves darbība.

Šis ir automātiski nosūtīts paziņojums. Lūdzu, apstipriniet savu konta informāciju.

Ja darbība netiks apstiprināta, konta izmantošana var būt ierobežota. Izmantojiet konta pārbaudes iespēju, lai turpinātu.

Paldies par sadarbību.",phishing
Nepieciešama konta pārbaude,"Labdien!

Ir konstatēta darbība, kuru nepieciešams apstiprināt. Lai turpinātu izmantot pakalpojumu, jāapstiprina jūsu informācija. Lūdzu, pievērsiet šim paziņojumam uzmanību.

Konta pārbaudi var pabeigt, izmantojot zemāk norādīto darbību.

Ar cieņu,
Drošības nodaļa.",phishing
Drošības sistēmas brīdinājums,"Cienījamais klient!

Mūsu sistēmā ir reģistrēta neparasta piekļuves darbība.

Drošības pārbaude ir nepieciešama, lai aizsargātu jūsu kontu. Veiciet norādīto pārbaudi, lai atjaunotu pilnu piekļuvi.

Ja darbība netiks apstiprināta, konta izmantošana var būt ierobežota. Apstiprināšanas process ir pieejams konta pārbaudes sadaļā.

Ar cieņu,
Klientu apkalpošanas nodaļa.",phishing
Konta piekļuves problēma,"Sveiki, klient!

Drošības sistēma ir pamanījusi aizdomīgu darbību. Lai atjaunotu piekļuvi, nepieciešams apstiprināt konta statusu. Ja darbība netiks apstiprināta, konta izmantošana var būt ierobežota.

Lai atjaunotu piekļuvi, turpiniet ar konta pārbaudi.

Ar cieņu,
Klientu apkalpošanas nodaļa.",phishing
Neparasta aktivitāte kontā,"Cienījamais klient!

Svarīga informācija par jūsu kontu.

Automātiskās pārbaudes laikā tika konstatēta nepieciešamība atjaunināt informāciju. Šī darbība ir saistīta ar jūsu konta drošību.

Lūdzu, veiciet nepieciešamo pārbaudi pēc iespējas ātrāk.
Lai apstiprinātu informāciju, atveriet pārbaudes sadaļu.

Pārbaudes termiņš ir ierobežots.

Paldies par sadarbību.",phishing
Jūsu konts ir ierobežots,"Svarīgs paziņojums!

Automātiskā sistēma ir atzīmējusi jūsu kontu pārbaudei.

Drošības pārbaude ir nepieciešama, lai aizsargātu jūsu kontu. Veiciet norādīto pārbaudi, lai atjaunotu pilnu piekļuvi.

Ja darbība netiks apstiprināta, konta izmantošana var būt ierobežota. Pabeidziet pārbaudi, izmantojot drošības sadaļu.

Paldies par sapratni.",phishing
Pēdējais atgādinājums par kontu,"Cienījamais lietotāj!

Mūsu sistēmā ir reģistrēta neparasta piekļuves darbība.

Papildu informācija par pārbaudi ir pieejama konta sadaļā. Lūdzu, pabeidziet drošības pārbaudi.

Pretējā gadījumā dažas konta funkcijas var kļūt nepieejamas. Izmantojiet konta pārbaudes iespēju, lai turpinātu.

Ar cieņu,
Atbalsta komanda.",phishing
Darījuma pārbaude,"Labdien, cienījamais klient!

Vēlamies informēt par izmaiņām jūsu konta drošības statusā. Mūsu sistēma ir konstatējusi neparastu aktivitāti jūsu kontā.

Veiciet norādīto pārbaudi, lai atjaunotu pilnu piekļuvi. Konta pārbaudi var pabeigt, izmantojot zemāk norādīto darbību.

Ja pārbaude netiks veikta, piekļuve kontam var tikt ierobežota.

Paldies, ka izmantojat mūsu pakalpojumus.",phishing
Jūsu konts ir ierobežots,"Labdien!

Svarīga informācija par jūsu kontu.

Pēdējās konta darbības dēļ nepieciešama papildu pārbaude. Šis ir automātiski nosūtīts paziņojums.

Lai izvairītos no piekļuves ierobežošanas, apstipriniet konta datus.
Apstiprināšanas process ir pieejams konta pārbaudes sadaļā.

Pretējā gadījumā dažas konta funkcijas var kļūt nepieejamas.

Ar cieņu,
Drošības nodaļa.",phishing
Paziņojums par konta darbību,"Labdien!

Svarīga informācija par jūsu kontu.

Jūsu konta drošības statuss ir jāapstiprina. Papildu informācija par pārbaudi ir pieejama konta sadaļā.

Veiciet norādīto pārbaudi, lai atjaunotu pilnu piekļuvi.
Pabeidziet pārbaudi, izmantojot drošības sadaļu.

Lūdzu, pievērsiet šim paziņojumam uzmanību.

Ar cieņu,
Konta drošības komanda.",phishing
Neapstiprināta darbība,"Sveiki!

Vēlamies informēt par izmaiņām jūsu konta drošības statusā. Mūsu sistēma ir konstatējusi neparastu aktivitāti jūsu kontā.

Lūdzu, veiciet nepieciešamo pārbaudi pēc iespējas ātrāk. Lai apstiprinātu informāciju, atveriet pārbaudes sadaļu.

Pretējā gadījumā dažas konta funkcijas var kļūt nepieejamas.

Ar cieņu,
Klientu apkalpošanas nodaļa.",phishing
Identitātes pārbaude,"Sveiki!

Automātiskās pārbaudes laikā tika konstatēta nepieciešamība atjaunināt informāciju. Lai turpinātu izmantot pakalpojumu, jāapstiprina jūsu informācija. Pretējā gadījumā var tikt piemēroti papildu drošības ierobežojumi.

Apstiprināšanas process ir pieejams konta pārbaudes sadaļā.

Ar cieņu,
Atbalsta komanda.",phishing
Neparasta aktivitāte kontā,"Cienījamais klient!

Vēlamies informēt par izmaiņām jūsu konta drošības statusā. Ir konstatēta darbība, kuru nepieciešams apstiprināt.

Lūdzu, pārbaudiet norādīto informāciju un apstipriniet darbību. Lai turpinātu, izmantojiet norādīto pārbaudes iespēju.

Nepieciešams rīkoties pirms konta statusa maiņas.

Ar cieņu,
Atbalsta komanda.",phishing
Svarīga informācija par jūsu kontu,"Cienījamais lietotāj!

Automātiskā sistēma ir atzīmējusi jūsu kontu pārbaudei.

Lūdzu, saglabājiet šo paziņojumu turpmākai atsaucei. Lai turpinātu izmantot pakalpojumu, jāapstiprina jūsu informācija.

Pārbaudi ieteicams pabeigt tuvākajā laikā. Pabeidziet pārbaudi, izmantojot drošības sadaļu.

Paldies, ka izmantojat mūsu pakalpojumus.",phishing
Konta pārbaudes termiņš,"Sveiki!

Jūsu profils pašlaik gaida papildu pārbaudi. Veiciet norādīto pārbaudi, lai atjaunotu pilnu piekļuvi. Ja pārbaude netiks veikta, piekļuve kontam var tikt ierobežota.

Lai apstiprinātu informāciju, atveriet pārbaudes sadaļu.

Ar cieņu,
Konta drošības komanda.",phishing
Drošības pārbaude,"Labdien, cienījamais klient!

Svarīga informācija par jūsu kontu.

Drošības sistēma ir pamanījusi aizdomīgu darbību. Šis ir automātiski nosūtīts paziņojums.

Lūdzu, apstipriniet savu konta informāciju.
Konta pārbaudi var pabeigt, izmantojot zemāk norādīto darbību.

Ja darbība netiks apstiprināta, konta izmantošana var būt ierobežota.

Ar cieņu,
Konta drošības komanda.",phishing
Piekļuves atjaunošana,"Cienījamais lietotāj!

Vēlamies informēt par izmaiņām jūsu konta drošības statusā. Ir konstatēta darbība, kuru nepieciešams apstiprināt.

Lai atjaunotu piekļuvi, nepieciešams apstiprināt konta statusu. Konta pārbaudi var pabeigt, izmantojot zemāk norādīto darbību.

Pārbaudi ieteicams pabeigt tuvākajā laikā.

Ar cieņu,
Drošības nodaļa.",phishing
Nepieciešama konta pārbaude,"Cienījamais klient!

Ir konstatēta darbība, kuru nepieciešams apstiprināt.
Lai turpinātu izmantot pakalpojumu, jāapstiprina jūsu informācija.

Pārbaude tiek veikta drošības nolūkos.

Šo darbību nepieciešams veikt pēc iespējas ātrāk. Pabeidziet pārbaudi, izmantojot drošības sadaļu.

Paldies, ka izmantojat mūsu pakalpojumus.",phishing
Identitātes pārbaude,"Sveiki!

Vēlamies informēt par izmaiņām jūsu konta drošības statusā. Pēdējās konta darbības dēļ nepieciešama papildu pārbaude.

Lai atjaunotu piekļuvi, nepieciešams apstiprināt konta statusu. Izmantojiet konta pārbaudes iespēju, lai turpinātu.

Pretējā gadījumā var tikt piemēroti papildu drošības ierobežojumi.

Ar cieņu,
Klientu apkalpošanas nodaļa.",phishing
Nepieciešams apstiprinājums,"Sveiki!

Drošības sistēma ir pamanījusi aizdomīgu darbību. Lai atjaunotu piekļuvi, nepieciešams apstiprināt konta statusu. Pretējā gadījumā var tikt piemēroti papildu drošības ierobežojumi.

Izmantojiet konta pārbaudes iespēju, lai turpinātu.

Ar cieņu,
Konta drošības komanda.",phishing
Konta darbības apstiprināšana,"Sveiki, klient!

Jūsu profils pašlaik gaida papildu pārbaudi. Lai turpinātu izmantot pakalpojumu, jāapstiprina jūsu informācija. Pretējā gadījumā dažas konta funkcijas var kļūt nepieejamas.

Lai turpinātu, izmantojiet norādīto pārbaudes iespēju.

Ar cieņu,
Konta drošības komanda.",phishing
Identitātes pārbaude,"Svarīgs paziņojums!

Svarīga informācija par jūsu kontu.

Drošības sistēma ir pamanījusi aizdomīgu darbību. Lūdzu, saglabājiet šo paziņojumu turpmākai atsaucei.

Lūdzu, pabeidziet drošības pārbaudi.
Apstiprināšanas process ir pieejams konta pārbaudes sadaļā.

Pretējā gadījumā var tikt piemēroti papildu drošības ierobežojumi.

Ar cieņu,
Atbalsta komanda.",phishing
Neapstiprināta darbība,"Cienījamais lietotāj!

Vēlamies informēt par izmaiņām jūsu konta drošības statusā. Kontam ir nepieciešama papildu drošības pārbaude.

Lūdzu, apstipriniet savu konta informāciju. Izmantojiet konta pārbaudes iespēju, lai turpinātu.

Pretējā gadījumā var tikt piemēroti papildu drošības ierobežojumi.

Ar cieņu,
Atbalsta komanda.",phishing
Nepieciešams apstiprinājums,"Cienījamais klient!

Jūsu profils pašlaik gaida papildu pārbaudi.
Lai turpinātu izmantot kontu, nepieciešams veikt pārbaudi.

Pārbaude tiek veikta drošības nolūkos.

Nepieciešams rīkoties pirms konta statusa maiņas. Izmantojiet konta pārbaudes iespēju, lai turpinātu.

Paldies par sapratni.",phishing
Nepieciešams apstiprinājums,"Sveiki, klient!

Vēlamies informēt par izmaiņām jūsu konta drošības statusā. Pēdējās konta darbības dēļ nepieciešama papildu pārbaude.

Veiciet norādīto pārbaudi, lai atjaunotu pilnu piekļuvi. Lai apstiprinātu informāciju, atveriet pārbaudes sadaļu.

Ja pārbaude netiks veikta, piekļuve kontam var tikt ierobežota.

Ar cieņu,
Klientu apkalpošanas nodaļa.",phishing
Neapstiprināta darbība,"Svarīgs paziņojums!

Sistēma nevarēja automātiski apstiprināt pēdējo darbību. Lūdzu, veiciet nepieciešamo pārbaudi pēc iespējas ātrāk. Pārbaudi ieteicams pabeigt tuvākajā laikā.

Lai apstiprinātu informāciju, atveriet pārbaudes sadaļu.

Paldies par sapratni.",phishing
Drošības pārbaude,"Sveiki!

Svarīga informācija par jūsu kontu.

Jūsu konta drošības statuss ir jāapstiprina. Drošības pārbaude ir nepieciešama, lai aizsargātu jūsu kontu.

Lai izvairītos no piekļuves ierobežošanas, apstipriniet konta datus.
Lai apstiprinātu informāciju, atveriet pārbaudes sadaļu.

Lūdzu, pievērsiet šim paziņojumam uzmanību.

Ar cieņu,
Klientu apkalpošanas nodaļa.",phishing
Svarīgs klienta paziņojums,"Cienījamais klient!

Vēlamies informēt par izmaiņām jūsu konta drošības statusā. Kontam ir nepieciešama papildu drošības pārbaude.

Veiciet norādīto pārbaudi, lai atjaunotu pilnu piekļuvi. Apstiprināšanas process ir pieejams konta pārbaudes sadaļā.

Šo darbību nepieciešams veikt pēc iespējas ātrāk.

Ar cieņu,
Klientu apkalpošanas nodaļa.",phishing
Piekļuves atjaunošana,"Sveiki!

Mūsu sistēma ir konstatējusi neparastu aktivitāti jūsu kontā.

Paziņojums ir nosūtīts automātiski. Lūdzu, apstipriniet savu konta informāciju.

Pārbaudes termiņš ir ierobežots. Konta pārbaudi var pabeigt, izmantojot zemāk norādīto darbību.

Paldies par sadarbību.",phishing
Paziņojums par konta darbību,"Sveiki, klient!

Svarīga informācija par jūsu kontu.

Drošības sistēma ir pamanījusi aizdomīgu darbību. Drošības pārbaude ir nepieciešama, lai aizsargātu jūsu kontu.

Veiciet norādīto pārbaudi, lai atjaunotu pilnu piekļuvi.
Konta pārbaudi var pabeigt, izmantojot zemāk norādīto darbību.

Šo darbību nepieciešams veikt pēc iespējas ātrāk.

Paldies par sadarbību.",phishing
Nepieciešama tūlītēja darbība,"Labdien!

Automātiskās pārbaudes laikā tika konstatēta nepieciešamība atjaunināt informāciju.
Lai turpinātu izmantot pakalpojumu, jāapstiprina jūsu informācija.

Papildu informācija par pārbaudi ir pieejama konta sadaļā.

Pārbaudes termiņš ir ierobežots. Konta pārbaudi var pabeigt, izmantojot zemāk norādīto darbību.

Paldies par sapratni.",phishing
Nepieciešama konta pārbaude,"Labdien, cienījamais klient!

Jūsu profils pašlaik gaida papildu pārbaudi.
Lai atjaunotu piekļuvi, nepieciešams apstiprināt konta statusu.

Šis ir automātiski nosūtīts paziņojums.

Pārbaudes termiņš ir ierobežots. Izmantojiet konta pārbaudes iespēju, lai turpinātu.

Paldies, ka izmantojat mūsu pakalpojumus.",phishing
Neapstiprināta darbība,"Sveiki!

Vēlamies informēt par izmaiņām jūsu konta drošības statusā. Mūsu sistēma ir konstatējusi neparastu aktivitāti jūsu kontā.

Lai izvairītos no piekļuves ierobežošanas, apstipriniet konta datus. Lai turpinātu, izmantojiet norādīto pārbaudes iespēju.

Pretējā gadījumā var tikt piemēroti papildu drošības ierobežojumi.

Ar cieņu,
Atbalsta komanda.",phishing
Konta darbības apstiprināšana,"Labdien!

Kontam ir nepieciešama papildu drošības pārbaude.
Lai turpinātu izmantot pakalpojumu, jāapstiprina jūsu informācija.

Šī darbība ir saistīta ar jūsu konta drošību.

Pārbaudi ieteicams pabeigt tuvākajā laikā. Apstiprināšanas process ir pieejams konta pārbaudes sadaļā.

Paldies par sapratni.",phishing
Konta piekļuves problēma,"Cienījamais lietotāj!

Mūsu sistēmā ir reģistrēta neparasta piekļuves darbība.
Veiciet norādīto pārbaudi, lai atjaunotu pilnu piekļuvi.

Šis ir automātiski nosūtīts paziņojums.

Ja pārbaude netiks veikta, piekļuve kontam var tikt ierobežota. Apstiprināšanas process ir pieejams konta pārbaudes sadaļā.

Ar cieņu,
Konta drošības komanda.",phishing
Darījuma pārbaude,"Labdien, cienījamais klient!

Mūsu sistēma ir konstatējusi neparastu aktivitāti jūsu kontā.

Paziņojums ir nosūtīts automātiski. Veiciet norādīto pārbaudi, lai atjaunotu pilnu piekļuvi.

Nepieciešams rīkoties pirms konta statusa maiņas. Lai atjaunotu piekļuvi, turpiniet ar konta pārbaudi.

Ar cieņu,
Konta drošības komanda.",phishing
Konta piekļuves problēma,"Svarīgs paziņojums!

Vēlamies informēt par izmaiņām jūsu konta drošības statusā. Automātiskā sistēma ir atzīmējusi jūsu kontu pārbaudei.

Lūdzu, veiciet nepieciešamo pārbaudi pēc iespējas ātrāk. Apstiprināšanas process ir pieejams konta pārbaudes sadaļā.

Pārbaudes termiņš ir ierobežots.

Paldies, ka izmantojat mūsu pakalpojumus.",phishing
Nepieciešama konta pārbaude,"Labdien, cienījamais klient!

Mūsu sistēma ir konstatējusi neparastu aktivitāti jūsu kontā.

Atbildēt uz šo ziņojumu nav nepieciešams. Lai turpinātu izmantot pakalpojumu, jāapstiprina jūsu informācija.

Pretējā gadījumā dažas konta funkcijas var kļūt nepieejamas. Izmantojiet konta pārbaudes iespēju, lai turpinātu.

Ar cieņu,
Atbalsta komanda.",phishing
Jūsu konts ir ierobežots,"Labdien!

Svarīga informācija par jūsu kontu.

Ir konstatēta iespējama neatbilstība konta informācijā. Drošības pārbaude ir nepieciešama, lai aizsargātu jūsu kontu.

Lai turpinātu izmantot pakalpojumu, jāapstiprina jūsu informācija.
Konta pārbaudi var pabeigt, izmantojot zemāk norādīto darbību.

Lūdzu, pievērsiet šim paziņojumam uzmanību.

Ar cieņu,
Klientu apkalpošanas nodaļa.",phishing
Jūsu profils ir jāatjauno,"Labdien, cienījamais klient!

Vēlamies informēt par izmaiņām jūsu konta drošības statusā. Automātiskā sistēma ir atzīmējusi jūsu kontu pārbaudei.

Veiciet norādīto pārbaudi, lai atjaunotu pilnu piekļuvi. Lai atjaunotu piekļuvi, turpiniet ar konta pārbaudi.

Ja darbība netiks apstiprināta, konta izmantošana var būt ierobežota.

Paldies par sadarbību.",phishing
Drošības pārbaude,"Svarīgs paziņojums!

Jūsu konta drošības statuss ir jāapstiprina.
Lūdzu, pārbaudiet norādīto informāciju un apstipriniet darbību.

Lūdzu, saglabājiet šo paziņojumu turpmākai atsaucei.

Lūdzu, pievērsiet šim paziņojumam uzmanību. Lai turpinātu, izmantojiet norādīto pārbaudes iespēju.

Paldies par sadarbību.",phishing
Paziņojums par konta darbību,"Cienījamais klient!

Automātiskās pārbaudes laikā tika konstatēta nepieciešamība atjaunināt informāciju.
Lūdzu, apstipriniet savu konta informāciju.

Šī darbība ir saistīta ar jūsu konta drošību.

Pārbaudes termiņš ir ierobežots. Apstiprināšanas process ir pieejams konta pārbaudes sadaļā.

Paldies par sapratni.",phishing
Nepieciešama konta pārbaude,"Sveiki, klient!

Drošības sistēma ir pamanījusi aizdomīgu darbību.
Lūdzu, veiciet nepieciešamo pārbaudi pēc iespējas ātrāk.

Paziņojums ir nosūtīts automātiski.

Ja pārbaude netiks veikta, piekļuve kontam var tikt ierobežota. Lai apstiprinātu informāciju, atveriet pārbaudes sadaļu.

Paldies par sadarbību.",phishing
Darījuma pārbaude,"Labdien!

Vēlamies informēt par izmaiņām jūsu konta drošības statusā. Kontam ir nepieciešama papildu drošības pārbaude.

Lai izvairītos no piekļuves ierobežošanas, apstipriniet konta datus. Apstiprināšanas process ir pieejams konta pārbaudes sadaļā.

Pretējā gadījumā dažas konta funkcijas var kļūt nepieejamas.

Ar cieņu,
Atbalsta komanda.",phishing
Nepieciešama konta pārbaude,"Labdien, cienījamais klient!

Svarīga informācija par jūsu kontu.

Jūsu konta drošības statuss ir jāapstiprina. Šī darbība ir saistīta ar jūsu konta drošību.

Lai izvairītos no piekļuves ierobežošanas, apstipriniet konta datus.
Lai apstiprinātu informāciju, atveriet pārbaudes sadaļu.

Ja darbība netiks apstiprināta, konta izmantošana var būt ierobežota.

Ar cieņu,
Klientu apkalpošanas nodaļa.",phishing
Konta pārbaudes termiņš,"Sveiki!

Jūsu konta drošības statuss ir jāapstiprina.
Lai turpinātu izmantot pakalpojumu, jāapstiprina jūsu informācija.

Drošības pārbaude ir nepieciešama, lai aizsargātu jūsu kontu.

Pretējā gadījumā dažas konta funkcijas var kļūt nepieejamas. Lai atjaunotu piekļuvi, turpiniet ar konta pārbaudi.

Paldies, ka izmantojat mūsu pakalpojumus.",phishing
Drošības sistēmas brīdinājums,"Sveiki!

Kontam ir nepieciešama papildu drošības pārbaude. Lai atjaunotu piekļuvi, nepieciešams apstiprināt konta statusu. Pārbaudi ieteicams pabeigt tuvākajā laikā.

Izmantojiet konta pārbaudes iespēju, lai turpinātu.

Ar cieņu,
Konta drošības komanda.",phishing
Nepieciešama tūlītēja darbība,"Svarīgs paziņojums!

Vēlamies informēt par izmaiņām jūsu konta drošības statusā. Pēdējās konta darbības dēļ nepieciešama papildu pārbaude.

Veiciet norādīto pārbaudi, lai atjaunotu pilnu piekļuvi. Lai turpinātu, izmantojiet norādīto pārbaudes iespēju.

Pretējā gadījumā var tikt piemēroti papildu drošības ierobežojumi.

Paldies, ka izmantojat mūsu pakalpojumus.",phishing
Apstipriniet konta informāciju,"Cienījamais klient!

Jūsu profils pašlaik gaida papildu pārbaudi.
Lūdzu, veiciet nepieciešamo pārbaudi pēc iespējas ātrāk.

Atbildēt uz šo ziņojumu nav nepieciešams.

Lūdzu, neatlieciet šo pārbaudi. Lai apstiprinātu informāciju, atveriet pārbaudes sadaļu.

Ar cieņu,
Klientu apkalpošanas nodaļa.",phishing
Konta piekļuves problēma,"Labdien!

Svarīga informācija par jūsu kontu.

Kontam ir nepieciešama papildu drošības pārbaude. Papildu informācija par pārbaudi ir pieejama konta sadaļā.

Lūdzu, pabeidziet drošības pārbaudi.
Izmantojiet konta pārbaudes iespēju, lai turpinātu.

Ja darbība netiks apstiprināta, konta izmantošana var būt ierobežota.

Paldies, ka izmantojat mūsu pakalpojumus.",phishing
Nepieciešams apstiprinājums,"Svarīgs paziņojums!

Jūsu profils pašlaik gaida papildu pārbaudi. Lai turpinātu izmantot kontu, nepieciešams veikt pārbaudi. Pretējā gadījumā dažas konta funkcijas var kļūt nepieejamas.

Konta pārbaudi var pabeigt, izmantojot zemāk norādīto darbību.

Ar cieņu,
Klientu apkalpošanas nodaļa.",phishing
Paziņojums par konta darbību,"Labdien!

Pēdējās konta darbības dēļ nepieciešama papildu pārbaude. Lūdzu, veiciet nepieciešamo pārbaudi pēc iespējas ātrāk. Pārbaudi ieteicams pabeigt tuvākajā laikā.

Pabeidziet pārbaudi, izmantojot drošības sadaļu.

Paldies, ka izmantojat mūsu pakalpojumus.",phishing
Brīdinājums par kontu,"Labdien!

Svarīga informācija par jūsu kontu.

Automātiskā sistēma ir atzīmējusi jūsu kontu pārbaudei. Šī darbība ir saistīta ar jūsu konta drošību.

Nepieciešams apstiprināt, ka konts joprojām pieder jums.
Apstiprināšanas process ir pieejams konta pārbaudes sadaļā.

Ja darbība netiks apstiprināta, konta izmantošana var būt ierobežota.

Paldies, ka izmantojat mūsu pakalpojumus.",phishing
Nepieciešama tūlītēja darbība,"Svarīgs paziņojums!

Mūsu sistēmā ir reģistrēta neparasta piekļuves darbība.
Lūdzu, pabeidziet drošības pārbaudi.

Lūdzu, saglabājiet šo paziņojumu turpmākai atsaucei.

Pretējā gadījumā dažas konta funkcijas var kļūt nepieejamas. Lai apstiprinātu informāciju, atveriet pārbaudes sadaļu.

Paldies par sadarbību.",phishing
Svarīgs drošības paziņojums,"Labdien!

Kontam ir nepieciešama papildu drošības pārbaude.
Veiciet norādīto pārbaudi, lai atjaunotu pilnu piekļuvi.

Šis ir automātiski nosūtīts paziņojums.

Lūdzu, neatlieciet šo pārbaudi. Izmantojiet konta pārbaudes iespēju, lai turpinātu.

Paldies, ka izmantojat mūsu pakalpojumus.",phishing
Konta darbības apstiprināšana,"Cienījamais klient!

Vēlamies informēt par izmaiņām jūsu konta drošības statusā. Jūsu konta drošības statuss ir jāapstiprina.

Lai turpinātu izmantot kontu, nepieciešams veikt pārbaudi. Lai apstiprinātu informāciju, atveriet pārbaudes sadaļu.

Pretējā gadījumā var tikt piemēroti papildu drošības ierobežojumi.

Paldies, ka izmantojat mūsu pakalpojumus.",phishing
Svarīga informācija par jūsu kontu,"Labdien, cienījamais klient!

Vēlamies informēt par izmaiņām jūsu konta drošības statusā. Ir konstatēta iespējama neatbilstība konta informācijā.

Lai turpinātu izmantot kontu, nepieciešams veikt pārbaudi. Lai turpinātu, izmantojiet norādīto pārbaudes iespēju.

Ja darbība netiks apstiprināta, konta izmantošana var būt ierobežota.

Ar cieņu,
Atbalsta komanda.",phishing
Konta pārbaudes termiņš,"Sveiki!

Ir konstatēta iespējama neatbilstība konta informācijā.

Lūdzu, saglabājiet šo paziņojumu turpmākai atsaucei. Lūdzu, apstipriniet savu konta informāciju.

Pārbaudi ieteicams pabeigt tuvākajā laikā. Lai apstiprinātu informāciju, atveriet pārbaudes sadaļu.

Paldies, ka izmantojat mūsu pakalpojumus.",phishing
Jūsu kontam nepieciešama pārbaude,"Labdien, cienījamais klient!

Svarīga informācija par jūsu kontu.

Drošības sistēma ir pamanījusi aizdomīgu darbību. Šī darbība ir saistīta ar jūsu konta drošību.

Nepieciešams apstiprināt, ka konts joprojām pieder jums.
Izmantojiet konta pārbaudes iespēju, lai turpinātu.

Pārbaudi ieteicams pabeigt tuvākajā laikā.

Ar cieņu,
Klientu apkalpošanas nodaļa.",phishing
Drošības pārbaude,"Labdien, cienījamais klient!

Mūsu sistēmā ir reģistrēta neparasta piekļuves darbība. Lai izvairītos no piekļuves ierobežošanas, apstipriniet konta datus. Lūdzu, neatlieciet šo pārbaudi.

Lai turpinātu, izmantojiet norādīto pārbaudes iespēju.

Paldies, ka izmantojat mūsu pakalpojumus.",phishing
Drošības sistēmas brīdinājums,"Labdien!

Pēdējās konta darbības dēļ nepieciešama papildu pārbaude. Lai atjaunotu piekļuvi, nepieciešams apstiprināt konta statusu. Ja pārbaude netiks veikta, piekļuve kontam var tikt ierobežota.

Lai turpinātu, izmantojiet norādīto pārbaudes iespēju.

Ar cieņu,
Drošības nodaļa.",phishing
Drošības pārbaude,"Svarīgs paziņojums!

Svarīga informācija par jūsu kontu.

Sistēma nevarēja automātiski apstiprināt pēdējo darbību. Šis ir automātiski nosūtīts paziņojums.

Lai izvairītos no piekļuves ierobežošanas, apstipriniet konta datus.
Izmantojiet konta pārbaudes iespēju, lai turpinātu.

Pārbaudes termiņš ir ierobežots.

Paldies, ka izmantojat mūsu pakalpojumus.",phishing
Steidzams paziņojums,"Labdien!

Svarīga informācija par jūsu kontu.

Kontam ir nepieciešama papildu drošības pārbaude. Paziņojums ir nosūtīts automātiski.

Veiciet norādīto pārbaudi, lai atjaunotu pilnu piekļuvi.
Pabeidziet pārbaudi, izmantojot drošības sadaļu.

Lūdzu, neatlieciet šo pārbaudi.

Paldies par sadarbību.",phishing
Konta piekļuves problēma,"Labdien!

Pēdējās konta darbības dēļ nepieciešama papildu pārbaude.
Veiciet norādīto pārbaudi, lai atjaunotu pilnu piekļuvi.

Paziņojums ir nosūtīts automātiski.

Pretējā gadījumā dažas konta funkcijas var kļūt nepieejamas. Lai apstiprinātu informāciju, atveriet pārbaudes sadaļu.

Ar cieņu,
Klientu apkalpošanas nodaļa.",phishing
Piekļuves atjaunošana,"Labdien!

Mūsu sistēmā ir reģistrēta neparasta piekļuves darbība.
Veiciet norādīto pārbaudi, lai atjaunotu pilnu piekļuvi.

Lūdzu, saglabājiet šo paziņojumu turpmākai atsaucei.

Pretējā gadījumā dažas konta funkcijas var kļūt nepieejamas. Pabeidziet pārbaudi, izmantojot drošības sadaļu.

Paldies, ka izmantojat mūsu pakalpojumus.",phishing
Konta darbības apstiprināšana,"Cienījamais lietotāj!

Automātiskās pārbaudes laikā tika konstatēta nepieciešamība atjaunināt informāciju.

Papildu informācija par pārbaudi ir pieejama konta sadaļā. Lai turpinātu izmantot pakalpojumu, jāapstiprina jūsu informācija.

Nepieciešams rīkoties pirms konta statusa maiņas. Lai atjaunotu piekļuvi, turpiniet ar konta pārbaudi.

Ar cieņu,
Klientu apkalpošanas nodaļa.",phishing
Piekļuves atjaunošana,"Svarīgs paziņojums!

Vēlamies informēt par izmaiņām jūsu konta drošības statusā. Ir konstatēta iespējama neatbilstība konta informācijā.

Lai turpinātu izmantot pakalpojumu, jāapstiprina jūsu informācija. Pabeidziet pārbaudi, izmantojot drošības sadaļu.

Šo darbību nepieciešams veikt pēc iespējas ātrāk.

Paldies, ka izmantojat mūsu pakalpojumus.",phishing
Konta piekļuves problēma,"Cienījamais lietotāj!

Drošības sistēma ir pamanījusi aizdomīgu darbību. Nepieciešams apstiprināt, ka konts joprojām pieder jums. Nepieciešams rīkoties pirms konta statusa maiņas.

Lai atjaunotu piekļuvi, turpiniet ar konta pārbaudi.

Ar cieņu,
Klientu apkalpošanas nodaļa.",phishing
Piekļuves atjaunošana,"Cienījamais lietotāj!

Pēdējās konta darbības dēļ nepieciešama papildu pārbaude.
Lūdzu, apstipriniet savu konta informāciju.

Paziņojums ir nosūtīts automātiski.

Lūdzu, pievērsiet šim paziņojumam uzmanību. Apstiprināšanas process ir pieejams konta pārbaudes sadaļā.

Ar cieņu,
Drošības nodaļa.",phishing
Piekļuves atjaunošana,"Labdien!

Automātiskās pārbaudes laikā tika konstatēta nepieciešamība atjaunināt informāciju.

Šī darbība ir saistīta ar jūsu konta drošību. Lai turpinātu izmantot pakalpojumu, jāapstiprina jūsu informācija.

Lūdzu, neatlieciet šo pārbaudi. Lai turpinātu, izmantojiet norādīto pārbaudes iespēju.

Paldies, ka izmantojat mūsu pakalpojumus.",phishing
Svarīgs klienta paziņojums,"Labdien!

Vēlamies informēt par izmaiņām jūsu konta drošības statusā. Automātiskā sistēma ir atzīmējusi jūsu kontu pārbaudei.

Nepieciešams apstiprināt, ka konts joprojām pieder jums. Apstiprināšanas process ir pieejams konta pārbaudes sadaļā.

Pretējā gadījumā dažas konta funkcijas var kļūt nepieejamas.

Paldies par sapratni.",phishing
Steidzams paziņojums,"Svarīgs paziņojums!

Drošības sistēma ir pamanījusi aizdomīgu darbību. Veiciet norādīto pārbaudi, lai atjaunotu pilnu piekļuvi. Pārbaudi ieteicams pabeigt tuvākajā laikā.

Apstiprināšanas process ir pieejams konta pārbaudes sadaļā.

Ar cieņu,
Klientu apkalpošanas nodaļa.",phishing
Darījuma pārbaude,"Labdien!

Svarīga informācija par jūsu kontu.

Jūsu profils pašlaik gaida papildu pārbaudi. Papildu informācija par pārbaudi ir pieejama konta sadaļā.

Nepieciešams apstiprināt, ka konts joprojām pieder jums.
Lai apstiprinātu informāciju, atveriet pārbaudes sadaļu.

Pārbaudes termiņš ir ierobežots.

Ar cieņu,
Atbalsta komanda.",phishing
Jūsu profils ir jāatjauno,"Labdien!

Kontam ir nepieciešama papildu drošības pārbaude.
Nepieciešams apstiprināt, ka konts joprojām pieder jums.

Papildu informācija par pārbaudi ir pieejama konta sadaļā.

Nepieciešams rīkoties pirms konta statusa maiņas. Izmantojiet konta pārbaudes iespēju, lai turpinātu.

Ar cieņu,
Konta drošības komanda.",phishing
Neapstiprināta darbība,"Labdien!

Jūsu profils pašlaik gaida papildu pārbaudi. Nepieciešams apstiprināt, ka konts joprojām pieder jums. Ja darbība netiks apstiprināta, konta izmantošana var būt ierobežota.

Konta pārbaudi var pabeigt, izmantojot zemāk norādīto darbību.

Paldies par sapratni.",phishing
Drošības pārbaude,"Sveiki!

Jūsu profils pašlaik gaida papildu pārbaudi. Lūdzu, apstipriniet savu konta informāciju. Nepieciešams rīkoties pirms konta statusa maiņas.

Izmantojiet konta pārbaudes iespēju, lai turpinātu.

Ar cieņu,
Konta drošības komanda.",phishing
Pēdējais atgādinājums par kontu,"Cienījamais klient!

Jūsu profils pašlaik gaida papildu pārbaudi.

Drošības pārbaude ir nepieciešama, lai aizsargātu jūsu kontu. Lūdzu, apstipriniet savu konta informāciju.

Lūdzu, neatlieciet šo pārbaudi. Apstiprināšanas process ir pieejams konta pārbaudes sadaļā.

Ar cieņu,
Konta drošības komanda.",phishing
Nepieciešama konta pārbaude,"Labdien!

Automātiskā sistēma ir atzīmējusi jūsu kontu pārbaudei.

Šis ir automātiski nosūtīts paziņojums. Lūdzu, veiciet nepieciešamo pārbaudi pēc iespējas ātrāk.

Šo darbību nepieciešams veikt pēc iespējas ātrāk. Pabeidziet pārbaudi, izmantojot drošības sadaļu.

Ar cieņu,
Konta drošības komanda.",phishing
Konta piekļuves problēma,"Labdien!

Kontam ir nepieciešama papildu drošības pārbaude. Lai turpinātu izmantot kontu, nepieciešams veikt pārbaudi. Ja darbība netiks apstiprināta, konta izmantošana var būt ierobežota.

Lai turpinātu, izmantojiet norādīto pārbaudes iespēju.

Ar cieņu,
Klientu apkalpošanas nodaļa.",phishing
Svarīgs drošības paziņojums,"Sveiki!

Jūsu konta drošības statuss ir jāapstiprina.
Lai izvairītos no piekļuves ierobežošanas, apstipriniet konta datus.

Paziņojums ir nosūtīts automātiski.

Pārbaudi ieteicams pabeigt tuvākajā laikā. Pabeidziet pārbaudi, izmantojot drošības sadaļu.

Ar cieņu,
Atbalsta komanda.",phishing
Jūsu profils ir jāatjauno,"Cienījamais lietotāj!

Vēlamies informēt par izmaiņām jūsu konta drošības statusā. Mūsu sistēma ir konstatējusi neparastu aktivitāti jūsu kontā.

Lai turpinātu izmantot pakalpojumu, jāapstiprina jūsu informācija. Lai apstiprinātu informāciju, atveriet pārbaudes sadaļu.

Pretējā gadījumā var tikt piemēroti papildu drošības ierobežojumi.

Ar cieņu,
Klientu apkalpošanas nodaļa.",phishing
Svarīgs klienta paziņojums,"Labdien, cienījamais klient!

Vēlamies informēt par izmaiņām jūsu konta drošības statusā. Automātiskā sistēma ir atzīmējusi jūsu kontu pārbaudei.

Nepieciešams apstiprināt, ka konts joprojām pieder jums. Lai apstiprinātu informāciju, atveriet pārbaudes sadaļu.

Ja darbība netiks apstiprināta, konta izmantošana var būt ierobežota.

Ar cieņu,
Drošības nodaļa.",phishing
Drošības sistēmas brīdinājums,"Sveiki!

Svarīga informācija par jūsu kontu.

Automātiskās pārbaudes laikā tika konstatēta nepieciešamība atjaunināt informāciju. Lūdzu, saglabājiet šo paziņojumu turpmākai atsaucei.

Lai turpinātu izmantot kontu, nepieciešams veikt pārbaudi.
Lai apstiprinātu informāciju, atveriet pārbaudes sadaļu.

Lūdzu, pievērsiet šim paziņojumam uzmanību.

Ar cieņu,
Drošības nodaļa.",phishing
Neapstiprināta darbība,"Svarīgs paziņojums!

Mūsu sistēma ir konstatējusi neparastu aktivitāti jūsu kontā.
Lai turpinātu izmantot pakalpojumu, jāapstiprina jūsu informācija.

Drošības pārbaude ir nepieciešama, lai aizsargātu jūsu kontu.

Lūdzu, neatlieciet šo pārbaudi. Lai turpinātu, izmantojiet norādīto pārbaudes iespēju.

Paldies par sadarbību.",phishing
Svarīga informācija par jūsu kontu,"Labdien!

Pēdējās konta darbības dēļ nepieciešama papildu pārbaude.

Lūdzu, saglabājiet šo paziņojumu turpmākai atsaucei. Lūdzu, apstipriniet savu konta informāciju.

Šo darbību nepieciešams veikt pēc iespējas ātrāk. Pabeidziet pārbaudi, izmantojot drošības sadaļu.

Ar cieņu,
Konta drošības komanda.",phishing
Konta piekļuves problēma,"Cienījamais lietotāj!

Vēlamies informēt par izmaiņām jūsu konta drošības statusā. Sistēma nevarēja automātiski apstiprināt pēdējo darbību.

Lai turpinātu izmantot kontu, nepieciešams veikt pārbaudi. Konta pārbaudi var pabeigt, izmantojot zemāk norādīto darbību.

Nepieciešams rīkoties pirms konta statusa maiņas.

Paldies par sadarbību.",phishing
Neparasta aktivitāte kontā,"Labdien!

Kontam ir nepieciešama papildu drošības pārbaude. Lūdzu, pabeidziet drošības pārbaudi. Pretējā gadījumā dažas konta funkcijas var kļūt nepieejamas.

Lai apstiprinātu informāciju, atveriet pārbaudes sadaļu.

Paldies, ka izmantojat mūsu pakalpojumus.",phishing
Neparasta aktivitāte kontā,"Svarīgs paziņojums!

Svarīga informācija par jūsu kontu.

Mūsu sistēmā ir reģistrēta neparasta piekļuves darbība. Pārbaude tiek veikta drošības nolūkos.

Lai atjaunotu piekļuvi, nepieciešams apstiprināt konta statusu.
Lai atjaunotu piekļuvi, turpiniet ar konta pārbaudi.

Pretējā gadījumā var tikt piemēroti papildu drošības ierobežojumi.

Paldies, ka izmantojat mūsu pakalpojumus.",phishing
Konta darbības apstiprināšana,"Sveiki, klient!

Vēlamies informēt par izmaiņām jūsu konta drošības statusā. Mūsu sistēma ir konstatējusi neparastu aktivitāti jūsu kontā.

Lai turpinātu izmantot pakalpojumu, jāapstiprina jūsu informācija. Lai atjaunotu piekļuvi, turpiniet ar konta pārbaudi.

Pretējā gadījumā var tikt piemēroti papildu drošības ierobežojumi.

Ar cieņu,
Atbalsta komanda.",phishing
Jūsu konts ir ierobežots,"Labdien, cienījamais klient!

Svarīga informācija par jūsu kontu.

Pēdējās konta darbības dēļ nepieciešama papildu pārbaude. Šī darbība ir saistīta ar jūsu konta drošību.

Nepieciešams apstiprināt, ka konts joprojām pieder jums.
Lai apstiprinātu informāciju, atveriet pārbaudes sadaļu.

Ja darbība netiks apstiprināta, konta izmantošana var būt ierobežota.

Ar cieņu,
Konta drošības komanda.",phishing
Drošības sistēmas brīdinājums,"Sveiki!

Mūsu sistēma ir konstatējusi neparastu aktivitāti jūsu kontā. Nepieciešams apstiprināt, ka konts joprojām pieder jums. Ja pārbaude netiks veikta, piekļuve kontam var tikt ierobežota.

Konta pārbaudi var pabeigt, izmantojot zemāk norādīto darbību.

Paldies par sapratni.",phishing
Konta pārbaudes termiņš,"Labdien, cienījamais klient!

Svarīga informācija par jūsu kontu.

Kontam ir nepieciešama papildu drošības pārbaude. Šī darbība ir saistīta ar jūsu konta drošību.

Nepieciešams apstiprināt, ka konts joprojām pieder jums.
Konta pārbaudi var pabeigt, izmantojot zemāk norādīto darbību.

Nepieciešams rīkoties pirms konta statusa maiņas.

Paldies par sadarbību.",phishing
Pēdējais atgādinājums par kontu,"Sveiki, klient!

Svarīga informācija par jūsu kontu.

Jūsu profils pašlaik gaida papildu pārbaudi. Atbildēt uz šo ziņojumu nav nepieciešams.

Lūdzu, veiciet nepieciešamo pārbaudi pēc iespējas ātrāk.
Apstiprināšanas process ir pieejams konta pārbaudes sadaļā.

Pretējā gadījumā dažas konta funkcijas var kļūt nepieejamas.

Paldies par sadarbību.",phishing
Piekļuves atjaunošana,"Labdien!

Svarīga informācija par jūsu kontu.

Pēdējās konta darbības dēļ nepieciešama papildu pārbaude. Paziņojums ir nosūtīts automātiski.

Lai izvairītos no piekļuves ierobežošanas, apstipriniet konta datus.
Pabeidziet pārbaudi, izmantojot drošības sadaļu.

Ja darbība netiks apstiprināta, konta izmantošana var būt ierobežota.

Ar cieņu,
Konta drošības komanda.",phishing
Konta pārbaudes termiņš,"Cienījamais klient!

Automātiskā sistēma ir atzīmējusi jūsu kontu pārbaudei.
Lūdzu, veiciet nepieciešamo pārbaudi pēc iespējas ātrāk.

Šī darbība ir saistīta ar jūsu konta drošību.

Lūdzu, pievērsiet šim paziņojumam uzmanību. Konta pārbaudi var pabeigt, izmantojot zemāk norādīto darbību.

Ar cieņu,
Drošības nodaļa.",phishing
Svarīgs drošības paziņojums,"Labdien, cienījamais klient!

Jūsu konta drošības statuss ir jāapstiprina.

Paziņojums ir nosūtīts automātiski. Lūdzu, veiciet nepieciešamo pārbaudi pēc iespējas ātrāk.

Šo darbību nepieciešams veikt pēc iespējas ātrāk. Lai apstiprinātu informāciju, atveriet pārbaudes sadaļu.

Paldies, ka izmantojat mūsu pakalpojumus.",phishing
Nepieciešama tūlītēja darbība,"Cienījamais lietotāj!

Jūsu konta drošības statuss ir jāapstiprina.

Drošības pārbaude ir nepieciešama, lai aizsargātu jūsu kontu. Lai turpinātu izmantot kontu, nepieciešams veikt pārbaudi.

Ja darbība netiks apstiprināta, konta izmantošana var būt ierobežota. Pabeidziet pārbaudi, izmantojot drošības sadaļu.

Ar cieņu,
Konta drošības komanda.",phishing
Jūsu konts ir ierobežots,"Svarīgs paziņojums!

Vēlamies informēt par izmaiņām jūsu konta drošības statusā. Mūsu sistēmā ir reģistrēta neparasta piekļuves darbība.

Nepieciešams apstiprināt, ka konts joprojām pieder jums. Izmantojiet konta pārbaudes iespēju, lai turpinātu.

Pretējā gadījumā dažas konta funkcijas var kļūt nepieejamas.

Ar cieņu,
Klientu apkalpošanas nodaļa.",phishing
Konta piekļuves problēma,"Cienījamais lietotāj!

Mūsu sistēma ir konstatējusi neparastu aktivitāti jūsu kontā.

Šis ir automātiski nosūtīts paziņojums. Lai atjaunotu piekļuvi, nepieciešams apstiprināt konta statusu.

Lūdzu, neatlieciet šo pārbaudi. Konta pārbaudi var pabeigt, izmantojot zemāk norādīto darbību.

Ar cieņu,
Atbalsta komanda.",phishing
Paziņojums par konta darbību,"Cienījamais klient!

Automātiskā sistēma ir atzīmējusi jūsu kontu pārbaudei.
Lai atjaunotu piekļuvi, nepieciešams apstiprināt konta statusu.

Drošības pārbaude ir nepieciešama, lai aizsargātu jūsu kontu.

Pārbaudes termiņš ir ierobežots. Lai turpinātu, izmantojiet norādīto pārbaudes iespēju.

Paldies par sapratni.",phishing
Drošības pārbaude,"Svarīgs paziņojums!

Vēlamies informēt par izmaiņām jūsu konta drošības statusā. Kontam ir nepieciešama papildu drošības pārbaude.

Lūdzu, pabeidziet drošības pārbaudi. Konta pārbaudi var pabeigt, izmantojot zemāk norādīto darbību.

Lūdzu, neatlieciet šo pārbaudi.

Paldies par sapratni.",phishing
Paziņojums par konta darbību,"Labdien!

Automātiskā sistēma ir atzīmējusi jūsu kontu pārbaudei.

Drošības pārbaude ir nepieciešama, lai aizsargātu jūsu kontu. Lūdzu, veiciet nepieciešamo pārbaudi pēc iespējas ātrāk.

Šo darbību nepieciešams veikt pēc iespējas ātrāk. Lai atjaunotu piekļuvi, turpiniet ar konta pārbaudi.

Paldies par sadarbību.",phishing
Jūsu kontam nepieciešama pārbaude,"Labdien, cienījamais klient!

Ir konstatēta darbība, kuru nepieciešams apstiprināt. Veiciet norādīto pārbaudi, lai atjaunotu pilnu piekļuvi. Pretējā gadījumā dažas konta funkcijas var kļūt nepieejamas.

Apstiprināšanas process ir pieejams konta pārbaudes sadaļā.

Ar cieņu,
Atbalsta komanda.",phishing
Maksājuma apstiprināšana,"Sveiki!

Automātiskās pārbaudes laikā tika konstatēta nepieciešamība atjaunināt informāciju.
Lūdzu, apstipriniet savu konta informāciju.

Papildu informācija par pārbaudi ir pieejama konta sadaļā.

Lūdzu, pievērsiet šim paziņojumam uzmanību. Izmantojiet konta pārbaudes iespēju, lai turpinātu.

Paldies, ka izmantojat mūsu pakalpojumus.",phishing
Svarīga informācija par jūsu kontu,"Cienījamais lietotāj!

Automātiskā sistēma ir atzīmējusi jūsu kontu pārbaudei. Lai atjaunotu piekļuvi, nepieciešams apstiprināt konta statusu. Pretējā gadījumā dažas konta funkcijas var kļūt nepieejamas.

Pabeidziet pārbaudi, izmantojot drošības sadaļu.

Paldies, ka izmantojat mūsu pakalpojumus.",phishing
Konta darbības apstiprināšana,"Labdien!

Svarīga informācija par jūsu kontu.

Kontam ir nepieciešama papildu drošības pārbaude. Pārbaude tiek veikta drošības nolūkos.

Lūdzu, apstipriniet savu konta informāciju.
Izmantojiet konta pārbaudes iespēju, lai turpinātu.

Pārbaudes termiņš ir ierobežots.

Ar cieņu,
Atbalsta komanda.",phishing
Paziņojums par konta darbību,"Labdien!

Kontam ir nepieciešama papildu drošības pārbaude.

Papildu informācija par pārbaudi ir pieejama konta sadaļā. Lūdzu, veiciet nepieciešamo pārbaudi pēc iespējas ātrāk.

Pretējā gadījumā dažas konta funkcijas var kļūt nepieejamas. Lai turpinātu, izmantojiet norādīto pārbaudes iespēju.

Paldies par sapratni.",phishing
Darījuma pārbaude,"Cienījamais lietotāj!

Jūsu konta drošības statuss ir jāapstiprina. Nepieciešams apstiprināt, ka konts joprojām pieder jums. Pretējā gadījumā dažas konta funkcijas var kļūt nepieejamas.

Konta pārbaudi var pabeigt, izmantojot zemāk norādīto darbību.

Paldies, ka izmantojat mūsu pakalpojumus.",phishing
Pēdējais atgādinājums par kontu,"Sveiki!

Mūsu sistēmā ir reģistrēta neparasta piekļuves darbība.

Šī darbība ir saistīta ar jūsu konta drošību. Lai turpinātu izmantot kontu, nepieciešams veikt pārbaudi.

Pārbaudes termiņš ir ierobežots. Konta pārbaudi var pabeigt, izmantojot zemāk norādīto darbību.

Ar cieņu,
Atbalsta komanda.",phishing
Maksājuma apstiprināšana,"Labdien!

Kontam ir nepieciešama papildu drošības pārbaude. Lai izvairītos no piekļuves ierobežošanas, apstipriniet konta datus. Nepieciešams rīkoties pirms konta statusa maiņas.

Lai turpinātu, izmantojiet norādīto pārbaudes iespēju.

Ar cieņu,
Drošības nodaļa.",phishing
Identitātes pārbaude,"Labdien, cienījamais klient!

Jūsu konta drošības statuss ir jāapstiprina. Lai turpinātu izmantot pakalpojumu, jāapstiprina jūsu informācija. Pārbaudes termiņš ir ierobežots.

Lai turpinātu, izmantojiet norādīto pārbaudes iespēju.

Ar cieņu,
Konta drošības komanda.",phishing
Identitātes pārbaude,"Labdien, cienījamais klient!

Pēdējās konta darbības dēļ nepieciešama papildu pārbaude.

Papildu informācija par pārbaudi ir pieejama konta sadaļā. Lai atjaunotu piekļuvi, nepieciešams apstiprināt konta statusu.

Pārbaudi ieteicams pabeigt tuvākajā laikā. Lai turpinātu, izmantojiet norādīto pārbaudes iespēju.

Paldies par sadarbību.",phishing
Neparasta aktivitāte kontā,"Labdien, cienījamais klient!

Vēlamies informēt par izmaiņām jūsu konta drošības statusā. Drošības sistēma ir pamanījusi aizdomīgu darbību.

Lūdzu, veiciet nepieciešamo pārbaudi pēc iespējas ātrāk. Izmantojiet konta pārbaudes iespēju, lai turpinātu.

Pārbaudi ieteicams pabeigt tuvākajā laikā.

Ar cieņu,
Atbalsta komanda.",phishing
Neapstiprināta darbība,"Labdien!

Pēdējās konta darbības dēļ nepieciešama papildu pārbaude.

Šis ir automātiski nosūtīts paziņojums. Lūdzu, veiciet nepieciešamo pārbaudi pēc iespējas ātrāk.

Šo darbību nepieciešams veikt pēc iespējas ātrāk. Apstiprināšanas process ir pieejams konta pārbaudes sadaļā.

Ar cieņu,
Atbalsta komanda.",phishing
Identitātes pārbaude,"Cienījamais klient!

Svarīga informācija par jūsu kontu.

Automātiskās pārbaudes laikā tika konstatēta nepieciešamība atjaunināt informāciju. Drošības pārbaude ir nepieciešama, lai aizsargātu jūsu kontu.

Lai turpinātu izmantot kontu, nepieciešams veikt pārbaudi.
Lai turpinātu, izmantojiet norādīto pārbaudes iespēju.

Pretējā gadījumā dažas konta funkcijas var kļūt nepieejamas.

Paldies, ka izmantojat mūsu pakalpojumus.",phishing
Piekļuves atjaunošana,"Labdien!

Mūsu sistēma ir konstatējusi neparastu aktivitāti jūsu kontā. Veiciet norādīto pārbaudi, lai atjaunotu pilnu piekļuvi. Pārbaudi ieteicams pabeigt tuvākajā laikā.

Lai turpinātu, izmantojiet norādīto pārbaudes iespēju.

Paldies par sadarbību.",phishing
Paziņojums par konta darbību,"Labdien, cienījamais klient!

Vēlamies informēt par izmaiņām jūsu konta drošības statusā. Ir konstatēta iespējama neatbilstība konta informācijā.

Nepieciešams apstiprināt, ka konts joprojām pieder jums. Izmantojiet konta pārbaudes iespēju, lai turpinātu.

Pārbaudes termiņš ir ierobežots.

Ar cieņu,
Drošības nodaļa.",phishing
Jūsu kontam nepieciešama pārbaude,"Sveiki, klient!

Mūsu sistēmā ir reģistrēta neparasta piekļuves darbība. Lai izvairītos no piekļuves ierobežošanas, apstipriniet konta datus. Pretējā gadījumā dažas konta funkcijas var kļūt nepieejamas.

Apstiprināšanas process ir pieejams konta pārbaudes sadaļā.

Ar cieņu,
Atbalsta komanda.",phishing
Konta darbības apstiprināšana,"Labdien!

Automātiskā sistēma ir atzīmējusi jūsu kontu pārbaudei.
Lūdzu, pabeidziet drošības pārbaudi.

Šis ir automātiski nosūtīts paziņojums.

Šo darbību nepieciešams veikt pēc iespējas ātrāk. Lai atjaunotu piekļuvi, turpiniet ar konta pārbaudi.

Paldies par sadarbību.",phishing
Maksājuma apstiprināšana,"Sveiki, klient!

Vēlamies informēt par izmaiņām jūsu konta drošības statusā. Jūsu konta drošības statuss ir jāapstiprina.

Veiciet norādīto pārbaudi, lai atjaunotu pilnu piekļuvi. Lai atjaunotu piekļuvi, turpiniet ar konta pārbaudi.

Pārbaudes termiņš ir ierobežots.

Paldies par sapratni.",phishing
Steidzams paziņojums,"Labdien!

Ir konstatēta iespējama neatbilstība konta informācijā.
Lūdzu, pārbaudiet norādīto informāciju un apstipriniet darbību.

Paziņojums ir nosūtīts automātiski.

Nepieciešams rīkoties pirms konta statusa maiņas. Apstiprināšanas process ir pieejams konta pārbaudes sadaļā.

Ar cieņu,
Drošības nodaļa.",phishing
Jūsu kontam nepieciešama pārbaude,"Cienījamais klient!

Vēlamies informēt par izmaiņām jūsu konta drošības statusā. Jūsu profils pašlaik gaida papildu pārbaudi.

Nepieciešams apstiprināt, ka konts joprojām pieder jums. Apstiprināšanas process ir pieejams konta pārbaudes sadaļā.

Pārbaudes termiņš ir ierobežots.

Paldies par sadarbību.",phishing
Brīdinājums par kontu,"Cienījamais lietotāj!

Svarīga informācija par jūsu kontu.

Automātiskās pārbaudes laikā tika konstatēta nepieciešamība atjaunināt informāciju. Lūdzu, saglabājiet šo paziņojumu turpmākai atsaucei.

Lai turpinātu izmantot kontu, nepieciešams veikt pārbaudi.
Pabeidziet pārbaudi, izmantojot drošības sadaļu.

Lūdzu, pievērsiet šim paziņojumam uzmanību.

Ar cieņu,
Drošības nodaļa.",phishing
Steidzams paziņojums,"Labdien!

Ir konstatēta iespējama neatbilstība konta informācijā. Lai turpinātu izmantot kontu, nepieciešams veikt pārbaudi. Nepieciešams rīkoties pirms konta statusa maiņas.

Lai atjaunotu piekļuvi, turpiniet ar konta pārbaudi.

Ar cieņu,
Atbalsta komanda.",phishing
Jūsu kontam nepieciešama pārbaude,"Labdien!

Jūsu profils pašlaik gaida papildu pārbaudi.

Drošības pārbaude ir nepieciešama, lai aizsargātu jūsu kontu. Lūdzu, apstipriniet savu konta informāciju.

Pretējā gadījumā dažas konta funkcijas var kļūt nepieejamas. Apstiprināšanas process ir pieejams konta pārbaudes sadaļā.

Ar cieņu,
Atbalsta komanda.",phishing
Maksājuma apstiprināšana,"Labdien!

Ir konstatēta darbība, kuru nepieciešams apstiprināt. Lai turpinātu izmantot kontu, nepieciešams veikt pārbaudi. Nepieciešams rīkoties pirms konta statusa maiņas.

Pabeidziet pārbaudi, izmantojot drošības sadaļu.

Paldies, ka izmantojat mūsu pakalpojumus.",phishing
Brīdinājums par kontu,"Labdien!

Jūsu profils pašlaik gaida papildu pārbaudi. Lūdzu, veiciet nepieciešamo pārbaudi pēc iespējas ātrāk. Ja darbība netiks apstiprināta, konta izmantošana var būt ierobežota.

Lai turpinātu, izmantojiet norādīto pārbaudes iespēju.

Ar cieņu,
Klientu apkalpošanas nodaļa.",phishing
Pēdējais atgādinājums par kontu,"Cienījamais lietotāj!

Svarīga informācija par jūsu kontu.

Ir konstatēta iespējama neatbilstība konta informācijā. Šī darbība ir saistīta ar jūsu konta drošību.

Lai turpinātu izmantot kontu, nepieciešams veikt pārbaudi.
Lai turpinātu, izmantojiet norādīto pārbaudes iespēju.

Pārbaudi ieteicams pabeigt tuvākajā laikā.

Ar cieņu,
Klientu apkalpošanas nodaļa.",phishing
Svarīga informācija par jūsu kontu,"Labdien!

Drošības sistēma ir pamanījusi aizdomīgu darbību.
Lai atjaunotu piekļuvi, nepieciešams apstiprināt konta statusu.

Papildu informācija par pārbaudi ir pieejama konta sadaļā.

Ja pārbaude netiks veikta, piekļuve kontam var tikt ierobežota. Izmantojiet konta pārbaudes iespēju, lai turpinātu.

Paldies par sapratni.",phishing
Brīdinājums par kontu,"Labdien!

Svarīga informācija par jūsu kontu.

Mūsu sistēmā ir reģistrēta neparasta piekļuves darbība. Lūdzu, saglabājiet šo paziņojumu turpmākai atsaucei.

Lūdzu, pabeidziet drošības pārbaudi.
Konta pārbaudi var pabeigt, izmantojot zemāk norādīto darbību.

Ja darbība netiks apstiprināta, konta izmantošana var būt ierobežota.

Ar cieņu,
Drošības nodaļa.",phishing
Jūsu kontam nepieciešama pārbaude,"Svarīgs paziņojums!

Vēlamies informēt par izmaiņām jūsu konta drošības statusā. Sistēma nevarēja automātiski apstiprināt pēdējo darbību.

Lai turpinātu izmantot kontu, nepieciešams veikt pārbaudi. Lai atjaunotu piekļuvi, turpiniet ar konta pārbaudi.

Ja pārbaude netiks veikta, piekļuve kontam var tikt ierobežota.

Paldies, ka izmantojat mūsu pakalpojumus.",phishing
Apstipriniet konta informāciju,"Labdien!

Automātiskās pārbaudes laikā tika konstatēta nepieciešamība atjaunināt informāciju.
Lai atjaunotu piekļuvi, nepieciešams apstiprināt konta statusu.

Šis ir automātiski nosūtīts paziņojums.

Nepieciešams rīkoties pirms konta statusa maiņas. Konta pārbaudi var pabeigt, izmantojot zemāk norādīto darbību.

Paldies, ka izmantojat mūsu pakalpojumus.",phishing
Steidzams paziņojums,"Labdien, cienījamais klient!

Pēdējās konta darbības dēļ nepieciešama papildu pārbaude.

Drošības pārbaude ir nepieciešama, lai aizsargātu jūsu kontu. Lai atjaunotu piekļuvi, nepieciešams apstiprināt konta statusu.

Pārbaudi ieteicams pabeigt tuvākajā laikā. Apstiprināšanas process ir pieejams konta pārbaudes sadaļā.

Ar cieņu,
Klientu apkalpošanas nodaļa.",phishing
Jūsu konts ir ierobežots,"Labdien!

Vēlamies informēt par izmaiņām jūsu konta drošības statusā. Automātiskās pārbaudes laikā tika konstatēta nepieciešamība atjaunināt informāciju.

Nepieciešams apstiprināt, ka konts joprojām pieder jums. Konta pārbaudi var pabeigt, izmantojot zemāk norādīto darbību.

Lūdzu, pievērsiet šim paziņojumam uzmanību.

Ar cieņu,
Klientu apkalpošanas nodaļa.",phishing
Svarīgs drošības paziņojums,"Cienījamais klient!

Vēlamies informēt par izmaiņām jūsu konta drošības statusā. Sistēma nevarēja automātiski apstiprināt pēdējo darbību.

Nepieciešams apstiprināt, ka konts joprojām pieder jums. Lai apstiprinātu informāciju, atveriet pārbaudes sadaļu.

Lūdzu, pievērsiet šim paziņojumam uzmanību.

Paldies, ka izmantojat mūsu pakalpojumus.",phishing
Pēdējais atgādinājums par kontu,"Sveiki, klient!

Sistēma nevarēja automātiski apstiprināt pēdējo darbību. Veiciet norādīto pārbaudi, lai atjaunotu pilnu piekļuvi. Lūdzu, pievērsiet šim paziņojumam uzmanību.

Izmantojiet konta pārbaudes iespēju, lai turpinātu.

Ar cieņu,
Drošības nodaļa.",phishing
Drošības pārbaude,"Labdien!

Ir konstatēta iespējama neatbilstība konta informācijā.
Veiciet norādīto pārbaudi, lai atjaunotu pilnu piekļuvi.

Atbildēt uz šo ziņojumu nav nepieciešams.

Nepieciešams rīkoties pirms konta statusa maiņas. Konta pārbaudi var pabeigt, izmantojot zemāk norādīto darbību.

Paldies, ka izmantojat mūsu pakalpojumus.",phishing
Nepieciešama tūlītēja darbība,"Svarīgs paziņojums!

Svarīga informācija par jūsu kontu.

Jūsu profils pašlaik gaida papildu pārbaudi. Pārbaude tiek veikta drošības nolūkos.

Lai atjaunotu piekļuvi, nepieciešams apstiprināt konta statusu.
Lai apstiprinātu informāciju, atveriet pārbaudes sadaļu.

Pārbaudi ieteicams pabeigt tuvākajā laikā.

Ar cieņu,
Atbalsta komanda.",phishing
Brīdinājums par kontu,"Sveiki, klient!

Ir konstatēta iespējama neatbilstība konta informācijā. Lūdzu, apstipriniet savu konta informāciju. Nepieciešams rīkoties pirms konta statusa maiņas.

Lai turpinātu, izmantojiet norādīto pārbaudes iespēju.

Ar cieņu,
Klientu apkalpošanas nodaļa.",phishing
Konta pārbaudes termiņš,"Sveiki, klient!

Mūsu sistēmā ir reģistrēta neparasta piekļuves darbība.

Drošības pārbaude ir nepieciešama, lai aizsargātu jūsu kontu. Lūdzu, pārbaudiet norādīto informāciju un apstipriniet darbību.

Nepieciešams rīkoties pirms konta statusa maiņas. Apstiprināšanas process ir pieejams konta pārbaudes sadaļā.

Paldies, ka izmantojat mūsu pakalpojumus.",phishing
Jūsu kontam nepieciešama pārbaude,"Sveiki, klient!

Sistēma nevarēja automātiski apstiprināt pēdējo darbību. Lai atjaunotu piekļuvi, nepieciešams apstiprināt konta statusu. Lūdzu, pievērsiet šim paziņojumam uzmanību.

Izmantojiet konta pārbaudes iespēju, lai turpinātu.

Ar cieņu,
Atbalsta komanda.",phishing
Konta darbības apstiprināšana,"Labdien!

Ir konstatēta darbība, kuru nepieciešams apstiprināt. Lūdzu, pārbaudiet norādīto informāciju un apstipriniet darbību. Lūdzu, neatlieciet šo pārbaudi.

Lai turpinātu, izmantojiet norādīto pārbaudes iespēju.

Paldies par sapratni.",phishing
Jūsu konts ir ierobežots,"Sveiki, klient!

Svarīga informācija par jūsu kontu.

Ir konstatēta iespējama neatbilstība konta informācijā. Pārbaude tiek veikta drošības nolūkos.

Nepieciešams apstiprināt, ka konts joprojām pieder jums.
Izmantojiet konta pārbaudes iespēju, lai turpinātu.

Pārbaudes termiņš ir ierobežots.

Paldies par sadarbību.",phishing
Steidzams paziņojums,"Cienījamais lietotāj!

Ir konstatēta darbība, kuru nepieciešams apstiprināt. Lūdzu, veiciet nepieciešamo pārbaudi pēc iespējas ātrāk. Lūdzu, neatlieciet šo pārbaudi.

Lai turpinātu, izmantojiet norādīto pārbaudes iespēju.

Ar cieņu,
Konta drošības komanda.",phishing
Nepieciešams apstiprinājums,"Cienījamais klient!

Mūsu sistēma ir konstatējusi neparastu aktivitāti jūsu kontā.

Atbildēt uz šo ziņojumu nav nepieciešams. Lūdzu, pārbaudiet norādīto informāciju un apstipriniet darbību.

Pārbaudi ieteicams pabeigt tuvākajā laikā. Konta pārbaudi var pabeigt, izmantojot zemāk norādīto darbību.

Paldies par sadarbību.",phishing
Jūsu konts ir ierobežots,"Sveiki!

Ir konstatēta darbība, kuru nepieciešams apstiprināt.

Šī darbība ir saistīta ar jūsu konta drošību. Lai turpinātu izmantot pakalpojumu, jāapstiprina jūsu informācija.

Pārbaudi ieteicams pabeigt tuvākajā laikā. Lai atjaunotu piekļuvi, turpiniet ar konta pārbaudi.

Ar cieņu,
Atbalsta komanda.",phishing
Paziņojums par konta darbību,"Labdien!

Svarīga informācija par jūsu kontu.

Jūsu konta drošības statuss ir jāapstiprina. Paziņojums ir nosūtīts automātiski.

Lai izvairītos no piekļuves ierobežošanas, apstipriniet konta datus.
Konta pārbaudi var pabeigt, izmantojot zemāk norādīto darbību.

Lūdzu, neatlieciet šo pārbaudi.

Paldies par sapratni.",phishing
Konta piekļuves problēma,"Labdien, cienījamais klient!

Pēdējās konta darbības dēļ nepieciešama papildu pārbaude. Lai turpinātu izmantot pakalpojumu, jāapstiprina jūsu informācija. Ja darbība netiks apstiprināta, konta izmantošana var būt ierobežota.

Lai apstiprinātu informāciju, atveriet pārbaudes sadaļu.

Ar cieņu,
Konta drošības komanda.",phishing
Nepieciešama konta pārbaude,"Labdien, cienījamais klient!

Ir konstatēta iespējama neatbilstība konta informācijā.

Paziņojums ir nosūtīts automātiski. Lai izvairītos no piekļuves ierobežošanas, apstipriniet konta datus.

Ja pārbaude netiks veikta, piekļuve kontam var tikt ierobežota. Lai apstiprinātu informāciju, atveriet pārbaudes sadaļu.

Paldies, ka izmantojat mūsu pakalpojumus.",phishing
Drošības sistēmas brīdinājums,"Cienījamais lietotāj!

Sistēma nevarēja automātiski apstiprināt pēdējo darbību.

Drošības pārbaude ir nepieciešama, lai aizsargātu jūsu kontu. Lūdzu, pabeidziet drošības pārbaudi.

Lūdzu, neatlieciet šo pārbaudi. Lai apstiprinātu informāciju, atveriet pārbaudes sadaļu.

Paldies, ka izmantojat mūsu pakalpojumus.",phishing
Jūsu konts ir ierobežots,"Cienījamais klient!

Vēlamies informēt par izmaiņām jūsu konta drošības statusā. Kontam ir nepieciešama papildu drošības pārbaude.

Lūdzu, apstipriniet savu konta informāciju. Pabeidziet pārbaudi, izmantojot drošības sadaļu.

Nepieciešams rīkoties pirms konta statusa maiņas.

Ar cieņu,
Drošības nodaļa.",phishing
Jūsu kontam nepieciešama pārbaude,"Cienījamais lietotāj!

Vēlamies informēt par izmaiņām jūsu konta drošības statusā. Sistēma nevarēja automātiski apstiprināt pēdējo darbību.

Veiciet norādīto pārbaudi, lai atjaunotu pilnu piekļuvi. Izmantojiet konta pārbaudes iespēju, lai turpinātu.

Pārbaudi ieteicams pabeigt tuvākajā laikā.

Ar cieņu,
Atbalsta komanda.",phishing
Apstipriniet konta informāciju,"Cienījamais klient!

Ir konstatēta darbība, kuru nepieciešams apstiprināt.
Lai turpinātu izmantot kontu, nepieciešams veikt pārbaudi.

Šis ir automātiski nosūtīts paziņojums.

Nepieciešams rīkoties pirms konta statusa maiņas. Apstiprināšanas process ir pieejams konta pārbaudes sadaļā.

Paldies par sadarbību.",phishing
Konta piekļuves problēma,"Sveiki, klient!

Drošības sistēma ir pamanījusi aizdomīgu darbību.

Atbildēt uz šo ziņojumu nav nepieciešams. Veiciet norādīto pārbaudi, lai atjaunotu pilnu piekļuvi.

Lūdzu, pievērsiet šim paziņojumam uzmanību. Lai atjaunotu piekļuvi, turpiniet ar konta pārbaudi.

Ar cieņu,
Klientu apkalpošanas nodaļa.",phishing
Nepieciešams apstiprinājums,"Svarīgs paziņojums!

Svarīga informācija par jūsu kontu.

Mūsu sistēmā ir reģistrēta neparasta piekļuves darbība. Šis ir automātiski nosūtīts paziņojums.

Lai turpinātu izmantot pakalpojumu, jāapstiprina jūsu informācija.
Pabeidziet pārbaudi, izmantojot drošības sadaļu.

Pārbaudi ieteicams pabeigt tuvākajā laikā.

Paldies par sapratni.",phishing
Svarīgs drošības paziņojums,"Labdien!

Vēlamies informēt par izmaiņām jūsu konta drošības statusā. Mūsu sistēmā ir reģistrēta neparasta piekļuves darbība.

Lūdzu, pabeidziet drošības pārbaudi. Konta pārbaudi var pabeigt, izmantojot zemāk norādīto darbību.

Pretējā gadījumā dažas konta funkcijas var kļūt nepieejamas.

Ar cieņu,
Klientu apkalpošanas nodaļa.",phishing
Jūsu profils ir jāatjauno,"Labdien, cienījamais klient!

Jūsu konta drošības statuss ir jāapstiprina. Lai izvairītos no piekļuves ierobežošanas, apstipriniet konta datus. Ja pārbaude netiks veikta, piekļuve kontam var tikt ierobežota.

Izmantojiet konta pārbaudes iespēju, lai turpinātu.

Paldies, ka izmantojat mūsu pakalpojumus.",phishing
Konta pārbaudes termiņš,"Cienījamais lietotāj!

Ir konstatēta darbība, kuru nepieciešams apstiprināt.
Lai turpinātu izmantot pakalpojumu, jāapstiprina jūsu informācija.

Šī darbība ir saistīta ar jūsu konta drošību.

Nepieciešams rīkoties pirms konta statusa maiņas. Lai atjaunotu piekļuvi, turpiniet ar konta pārbaudi.

Paldies par sapratni.",phishing
Paziņojums par konta darbību,"Cienījamais klient!

Mūsu sistēma ir konstatējusi neparastu aktivitāti jūsu kontā. Nepieciešams apstiprināt, ka konts joprojām pieder jums. Šo darbību nepieciešams veikt pēc iespējas ātrāk.

Lai apstiprinātu informāciju, atveriet pārbaudes sadaļu.

Ar cieņu,
Konta drošības komanda.",phishing
Jūsu profils ir jāatjauno,"Sveiki, klient!

Svarīga informācija par jūsu kontu.

Sistēma nevarēja automātiski apstiprināt pēdējo darbību. Drošības pārbaude ir nepieciešama, lai aizsargātu jūsu kontu.

Nepieciešams apstiprināt, ka konts joprojām pieder jums.
Pabeidziet pārbaudi, izmantojot drošības sadaļu.

Ja darbība netiks apstiprināta, konta izmantošana var būt ierobežota.

Paldies, ka izmantojat mūsu pakalpojumus.",phishing
Svarīgs klienta paziņojums,"Svarīgs paziņojums!

Vēlamies informēt par izmaiņām jūsu konta drošības statusā. Kontam ir nepieciešama papildu drošības pārbaude.

Lai turpinātu izmantot pakalpojumu, jāapstiprina jūsu informācija. Izmantojiet konta pārbaudes iespēju, lai turpinātu.

Lūdzu, neatlieciet šo pārbaudi.

Paldies, ka izmantojat mūsu pakalpojumus.",phishing
Nepieciešama tūlītēja darbība,"Labdien!

Sistēma nevarēja automātiski apstiprināt pēdējo darbību. Lai turpinātu izmantot kontu, nepieciešams veikt pārbaudi. Šo darbību nepieciešams veikt pēc iespējas ātrāk.

Apstiprināšanas process ir pieejams konta pārbaudes sadaļā.

Ar cieņu,
Drošības nodaļa.",phishing
Pēdējais atgādinājums par kontu,"Cienījamais lietotāj!

Sistēma nevarēja automātiski apstiprināt pēdējo darbību.
Lai turpinātu izmantot kontu, nepieciešams veikt pārbaudi.

Lūdzu, saglabājiet šo paziņojumu turpmākai atsaucei.

Šo darbību nepieciešams veikt pēc iespējas ātrāk. Lai turpinātu, izmantojiet norādīto pārbaudes iespēju.

Ar cieņu,
Klientu apkalpošanas nodaļa.",phishing
Jūsu kontam nepieciešama pārbaude,"Cienījamais lietotāj!

Ir konstatēta iespējama neatbilstība konta informācijā. Lai izvairītos no piekļuves ierobežošanas, apstipriniet konta datus. Lūdzu, neatlieciet šo pārbaudi.

Izmantojiet konta pārbaudes iespēju, lai turpinātu.

Ar cieņu,
Drošības nodaļa.",phishing
Svarīgs klienta paziņojums,"Sveiki!

Jūsu konta drošības statuss ir jāapstiprina.
Lūdzu, pabeidziet drošības pārbaudi.

Šis ir automātiski nosūtīts paziņojums.

Pretējā gadījumā dažas konta funkcijas var kļūt nepieejamas. Lai apstiprinātu informāciju, atveriet pārbaudes sadaļu.

Ar cieņu,
Konta drošības komanda.",phishing
Brīdinājums par kontu,"Sveiki!

Jūsu profils pašlaik gaida papildu pārbaudi.

Pārbaude tiek veikta drošības nolūkos. Lūdzu, pabeidziet drošības pārbaudi.

Nepieciešams rīkoties pirms konta statusa maiņas. Apstiprināšanas process ir pieejams konta pārbaudes sadaļā.

Ar cieņu,
Klientu apkalpošanas nodaļa.",phishing
Paziņojums par konta darbību,"Cienījamais klient!

Svarīga informācija par jūsu kontu.

Drošības sistēma ir pamanījusi aizdomīgu darbību. Paziņojums ir nosūtīts automātiski.

Nepieciešams apstiprināt, ka konts joprojām pieder jums.
Izmantojiet konta pārbaudes iespēju, lai turpinātu.

Nepieciešams rīkoties pirms konta statusa maiņas.

Paldies par sapratni.",phishing
Drošības sistēmas brīdinājums,"Labdien!

Vēlamies informēt par izmaiņām jūsu konta drošības statusā. Pēdējās konta darbības dēļ nepieciešama papildu pārbaude.

Lūdzu, apstipriniet savu konta informāciju. Lai apstiprinātu informāciju, atveriet pārbaudes sadaļu.

Nepieciešams rīkoties pirms konta statusa maiņas.

Ar cieņu,
Atbalsta komanda.",phishing
Steidzams paziņojums,"Labdien!

Sistēma nevarēja automātiski apstiprināt pēdējo darbību. Lai turpinātu izmantot pakalpojumu, jāapstiprina jūsu informācija. Ja darbība netiks apstiprināta, konta izmantošana var būt ierobežota.

Lai atjaunotu piekļuvi, turpiniet ar konta pārbaudi.

Paldies par sadarbību.",phishing
Piekļuves atjaunošana,"Cienījamais lietotāj!

Svarīga informācija par jūsu kontu.

Mūsu sistēmā ir reģistrēta neparasta piekļuves darbība. Papildu informācija par pārbaudi ir pieejama konta sadaļā.

Lūdzu, pārbaudiet norādīto informāciju un apstipriniet darbību.
Izmantojiet konta pārbaudes iespēju, lai turpinātu.

Ja darbība netiks apstiprināta, konta izmantošana var būt ierobežota.

Ar cieņu,
Drošības nodaļa.",phishing
Konta darbības apstiprināšana,"Sveiki, klient!

Ir konstatēta darbība, kuru nepieciešams apstiprināt.

Drošības pārbaude ir nepieciešama, lai aizsargātu jūsu kontu. Lūdzu, pārbaudiet norādīto informāciju un apstipriniet darbību.

Nepieciešams rīkoties pirms konta statusa maiņas. Apstiprināšanas process ir pieejams konta pārbaudes sadaļā.

Ar cieņu,
Klientu apkalpošanas nodaļa.",phishing
Identitātes pārbaude,"Cienījamais klient!

Jūsu konta drošības statuss ir jāapstiprina.

Atbildēt uz šo ziņojumu nav nepieciešams. Veiciet norādīto pārbaudi, lai atjaunotu pilnu piekļuvi.

Lūdzu, pievērsiet šim paziņojumam uzmanību. Konta pārbaudi var pabeigt, izmantojot zemāk norādīto darbību.

Paldies, ka izmantojat mūsu pakalpojumus.",phishing
Piekļuves atjaunošana,"Labdien!

Vēlamies informēt par izmaiņām jūsu konta drošības statusā. Mūsu sistēma ir konstatējusi neparastu aktivitāti jūsu kontā.

Lūdzu, veiciet nepieciešamo pārbaudi pēc iespējas ātrāk. Konta pārbaudi var pabeigt, izmantojot zemāk norādīto darbību.

Pretējā gadījumā dažas konta funkcijas var kļūt nepieejamas.

Ar cieņu,
Atbalsta komanda.",phishing
Nepieciešams apstiprinājums,"Cienījamais klient!

Kontam ir nepieciešama papildu drošības pārbaude.
Nepieciešams apstiprināt, ka konts joprojām pieder jums.

Paziņojums ir nosūtīts automātiski.

Pārbaudes termiņš ir ierobežots. Lai turpinātu, izmantojiet norādīto pārbaudes iespēju.

Paldies par sadarbību.",phishing
Svarīga informācija par jūsu kontu,"Labdien!

Svarīga informācija par jūsu kontu.

Pēdējās konta darbības dēļ nepieciešama papildu pārbaude. Drošības pārbaude ir nepieciešama, lai aizsargātu jūsu kontu.

Lai atjaunotu piekļuvi, nepieciešams apstiprināt konta statusu.
Lai atjaunotu piekļuvi, turpiniet ar konta pārbaudi.

Pretējā gadījumā dažas konta funkcijas var kļūt nepieejamas.

Ar cieņu,
Klientu apkalpošanas nodaļa.",phishing
Neapstiprināta darbība,"Svarīgs paziņojums!

Vēlamies informēt par izmaiņām jūsu konta drošības statusā. Automātiskās pārbaudes laikā tika konstatēta nepieciešamība atjaunināt informāciju.

Lai atjaunotu piekļuvi, nepieciešams apstiprināt konta statusu. Lai atjaunotu piekļuvi, turpiniet ar konta pārbaudi.

Šo darbību nepieciešams veikt pēc iespējas ātrāk.

Ar cieņu,
Atbalsta komanda.",phishing
Neapstiprināta darbība,"Sveiki!

Sistēma nevarēja automātiski apstiprināt pēdējo darbību. Nepieciešams apstiprināt, ka konts joprojām pieder jums. Pretējā gadījumā var tikt piemēroti papildu drošības ierobežojumi.

Lai turpinātu, izmantojiet norādīto pārbaudes iespēju.

Ar cieņu,
Konta drošības komanda.",phishing
Identitātes pārbaude,"Sveiki!

Svarīga informācija par jūsu kontu.

Automātiskā sistēma ir atzīmējusi jūsu kontu pārbaudei. Pārbaude tiek veikta drošības nolūkos.

Lai turpinātu izmantot pakalpojumu, jāapstiprina jūsu informācija.
Konta pārbaudi var pabeigt, izmantojot zemāk norādīto darbību.

Pretējā gadījumā dažas konta funkcijas var kļūt nepieejamas.

Ar cieņu,
Klientu apkalpošanas nodaļa.",phishing
Pēdējais atgādinājums par kontu,"Labdien!

Automātiskās pārbaudes laikā tika konstatēta nepieciešamība atjaunināt informāciju.
Lūdzu, pabeidziet drošības pārbaudi.

Papildu informācija par pārbaudi ir pieejama konta sadaļā.

Pārbaudes termiņš ir ierobežots. Izmantojiet konta pārbaudes iespēju, lai turpinātu.

Ar cieņu,
Konta drošības komanda.",phishing
Nepieciešams apstiprinājums,"Labdien, cienījamais klient!

Vēlamies informēt par izmaiņām jūsu konta drošības statusā. Automātiskā sistēma ir atzīmējusi jūsu kontu pārbaudei.

Nepieciešams apstiprināt, ka konts joprojām pieder jums. Apstiprināšanas process ir pieejams konta pārbaudes sadaļā.

Pretējā gadījumā dažas konta funkcijas var kļūt nepieejamas.

Ar cieņu,
Konta drošības komanda.",phishing
Identitātes pārbaude,"Svarīgs paziņojums!

Drošības sistēma ir pamanījusi aizdomīgu darbību.
Veiciet norādīto pārbaudi, lai atjaunotu pilnu piekļuvi.

Šis ir automātiski nosūtīts paziņojums.

Lūdzu, pievērsiet šim paziņojumam uzmanību. Lai turpinātu, izmantojiet norādīto pārbaudes iespēju.

Paldies par sapratni.",phishing
Brīdinājums par kontu,"Cienījamais klient!

Svarīga informācija par jūsu kontu.

Mūsu sistēmā ir reģistrēta neparasta piekļuves darbība. Atbildēt uz šo ziņojumu nav nepieciešams.

Lai atjaunotu piekļuvi, nepieciešams apstiprināt konta statusu.
Apstiprināšanas process ir pieejams konta pārbaudes sadaļā.

Lūdzu, pievērsiet šim paziņojumam uzmanību.

Ar cieņu,
Atbalsta komanda.",phishing
Darījuma pārbaude,"Svarīgs paziņojums!

Mūsu sistēma ir konstatējusi neparastu aktivitāti jūsu kontā. Lūdzu, veiciet nepieciešamo pārbaudi pēc iespējas ātrāk. Ja pārbaude netiks veikta, piekļuve kontam var tikt ierobežota.

Konta pārbaudi var pabeigt, izmantojot zemāk norādīto darbību.

Ar cieņu,
Konta drošības komanda.",phishing
Identitātes pārbaude,"Sveiki!

Vēlamies informēt par izmaiņām jūsu konta drošības statusā. Automātiskā sistēma ir atzīmējusi jūsu kontu pārbaudei.

Lai atjaunotu piekļuvi, nepieciešams apstiprināt konta statusu. Konta pārbaudi var pabeigt, izmantojot zemāk norādīto darbību.

Lūdzu, neatlieciet šo pārbaudi.

Paldies par sapratni.",phishing
Steidzams paziņojums,"Cienījamais lietotāj!

Vēlamies informēt par izmaiņām jūsu konta drošības statusā. Mūsu sistēma ir konstatējusi neparastu aktivitāti jūsu kontā.

Lūdzu, pabeidziet drošības pārbaudi. Izmantojiet konta pārbaudes iespēju, lai turpinātu.

Lūdzu, pievērsiet šim paziņojumam uzmanību.

Ar cieņu,
Klientu apkalpošanas nodaļa.",phishing
Konta pārbaudes termiņš,"Cienījamais lietotāj!

Svarīga informācija par jūsu kontu.

Pēdējās konta darbības dēļ nepieciešama papildu pārbaude. Drošības pārbaude ir nepieciešama, lai aizsargātu jūsu kontu.

Lūdzu, apstipriniet savu konta informāciju.
Lai apstiprinātu informāciju, atveriet pārbaudes sadaļu.

Lūdzu, pievērsiet šim paziņojumam uzmanību.

Paldies par sadarbību.",phishing
Jūsu kontam nepieciešama pārbaude,"Labdien, cienījamais klient!

Sistēma nevarēja automātiski apstiprināt pēdējo darbību.

Šis ir automātiski nosūtīts paziņojums. Lai atjaunotu piekļuvi, nepieciešams apstiprināt konta statusu.

Pretējā gadījumā var tikt piemēroti papildu drošības ierobežojumi. Lai apstiprinātu informāciju, atveriet pārbaudes sadaļu.

Ar cieņu,
Klientu apkalpošanas nodaļa.",phishing
Konta piekļuves problēma,"Sveiki!

Kontam ir nepieciešama papildu drošības pārbaude. Lūdzu, veiciet nepieciešamo pārbaudi pēc iespējas ātrāk. Ja darbība netiks apstiprināta, konta izmantošana var būt ierobežota.

Apstiprināšanas process ir pieejams konta pārbaudes sadaļā.

Ar cieņu,
Atbalsta komanda.",phishing
Nepieciešama konta pārbaude,"Labdien!

Svarīga informācija par jūsu kontu.

Jūsu konta drošības statuss ir jāapstiprina. Atbildēt uz šo ziņojumu nav nepieciešams.

Lūdzu, veiciet nepieciešamo pārbaudi pēc iespējas ātrāk.
Izmantojiet konta pārbaudes iespēju, lai turpinātu.

Ja pārbaude netiks veikta, piekļuve kontam var tikt ierobežota.

Ar cieņu,
Drošības nodaļa.",phishing
Apstipriniet konta informāciju,"Sveiki, klient!

Automātiskā sistēma ir atzīmējusi jūsu kontu pārbaudei.
Nepieciešams apstiprināt, ka konts joprojām pieder jums.

Papildu informācija par pārbaudi ir pieejama konta sadaļā.

Ja darbība netiks apstiprināta, konta izmantošana var būt ierobežota. Pabeidziet pārbaudi, izmantojot drošības sadaļu.

Ar cieņu,
Atbalsta komanda.",phishing
Nepieciešams apstiprinājums,"Svarīgs paziņojums!

Svarīga informācija par jūsu kontu.

Jūsu profils pašlaik gaida papildu pārbaudi. Pārbaude tiek veikta drošības nolūkos.

Lai turpinātu izmantot kontu, nepieciešams veikt pārbaudi.
Apstiprināšanas process ir pieejams konta pārbaudes sadaļā.

Nepieciešams rīkoties pirms konta statusa maiņas.

Ar cieņu,
Atbalsta komanda.",phishing
Konta darbības apstiprināšana,"Sveiki, klient!

Vēlamies informēt par izmaiņām jūsu konta drošības statusā. Automātiskā sistēma ir atzīmējusi jūsu kontu pārbaudei.

Lai izvairītos no piekļuves ierobežošanas, apstipriniet konta datus. Lai apstiprinātu informāciju, atveriet pārbaudes sadaļu.

Lūdzu, neatlieciet šo pārbaudi.

Paldies par sapratni.",phishing
Svarīga informācija par jūsu kontu,"Labdien, cienījamais klient!

Vēlamies informēt par izmaiņām jūsu konta drošības statusā. Ir konstatēta iespējama neatbilstība konta informācijā.

Lūdzu, veiciet nepieciešamo pārbaudi pēc iespējas ātrāk. Lai turpinātu, izmantojiet norādīto pārbaudes iespēju.

Šo darbību nepieciešams veikt pēc iespējas ātrāk.

Ar cieņu,
Atbalsta komanda.",phishing
Svarīga informācija par jūsu kontu,"Cienījamais klient!

Drošības sistēma ir pamanījusi aizdomīgu darbību.
Lūdzu, veiciet nepieciešamo pārbaudi pēc iespējas ātrāk.

Šis ir automātiski nosūtīts paziņojums.

Ja pārbaude netiks veikta, piekļuve kontam var tikt ierobežota. Izmantojiet konta pārbaudes iespēju, lai turpinātu.

Paldies par sapratni.",phishing
Drošības pārbaude,"Sveiki, klient!

Vēlamies informēt par izmaiņām jūsu konta drošības statusā. Jūsu konta drošības statuss ir jāapstiprina.

Lūdzu, pārbaudiet norādīto informāciju un apstipriniet darbību. Lai turpinātu, izmantojiet norādīto pārbaudes iespēju.

Nepieciešams rīkoties pirms konta statusa maiņas.

Ar cieņu,
Atbalsta komanda.",phishing
Paziņojums par konta darbību,"Sveiki!

Vēlamies informēt par izmaiņām jūsu konta drošības statusā. Ir konstatēta darbība, kuru nepieciešams apstiprināt.

Lūdzu, pabeidziet drošības pārbaudi. Lai apstiprinātu informāciju, atveriet pārbaudes sadaļu.

Ja pārbaude netiks veikta, piekļuve kontam var tikt ierobežota.

Ar cieņu,
Klientu apkalpošanas nodaļa.",phishing
Pēdējais atgādinājums par kontu,"Cienījamais lietotāj!

Drošības sistēma ir pamanījusi aizdomīgu darbību.
Lūdzu, pabeidziet drošības pārbaudi.

Paziņojums ir nosūtīts automātiski.

Nepieciešams rīkoties pirms konta statusa maiņas. Lai atjaunotu piekļuvi, turpiniet ar konta pārbaudi.

Ar cieņu,
Klientu apkalpošanas nodaļa.",phishing
Konta piekļuves problēma,"Cienījamais klient!

Svarīga informācija par jūsu kontu.

Drošības sistēma ir pamanījusi aizdomīgu darbību. Lūdzu, saglabājiet šo paziņojumu turpmākai atsaucei.

Lai izvairītos no piekļuves ierobežošanas, apstipriniet konta datus.
Lai turpinātu, izmantojiet norādīto pārbaudes iespēju.

Ja darbība netiks apstiprināta, konta izmantošana var būt ierobežota.

Paldies, ka izmantojat mūsu pakalpojumus.",phishing
Nepieciešams apstiprinājums,"Sveiki!

Svarīga informācija par jūsu kontu.

Automātiskās pārbaudes laikā tika konstatēta nepieciešamība atjaunināt informāciju. Šī darbība ir saistīta ar jūsu konta drošību.

Lai turpinātu izmantot pakalpojumu, jāapstiprina jūsu informācija.
Konta pārbaudi var pabeigt, izmantojot zemāk norādīto darbību.

Lūdzu, pievērsiet šim paziņojumam uzmanību.

Paldies par sadarbību.",phishing
Jūsu konts ir ierobežots,"Svarīgs paziņojums!

Svarīga informācija par jūsu kontu.

Ir konstatēta iespējama neatbilstība konta informācijā. Drošības pārbaude ir nepieciešama, lai aizsargātu jūsu kontu.

Lūdzu, pārbaudiet norādīto informāciju un apstipriniet darbību.
Lai apstiprinātu informāciju, atveriet pārbaudes sadaļu.

Ja pārbaude netiks veikta, piekļuve kontam var tikt ierobežota.

Ar cieņu,
Drošības nodaļa.",phishing
Pēdējais atgādinājums par kontu,"Labdien!

Svarīga informācija par jūsu kontu.

Mūsu sistēma ir konstatējusi neparastu aktivitāti jūsu kontā. Atbildēt uz šo ziņojumu nav nepieciešams.

Lai atjaunotu piekļuvi, nepieciešams apstiprināt konta statusu.
Pabeidziet pārbaudi, izmantojot drošības sadaļu.

Lūdzu, pievērsiet šim paziņojumam uzmanību.

Ar cieņu,
Drošības nodaļa.",phishing
Maksājuma apstiprināšana,"Cienījamais lietotāj!

Vēlamies informēt par izmaiņām jūsu konta drošības statusā. Mūsu sistēmā ir reģistrēta neparasta piekļuves darbība.

Lūdzu, pabeidziet drošības pārbaudi. Lai turpinātu, izmantojiet norādīto pārbaudes iespēju.

Ja pārbaude netiks veikta, piekļuve kontam var tikt ierobežota.

Ar cieņu,
Klientu apkalpošanas nodaļa.",phishing
Apstipriniet konta informāciju,"Labdien!

Ir konstatēta darbība, kuru nepieciešams apstiprināt. Lai turpinātu izmantot pakalpojumu, jāapstiprina jūsu informācija. Ja pārbaude netiks veikta, piekļuve kontam var tikt ierobežota.

Pabeidziet pārbaudi, izmantojot drošības sadaļu.

Paldies par sapratni.",phishing
Identitātes pārbaude,"Svarīgs paziņojums!

Pēdējās konta darbības dēļ nepieciešama papildu pārbaude. Lai atjaunotu piekļuvi, nepieciešams apstiprināt konta statusu. Pretējā gadījumā var tikt piemēroti papildu drošības ierobežojumi.

Izmantojiet konta pārbaudes iespēju, lai turpinātu.

Ar cieņu,
Klientu apkalpošanas nodaļa.",phishing
Pēdējais atgādinājums par kontu,"Cienījamais lietotāj!

Automātiskā sistēma ir atzīmējusi jūsu kontu pārbaudei.

Šī darbība ir saistīta ar jūsu konta drošību. Lūdzu, pabeidziet drošības pārbaudi.

Lūdzu, neatlieciet šo pārbaudi. Lai apstiprinātu informāciju, atveriet pārbaudes sadaļu.

Ar cieņu,
Atbalsta komanda.",phishing
Brīdinājums par kontu,"Cienījamais lietotāj!

Ir konstatēta darbība, kuru nepieciešams apstiprināt. Lūdzu, apstipriniet savu konta informāciju. Ja darbība netiks apstiprināta, konta izmantošana var būt ierobežota.

Konta pārbaudi var pabeigt, izmantojot zemāk norādīto darbību.

Paldies par sadarbību.",phishing
Konta darbības apstiprināšana,"Labdien, cienījamais klient!

Drošības sistēma ir pamanījusi aizdomīgu darbību. Lūdzu, apstipriniet savu konta informāciju. Lūdzu, pievērsiet šim paziņojumam uzmanību.

Konta pārbaudi var pabeigt, izmantojot zemāk norādīto darbību.

Paldies par sadarbību.",phishing
Drošības pārbaude,"Svarīgs paziņojums!

Svarīga informācija par jūsu kontu.

Ir konstatēta darbība, kuru nepieciešams apstiprināt. Paziņojums ir nosūtīts automātiski.

Lai atjaunotu piekļuvi, nepieciešams apstiprināt konta statusu.
Izmantojiet konta pārbaudes iespēju, lai turpinātu.

Pretējā gadījumā dažas konta funkcijas var kļūt nepieejamas.

Paldies par sapratni.",phishing
Jūsu kontam nepieciešama pārbaude,"Labdien!

Sistēma nevarēja automātiski apstiprināt pēdējo darbību.
Lūdzu, apstipriniet savu konta informāciju.

Pārbaude tiek veikta drošības nolūkos.

Pretējā gadījumā var tikt piemēroti papildu drošības ierobežojumi. Apstiprināšanas process ir pieejams konta pārbaudes sadaļā.

Ar cieņu,
Drošības nodaļa.",phishing
Identitātes pārbaude,"Labdien!

Kontam ir nepieciešama papildu drošības pārbaude.
Lūdzu, pārbaudiet norādīto informāciju un apstipriniet darbību.

Paziņojums ir nosūtīts automātiski.

Lūdzu, neatlieciet šo pārbaudi. Lai atjaunotu piekļuvi, turpiniet ar konta pārbaudi.

Paldies, ka izmantojat mūsu pakalpojumus.",phishing
Apstipriniet konta informāciju,"Labdien, cienījamais klient!

Kontam ir nepieciešama papildu drošības pārbaude.
Lai turpinātu izmantot pakalpojumu, jāapstiprina jūsu informācija.

Šis ir automātiski nosūtīts paziņojums.

Nepieciešams rīkoties pirms konta statusa maiņas. Lai atjaunotu piekļuvi, turpiniet ar konta pārbaudi.

Ar cieņu,
Klientu apkalpošanas nodaļa.",phishing
Jūsu profils ir jāatjauno,"Cienījamais klient!

Vēlamies informēt par izmaiņām jūsu konta drošības statusā. Jūsu profils pašlaik gaida papildu pārbaudi.

Veiciet norādīto pārbaudi, lai atjaunotu pilnu piekļuvi. Lai atjaunotu piekļuvi, turpiniet ar konta pārbaudi.

Ja pārbaude netiks veikta, piekļuve kontam var tikt ierobežota.

Paldies par sapratni.",phishing
Konta pārbaudes termiņš,"Svarīgs paziņojums!

Vēlamies informēt par izmaiņām jūsu konta drošības statusā. Automātiskās pārbaudes laikā tika konstatēta nepieciešamība atjaunināt informāciju.

Lūdzu, pārbaudiet norādīto informāciju un apstipriniet darbību. Lai atjaunotu piekļuvi, turpiniet ar konta pārbaudi.

Pretējā gadījumā var tikt piemēroti papildu drošības ierobežojumi.

Ar cieņu,
Konta drošības komanda.",phishing
Nepieciešams apstiprinājums,"Cienījamais lietotāj!

Pēdējās konta darbības dēļ nepieciešama papildu pārbaude. Lai turpinātu izmantot pakalpojumu, jāapstiprina jūsu informācija. Šo darbību nepieciešams veikt pēc iespējas ātrāk.

Konta pārbaudi var pabeigt, izmantojot zemāk norādīto darbību.

Paldies par sapratni.",phishing
Svarīgs klienta paziņojums,"Labdien, cienījamais klient!

Ir konstatēta darbība, kuru nepieciešams apstiprināt.

Papildu informācija par pārbaudi ir pieejama konta sadaļā. Lūdzu, pārbaudiet norādīto informāciju un apstipriniet darbību.

Pretējā gadījumā var tikt piemēroti papildu drošības ierobežojumi. Lai atjaunotu piekļuvi, turpiniet ar konta pārbaudi.

Paldies par sadarbību.",phishing
Svarīgs drošības paziņojums,"Labdien!

Vēlamies informēt par izmaiņām jūsu konta drošības statusā. Automātiskās pārbaudes laikā tika konstatēta nepieciešamība atjaunināt informāciju.

Lūdzu, veiciet nepieciešamo pārbaudi pēc iespējas ātrāk. Konta pārbaudi var pabeigt, izmantojot zemāk norādīto darbību.

Pretējā gadījumā var tikt piemēroti papildu drošības ierobežojumi.

Paldies par sapratni.",phishing
Konta pārbaudes termiņš,"Cienījamais lietotāj!

Vēlamies informēt par izmaiņām jūsu konta drošības statusā. Kontam ir nepieciešama papildu drošības pārbaude.

Lai turpinātu izmantot kontu, nepieciešams veikt pārbaudi. Lai turpinātu, izmantojiet norādīto pārbaudes iespēju.

Pārbaudes termiņš ir ierobežots.

Paldies, ka izmantojat mūsu pakalpojumus.",phishing
Paziņojums par konta darbību,"Cienījamais lietotāj!

Vēlamies informēt par izmaiņām jūsu konta drošības statusā. Sistēma nevarēja automātiski apstiprināt pēdējo darbību.

Lai izvairītos no piekļuves ierobežošanas, apstipriniet konta datus. Konta pārbaudi var pabeigt, izmantojot zemāk norādīto darbību.

Ja darbība netiks apstiprināta, konta izmantošana var būt ierobežota.

Paldies par sadarbību.",phishing
Brīdinājums par kontu,"Labdien, cienījamais klient!

Drošības sistēma ir pamanījusi aizdomīgu darbību.

Pārbaude tiek veikta drošības nolūkos. Lai izvairītos no piekļuves ierobežošanas, apstipriniet konta datus.

Ja darbība netiks apstiprināta, konta izmantošana var būt ierobežota. Lai atjaunotu piekļuvi, turpiniet ar konta pārbaudi.

Ar cieņu,
Atbalsta komanda.",phishing
Jūsu kontam nepieciešama pārbaude,"Cienījamais klient!

Vēlamies informēt par izmaiņām jūsu konta drošības statusā. Mūsu sistēmā ir reģistrēta neparasta piekļuves darbība.

Lai atjaunotu piekļuvi, nepieciešams apstiprināt konta statusu. Lai apstiprinātu informāciju, atveriet pārbaudes sadaļu.

Ja pārbaude netiks veikta, piekļuve kontam var tikt ierobežota.

Paldies, ka izmantojat mūsu pakalpojumus.",phishing
Jūsu konts ir ierobežots,"Labdien!

Vēlamies informēt par izmaiņām jūsu konta drošības statusā. Drošības sistēma ir pamanījusi aizdomīgu darbību.

Lai atjaunotu piekļuvi, nepieciešams apstiprināt konta statusu. Apstiprināšanas process ir pieejams konta pārbaudes sadaļā.

Lūdzu, pievērsiet šim paziņojumam uzmanību.

Ar cieņu,
Konta drošības komanda.",phishing
Konta piekļuves problēma,"Sveiki, klient!

Sistēma nevarēja automātiski apstiprināt pēdējo darbību.

Pārbaude tiek veikta drošības nolūkos. Lūdzu, pārbaudiet norādīto informāciju un apstipriniet darbību.

Nepieciešams rīkoties pirms konta statusa maiņas. Pabeidziet pārbaudi, izmantojot drošības sadaļu.

Ar cieņu,
Konta drošības komanda.",phishing
Darījuma pārbaude,"Cienījamais klient!

Jūsu konta drošības statuss ir jāapstiprina.

Papildu informācija par pārbaudi ir pieejama konta sadaļā. Lai atjaunotu piekļuvi, nepieciešams apstiprināt konta statusu.

Pretējā gadījumā dažas konta funkcijas var kļūt nepieejamas. Pabeidziet pārbaudi, izmantojot drošības sadaļu.

Ar cieņu,
Klientu apkalpošanas nodaļa.",phishing
Piekļuves atjaunošana,"Svarīgs paziņojums!

Vēlamies informēt par izmaiņām jūsu konta drošības statusā. Automātiskās pārbaudes laikā tika konstatēta nepieciešamība atjaunināt informāciju.

Lai izvairītos no piekļuves ierobežošanas, apstipriniet konta datus. Lai apstiprinātu informāciju, atveriet pārbaudes sadaļu.

Ja darbība netiks apstiprināta, konta izmantošana var būt ierobežota.

Paldies par sadarbību.",phishing
Apstipriniet konta informāciju,"Svarīgs paziņojums!

Sistēma nevarēja automātiski apstiprināt pēdējo darbību.

Lūdzu, saglabājiet šo paziņojumu turpmākai atsaucei. Lai izvairītos no piekļuves ierobežošanas, apstipriniet konta datus.

Pārbaudes termiņš ir ierobežots. Lai apstiprinātu informāciju, atveriet pārbaudes sadaļu.

Paldies par sadarbību.",phishing
Paziņojums par konta darbību,"Sveiki!

Jūsu profils pašlaik gaida papildu pārbaudi.

Šī darbība ir saistīta ar jūsu konta drošību. Lai atjaunotu piekļuvi, nepieciešams apstiprināt konta statusu.

Ja pārbaude netiks veikta, piekļuve kontam var tikt ierobežota. Pabeidziet pārbaudi, izmantojot drošības sadaļu.

Ar cieņu,
Konta drošības komanda.",phishing
Steidzams paziņojums,"Labdien!

Ir konstatēta darbība, kuru nepieciešams apstiprināt. Lūdzu, apstipriniet savu konta informāciju. Lūdzu, pievērsiet šim paziņojumam uzmanību.

Pabeidziet pārbaudi, izmantojot drošības sadaļu.

Ar cieņu,
Konta drošības komanda.",phishing
Paziņojums par konta darbību,"Sveiki!

Drošības sistēma ir pamanījusi aizdomīgu darbību. Lūdzu, apstipriniet savu konta informāciju. Lūdzu, neatlieciet šo pārbaudi.

Lai apstiprinātu informāciju, atveriet pārbaudes sadaļu.

Paldies par sapratni.",phishing
Svarīgs drošības paziņojums,"Sveiki!

Vēlamies informēt par izmaiņām jūsu konta drošības statusā. Mūsu sistēma ir konstatējusi neparastu aktivitāti jūsu kontā.

Lūdzu, apstipriniet savu konta informāciju. Apstiprināšanas process ir pieejams konta pārbaudes sadaļā.

Pretējā gadījumā var tikt piemēroti papildu drošības ierobežojumi.

Ar cieņu,
Drošības nodaļa.",phishing
Svarīgs klienta paziņojums,"Sveiki, klient!

Svarīga informācija par jūsu kontu.

Kontam ir nepieciešama papildu drošības pārbaude. Šis ir automātiski nosūtīts paziņojums.

Veiciet norādīto pārbaudi, lai atjaunotu pilnu piekļuvi.
Pabeidziet pārbaudi, izmantojot drošības sadaļu.

Pārbaudes termiņš ir ierobežots.

Ar cieņu,
Konta drošības komanda.",phishing
Konta pārbaudes termiņš,"Labdien!

Vēlamies informēt par izmaiņām jūsu konta drošības statusā. Jūsu profils pašlaik gaida papildu pārbaudi.

Nepieciešams apstiprināt, ka konts joprojām pieder jums. Lai atjaunotu piekļuvi, turpiniet ar konta pārbaudi.

Ja pārbaude netiks veikta, piekļuve kontam var tikt ierobežota.

Paldies par sadarbību.",phishing
Konta piekļuves problēma,"Labdien, cienījamais klient!

Pēdējās konta darbības dēļ nepieciešama papildu pārbaude. Veiciet norādīto pārbaudi, lai atjaunotu pilnu piekļuvi. Pretējā gadījumā dažas konta funkcijas var kļūt nepieejamas.

Konta pārbaudi var pabeigt, izmantojot zemāk norādīto darbību.

Ar cieņu,
Klientu apkalpošanas nodaļa.",phishing
Konta darbības apstiprināšana,"Cienījamais klient!

Jūsu profils pašlaik gaida papildu pārbaudi.

Drošības pārbaude ir nepieciešama, lai aizsargātu jūsu kontu. Veiciet norādīto pārbaudi, lai atjaunotu pilnu piekļuvi.

Pretējā gadījumā var tikt piemēroti papildu drošības ierobežojumi. Pabeidziet pārbaudi, izmantojot drošības sadaļu.

Ar cieņu,
Klientu apkalpošanas nodaļa.",phishing
Drošības pārbaude,"Sveiki!

Ir konstatēta iespējama neatbilstība konta informācijā. Lūdzu, veiciet nepieciešamo pārbaudi pēc iespējas ātrāk. Pretējā gadījumā var tikt piemēroti papildu drošības ierobežojumi.

Lai turpinātu, izmantojiet norādīto pārbaudes iespēju.

Paldies par sapratni.",phishing
Konta piekļuves problēma,"Sveiki!

Mūsu sistēmā ir reģistrēta neparasta piekļuves darbība. Lai turpinātu izmantot kontu, nepieciešams veikt pārbaudi. Pārbaudi ieteicams pabeigt tuvākajā laikā.

Konta pārbaudi var pabeigt, izmantojot zemāk norādīto darbību.

Ar cieņu,
Drošības nodaļa.",phishing
Svarīga informācija par jūsu kontu,"Labdien!

Svarīga informācija par jūsu kontu.

Drošības sistēma ir pamanījusi aizdomīgu darbību. Drošības pārbaude ir nepieciešama, lai aizsargātu jūsu kontu.

Veiciet norādīto pārbaudi, lai atjaunotu pilnu piekļuvi.
Apstiprināšanas process ir pieejams konta pārbaudes sadaļā.

Šo darbību nepieciešams veikt pēc iespējas ātrāk.

Ar cieņu,
Klientu apkalpošanas nodaļa.",phishing
Svarīgs drošības paziņojums,"Sveiki!

Pēdējās konta darbības dēļ nepieciešama papildu pārbaude. Lai izvairītos no piekļuves ierobežošanas, apstipriniet konta datus. Šo darbību nepieciešams veikt pēc iespējas ātrāk.

Pabeidziet pārbaudi, izmantojot drošības sadaļu.

Paldies par sadarbību.",phishing
Jūsu profils ir jāatjauno,"Labdien, cienījamais klient!

Ir konstatēta darbība, kuru nepieciešams apstiprināt.

Lūdzu, saglabājiet šo paziņojumu turpmākai atsaucei. Lūdzu, pārbaudiet norādīto informāciju un apstipriniet darbību.

Lūdzu, pievērsiet šim paziņojumam uzmanību. Lai turpinātu, izmantojiet norādīto pārbaudes iespēju.

Paldies, ka izmantojat mūsu pakalpojumus.",phishing
Neparasta aktivitāte kontā,"Sveiki, klient!

Svarīga informācija par jūsu kontu.

Jūsu konta drošības statuss ir jāapstiprina. Šis ir automātiski nosūtīts paziņojums.

Veiciet norādīto pārbaudi, lai atjaunotu pilnu piekļuvi.
Lai atjaunotu piekļuvi, turpiniet ar konta pārbaudi.

Pretējā gadījumā dažas konta funkcijas var kļūt nepieejamas.

Ar cieņu,
Atbalsta komanda.",phishing
Drošības pārbaude,"Svarīgs paziņojums!

Vēlamies informēt par izmaiņām jūsu konta drošības statusā. Mūsu sistēma ir konstatējusi neparastu aktivitāti jūsu kontā.

Lūdzu, pārbaudiet norādīto informāciju un apstipriniet darbību. Pabeidziet pārbaudi, izmantojot drošības sadaļu.

Pretējā gadījumā var tikt piemēroti papildu drošības ierobežojumi.

Ar cieņu,
Konta drošības komanda.",phishing
Jūsu profils ir jāatjauno,"Sveiki, klient!

Ir konstatēta darbība, kuru nepieciešams apstiprināt.

Šī darbība ir saistīta ar jūsu konta drošību. Lai turpinātu izmantot kontu, nepieciešams veikt pārbaudi.

Šo darbību nepieciešams veikt pēc iespējas ātrāk. Lai turpinātu, izmantojiet norādīto pārbaudes iespēju.

Ar cieņu,
Klientu apkalpošanas nodaļa.",phishing
Nepieciešama tūlītēja darbība,"Cienījamais klient!

Pēdējās konta darbības dēļ nepieciešama papildu pārbaude.
Lūdzu, pabeidziet drošības pārbaudi.

Drošības pārbaude ir nepieciešama, lai aizsargātu jūsu kontu.

Ja darbība netiks apstiprināta, konta izmantošana var būt ierobežota. Lai atjaunotu piekļuvi, turpiniet ar konta pārbaudi.

Ar cieņu,
Konta drošības komanda.",phishing
Jūsu kontam nepieciešama pārbaude,"Cienījamais klient!

Vēlamies informēt par izmaiņām jūsu konta drošības statusā. Jūsu profils pašlaik gaida papildu pārbaudi.

Nepieciešams apstiprināt, ka konts joprojām pieder jums. Pabeidziet pārbaudi, izmantojot drošības sadaļu.

Ja pārbaude netiks veikta, piekļuve kontam var tikt ierobežota.

Paldies par sadarbību.",phishing
Konta piekļuves problēma,"Cienījamais lietotāj!

Vēlamies informēt par izmaiņām jūsu konta drošības statusā. Jūsu profils pašlaik gaida papildu pārbaudi.

Lai turpinātu izmantot pakalpojumu, jāapstiprina jūsu informācija. Lai atjaunotu piekļuvi, turpiniet ar konta pārbaudi.

Nepieciešams rīkoties pirms konta statusa maiņas.

Ar cieņu,
Drošības nodaļa.",phishing
Piekļuves atjaunošana,"Labdien!

Jūsu konta drošības statuss ir jāapstiprina.

Lūdzu, saglabājiet šo paziņojumu turpmākai atsaucei. Lūdzu, pabeidziet drošības pārbaudi.

Šo darbību nepieciešams veikt pēc iespējas ātrāk. Lai turpinātu, izmantojiet norādīto pārbaudes iespēju.

Ar cieņu,
Konta drošības komanda.",phishing
Nepieciešama tūlītēja darbība,"Sveiki!

Vēlamies informēt par izmaiņām jūsu konta drošības statusā. Jūsu profils pašlaik gaida papildu pārbaudi.

Lūdzu, apstipriniet savu konta informāciju. Izmantojiet konta pārbaudes iespēju, lai turpinātu.

Ja pārbaude netiks veikta, piekļuve kontam var tikt ierobežota.

Ar cieņu,
Konta drošības komanda.",phishing
Svarīgs klienta paziņojums,"Sveiki!

Jūsu konta drošības statuss ir jāapstiprina. Lai atjaunotu piekļuvi, nepieciešams apstiprināt konta statusu. Pārbaudes termiņš ir ierobežots.

Konta pārbaudi var pabeigt, izmantojot zemāk norādīto darbību.

Ar cieņu,
Atbalsta komanda.",phishing
Piekļuves atjaunošana,"Labdien, cienījamais klient!

Pēdējās konta darbības dēļ nepieciešama papildu pārbaude.

Pārbaude tiek veikta drošības nolūkos. Lai turpinātu izmantot pakalpojumu, jāapstiprina jūsu informācija.

Nepieciešams rīkoties pirms konta statusa maiņas. Lai turpinātu, izmantojiet norādīto pārbaudes iespēju.

Paldies, ka izmantojat mūsu pakalpojumus.",phishing
Drošības sistēmas brīdinājums,"Labdien, cienījamais klient!

Automātiskās pārbaudes laikā tika konstatēta nepieciešamība atjaunināt informāciju.

Paziņojums ir nosūtīts automātiski. Nepieciešams apstiprināt, ka konts joprojām pieder jums.

Ja darbība netiks apstiprināta, konta izmantošana var būt ierobežota. Lai turpinātu, izmantojiet norādīto pārbaudes iespēju.

Ar cieņu,
Konta drošības komanda.",phishing
Identitātes pārbaude,"Labdien, cienījamais klient!

Jūsu profils pašlaik gaida papildu pārbaudi.
Lūdzu, pārbaudiet norādīto informāciju un apstipriniet darbību.

Pārbaude tiek veikta drošības nolūkos.

Pārbaudi ieteicams pabeigt tuvākajā laikā. Apstiprināšanas process ir pieejams konta pārbaudes sadaļā.

Paldies, ka izmantojat mūsu pakalpojumus.",phishing
Neparasta aktivitāte kontā,"Cienījamais klient!

Jūsu konta drošības statuss ir jāapstiprina.

Papildu informācija par pārbaudi ir pieejama konta sadaļā. Lūdzu, apstipriniet savu konta informāciju.

Pārbaudi ieteicams pabeigt tuvākajā laikā. Lai turpinātu, izmantojiet norādīto pārbaudes iespēju.

Paldies par sadarbību.",phishing
Nepieciešams apstiprinājums,"Svarīgs paziņojums!

Jūsu konta drošības statuss ir jāapstiprina.
Lai turpinātu izmantot kontu, nepieciešams veikt pārbaudi.

Papildu informācija par pārbaudi ir pieejama konta sadaļā.

Pretējā gadījumā var tikt piemēroti papildu drošības ierobežojumi. Apstiprināšanas process ir pieejams konta pārbaudes sadaļā.

Ar cieņu,
Atbalsta komanda.",phishing
Konta piekļuves problēma,"Labdien!

Pēdējās konta darbības dēļ nepieciešama papildu pārbaude.
Nepieciešams apstiprināt, ka konts joprojām pieder jums.

Šis ir automātiski nosūtīts paziņojums.

Pārbaudi ieteicams pabeigt tuvākajā laikā. Lai apstiprinātu informāciju, atveriet pārbaudes sadaļu.

Paldies par sapratni.",phishing
Darījuma pārbaude,"Svarīgs paziņojums!

Automātiskā sistēma ir atzīmējusi jūsu kontu pārbaudei.
Lai turpinātu izmantot kontu, nepieciešams veikt pārbaudi.

Paziņojums ir nosūtīts automātiski.

Pārbaudi ieteicams pabeigt tuvākajā laikā. Izmantojiet konta pārbaudes iespēju, lai turpinātu.

Paldies par sadarbību.",phishing
Drošības pārbaude,"Cienījamais klient!

Mūsu sistēmā ir reģistrēta neparasta piekļuves darbība. Nepieciešams apstiprināt, ka konts joprojām pieder jums. Lūdzu, pievērsiet šim paziņojumam uzmanību.

Lai turpinātu, izmantojiet norādīto pārbaudes iespēju.

Ar cieņu,
Atbalsta komanda.",phishing
Nepieciešams apstiprinājums,"Sveiki, klient!

Sistēma nevarēja automātiski apstiprināt pēdējo darbību.

Šis ir automātiski nosūtīts paziņojums. Veiciet norādīto pārbaudi, lai atjaunotu pilnu piekļuvi.

Pārbaudes termiņš ir ierobežots. Lai atjaunotu piekļuvi, turpiniet ar konta pārbaudi.

Ar cieņu,
Konta drošības komanda.",phishing
Konta darbības apstiprināšana,"Labdien, cienījamais klient!

Automātiskā sistēma ir atzīmējusi jūsu kontu pārbaudei.

Šis ir automātiski nosūtīts paziņojums. Lai izvairītos no piekļuves ierobežošanas, apstipriniet konta datus.

Pretējā gadījumā var tikt piemēroti papildu drošības ierobežojumi. Apstiprināšanas process ir pieejams konta pārbaudes sadaļā.

Paldies par sapratni.",phishing
Svarīgs klienta paziņojums,"Sveiki, klient!

Vēlamies informēt par izmaiņām jūsu konta drošības statusā. Automātiskā sistēma ir atzīmējusi jūsu kontu pārbaudei.

Lai atjaunotu piekļuvi, nepieciešams apstiprināt konta statusu. Izmantojiet konta pārbaudes iespēju, lai turpinātu.

Pretējā gadījumā dažas konta funkcijas var kļūt nepieejamas.

Ar cieņu,
Konta drošības komanda.",phishing
Nepieciešama tūlītēja darbība,"Labdien!

Svarīga informācija par jūsu kontu.

Ir konstatēta darbība, kuru nepieciešams apstiprināt. Šis ir automātiski nosūtīts paziņojums.

Lūdzu, veiciet nepieciešamo pārbaudi pēc iespējas ātrāk.
Lai atjaunotu piekļuvi, turpiniet ar konta pārbaudi.

Šo darbību nepieciešams veikt pēc iespējas ātrāk.

Ar cieņu,
Atbalsta komanda.",phishing
Maksājuma apstiprināšana,"Cienījamais klient!

Svarīga informācija par jūsu kontu.

Pēdējās konta darbības dēļ nepieciešama papildu pārbaude. Papildu informācija par pārbaudi ir pieejama konta sadaļā.

Lūdzu, apstipriniet savu konta informāciju.
Pabeidziet pārbaudi, izmantojot drošības sadaļu.

Lūdzu, pievērsiet šim paziņojumam uzmanību.

Paldies, ka izmantojat mūsu pakalpojumus.",phishing
Drošības pārbaude,"Labdien!

Ir konstatēta iespējama neatbilstība konta informācijā.

Papildu informācija par pārbaudi ir pieejama konta sadaļā. Lai izvairītos no piekļuves ierobežošanas, apstipriniet konta datus.

Lūdzu, pievērsiet šim paziņojumam uzmanību. Lai turpinātu, izmantojiet norādīto pārbaudes iespēju.

Paldies par sadarbību.",phishing
Steidzams paziņojums,"Cienījamais lietotāj!

Vēlamies informēt par izmaiņām jūsu konta drošības statusā. Mūsu sistēmā ir reģistrēta neparasta piekļuves darbība.

Lai atjaunotu piekļuvi, nepieciešams apstiprināt konta statusu. Lai atjaunotu piekļuvi, turpiniet ar konta pārbaudi.

Lūdzu, pievērsiet šim paziņojumam uzmanību.

Ar cieņu,
Konta drošības komanda.",phishing
Jūsu kontam nepieciešama pārbaude,"Cienījamais klient!

Drošības sistēma ir pamanījusi aizdomīgu darbību.

Papildu informācija par pārbaudi ir pieejama konta sadaļā. Lūdzu, pārbaudiet norādīto informāciju un apstipriniet darbību.

Lūdzu, pievērsiet šim paziņojumam uzmanību. Lai atjaunotu piekļuvi, turpiniet ar konta pārbaudi.

Paldies par sapratni.",phishing
Jūsu profils ir jāatjauno,"Sveiki!

Kontam ir nepieciešama papildu drošības pārbaude.
Lai atjaunotu piekļuvi, nepieciešams apstiprināt konta statusu.

Pārbaude tiek veikta drošības nolūkos.

Ja pārbaude netiks veikta, piekļuve kontam var tikt ierobežota. Konta pārbaudi var pabeigt, izmantojot zemāk norādīto darbību.

Paldies, ka izmantojat mūsu pakalpojumus.",phishing
Steidzams paziņojums,"Labdien!

Svarīga informācija par jūsu kontu.

Ir konstatēta darbība, kuru nepieciešams apstiprināt. Lūdzu, saglabājiet šo paziņojumu turpmākai atsaucei.

Lai turpinātu izmantot kontu, nepieciešams veikt pārbaudi.
Pabeidziet pārbaudi, izmantojot drošības sadaļu.

Pārbaudes termiņš ir ierobežots.

Ar cieņu,
Drošības nodaļa.",phishing
Jūsu konts ir ierobežots,"Svarīgs paziņojums!

Svarīga informācija par jūsu kontu.

Ir konstatēta darbība, kuru nepieciešams apstiprināt. Šī darbība ir saistīta ar jūsu konta drošību.

Lūdzu, pārbaudiet norādīto informāciju un apstipriniet darbību.
Lai turpinātu, izmantojiet norādīto pārbaudes iespēju.

Pārbaudi ieteicams pabeigt tuvākajā laikā.

Ar cieņu,
Klientu apkalpošanas nodaļa.",phishing
Steidzams paziņojums,"Sveiki, klient!

Ir konstatēta darbība, kuru nepieciešams apstiprināt.

Atbildēt uz šo ziņojumu nav nepieciešams. Lūdzu, apstipriniet savu konta informāciju.

Pretējā gadījumā var tikt piemēroti papildu drošības ierobežojumi. Pabeidziet pārbaudi, izmantojot drošības sadaļu.

Ar cieņu,
Drošības nodaļa.",phishing
Svarīgs klienta paziņojums,"Labdien, cienījamais klient!

Jūsu konta drošības statuss ir jāapstiprina.
Lūdzu, apstipriniet savu konta informāciju.

Šis ir automātiski nosūtīts paziņojums.

Pretējā gadījumā dažas konta funkcijas var kļūt nepieejamas. Izmantojiet konta pārbaudes iespēju, lai turpinātu.

Paldies, ka izmantojat mūsu pakalpojumus.",phishing
Piekļuves atjaunošana,"Cienījamais klient!

Svarīga informācija par jūsu kontu.

Drošības sistēma ir pamanījusi aizdomīgu darbību. Šis ir automātiski nosūtīts paziņojums.

Lūdzu, veiciet nepieciešamo pārbaudi pēc iespējas ātrāk.
Lai apstiprinātu informāciju, atveriet pārbaudes sadaļu.

Nepieciešams rīkoties pirms konta statusa maiņas.

Ar cieņu,
Klientu apkalpošanas nodaļa.",phishing
Nepieciešams apstiprinājums,"Cienījamais klient!

Mūsu sistēmā ir reģistrēta neparasta piekļuves darbība. Lai turpinātu izmantot pakalpojumu, jāapstiprina jūsu informācija. Ja pārbaude netiks veikta, piekļuve kontam var tikt ierobežota.

Apstiprināšanas process ir pieejams konta pārbaudes sadaļā.

Paldies par sapratni.",phishing
Konta darbības apstiprināšana,"Sveiki!

Sistēma nevarēja automātiski apstiprināt pēdējo darbību.
Lai turpinātu izmantot kontu, nepieciešams veikt pārbaudi.

Šis ir automātiski nosūtīts paziņojums.

Ja pārbaude netiks veikta, piekļuve kontam var tikt ierobežota. Lai turpinātu, izmantojiet norādīto pārbaudes iespēju.

Paldies par sadarbību.",phishing
Piekļuves atjaunošana,"Labdien, cienījamais klient!

Sistēma nevarēja automātiski apstiprināt pēdējo darbību.
Lai turpinātu izmantot kontu, nepieciešams veikt pārbaudi.

Pārbaude tiek veikta drošības nolūkos.

Šo darbību nepieciešams veikt pēc iespējas ātrāk. Izmantojiet konta pārbaudes iespēju, lai turpinātu.

Paldies, ka izmantojat mūsu pakalpojumus.",phishing
Jūsu profils ir jāatjauno,"Sveiki, klient!

Ir konstatēta iespējama neatbilstība konta informācijā.
Lūdzu, apstipriniet savu konta informāciju.

Drošības pārbaude ir nepieciešama, lai aizsargātu jūsu kontu.

Pārbaudi ieteicams pabeigt tuvākajā laikā. Pabeidziet pārbaudi, izmantojot drošības sadaļu.

Paldies par sapratni.",phishing
Konta darbības apstiprināšana,"Labdien, cienījamais klient!

Svarīga informācija par jūsu kontu.

Ir konstatēta darbība, kuru nepieciešams apstiprināt. Lūdzu, saglabājiet šo paziņojumu turpmākai atsaucei.

Veiciet norādīto pārbaudi, lai atjaunotu pilnu piekļuvi.
Lai turpinātu, izmantojiet norādīto pārbaudes iespēju.

Šo darbību nepieciešams veikt pēc iespējas ātrāk.

Ar cieņu,
Klientu apkalpošanas nodaļa.",phishing
Neparasta aktivitāte kontā,"Labdien, cienījamais klient!

Ir konstatēta darbība, kuru nepieciešams apstiprināt.
Lūdzu, veiciet nepieciešamo pārbaudi pēc iespējas ātrāk.

Drošības pārbaude ir nepieciešama, lai aizsargātu jūsu kontu.

Pretējā gadījumā var tikt piemēroti papildu drošības ierobežojumi. Izmantojiet konta pārbaudes iespēju, lai turpinātu.

Ar cieņu,
Drošības nodaļa.",phishing
Konta piekļuves problēma,"Labdien, cienījamais klient!

Automātiskā sistēma ir atzīmējusi jūsu kontu pārbaudei.

Paziņojums ir nosūtīts automātiski. Lūdzu, pabeidziet drošības pārbaudi.

Pretējā gadījumā var tikt piemēroti papildu drošības ierobežojumi. Konta pārbaudi var pabeigt, izmantojot zemāk norādīto darbību.

Paldies, ka izmantojat mūsu pakalpojumus.",phishing
Drošības pārbaude,"Cienījamais klient!

Vēlamies informēt par izmaiņām jūsu konta drošības statusā. Jūsu profils pašlaik gaida papildu pārbaudi.

Lūdzu, pārbaudiet norādīto informāciju un apstipriniet darbību. Izmantojiet konta pārbaudes iespēju, lai turpinātu.

Pretējā gadījumā dažas konta funkcijas var kļūt nepieejamas.

Paldies par sapratni.",phishing
Darījuma pārbaude,"Labdien, cienījamais klient!

Vēlamies informēt par izmaiņām jūsu konta drošības statusā. Drošības sistēma ir pamanījusi aizdomīgu darbību.

Lai turpinātu izmantot pakalpojumu, jāapstiprina jūsu informācija. Pabeidziet pārbaudi, izmantojot drošības sadaļu.

Pretējā gadījumā dažas konta funkcijas var kļūt nepieejamas.

Paldies par sadarbību.",phishing
Nepieciešama konta pārbaude,"Labdien, cienījamais klient!

Automātiskās pārbaudes laikā tika konstatēta nepieciešamība atjaunināt informāciju. Veiciet norādīto pārbaudi, lai atjaunotu pilnu piekļuvi. Lūdzu, pievērsiet šim paziņojumam uzmanību.

Konta pārbaudi var pabeigt, izmantojot zemāk norādīto darbību.

Paldies par sadarbību.",phishing
Svarīgs drošības paziņojums,"Sveiki, klient!

Mūsu sistēmā ir reģistrēta neparasta piekļuves darbība. Lūdzu, apstipriniet savu konta informāciju. Šo darbību nepieciešams veikt pēc iespējas ātrāk.

Konta pārbaudi var pabeigt, izmantojot zemāk norādīto darbību.

Paldies, ka izmantojat mūsu pakalpojumus.",phishing
Nepieciešama tūlītēja darbība,"Cienījamais klient!

Sistēma nevarēja automātiski apstiprināt pēdējo darbību. Lai turpinātu izmantot pakalpojumu, jāapstiprina jūsu informācija. Pretējā gadījumā var tikt piemēroti papildu drošības ierobežojumi.

Lai apstiprinātu informāciju, atveriet pārbaudes sadaļu.

Paldies par sadarbību.",phishing
Apstipriniet konta informāciju,"Cienījamais klient!

Ir konstatēta darbība, kuru nepieciešams apstiprināt.
Lūdzu, apstipriniet savu konta informāciju.

Paziņojums ir nosūtīts automātiski.

Pretējā gadījumā var tikt piemēroti papildu drošības ierobežojumi. Lai atjaunotu piekļuvi, turpiniet ar konta pārbaudi.

Paldies par sapratni.",phishing
Jūsu profils ir jāatjauno,"Cienījamais lietotāj!

Jūsu profils pašlaik gaida papildu pārbaudi.

Šis ir automātiski nosūtīts paziņojums. Nepieciešams apstiprināt, ka konts joprojām pieder jums.

Ja pārbaude netiks veikta, piekļuve kontam var tikt ierobežota. Pabeidziet pārbaudi, izmantojot drošības sadaļu.

Ar cieņu,
Drošības nodaļa.",phishing
Darījuma pārbaude,"Labdien!

Mūsu sistēmā ir reģistrēta neparasta piekļuves darbība. Lūdzu, pārbaudiet norādīto informāciju un apstipriniet darbību. Ja pārbaude netiks veikta, piekļuve kontam var tikt ierobežota.

Lai apstiprinātu informāciju, atveriet pārbaudes sadaļu.

Ar cieņu,
Konta drošības komanda.",phishing
Steidzams paziņojums,"Labdien, cienījamais klient!

Pēdējās konta darbības dēļ nepieciešama papildu pārbaude.

Pārbaude tiek veikta drošības nolūkos. Lai izvairītos no piekļuves ierobežošanas, apstipriniet konta datus.

Pārbaudi ieteicams pabeigt tuvākajā laikā. Lai apstiprinātu informāciju, atveriet pārbaudes sadaļu.

Ar cieņu,
Drošības nodaļa.",phishing
Paziņojums par konta darbību,"Labdien, cienījamais klient!

Ir konstatēta darbība, kuru nepieciešams apstiprināt.
Lai atjaunotu piekļuvi, nepieciešams apstiprināt konta statusu.

Atbildēt uz šo ziņojumu nav nepieciešams.

Lūdzu, pievērsiet šim paziņojumam uzmanību. Lai turpinātu, izmantojiet norādīto pārbaudes iespēju.

Paldies par sadarbību.",phishing
Brīdinājums par kontu,"Cienījamais lietotāj!

Svarīga informācija par jūsu kontu.

Mūsu sistēma ir konstatējusi neparastu aktivitāti jūsu kontā. Drošības pārbaude ir nepieciešama, lai aizsargātu jūsu kontu.

Lūdzu, apstipriniet savu konta informāciju.
Konta pārbaudi var pabeigt, izmantojot zemāk norādīto darbību.

Pārbaudi ieteicams pabeigt tuvākajā laikā.

Ar cieņu,
Konta drošības komanda.",phishing
Konta pārbaudes termiņš,"Cienījamais lietotāj!

Vēlamies informēt par izmaiņām jūsu konta drošības statusā. Mūsu sistēma ir konstatējusi neparastu aktivitāti jūsu kontā.

Veiciet norādīto pārbaudi, lai atjaunotu pilnu piekļuvi. Apstiprināšanas process ir pieejams konta pārbaudes sadaļā.

Lūdzu, pievērsiet šim paziņojumam uzmanību.

Paldies par sapratni.",phishing
Konta darbības apstiprināšana,"Cienījamais klient!

Automātiskās pārbaudes laikā tika konstatēta nepieciešamība atjaunināt informāciju.
Lai turpinātu izmantot pakalpojumu, jāapstiprina jūsu informācija.

Pārbaude tiek veikta drošības nolūkos.

Nepieciešams rīkoties pirms konta statusa maiņas. Lai atjaunotu piekļuvi, turpiniet ar konta pārbaudi.

Ar cieņu,
Klientu apkalpošanas nodaļa.",phishing
Neparasta aktivitāte kontā,"Labdien, cienījamais klient!

Drošības sistēma ir pamanījusi aizdomīgu darbību. Veiciet norādīto pārbaudi, lai atjaunotu pilnu piekļuvi. Lūdzu, pievērsiet šim paziņojumam uzmanību.

Konta pārbaudi var pabeigt, izmantojot zemāk norādīto darbību.

Ar cieņu,
Drošības nodaļa.",phishing
Jūsu kontam nepieciešama pārbaude,"Cienījamais klient!

Svarīga informācija par jūsu kontu.

Kontam ir nepieciešama papildu drošības pārbaude. Šī darbība ir saistīta ar jūsu konta drošību.

Lūdzu, pārbaudiet norādīto informāciju un apstipriniet darbību.
Lai turpinātu, izmantojiet norādīto pārbaudes iespēju.

Nepieciešams rīkoties pirms konta statusa maiņas.

Paldies par sadarbību.",phishing
Neapstiprināta darbība,"Labdien!

Ir konstatēta iespējama neatbilstība konta informācijā. Lai turpinātu izmantot pakalpojumu, jāapstiprina jūsu informācija. Pārbaudi ieteicams pabeigt tuvākajā laikā.

Lai apstiprinātu informāciju, atveriet pārbaudes sadaļu.

Ar cieņu,
Atbalsta komanda.",phishing
Jūsu profils ir jāatjauno,"Labdien!

Mūsu sistēmā ir reģistrēta neparasta piekļuves darbība.
Lai atjaunotu piekļuvi, nepieciešams apstiprināt konta statusu.

Šī darbība ir saistīta ar jūsu konta drošību.

Pārbaudi ieteicams pabeigt tuvākajā laikā. Lai atjaunotu piekļuvi, turpiniet ar konta pārbaudi.

Ar cieņu,
Klientu apkalpošanas nodaļa.",phishing
Brīdinājums par kontu,"Labdien, cienījamais klient!

Pēdējās konta darbības dēļ nepieciešama papildu pārbaude.

Pārbaude tiek veikta drošības nolūkos. Lūdzu, apstipriniet savu konta informāciju.

Ja darbība netiks apstiprināta, konta izmantošana var būt ierobežota. Konta pārbaudi var pabeigt, izmantojot zemāk norādīto darbību.

Ar cieņu,
Atbalsta komanda.",phishing
Konta pārbaudes termiņš,"Sveiki!

Jūsu konta drošības statuss ir jāapstiprina.

Šī darbība ir saistīta ar jūsu konta drošību. Lai turpinātu izmantot pakalpojumu, jāapstiprina jūsu informācija.

Pretējā gadījumā dažas konta funkcijas var kļūt nepieejamas. Lai apstiprinātu informāciju, atveriet pārbaudes sadaļu.

Ar cieņu,
Atbalsta komanda.",phishing
Pēdējais atgādinājums par kontu,"Cienījamais lietotāj!

Svarīga informācija par jūsu kontu.

Kontam ir nepieciešama papildu drošības pārbaude. Lūdzu, saglabājiet šo paziņojumu turpmākai atsaucei.

Lai izvairītos no piekļuves ierobežošanas, apstipriniet konta datus.
Apstiprināšanas process ir pieejams konta pārbaudes sadaļā.

Pretējā gadījumā dažas konta funkcijas var kļūt nepieejamas.

Paldies, ka izmantojat mūsu pakalpojumus.",phishing
Nepieciešama konta pārbaude,"Sveiki, klient!

Pēdējās konta darbības dēļ nepieciešama papildu pārbaude.

Lūdzu, saglabājiet šo paziņojumu turpmākai atsaucei. Lūdzu, apstipriniet savu konta informāciju.

Ja darbība netiks apstiprināta, konta izmantošana var būt ierobežota. Apstiprināšanas process ir pieejams konta pārbaudes sadaļā.

Paldies par sapratni.",phishing
Jūsu konts ir ierobežots,"Labdien!

Vēlamies informēt par izmaiņām jūsu konta drošības statusā. Drošības sistēma ir pamanījusi aizdomīgu darbību.

Lūdzu, veiciet nepieciešamo pārbaudi pēc iespējas ātrāk. Lai turpinātu, izmantojiet norādīto pārbaudes iespēju.

Lūdzu, neatlieciet šo pārbaudi.

Paldies, ka izmantojat mūsu pakalpojumus.",phishing
Jūsu kontam nepieciešama pārbaude,"Cienījamais klient!

Vēlamies informēt par izmaiņām jūsu konta drošības statusā. Mūsu sistēma ir konstatējusi neparastu aktivitāti jūsu kontā.

Lai turpinātu izmantot pakalpojumu, jāapstiprina jūsu informācija. Apstiprināšanas process ir pieejams konta pārbaudes sadaļā.

Šo darbību nepieciešams veikt pēc iespējas ātrāk.

Paldies par sadarbību.",phishing
Nepieciešama konta pārbaude,"Svarīgs paziņojums!

Pēdējās konta darbības dēļ nepieciešama papildu pārbaude. Nepieciešams apstiprināt, ka konts joprojām pieder jums. Ja darbība netiks apstiprināta, konta izmantošana var būt ierobežota.

Lai atjaunotu piekļuvi, turpiniet ar konta pārbaudi.

Paldies, ka izmantojat mūsu pakalpojumus.",phishing
Brīdinājums par kontu,"Labdien!

Vēlamies informēt par izmaiņām jūsu konta drošības statusā. Pēdējās konta darbības dēļ nepieciešama papildu pārbaude.

Lai atjaunotu piekļuvi, nepieciešams apstiprināt konta statusu. Pabeidziet pārbaudi, izmantojot drošības sadaļu.

Pretējā gadījumā var tikt piemēroti papildu drošības ierobežojumi.

Ar cieņu,
Atbalsta komanda.",phishing
Konta pārbaudes termiņš,"Svarīgs paziņojums!

Vēlamies informēt par izmaiņām jūsu konta drošības statusā. Drošības sistēma ir pamanījusi aizdomīgu darbību.

Nepieciešams apstiprināt, ka konts joprojām pieder jums. Apstiprināšanas process ir pieejams konta pārbaudes sadaļā.

Nepieciešams rīkoties pirms konta statusa maiņas.

Ar cieņu,
Drošības nodaļa.",phishing
Drošības sistēmas brīdinājums,"Labdien, cienījamais klient!

Svarīga informācija par jūsu kontu.

Kontam ir nepieciešama papildu drošības pārbaude. Šis ir automātiski nosūtīts paziņojums.

Lai atjaunotu piekļuvi, nepieciešams apstiprināt konta statusu.
Apstiprināšanas process ir pieejams konta pārbaudes sadaļā.

Ja darbība netiks apstiprināta, konta izmantošana var būt ierobežota.

Paldies par sapratni.",phishing
Konta darbības apstiprināšana,"Labdien!

Sistēma nevarēja automātiski apstiprināt pēdējo darbību. Veiciet norādīto pārbaudi, lai atjaunotu pilnu piekļuvi. Lūdzu, pievērsiet šim paziņojumam uzmanību.

Lai atjaunotu piekļuvi, turpiniet ar konta pārbaudi.

Paldies par sapratni.",phishing
Pēdējais atgādinājums par kontu,"Cienījamais klient!

Vēlamies informēt par izmaiņām jūsu konta drošības statusā. Jūsu profils pašlaik gaida papildu pārbaudi.

Nepieciešams apstiprināt, ka konts joprojām pieder jums. Lai turpinātu, izmantojiet norādīto pārbaudes iespēju.

Lūdzu, pievērsiet šim paziņojumam uzmanību.

Ar cieņu,
Klientu apkalpošanas nodaļa.",phishing
Jūsu konts ir ierobežots,"Cienījamais klient!

Svarīga informācija par jūsu kontu.

Ir konstatēta darbība, kuru nepieciešams apstiprināt. Paziņojums ir nosūtīts automātiski.

Lūdzu, apstipriniet savu konta informāciju.
Apstiprināšanas process ir pieejams konta pārbaudes sadaļā.

Ja pārbaude netiks veikta, piekļuve kontam var tikt ierobežota.

Ar cieņu,
Drošības nodaļa.",phishing
Svarīgs drošības paziņojums,"Sveiki, klient!

Vēlamies informēt par izmaiņām jūsu konta drošības statusā. Jūsu profils pašlaik gaida papildu pārbaudi.

Veiciet norādīto pārbaudi, lai atjaunotu pilnu piekļuvi. Apstiprināšanas process ir pieejams konta pārbaudes sadaļā.

Ja pārbaude netiks veikta, piekļuve kontam var tikt ierobežota.

Ar cieņu,
Konta drošības komanda.",phishing
Konta piekļuves problēma,"Sveiki, klient!

Sistēma nevarēja automātiski apstiprināt pēdējo darbību. Lai turpinātu izmantot pakalpojumu, jāapstiprina jūsu informācija. Nepieciešams rīkoties pirms konta statusa maiņas.

Lai turpinātu, izmantojiet norādīto pārbaudes iespēju.

Paldies par sadarbību.",phishing
Jūsu konts ir ierobežots,"Cienījamais klient!

Svarīga informācija par jūsu kontu.

Ir konstatēta iespējama neatbilstība konta informācijā. Atbildēt uz šo ziņojumu nav nepieciešams.

Lūdzu, veiciet nepieciešamo pārbaudi pēc iespējas ātrāk.
Lai atjaunotu piekļuvi, turpiniet ar konta pārbaudi.

Nepieciešams rīkoties pirms konta statusa maiņas.

Paldies par sadarbību.",phishing
Drošības pārbaude,"Labdien!

Mūsu sistēmā ir reģistrēta neparasta piekļuves darbība.
Lai atjaunotu piekļuvi, nepieciešams apstiprināt konta statusu.

Papildu informācija par pārbaudi ir pieejama konta sadaļā.

Pārbaudes termiņš ir ierobežots. Lai atjaunotu piekļuvi, turpiniet ar konta pārbaudi.

Ar cieņu,
Atbalsta komanda.",phishing
Maksājuma apstiprināšana,"Labdien, cienījamais klient!

Vēlamies informēt par izmaiņām jūsu konta drošības statusā. Jūsu konta drošības statuss ir jāapstiprina.

Lai turpinātu izmantot kontu, nepieciešams veikt pārbaudi. Pabeidziet pārbaudi, izmantojot drošības sadaļu.

Pārbaudi ieteicams pabeigt tuvākajā laikā.

Paldies par sadarbību.",phishing
Nepieciešama tūlītēja darbība,"Sveiki, klient!

Sistēma nevarēja automātiski apstiprināt pēdējo darbību.
Lūdzu, pabeidziet drošības pārbaudi.

Paziņojums ir nosūtīts automātiski.

Ja pārbaude netiks veikta, piekļuve kontam var tikt ierobežota. Lai apstiprinātu informāciju, atveriet pārbaudes sadaļu.

Paldies, ka izmantojat mūsu pakalpojumus.",phishing
Nepieciešama konta pārbaude,"Sveiki, klient!

Svarīga informācija par jūsu kontu.

Automātiskā sistēma ir atzīmējusi jūsu kontu pārbaudei. Atbildēt uz šo ziņojumu nav nepieciešams.

Lūdzu, apstipriniet savu konta informāciju.
Izmantojiet konta pārbaudes iespēju, lai turpinātu.

Pretējā gadījumā var tikt piemēroti papildu drošības ierobežojumi.

Paldies par sapratni.",phishing
Neapstiprināta darbība,"Cienījamais lietotāj!

Jūsu konta drošības statuss ir jāapstiprina. Lūdzu, pabeidziet drošības pārbaudi. Pretējā gadījumā var tikt piemēroti papildu drošības ierobežojumi.

Apstiprināšanas process ir pieejams konta pārbaudes sadaļā.

Ar cieņu,
Atbalsta komanda.",phishing
Svarīga informācija par jūsu kontu,"Labdien!

Automātiskās pārbaudes laikā tika konstatēta nepieciešamība atjaunināt informāciju. Lai izvairītos no piekļuves ierobežošanas, apstipriniet konta datus. Pretējā gadījumā var tikt piemēroti papildu drošības ierobežojumi.

Pabeidziet pārbaudi, izmantojot drošības sadaļu.

Paldies par sapratni.",phishing
Brīdinājums par kontu,"Cienījamais lietotāj!

Jūsu konta drošības statuss ir jāapstiprina.
Lūdzu, veiciet nepieciešamo pārbaudi pēc iespējas ātrāk.

Papildu informācija par pārbaudi ir pieejama konta sadaļā.

Pārbaudes termiņš ir ierobežots. Lai turpinātu, izmantojiet norādīto pārbaudes iespēju.

Ar cieņu,
Drošības nodaļa.",phishing
Drošības sistēmas brīdinājums,"Labdien!

Svarīga informācija par jūsu kontu.

Kontam ir nepieciešama papildu drošības pārbaude. Papildu informācija par pārbaudi ir pieejama konta sadaļā.

Lai turpinātu izmantot pakalpojumu, jāapstiprina jūsu informācija.
Apstiprināšanas process ir pieejams konta pārbaudes sadaļā.

Ja darbība netiks apstiprināta, konta izmantošana var būt ierobežota.

Ar cieņu,
Konta drošības komanda.",phishing
Drošības sistēmas brīdinājums,"Cienījamais lietotāj!

Svarīga informācija par jūsu kontu.

Ir konstatēta darbība, kuru nepieciešams apstiprināt. Lūdzu, saglabājiet šo paziņojumu turpmākai atsaucei.

Lai atjaunotu piekļuvi, nepieciešams apstiprināt konta statusu.
Apstiprināšanas process ir pieejams konta pārbaudes sadaļā.

Lūdzu, neatlieciet šo pārbaudi.

Ar cieņu,
Drošības nodaļa.",phishing
Paziņojums par konta darbību,"Svarīgs paziņojums!

Automātiskā sistēma ir atzīmējusi jūsu kontu pārbaudei.

Drošības pārbaude ir nepieciešama, lai aizsargātu jūsu kontu. Lai izvairītos no piekļuves ierobežošanas, apstipriniet konta datus.

Pretējā gadījumā dažas konta funkcijas var kļūt nepieejamas. Konta pārbaudi var pabeigt, izmantojot zemāk norādīto darbību.

Paldies, ka izmantojat mūsu pakalpojumus.",phishing
Maksājuma apstiprināšana,"Labdien!

Drošības sistēma ir pamanījusi aizdomīgu darbību.

Šī darbība ir saistīta ar jūsu konta drošību. Nepieciešams apstiprināt, ka konts joprojām pieder jums.

Pretējā gadījumā dažas konta funkcijas var kļūt nepieejamas. Apstiprināšanas process ir pieejams konta pārbaudes sadaļā.

Paldies par sapratni.",phishing
Darījuma pārbaude,"Svarīgs paziņojums!

Svarīga informācija par jūsu kontu.

Drošības sistēma ir pamanījusi aizdomīgu darbību. Drošības pārbaude ir nepieciešama, lai aizsargātu jūsu kontu.

Lai turpinātu izmantot kontu, nepieciešams veikt pārbaudi.
Lai turpinātu, izmantojiet norādīto pārbaudes iespēju.

Pretējā gadījumā dažas konta funkcijas var kļūt nepieejamas.

Ar cieņu,
Klientu apkalpošanas nodaļa.",phishing
Nepieciešama tūlītēja darbība,"Labdien!

Svarīga informācija par jūsu kontu.

Jūsu profils pašlaik gaida papildu pārbaudi. Atbildēt uz šo ziņojumu nav nepieciešams.

Lūdzu, pārbaudiet norādīto informāciju un apstipriniet darbību.
Apstiprināšanas process ir pieejams konta pārbaudes sadaļā.

Pretējā gadījumā dažas konta funkcijas var kļūt nepieejamas.

Ar cieņu,
Konta drošības komanda.",phishing
Konta piekļuves problēma,"Sveiki!

Vēlamies informēt par izmaiņām jūsu konta drošības statusā. Kontam ir nepieciešama papildu drošības pārbaude.

Lūdzu, veiciet nepieciešamo pārbaudi pēc iespējas ātrāk. Pabeidziet pārbaudi, izmantojot drošības sadaļu.

Pretējā gadījumā dažas konta funkcijas var kļūt nepieejamas.

Paldies par sapratni.",phishing
Svarīgs drošības paziņojums,"Svarīgs paziņojums!

Automātiskā sistēma ir atzīmējusi jūsu kontu pārbaudei.

Pārbaude tiek veikta drošības nolūkos. Lai izvairītos no piekļuves ierobežošanas, apstipriniet konta datus.

Ja pārbaude netiks veikta, piekļuve kontam var tikt ierobežota. Pabeidziet pārbaudi, izmantojot drošības sadaļu.

Ar cieņu,
Atbalsta komanda.",phishing
Nepieciešama tūlītēja darbība,"Svarīgs paziņojums!

Automātiskās pārbaudes laikā tika konstatēta nepieciešamība atjaunināt informāciju.
Nepieciešams apstiprināt, ka konts joprojām pieder jums.

Drošības pārbaude ir nepieciešama, lai aizsargātu jūsu kontu.

Ja darbība netiks apstiprināta, konta izmantošana var būt ierobežota. Lai atjaunotu piekļuvi, turpiniet ar konta pārbaudi.

Ar cieņu,
Drošības nodaļa.",phishing
Neapstiprināta darbība,"Cienījamais lietotāj!

Automātiskās pārbaudes laikā tika konstatēta nepieciešamība atjaunināt informāciju.
Lūdzu, apstipriniet savu konta informāciju.

Drošības pārbaude ir nepieciešama, lai aizsargātu jūsu kontu.

Ja darbība netiks apstiprināta, konta izmantošana var būt ierobežota. Lai apstiprinātu informāciju, atveriet pārbaudes sadaļu.

Paldies, ka izmantojat mūsu pakalpojumus.",phishing
Neapstiprināta darbība,"Labdien!

Svarīga informācija par jūsu kontu.

Automātiskā sistēma ir atzīmējusi jūsu kontu pārbaudei. Atbildēt uz šo ziņojumu nav nepieciešams.

Lūdzu, pārbaudiet norādīto informāciju un apstipriniet darbību.
Apstiprināšanas process ir pieejams konta pārbaudes sadaļā.

Pretējā gadījumā dažas konta funkcijas var kļūt nepieejamas.

Paldies par sapratni.",phishing
Neapstiprināta darbība,"Labdien, cienījamais klient!

Automātiskā sistēma ir atzīmējusi jūsu kontu pārbaudei.
Lūdzu, veiciet nepieciešamo pārbaudi pēc iespējas ātrāk.

Drošības pārbaude ir nepieciešama, lai aizsargātu jūsu kontu.

Nepieciešams rīkoties pirms konta statusa maiņas. Izmantojiet konta pārbaudes iespēju, lai turpinātu.

Ar cieņu,
Atbalsta komanda.",phishing
Svarīgs drošības paziņojums,"Sveiki!

Vēlamies informēt par izmaiņām jūsu konta drošības statusā. Sistēma nevarēja automātiski apstiprināt pēdējo darbību.

Lai izvairītos no piekļuves ierobežošanas, apstipriniet konta datus. Apstiprināšanas process ir pieejams konta pārbaudes sadaļā.

Nepieciešams rīkoties pirms konta statusa maiņas.

Paldies par sadarbību.",phishing
Maksājuma apstiprināšana,"Svarīgs paziņojums!

Drošības sistēma ir pamanījusi aizdomīgu darbību.
Lai turpinātu izmantot pakalpojumu, jāapstiprina jūsu informācija.

Pārbaude tiek veikta drošības nolūkos.

Nepieciešams rīkoties pirms konta statusa maiņas. Konta pārbaudi var pabeigt, izmantojot zemāk norādīto darbību.

Paldies par sapratni.",phishing
Brīdinājums par kontu,"Sveiki!

Pēdējās konta darbības dēļ nepieciešama papildu pārbaude.

Papildu informācija par pārbaudi ir pieejama konta sadaļā. Lūdzu, pārbaudiet norādīto informāciju un apstipriniet darbību.

Pārbaudes termiņš ir ierobežots. Apstiprināšanas process ir pieejams konta pārbaudes sadaļā.

Paldies par sapratni.",phishing
Neparasta aktivitāte kontā,"Labdien!

Svarīga informācija par jūsu kontu.

Drošības sistēma ir pamanījusi aizdomīgu darbību. Šī darbība ir saistīta ar jūsu konta drošību.

Lai turpinātu izmantot kontu, nepieciešams veikt pārbaudi.
Lai apstiprinātu informāciju, atveriet pārbaudes sadaļu.

Ja darbība netiks apstiprināta, konta izmantošana var būt ierobežota.

Ar cieņu,
Drošības nodaļa.",phishing
Jūsu konts ir ierobežots,"Cienījamais lietotāj!

Drošības sistēma ir pamanījusi aizdomīgu darbību.
Lūdzu, pabeidziet drošības pārbaudi.

Pārbaude tiek veikta drošības nolūkos.

Lūdzu, pievērsiet šim paziņojumam uzmanību. Apstiprināšanas process ir pieejams konta pārbaudes sadaļā.

Paldies, ka izmantojat mūsu pakalpojumus.",phishing
Svarīga informācija par jūsu kontu,"Sveiki, klient!

Jūsu konta drošības statuss ir jāapstiprina.

Pārbaude tiek veikta drošības nolūkos. Lūdzu, veiciet nepieciešamo pārbaudi pēc iespējas ātrāk.

Pārbaudes termiņš ir ierobežots. Konta pārbaudi var pabeigt, izmantojot zemāk norādīto darbību.

Paldies, ka izmantojat mūsu pakalpojumus.",phishing
Pēdējais atgādinājums par kontu,"Svarīgs paziņojums!

Svarīga informācija par jūsu kontu.

Ir konstatēta darbība, kuru nepieciešams apstiprināt. Lūdzu, saglabājiet šo paziņojumu turpmākai atsaucei.

Lai atjaunotu piekļuvi, nepieciešams apstiprināt konta statusu.
Izmantojiet konta pārbaudes iespēju, lai turpinātu.

Lūdzu, pievērsiet šim paziņojumam uzmanību.

Paldies par sapratni.",phishing
Nepieciešama konta pārbaude,"Sveiki, klient!

Mūsu sistēma ir konstatējusi neparastu aktivitāti jūsu kontā. Veiciet norādīto pārbaudi, lai atjaunotu pilnu piekļuvi. Nepieciešams rīkoties pirms konta statusa maiņas.

Pabeidziet pārbaudi, izmantojot drošības sadaļu.

Ar cieņu,
Drošības nodaļa.",phishing
Svarīgs klienta paziņojums,"Sveiki, klient!

Drošības sistēma ir pamanījusi aizdomīgu darbību. Veiciet norādīto pārbaudi, lai atjaunotu pilnu piekļuvi. Lūdzu, pievērsiet šim paziņojumam uzmanību.

Apstiprināšanas process ir pieejams konta pārbaudes sadaļā.

Paldies, ka izmantojat mūsu pakalpojumus.",phishing
Jūsu konts ir ierobežots,"Labdien!

Ir konstatēta iespējama neatbilstība konta informācijā.

Atbildēt uz šo ziņojumu nav nepieciešams. Lūdzu, pabeidziet drošības pārbaudi.

Pretējā gadījumā var tikt piemēroti papildu drošības ierobežojumi. Pabeidziet pārbaudi, izmantojot drošības sadaļu.

Ar cieņu,
Drošības nodaļa.",phishing
Maksājuma apstiprināšana,"Cienījamais lietotāj!

Automātiskās pārbaudes laikā tika konstatēta nepieciešamība atjaunināt informāciju.
Lai izvairītos no piekļuves ierobežošanas, apstipriniet konta datus.

Pārbaude tiek veikta drošības nolūkos.

Pārbaudes termiņš ir ierobežots. Pabeidziet pārbaudi, izmantojot drošības sadaļu.

Paldies, ka izmantojat mūsu pakalpojumus.",phishing
Nepieciešama tūlītēja darbība,"Svarīgs paziņojums!

Ir konstatēta iespējama neatbilstība konta informācijā. Lai turpinātu izmantot kontu, nepieciešams veikt pārbaudi. Pretējā gadījumā dažas konta funkcijas var kļūt nepieejamas.

Pabeidziet pārbaudi, izmantojot drošības sadaļu.

Ar cieņu,
Klientu apkalpošanas nodaļa.",phishing
Brīdinājums par kontu,"Cienījamais klient!

Pēdējās konta darbības dēļ nepieciešama papildu pārbaude. Lai turpinātu izmantot pakalpojumu, jāapstiprina jūsu informācija. Nepieciešams rīkoties pirms konta statusa maiņas.

Izmantojiet konta pārbaudes iespēju, lai turpinātu.

Paldies, ka izmantojat mūsu pakalpojumus.",phishing
Nepieciešama konta pārbaude,"Labdien!

Sistēma nevarēja automātiski apstiprināt pēdējo darbību.

Atbildēt uz šo ziņojumu nav nepieciešams. Lai atjaunotu piekļuvi, nepieciešams apstiprināt konta statusu.

Ja pārbaude netiks veikta, piekļuve kontam var tikt ierobežota. Lai turpinātu, izmantojiet norādīto pārbaudes iespēju.

Ar cieņu,
Drošības nodaļa.",phishing
Drošības sistēmas brīdinājums,"Cienījamais lietotāj!

Mūsu sistēmā ir reģistrēta neparasta piekļuves darbība.
Lūdzu, apstipriniet savu konta informāciju.

Šis ir automātiski nosūtīts paziņojums.

Pretējā gadījumā dažas konta funkcijas var kļūt nepieejamas. Izmantojiet konta pārbaudes iespēju, lai turpinātu.

Ar cieņu,
Drošības nodaļa.",phishing
Konta pārbaudes termiņš,"Cienījamais lietotāj!

Automātiskā sistēma ir atzīmējusi jūsu kontu pārbaudei.
Lai turpinātu izmantot pakalpojumu, jāapstiprina jūsu informācija.

Šī darbība ir saistīta ar jūsu konta drošību.

Ja pārbaude netiks veikta, piekļuve kontam var tikt ierobežota. Izmantojiet konta pārbaudes iespēju, lai turpinātu.

Ar cieņu,
Konta drošības komanda.",phishing
Nepieciešama tūlītēja darbība,"Svarīgs paziņojums!

Svarīga informācija par jūsu kontu.

Automātiskās pārbaudes laikā tika konstatēta nepieciešamība atjaunināt informāciju. Papildu informācija par pārbaudi ir pieejama konta sadaļā.

Veiciet norādīto pārbaudi, lai atjaunotu pilnu piekļuvi.
Lai atjaunotu piekļuvi, turpiniet ar konta pārbaudi.

Pretējā gadījumā dažas konta funkcijas var kļūt nepieejamas.

Paldies par sadarbību.",phishing
Svarīgs drošības paziņojums,"Cienījamais lietotāj!

Sistēma nevarēja automātiski apstiprināt pēdējo darbību. Veiciet norādīto pārbaudi, lai atjaunotu pilnu piekļuvi. Pretējā gadījumā dažas konta funkcijas var kļūt nepieejamas.

Lai atjaunotu piekļuvi, turpiniet ar konta pārbaudi.

Paldies, ka izmantojat mūsu pakalpojumus.",phishing
Nepieciešama tūlītēja darbība,"Sveiki, klient!

Svarīga informācija par jūsu kontu.

Jūsu profils pašlaik gaida papildu pārbaudi. Papildu informācija par pārbaudi ir pieejama konta sadaļā.

Lūdzu, pārbaudiet norādīto informāciju un apstipriniet darbību.
Apstiprināšanas process ir pieejams konta pārbaudes sadaļā.

Pretējā gadījumā dažas konta funkcijas var kļūt nepieejamas.

Ar cieņu,
Atbalsta komanda.",phishing
Piekļuves atjaunošana,"Labdien!

Drošības sistēma ir pamanījusi aizdomīgu darbību. Lai turpinātu izmantot kontu, nepieciešams veikt pārbaudi. Pārbaudes termiņš ir ierobežots.

Lai atjaunotu piekļuvi, turpiniet ar konta pārbaudi.

Ar cieņu,
Atbalsta komanda.",phishing
Svarīgs drošības paziņojums,"Sveiki!

Sistēma nevarēja automātiski apstiprināt pēdējo darbību. Nepieciešams apstiprināt, ka konts joprojām pieder jums. Ja darbība netiks apstiprināta, konta izmantošana var būt ierobežota.

Apstiprināšanas process ir pieejams konta pārbaudes sadaļā.

Paldies par sapratni.",phishing
Steidzams paziņojums,"Sveiki, klient!

Vēlamies informēt par izmaiņām jūsu konta drošības statusā. Jūsu konta drošības statuss ir jāapstiprina.

Lai turpinātu izmantot pakalpojumu, jāapstiprina jūsu informācija. Lai turpinātu, izmantojiet norādīto pārbaudes iespēju.

Ja pārbaude netiks veikta, piekļuve kontam var tikt ierobežota.

Paldies, ka izmantojat mūsu pakalpojumus.",phishing
Pēdējais atgādinājums par kontu,"Sveiki, klient!

Mūsu sistēmā ir reģistrēta neparasta piekļuves darbība.

Drošības pārbaude ir nepieciešama, lai aizsargātu jūsu kontu. Lūdzu, apstipriniet savu konta informāciju.

Šo darbību nepieciešams veikt pēc iespējas ātrāk. Pabeidziet pārbaudi, izmantojot drošības sadaļu.

Ar cieņu,
Drošības nodaļa.",phishing
Brīdinājums par kontu,"Cienījamais lietotāj!

Svarīga informācija par jūsu kontu.

Automātiskās pārbaudes laikā tika konstatēta nepieciešamība atjaunināt informāciju. Šis ir automātiski nosūtīts paziņojums.

Lai turpinātu izmantot kontu, nepieciešams veikt pārbaudi.
Lai turpinātu, izmantojiet norādīto pārbaudes iespēju.

Lūdzu, pievērsiet šim paziņojumam uzmanību.

Ar cieņu,
Atbalsta komanda.",phishing
Jūsu kontam nepieciešama pārbaude,"Labdien!

Ir konstatēta darbība, kuru nepieciešams apstiprināt.

Šis ir automātiski nosūtīts paziņojums. Lai atjaunotu piekļuvi, nepieciešams apstiprināt konta statusu.

Pārbaudi ieteicams pabeigt tuvākajā laikā. Izmantojiet konta pārbaudes iespēju, lai turpinātu.

Paldies, ka izmantojat mūsu pakalpojumus.",phishing
Svarīga informācija par jūsu kontu,"Svarīgs paziņojums!

Pēdējās konta darbības dēļ nepieciešama papildu pārbaude.

Paziņojums ir nosūtīts automātiski. Lūdzu, apstipriniet savu konta informāciju.

Pretējā gadījumā dažas konta funkcijas var kļūt nepieejamas. Lai turpinātu, izmantojiet norādīto pārbaudes iespēju.

Paldies, ka izmantojat mūsu pakalpojumus.",phishing
Svarīgs drošības paziņojums,"Sveiki!

Vēlamies informēt par izmaiņām jūsu konta drošības statusā. Pēdējās konta darbības dēļ nepieciešama papildu pārbaude.

Lai izvairītos no piekļuves ierobežošanas, apstipriniet konta datus. Lai turpinātu, izmantojiet norādīto pārbaudes iespēju.

Pretējā gadījumā var tikt piemēroti papildu drošības ierobežojumi.

Paldies, ka izmantojat mūsu pakalpojumus.",phishing
Brīdinājums par kontu,"Sveiki!

Mūsu sistēmā ir reģistrēta neparasta piekļuves darbība.

Papildu informācija par pārbaudi ir pieejama konta sadaļā. Lai atjaunotu piekļuvi, nepieciešams apstiprināt konta statusu.

Lūdzu, neatlieciet šo pārbaudi. Konta pārbaudi var pabeigt, izmantojot zemāk norādīto darbību.

Ar cieņu,
Klientu apkalpošanas nodaļa.",phishing
Jūsu konts ir ierobežots,"Sveiki!

Jūsu profils pašlaik gaida papildu pārbaudi.
Nepieciešams apstiprināt, ka konts joprojām pieder jums.

Paziņojums ir nosūtīts automātiski.

Pārbaudi ieteicams pabeigt tuvākajā laikā. Lai atjaunotu piekļuvi, turpiniet ar konta pārbaudi.

Paldies par sapratni.",phishing
Jūsu konts ir ierobežots,"Labdien!

Sistēma nevarēja automātiski apstiprināt pēdējo darbību.
Lūdzu, veiciet nepieciešamo pārbaudi pēc iespējas ātrāk.

Paziņojums ir nosūtīts automātiski.

Lūdzu, pievērsiet šim paziņojumam uzmanību. Konta pārbaudi var pabeigt, izmantojot zemāk norādīto darbību.

Ar cieņu,
Atbalsta komanda.",phishing
Svarīga informācija par jūsu kontu,"Cienījamais klient!

Jūsu profils pašlaik gaida papildu pārbaudi. Lūdzu, pabeidziet drošības pārbaudi. Pretējā gadījumā var tikt piemēroti papildu drošības ierobežojumi.

Lai turpinātu, izmantojiet norādīto pārbaudes iespēju.

Paldies, ka izmantojat mūsu pakalpojumus.",phishing
Maksājuma apstiprināšana,"Labdien, cienījamais klient!

Mūsu sistēma ir konstatējusi neparastu aktivitāti jūsu kontā. Lai izvairītos no piekļuves ierobežošanas, apstipriniet konta datus. Pārbaudes termiņš ir ierobežots.

Lai atjaunotu piekļuvi, turpiniet ar konta pārbaudi.

Ar cieņu,
Klientu apkalpošanas nodaļa.",phishing
Jūsu konts ir ierobežots,"Labdien, cienījamais klient!

Ir konstatēta darbība, kuru nepieciešams apstiprināt. Lūdzu, veiciet nepieciešamo pārbaudi pēc iespējas ātrāk. Lūdzu, neatlieciet šo pārbaudi.

Lai atjaunotu piekļuvi, turpiniet ar konta pārbaudi.

Ar cieņu,
Atbalsta komanda.",phishing
Nepieciešams apstiprinājums,"Sveiki, klient!

Vēlamies informēt par izmaiņām jūsu konta drošības statusā. Ir konstatēta iespējama neatbilstība konta informācijā.

Lūdzu, apstipriniet savu konta informāciju. Lai apstiprinātu informāciju, atveriet pārbaudes sadaļu.

Pretējā gadījumā var tikt piemēroti papildu drošības ierobežojumi.

Paldies par sapratni.",phishing
Nepieciešams apstiprinājums,"Svarīgs paziņojums!

Automātiskā sistēma ir atzīmējusi jūsu kontu pārbaudei. Lūdzu, pabeidziet drošības pārbaudi. Pārbaudi ieteicams pabeigt tuvākajā laikā.

Lai apstiprinātu informāciju, atveriet pārbaudes sadaļu.

Ar cieņu,
Konta drošības komanda.",phishing
Drošības sistēmas brīdinājums,"Sveiki!

Drošības sistēma ir pamanījusi aizdomīgu darbību.

Atbildēt uz šo ziņojumu nav nepieciešams. Lai izvairītos no piekļuves ierobežošanas, apstipriniet konta datus.

Pretējā gadījumā var tikt piemēroti papildu drošības ierobežojumi. Izmantojiet konta pārbaudes iespēju, lai turpinātu.

Ar cieņu,
Drošības nodaļa.",phishing
Jūsu kontam nepieciešama pārbaude,"Cienījamais lietotāj!

Vēlamies informēt par izmaiņām jūsu konta drošības statusā. Jūsu konta drošības statuss ir jāapstiprina.

Lūdzu, veiciet nepieciešamo pārbaudi pēc iespējas ātrāk. Konta pārbaudi var pabeigt, izmantojot zemāk norādīto darbību.

Pārbaudes termiņš ir ierobežots.

Ar cieņu,
Drošības nodaļa.",phishing
Paziņojums par konta darbību,"Cienījamais lietotāj!

Vēlamies informēt par izmaiņām jūsu konta drošības statusā. Jūsu konta drošības statuss ir jāapstiprina.

Lai atjaunotu piekļuvi, nepieciešams apstiprināt konta statusu. Konta pārbaudi var pabeigt, izmantojot zemāk norādīto darbību.

Pārbaudi ieteicams pabeigt tuvākajā laikā.

Paldies par sadarbību.",phishing
Nepieciešama konta pārbaude,"Labdien, cienījamais klient!

Vēlamies informēt par izmaiņām jūsu konta drošības statusā. Drošības sistēma ir pamanījusi aizdomīgu darbību.

Veiciet norādīto pārbaudi, lai atjaunotu pilnu piekļuvi. Pabeidziet pārbaudi, izmantojot drošības sadaļu.

Ja darbība netiks apstiprināta, konta izmantošana var būt ierobežota.

Paldies par sapratni.",phishing
Nepieciešams apstiprinājums,"Labdien!

Vēlamies informēt par izmaiņām jūsu konta drošības statusā. Jūsu konta drošības statuss ir jāapstiprina.

Lūdzu, apstipriniet savu konta informāciju. Lai turpinātu, izmantojiet norādīto pārbaudes iespēju.

Pretējā gadījumā dažas konta funkcijas var kļūt nepieejamas.

Ar cieņu,
Atbalsta komanda.",phishing
Drošības sistēmas brīdinājums,"Sveiki!

Jūsu profils pašlaik gaida papildu pārbaudi. Lūdzu, pabeidziet drošības pārbaudi. Lūdzu, neatlieciet šo pārbaudi.

Pabeidziet pārbaudi, izmantojot drošības sadaļu.

Paldies par sadarbību.",phishing
Svarīgs klienta paziņojums,"Sveiki!

Svarīga informācija par jūsu kontu.

Automātiskās pārbaudes laikā tika konstatēta nepieciešamība atjaunināt informāciju. Lūdzu, saglabājiet šo paziņojumu turpmākai atsaucei.

Lūdzu, pārbaudiet norādīto informāciju un apstipriniet darbību.
Konta pārbaudi var pabeigt, izmantojot zemāk norādīto darbību.

Pretējā gadījumā var tikt piemēroti papildu drošības ierobežojumi.

Ar cieņu,
Klientu apkalpošanas nodaļa.",phishing
Maksājuma apstiprināšana,"Labdien!

Vēlamies informēt par izmaiņām jūsu konta drošības statusā. Drošības sistēma ir pamanījusi aizdomīgu darbību.

Lai atjaunotu piekļuvi, nepieciešams apstiprināt konta statusu. Lai turpinātu, izmantojiet norādīto pārbaudes iespēju.

Pretējā gadījumā var tikt piemēroti papildu drošības ierobežojumi.

Paldies par sadarbību.",phishing
Konta piekļuves problēma,"Cienījamais klient!

Ir konstatēta darbība, kuru nepieciešams apstiprināt.

Atbildēt uz šo ziņojumu nav nepieciešams. Lai turpinātu izmantot kontu, nepieciešams veikt pārbaudi.

Pretējā gadījumā dažas konta funkcijas var kļūt nepieejamas. Apstiprināšanas process ir pieejams konta pārbaudes sadaļā.

Ar cieņu,
Klientu apkalpošanas nodaļa.",phishing
Konta pārbaudes termiņš,"Sveiki, klient!

Vēlamies informēt par izmaiņām jūsu konta drošības statusā. Ir konstatēta iespējama neatbilstība konta informācijā.

Lai atjaunotu piekļuvi, nepieciešams apstiprināt konta statusu. Konta pārbaudi var pabeigt, izmantojot zemāk norādīto darbību.

Šo darbību nepieciešams veikt pēc iespējas ātrāk.

Ar cieņu,
Konta drošības komanda.",phishing
Nepieciešama tūlītēja darbība,"Cienījamais lietotāj!

Drošības sistēma ir pamanījusi aizdomīgu darbību. Veiciet norādīto pārbaudi, lai atjaunotu pilnu piekļuvi. Lūdzu, pievērsiet šim paziņojumam uzmanību.

Lai turpinātu, izmantojiet norādīto pārbaudes iespēju.

Ar cieņu,
Atbalsta komanda.",phishing
Drošības pārbaude,"Svarīgs paziņojums!

Mūsu sistēmā ir reģistrēta neparasta piekļuves darbība.

Pārbaude tiek veikta drošības nolūkos. Veiciet norādīto pārbaudi, lai atjaunotu pilnu piekļuvi.

Pretējā gadījumā dažas konta funkcijas var kļūt nepieejamas. Lai turpinātu, izmantojiet norādīto pārbaudes iespēju.

Paldies par sapratni.",phishing
Neparasta aktivitāte kontā,"Labdien, cienījamais klient!

Mūsu sistēma ir konstatējusi neparastu aktivitāti jūsu kontā. Lai izvairītos no piekļuves ierobežošanas, apstipriniet konta datus. Pretējā gadījumā var tikt piemēroti papildu drošības ierobežojumi.

Pabeidziet pārbaudi, izmantojot drošības sadaļu.

Paldies, ka izmantojat mūsu pakalpojumus.",phishing
Nepieciešams apstiprinājums,"Labdien!

Automātiskās pārbaudes laikā tika konstatēta nepieciešamība atjaunināt informāciju. Lūdzu, veiciet nepieciešamo pārbaudi pēc iespējas ātrāk. Lūdzu, pievērsiet šim paziņojumam uzmanību.

Pabeidziet pārbaudi, izmantojot drošības sadaļu.

Ar cieņu,
Konta drošības komanda.",phishing
Svarīgs drošības paziņojums,"Sveiki!

Vēlamies informēt par izmaiņām jūsu konta drošības statusā. Kontam ir nepieciešama papildu drošības pārbaude.

Lai turpinātu izmantot pakalpojumu, jāapstiprina jūsu informācija. Apstiprināšanas process ir pieejams konta pārbaudes sadaļā.

Lūdzu, neatlieciet šo pārbaudi.

Ar cieņu,
Konta drošības komanda.",phishing
Jūsu profils ir jāatjauno,"Labdien!

Svarīga informācija par jūsu kontu.

Jūsu profils pašlaik gaida papildu pārbaudi. Šī darbība ir saistīta ar jūsu konta drošību.

Veiciet norādīto pārbaudi, lai atjaunotu pilnu piekļuvi.
Lai atjaunotu piekļuvi, turpiniet ar konta pārbaudi.

Pretējā gadījumā dažas konta funkcijas var kļūt nepieejamas.

Ar cieņu,
Drošības nodaļa.",phishing
Jūsu konts ir ierobežots,"Svarīgs paziņojums!

Mūsu sistēma ir konstatējusi neparastu aktivitāti jūsu kontā. Lai atjaunotu piekļuvi, nepieciešams apstiprināt konta statusu. Pārbaudi ieteicams pabeigt tuvākajā laikā.

Apstiprināšanas process ir pieejams konta pārbaudes sadaļā.

Ar cieņu,
Atbalsta komanda.",phishing
Neparasta aktivitāte kontā,"Cienījamais klient!

Automātiskās pārbaudes laikā tika konstatēta nepieciešamība atjaunināt informāciju.

Lūdzu, saglabājiet šo paziņojumu turpmākai atsaucei. Lai atjaunotu piekļuvi, nepieciešams apstiprināt konta statusu.

Lūdzu, pievērsiet šim paziņojumam uzmanību. Konta pārbaudi var pabeigt, izmantojot zemāk norādīto darbību.

Ar cieņu,
Klientu apkalpošanas nodaļa.",phishing
Nepieciešama konta pārbaude,"Cienījamais lietotāj!

Svarīga informācija par jūsu kontu.

Sistēma nevarēja automātiski apstiprināt pēdējo darbību. Papildu informācija par pārbaudi ir pieejama konta sadaļā.

Nepieciešams apstiprināt, ka konts joprojām pieder jums.
Lai apstiprinātu informāciju, atveriet pārbaudes sadaļu.

Pārbaudes termiņš ir ierobežots.

Paldies par sapratni.",phishing
Drošības pārbaude,"Cienījamais lietotāj!

Vēlamies informēt par izmaiņām jūsu konta drošības statusā. Automātiskā sistēma ir atzīmējusi jūsu kontu pārbaudei.

Lai atjaunotu piekļuvi, nepieciešams apstiprināt konta statusu. Pabeidziet pārbaudi, izmantojot drošības sadaļu.

Pārbaudes termiņš ir ierobežots.

Ar cieņu,
Atbalsta komanda.",phishing
Darījuma pārbaude,"Cienījamais lietotāj!

Vēlamies informēt par izmaiņām jūsu konta drošības statusā. Automātiskās pārbaudes laikā tika konstatēta nepieciešamība atjaunināt informāciju.

Lūdzu, pārbaudiet norādīto informāciju un apstipriniet darbību. Izmantojiet konta pārbaudes iespēju, lai turpinātu.

Nepieciešams rīkoties pirms konta statusa maiņas.

Ar cieņu,
Atbalsta komanda.",phishing
Svarīgs klienta paziņojums,"Labdien!

Automātiskā sistēma ir atzīmējusi jūsu kontu pārbaudei.
Veiciet norādīto pārbaudi, lai atjaunotu pilnu piekļuvi.

Papildu informācija par pārbaudi ir pieejama konta sadaļā.

Lūdzu, pievērsiet šim paziņojumam uzmanību. Pabeidziet pārbaudi, izmantojot drošības sadaļu.

Ar cieņu,
Klientu apkalpošanas nodaļa.",phishing
Svarīga informācija par jūsu kontu,"Svarīgs paziņojums!

Pēdējās konta darbības dēļ nepieciešama papildu pārbaude.

Drošības pārbaude ir nepieciešama, lai aizsargātu jūsu kontu. Lūdzu, apstipriniet savu konta informāciju.

Ja darbība netiks apstiprināta, konta izmantošana var būt ierobežota. Lai turpinātu, izmantojiet norādīto pārbaudes iespēju.

Ar cieņu,
Klientu apkalpošanas nodaļa.",phishing
Apstipriniet konta informāciju,"Labdien!

Mūsu sistēma ir konstatējusi neparastu aktivitāti jūsu kontā. Lai izvairītos no piekļuves ierobežošanas, apstipriniet konta datus. Ja pārbaude netiks veikta, piekļuve kontam var tikt ierobežota.

Izmantojiet konta pārbaudes iespēju, lai turpinātu.

Ar cieņu,
Konta drošības komanda.",phishing
Pēdējais atgādinājums par kontu,"Cienījamais klient!

Svarīga informācija par jūsu kontu.

Sistēma nevarēja automātiski apstiprināt pēdējo darbību. Lūdzu, saglabājiet šo paziņojumu turpmākai atsaucei.

Lūdzu, pabeidziet drošības pārbaudi.
Lai atjaunotu piekļuvi, turpiniet ar konta pārbaudi.

Nepieciešams rīkoties pirms konta statusa maiņas.

Ar cieņu,
Klientu apkalpošanas nodaļa.",phishing
Paziņojums par konta darbību,"Labdien!

Automātiskās pārbaudes laikā tika konstatēta nepieciešamība atjaunināt informāciju. Lūdzu, pārbaudiet norādīto informāciju un apstipriniet darbību. Pretējā gadījumā var tikt piemēroti papildu drošības ierobežojumi.

Konta pārbaudi var pabeigt, izmantojot zemāk norādīto darbību.

Paldies, ka izmantojat mūsu pakalpojumus.",phishing
Drošības pārbaude,"Sveiki!

Mūsu sistēmā ir reģistrēta neparasta piekļuves darbība. Lūdzu, apstipriniet savu konta informāciju. Lūdzu, neatlieciet šo pārbaudi.

Konta pārbaudi var pabeigt, izmantojot zemāk norādīto darbību.

Ar cieņu,
Atbalsta komanda.",phishing
Jūsu kontam nepieciešama pārbaude,"Labdien, cienījamais klient!

Svarīga informācija par jūsu kontu.

Pēdējās konta darbības dēļ nepieciešama papildu pārbaude. Paziņojums ir nosūtīts automātiski.

Nepieciešams apstiprināt, ka konts joprojām pieder jums.
Pabeidziet pārbaudi, izmantojot drošības sadaļu.

Lūdzu, neatlieciet šo pārbaudi.

Ar cieņu,
Drošības nodaļa.",phishing
Paziņojums par konta darbību,"Svarīgs paziņojums!

Kontam ir nepieciešama papildu drošības pārbaude.
Lūdzu, pārbaudiet norādīto informāciju un apstipriniet darbību.

Pārbaude tiek veikta drošības nolūkos.

Pretējā gadījumā var tikt piemēroti papildu drošības ierobežojumi. Lai turpinātu, izmantojiet norādīto pārbaudes iespēju.

Paldies par sapratni.",phishing
Darījuma pārbaude,"Labdien, cienījamais klient!

Automātiskās pārbaudes laikā tika konstatēta nepieciešamība atjaunināt informāciju.
Lūdzu, apstipriniet savu konta informāciju.

Pārbaude tiek veikta drošības nolūkos.

Ja pārbaude netiks veikta, piekļuve kontam var tikt ierobežota. Izmantojiet konta pārbaudes iespēju, lai turpinātu.

Ar cieņu,
Atbalsta komanda.",phishing
Svarīga informācija par jūsu kontu,"Sveiki!

Ir konstatēta darbība, kuru nepieciešams apstiprināt.
Lai turpinātu izmantot kontu, nepieciešams veikt pārbaudi.

Drošības pārbaude ir nepieciešama, lai aizsargātu jūsu kontu.

Pārbaudes termiņš ir ierobežots. Lai apstiprinātu informāciju, atveriet pārbaudes sadaļu.

Paldies par sadarbību.",phishing
Darījuma pārbaude,"Sveiki!

Ir konstatēta darbība, kuru nepieciešams apstiprināt.
Lai turpinātu izmantot kontu, nepieciešams veikt pārbaudi.

Šī darbība ir saistīta ar jūsu konta drošību.

Nepieciešams rīkoties pirms konta statusa maiņas. Lai atjaunotu piekļuvi, turpiniet ar konta pārbaudi.

Paldies par sadarbību.",phishing
Darījuma pārbaude,"Labdien!

Drošības sistēma ir pamanījusi aizdomīgu darbību.
Lūdzu, pārbaudiet norādīto informāciju un apstipriniet darbību.

Drošības pārbaude ir nepieciešama, lai aizsargātu jūsu kontu.

Pretējā gadījumā var tikt piemēroti papildu drošības ierobežojumi. Apstiprināšanas process ir pieejams konta pārbaudes sadaļā.

Ar cieņu,
Atbalsta komanda.",phishing
Steidzams paziņojums,"Labdien!

Mūsu sistēmā ir reģistrēta neparasta piekļuves darbība.

Paziņojums ir nosūtīts automātiski. Lai atjaunotu piekļuvi, nepieciešams apstiprināt konta statusu.

Pretējā gadījumā dažas konta funkcijas var kļūt nepieejamas. Konta pārbaudi var pabeigt, izmantojot zemāk norādīto darbību.

Ar cieņu,
Atbalsta komanda.",phishing
Drošības sistēmas brīdinājums,"Labdien!

Sistēma nevarēja automātiski apstiprināt pēdējo darbību.
Lai izvairītos no piekļuves ierobežošanas, apstipriniet konta datus.

Šis ir automātiski nosūtīts paziņojums.

Lūdzu, pievērsiet šim paziņojumam uzmanību. Pabeidziet pārbaudi, izmantojot drošības sadaļu.

Paldies par sadarbību.",phishing
Jūsu kontam nepieciešama pārbaude,"Sveiki!

Vēlamies informēt par izmaiņām jūsu konta drošības statusā. Mūsu sistēmā ir reģistrēta neparasta piekļuves darbība.

Lai turpinātu izmantot pakalpojumu, jāapstiprina jūsu informācija. Lai atjaunotu piekļuvi, turpiniet ar konta pārbaudi.

Šo darbību nepieciešams veikt pēc iespējas ātrāk.

Ar cieņu,
Drošības nodaļa.",phishing
Nepieciešama tūlītēja darbība,"Cienījamais klient!

Vēlamies informēt par izmaiņām jūsu konta drošības statusā. Automātiskās pārbaudes laikā tika konstatēta nepieciešamība atjaunināt informāciju.

Lūdzu, veiciet nepieciešamo pārbaudi pēc iespējas ātrāk. Apstiprināšanas process ir pieejams konta pārbaudes sadaļā.

Pretējā gadījumā var tikt piemēroti papildu drošības ierobežojumi.

Ar cieņu,
Drošības nodaļa.",phishing
Jūsu kontam nepieciešama pārbaude,"Sveiki, klient!

Ir konstatēta iespējama neatbilstība konta informācijā.
Lai izvairītos no piekļuves ierobežošanas, apstipriniet konta datus.

Pārbaude tiek veikta drošības nolūkos.

Pārbaudes termiņš ir ierobežots. Apstiprināšanas process ir pieejams konta pārbaudes sadaļā.

Ar cieņu,
Atbalsta komanda.",phishing
Svarīgs drošības paziņojums,"Svarīgs paziņojums!

Automātiskā sistēma ir atzīmējusi jūsu kontu pārbaudei. Lūdzu, pārbaudiet norādīto informāciju un apstipriniet darbību. Pretējā gadījumā dažas konta funkcijas var kļūt nepieejamas.

Lai turpinātu, izmantojiet norādīto pārbaudes iespēju.

Ar cieņu,
Drošības nodaļa.",phishing
Konta darbības apstiprināšana,"Labdien, cienījamais klient!

Jūsu konta drošības statuss ir jāapstiprina.
Lūdzu, pabeidziet drošības pārbaudi.

Atbildēt uz šo ziņojumu nav nepieciešams.

Pārbaudi ieteicams pabeigt tuvākajā laikā. Lai apstiprinātu informāciju, atveriet pārbaudes sadaļu.

Ar cieņu,
Klientu apkalpošanas nodaļa.",phishing
Piekļuves atjaunošana,"Svarīgs paziņojums!

Vēlamies informēt par izmaiņām jūsu konta drošības statusā. Ir konstatēta darbība, kuru nepieciešams apstiprināt.

Veiciet norādīto pārbaudi, lai atjaunotu pilnu piekļuvi. Lai apstiprinātu informāciju, atveriet pārbaudes sadaļu.

Nepieciešams rīkoties pirms konta statusa maiņas.

Ar cieņu,
Atbalsta komanda.",phishing
Svarīga informācija par jūsu kontu,"Labdien, cienījamais klient!

Drošības sistēma ir pamanījusi aizdomīgu darbību.
Lūdzu, pārbaudiet norādīto informāciju un apstipriniet darbību.

Paziņojums ir nosūtīts automātiski.

Pretējā gadījumā var tikt piemēroti papildu drošības ierobežojumi. Lai apstiprinātu informāciju, atveriet pārbaudes sadaļu.

Paldies par sapratni.",phishing
Konta pārbaudes termiņš,"Cienījamais klient!

Ir konstatēta darbība, kuru nepieciešams apstiprināt.
Lūdzu, veiciet nepieciešamo pārbaudi pēc iespējas ātrāk.

Šī darbība ir saistīta ar jūsu konta drošību.

Pretējā gadījumā dažas konta funkcijas var kļūt nepieejamas. Lai apstiprinātu informāciju, atveriet pārbaudes sadaļu.

Ar cieņu,
Klientu apkalpošanas nodaļa.",phishing
Konta piekļuves problēma,"Cienījamais lietotāj!

Automātiskās pārbaudes laikā tika konstatēta nepieciešamība atjaunināt informāciju.
Lai turpinātu izmantot kontu, nepieciešams veikt pārbaudi.

Atbildēt uz šo ziņojumu nav nepieciešams.

Ja darbība netiks apstiprināta, konta izmantošana var būt ierobežota. Izmantojiet konta pārbaudes iespēju, lai turpinātu.

Ar cieņu,
Drošības nodaļa.",phishing
Svarīgs drošības paziņojums,"Svarīgs paziņojums!

Svarīga informācija par jūsu kontu.

Mūsu sistēmā ir reģistrēta neparasta piekļuves darbība. Lūdzu, saglabājiet šo paziņojumu turpmākai atsaucei.

Lūdzu, pabeidziet drošības pārbaudi.
Lai turpinātu, izmantojiet norādīto pārbaudes iespēju.

Pārbaudi ieteicams pabeigt tuvākajā laikā.

Paldies par sapratni.",phishing
Maksājuma apstiprināšana,"Cienījamais klient!

Vēlamies informēt par izmaiņām jūsu konta drošības statusā. Automātiskās pārbaudes laikā tika konstatēta nepieciešamība atjaunināt informāciju.

Lai atjaunotu piekļuvi, nepieciešams apstiprināt konta statusu. Lai turpinātu, izmantojiet norādīto pārbaudes iespēju.

Ja darbība netiks apstiprināta, konta izmantošana var būt ierobežota.

Paldies par sadarbību.",phishing
Piekļuves atjaunošana,"Labdien!

Svarīga informācija par jūsu kontu.

Mūsu sistēma ir konstatējusi neparastu aktivitāti jūsu kontā. Drošības pārbaude ir nepieciešama, lai aizsargātu jūsu kontu.

Lūdzu, apstipriniet savu konta informāciju.
Lai turpinātu, izmantojiet norādīto pārbaudes iespēju.

Nepieciešams rīkoties pirms konta statusa maiņas.

Paldies par sapratni.",phishing
Jūsu profils ir jāatjauno,"Labdien, cienījamais klient!

Mūsu sistēmā ir reģistrēta neparasta piekļuves darbība.

Šī darbība ir saistīta ar jūsu konta drošību. Nepieciešams apstiprināt, ka konts joprojām pieder jums.

Pārbaudes termiņš ir ierobežots. Lai atjaunotu piekļuvi, turpiniet ar konta pārbaudi.

Ar cieņu,
Drošības nodaļa.",phishing
Pēdējais atgādinājums par kontu,"Sveiki, klient!

Svarīga informācija par jūsu kontu.

Sistēma nevarēja automātiski apstiprināt pēdējo darbību. Lūdzu, saglabājiet šo paziņojumu turpmākai atsaucei.

Lai atjaunotu piekļuvi, nepieciešams apstiprināt konta statusu.
Lai turpinātu, izmantojiet norādīto pārbaudes iespēju.

Pārbaudi ieteicams pabeigt tuvākajā laikā.

Paldies, ka izmantojat mūsu pakalpojumus.",phishing
Nepieciešama tūlītēja darbība,"Labdien!

Automātiskā sistēma ir atzīmējusi jūsu kontu pārbaudei.
Lūdzu, veiciet nepieciešamo pārbaudi pēc iespējas ātrāk.

Pārbaude tiek veikta drošības nolūkos.

Lūdzu, neatlieciet šo pārbaudi. Konta pārbaudi var pabeigt, izmantojot zemāk norādīto darbību.

Ar cieņu,
Konta drošības komanda.",phishing
Pēdējais atgādinājums par kontu,"Svarīgs paziņojums!

Mūsu sistēma ir konstatējusi neparastu aktivitāti jūsu kontā. Lūdzu, pabeidziet drošības pārbaudi. Pārbaudes termiņš ir ierobežots.

Lai turpinātu, izmantojiet norādīto pārbaudes iespēju.

Paldies par sapratni.",phishing
Apstipriniet konta informāciju,"Cienījamais klient!

Vēlamies informēt par izmaiņām jūsu konta drošības statusā. Drošības sistēma ir pamanījusi aizdomīgu darbību.

Lai turpinātu izmantot pakalpojumu, jāapstiprina jūsu informācija. Lai apstiprinātu informāciju, atveriet pārbaudes sadaļu.

Lūdzu, neatlieciet šo pārbaudi.

Ar cieņu,
Drošības nodaļa.",phishing
Nepieciešama tūlītēja darbība,"Cienījamais klient!

Ir konstatēta iespējama neatbilstība konta informācijā.
Nepieciešams apstiprināt, ka konts joprojām pieder jums.

Lūdzu, saglabājiet šo paziņojumu turpmākai atsaucei.

Pretējā gadījumā dažas konta funkcijas var kļūt nepieejamas. Pabeidziet pārbaudi, izmantojot drošības sadaļu.

Ar cieņu,
Klientu apkalpošanas nodaļa.",phishing
Jūsu profils ir jāatjauno,"Cienījamais klient!

Jūsu profils pašlaik gaida papildu pārbaudi.
Lai izvairītos no piekļuves ierobežošanas, apstipriniet konta datus.

Drošības pārbaude ir nepieciešama, lai aizsargātu jūsu kontu.

Lūdzu, neatlieciet šo pārbaudi. Konta pārbaudi var pabeigt, izmantojot zemāk norādīto darbību.

Ar cieņu,
Atbalsta komanda.",phishing
Neapstiprināta darbība,"Cienījamais klient!

Vēlamies informēt par izmaiņām jūsu konta drošības statusā. Kontam ir nepieciešama papildu drošības pārbaude.

Lai atjaunotu piekļuvi, nepieciešams apstiprināt konta statusu. Pabeidziet pārbaudi, izmantojot drošības sadaļu.

Pārbaudes termiņš ir ierobežots.

Ar cieņu,
Atbalsta komanda.",phishing
Drošības sistēmas brīdinājums,"Cienījamais klient!

Vēlamies informēt par izmaiņām jūsu konta drošības statusā. Automātiskās pārbaudes laikā tika konstatēta nepieciešamība atjaunināt informāciju.

Lai izvairītos no piekļuves ierobežošanas, apstipriniet konta datus. Lai apstiprinātu informāciju, atveriet pārbaudes sadaļu.

Šo darbību nepieciešams veikt pēc iespējas ātrāk.

Paldies, ka izmantojat mūsu pakalpojumus.",phishing
Jūsu konts ir ierobežots,"Svarīgs paziņojums!

Vēlamies informēt par izmaiņām jūsu konta drošības statusā. Automātiskā sistēma ir atzīmējusi jūsu kontu pārbaudei.

Nepieciešams apstiprināt, ka konts joprojām pieder jums. Pabeidziet pārbaudi, izmantojot drošības sadaļu.

Lūdzu, pievērsiet šim paziņojumam uzmanību.

Ar cieņu,
Atbalsta komanda.",phishing
Neparasta aktivitāte kontā,"Labdien!

Jūsu konta drošības statuss ir jāapstiprina.

Atbildēt uz šo ziņojumu nav nepieciešams. Nepieciešams apstiprināt, ka konts joprojām pieder jums.

Pārbaudi ieteicams pabeigt tuvākajā laikā. Lai apstiprinātu informāciju, atveriet pārbaudes sadaļu.

Ar cieņu,
Konta drošības komanda.",phishing
Nepieciešams apstiprinājums,"Svarīgs paziņojums!

Vēlamies informēt par izmaiņām jūsu konta drošības statusā. Automātiskā sistēma ir atzīmējusi jūsu kontu pārbaudei.

Lūdzu, veiciet nepieciešamo pārbaudi pēc iespējas ātrāk. Konta pārbaudi var pabeigt, izmantojot zemāk norādīto darbību.

Pārbaudi ieteicams pabeigt tuvākajā laikā.

Paldies, ka izmantojat mūsu pakalpojumus.",phishing
Piekļuves atjaunošana,"Labdien!

Sistēma nevarēja automātiski apstiprināt pēdējo darbību.

Šī darbība ir saistīta ar jūsu konta drošību. Veiciet norādīto pārbaudi, lai atjaunotu pilnu piekļuvi.

Pārbaudi ieteicams pabeigt tuvākajā laikā. Izmantojiet konta pārbaudes iespēju, lai turpinātu.

Paldies, ka izmantojat mūsu pakalpojumus.",phishing
Konta darbības apstiprināšana,"Cienījamais klient!

Svarīga informācija par jūsu kontu.

Jūsu konta drošības statuss ir jāapstiprina. Pārbaude tiek veikta drošības nolūkos.

Lai atjaunotu piekļuvi, nepieciešams apstiprināt konta statusu.
Lai apstiprinātu informāciju, atveriet pārbaudes sadaļu.

Pārbaudi ieteicams pabeigt tuvākajā laikā.

Ar cieņu,
Klientu apkalpošanas nodaļa.",phishing
Svarīga informācija par jūsu kontu,"Cienījamais klient!

Vēlamies informēt par izmaiņām jūsu konta drošības statusā. Mūsu sistēma ir konstatējusi neparastu aktivitāti jūsu kontā.

Lai turpinātu izmantot pakalpojumu, jāapstiprina jūsu informācija. Pabeidziet pārbaudi, izmantojot drošības sadaļu.

Pārbaudes termiņš ir ierobežots.

Ar cieņu,
Klientu apkalpošanas nodaļa.",phishing
Pēdējais atgādinājums par kontu,"Cienījamais klient!

Kontam ir nepieciešama papildu drošības pārbaude.

Drošības pārbaude ir nepieciešama, lai aizsargātu jūsu kontu. Veiciet norādīto pārbaudi, lai atjaunotu pilnu piekļuvi.

Pārbaudes termiņš ir ierobežots. Apstiprināšanas process ir pieejams konta pārbaudes sadaļā.

Ar cieņu,
Atbalsta komanda.",phishing
Paziņojums par konta darbību,"Labdien!

Vēlamies informēt par izmaiņām jūsu konta drošības statusā. Ir konstatēta darbība, kuru nepieciešams apstiprināt.

Lai turpinātu izmantot pakalpojumu, jāapstiprina jūsu informācija. Lai atjaunotu piekļuvi, turpiniet ar konta pārbaudi.

Pārbaudes termiņš ir ierobežots.

Ar cieņu,
Klientu apkalpošanas nodaļa.",phishing
Maksājuma apstiprināšana,"Sveiki, klient!

Ir konstatēta iespējama neatbilstība konta informācijā.

Lūdzu, saglabājiet šo paziņojumu turpmākai atsaucei. Lai turpinātu izmantot pakalpojumu, jāapstiprina jūsu informācija.

Pretējā gadījumā var tikt piemēroti papildu drošības ierobežojumi. Lai atjaunotu piekļuvi, turpiniet ar konta pārbaudi.

Ar cieņu,
Klientu apkalpošanas nodaļa.",phishing
Svarīgs klienta paziņojums,"Sveiki, klient!

Automātiskā sistēma ir atzīmējusi jūsu kontu pārbaudei.

Atbildēt uz šo ziņojumu nav nepieciešams. Lai atjaunotu piekļuvi, nepieciešams apstiprināt konta statusu.

Pretējā gadījumā dažas konta funkcijas var kļūt nepieejamas. Konta pārbaudi var pabeigt, izmantojot zemāk norādīto darbību.

Paldies par sadarbību.",phishing
Svarīgs drošības paziņojums,"Labdien!

Svarīga informācija par jūsu kontu.

Automātiskā sistēma ir atzīmējusi jūsu kontu pārbaudei. Drošības pārbaude ir nepieciešama, lai aizsargātu jūsu kontu.

Veiciet norādīto pārbaudi, lai atjaunotu pilnu piekļuvi.
Izmantojiet konta pārbaudes iespēju, lai turpinātu.

Ja pārbaude netiks veikta, piekļuve kontam var tikt ierobežota.

Ar cieņu,
Atbalsta komanda.",phishing
Maksājuma apstiprināšana,"Cienījamais klient!

Pēdējās konta darbības dēļ nepieciešama papildu pārbaude. Lai atjaunotu piekļuvi, nepieciešams apstiprināt konta statusu. Pretējā gadījumā dažas konta funkcijas var kļūt nepieejamas.

Konta pārbaudi var pabeigt, izmantojot zemāk norādīto darbību.

Ar cieņu,
Klientu apkalpošanas nodaļa.",phishing
Jūsu konts ir ierobežots,"Sveiki!

Vēlamies informēt par izmaiņām jūsu konta drošības statusā. Sistēma nevarēja automātiski apstiprināt pēdējo darbību.

Lai atjaunotu piekļuvi, nepieciešams apstiprināt konta statusu. Apstiprināšanas process ir pieejams konta pārbaudes sadaļā.

Nepieciešams rīkoties pirms konta statusa maiņas.

Paldies par sadarbību.",phishing
Neapstiprināta darbība,"Labdien!

Kontam ir nepieciešama papildu drošības pārbaude.

Drošības pārbaude ir nepieciešama, lai aizsargātu jūsu kontu. Nepieciešams apstiprināt, ka konts joprojām pieder jums.

Nepieciešams rīkoties pirms konta statusa maiņas. Izmantojiet konta pārbaudes iespēju, lai turpinātu.

Ar cieņu,
Konta drošības komanda.",phishing
Konta pārbaudes termiņš,"Cienījamais klient!

Ir konstatēta iespējama neatbilstība konta informācijā.

Paziņojums ir nosūtīts automātiski. Lai atjaunotu piekļuvi, nepieciešams apstiprināt konta statusu.

Šo darbību nepieciešams veikt pēc iespējas ātrāk. Lai apstiprinātu informāciju, atveriet pārbaudes sadaļu.

Paldies par sapratni.",phishing
Jūsu konts ir ierobežots,"Svarīgs paziņojums!

Jūsu profils pašlaik gaida papildu pārbaudi.
Veiciet norādīto pārbaudi, lai atjaunotu pilnu piekļuvi.

Lūdzu, saglabājiet šo paziņojumu turpmākai atsaucei.

Pretējā gadījumā dažas konta funkcijas var kļūt nepieejamas. Pabeidziet pārbaudi, izmantojot drošības sadaļu.

Paldies par sapratni.",phishing
Nepieciešama tūlītēja darbība,"Cienījamais lietotāj!

Ir konstatēta darbība, kuru nepieciešams apstiprināt.

Paziņojums ir nosūtīts automātiski. Lūdzu, pārbaudiet norādīto informāciju un apstipriniet darbību.

Lūdzu, pievērsiet šim paziņojumam uzmanību. Lai atjaunotu piekļuvi, turpiniet ar konta pārbaudi.

Paldies, ka izmantojat mūsu pakalpojumus.",phishing
Paziņojums par konta darbību,"Labdien!

Svarīga informācija par jūsu kontu.

Jūsu profils pašlaik gaida papildu pārbaudi. Atbildēt uz šo ziņojumu nav nepieciešams.

Lai atjaunotu piekļuvi, nepieciešams apstiprināt konta statusu.
Lai apstiprinātu informāciju, atveriet pārbaudes sadaļu.

Nepieciešams rīkoties pirms konta statusa maiņas.

Paldies, ka izmantojat mūsu pakalpojumus.",phishing
Konta pārbaudes termiņš,"Cienījamais lietotāj!

Ir konstatēta darbība, kuru nepieciešams apstiprināt.

Paziņojums ir nosūtīts automātiski. Lūdzu, apstipriniet savu konta informāciju.

Nepieciešams rīkoties pirms konta statusa maiņas. Lai turpinātu, izmantojiet norādīto pārbaudes iespēju.

Ar cieņu,
Klientu apkalpošanas nodaļa.",phishing
Jūsu kontam nepieciešama pārbaude,"Labdien!

Automātiskās pārbaudes laikā tika konstatēta nepieciešamība atjaunināt informāciju. Lai turpinātu izmantot pakalpojumu, jāapstiprina jūsu informācija. Pārbaudes termiņš ir ierobežots.

Apstiprināšanas process ir pieejams konta pārbaudes sadaļā.

Ar cieņu,
Konta drošības komanda.",phishing
Darījuma pārbaude,"Labdien!

Automātiskā sistēma ir atzīmējusi jūsu kontu pārbaudei.
Lai atjaunotu piekļuvi, nepieciešams apstiprināt konta statusu.

Drošības pārbaude ir nepieciešama, lai aizsargātu jūsu kontu.

Pretējā gadījumā var tikt piemēroti papildu drošības ierobežojumi. Lai apstiprinātu informāciju, atveriet pārbaudes sadaļu.

Ar cieņu,
Atbalsta komanda.",phishing
Neparasta aktivitāte kontā,"Cienījamais klient!

Sistēma nevarēja automātiski apstiprināt pēdējo darbību.

Paziņojums ir nosūtīts automātiski. Veiciet norādīto pārbaudi, lai atjaunotu pilnu piekļuvi.

Pretējā gadījumā dažas konta funkcijas var kļūt nepieejamas. Lai atjaunotu piekļuvi, turpiniet ar konta pārbaudi.

Ar cieņu,
Klientu apkalpošanas nodaļa.",phishing
Svarīgs drošības paziņojums,"Labdien, cienījamais klient!

Sistēma nevarēja automātiski apstiprināt pēdējo darbību. Lai turpinātu izmantot kontu, nepieciešams veikt pārbaudi. Pretējā gadījumā var tikt piemēroti papildu drošības ierobežojumi.

Apstiprināšanas process ir pieejams konta pārbaudes sadaļā.

Paldies par sadarbību.",phishing
Jūsu kontam nepieciešama pārbaude,"Labdien!

Svarīga informācija par jūsu kontu.

Jūsu konta drošības statuss ir jāapstiprina. Atbildēt uz šo ziņojumu nav nepieciešams.

Veiciet norādīto pārbaudi, lai atjaunotu pilnu piekļuvi.
Lai atjaunotu piekļuvi, turpiniet ar konta pārbaudi.

Pretējā gadījumā dažas konta funkcijas var kļūt nepieejamas.

Paldies par sadarbību.",phishing
Steidzams paziņojums,"Sveiki!

Svarīga informācija par jūsu kontu.

Jūsu konta drošības statuss ir jāapstiprina. Šī darbība ir saistīta ar jūsu konta drošību.

Lūdzu, veiciet nepieciešamo pārbaudi pēc iespējas ātrāk.
Apstiprināšanas process ir pieejams konta pārbaudes sadaļā.

Pārbaudes termiņš ir ierobežots.

Paldies par sapratni.",phishing
Paziņojums par konta darbību,"Svarīgs paziņojums!

Vēlamies informēt par izmaiņām jūsu konta drošības statusā. Kontam ir nepieciešama papildu drošības pārbaude.

Nepieciešams apstiprināt, ka konts joprojām pieder jums. Izmantojiet konta pārbaudes iespēju, lai turpinātu.

Pārbaudi ieteicams pabeigt tuvākajā laikā.

Ar cieņu,
Klientu apkalpošanas nodaļa.",phishing
Svarīga informācija par jūsu kontu,"Sveiki, klient!

Vēlamies informēt par izmaiņām jūsu konta drošības statusā. Jūsu konta drošības statuss ir jāapstiprina.

Veiciet norādīto pārbaudi, lai atjaunotu pilnu piekļuvi. Lai apstiprinātu informāciju, atveriet pārbaudes sadaļu.

Lūdzu, neatlieciet šo pārbaudi.

Paldies par sapratni.",phishing
Nepieciešama tūlītēja darbība,"Labdien, cienījamais klient!

Vēlamies informēt par izmaiņām jūsu konta drošības statusā. Automātiskā sistēma ir atzīmējusi jūsu kontu pārbaudei.

Lai turpinātu izmantot pakalpojumu, jāapstiprina jūsu informācija. Apstiprināšanas process ir pieejams konta pārbaudes sadaļā.

Lūdzu, neatlieciet šo pārbaudi.

Paldies, ka izmantojat mūsu pakalpojumus.",phishing
Maksājuma apstiprināšana,"Svarīgs paziņojums!

Vēlamies informēt par izmaiņām jūsu konta drošības statusā. Pēdējās konta darbības dēļ nepieciešama papildu pārbaude.

Lai atjaunotu piekļuvi, nepieciešams apstiprināt konta statusu. Lai apstiprinātu informāciju, atveriet pārbaudes sadaļu.

Lūdzu, neatlieciet šo pārbaudi.

Ar cieņu,
Klientu apkalpošanas nodaļa.",phishing
Konta pārbaudes termiņš,"Cienījamais klient!

Kontam ir nepieciešama papildu drošības pārbaude.

Papildu informācija par pārbaudi ir pieejama konta sadaļā. Lūdzu, pabeidziet drošības pārbaudi.

Ja darbība netiks apstiprināta, konta izmantošana var būt ierobežota. Lai atjaunotu piekļuvi, turpiniet ar konta pārbaudi.

Paldies par sapratni.",phishing
Identitātes pārbaude,"Cienījamais klient!

Jūsu konta drošības statuss ir jāapstiprina.
Lūdzu, apstipriniet savu konta informāciju.

Pārbaude tiek veikta drošības nolūkos.

Lūdzu, pievērsiet šim paziņojumam uzmanību. Konta pārbaudi var pabeigt, izmantojot zemāk norādīto darbību.

Ar cieņu,
Klientu apkalpošanas nodaļa.",phishing
Apstipriniet konta informāciju,"Svarīgs paziņojums!

Mūsu sistēmā ir reģistrēta neparasta piekļuves darbība.

Šī darbība ir saistīta ar jūsu konta drošību. Nepieciešams apstiprināt, ka konts joprojām pieder jums.

Pārbaudes termiņš ir ierobežots. Lai turpinātu, izmantojiet norādīto pārbaudes iespēju.

Ar cieņu,
Konta drošības komanda.",phishing
Identitātes pārbaude,"Svarīgs paziņojums!

Mūsu sistēma ir konstatējusi neparastu aktivitāti jūsu kontā.

Pārbaude tiek veikta drošības nolūkos. Lūdzu, pabeidziet drošības pārbaudi.

Pretējā gadījumā dažas konta funkcijas var kļūt nepieejamas. Lai atjaunotu piekļuvi, turpiniet ar konta pārbaudi.

Paldies, ka izmantojat mūsu pakalpojumus.",phishing
Nepieciešama tūlītēja darbība,"Svarīgs paziņojums!

Vēlamies informēt par izmaiņām jūsu konta drošības statusā. Ir konstatēta iespējama neatbilstība konta informācijā.

Lūdzu, apstipriniet savu konta informāciju. Pabeidziet pārbaudi, izmantojot drošības sadaļu.

Nepieciešams rīkoties pirms konta statusa maiņas.

Paldies par sapratni.",phishing
Piekļuves atjaunošana,"Cienījamais klient!

Svarīga informācija par jūsu kontu.

Jūsu konta drošības statuss ir jāapstiprina. Šī darbība ir saistīta ar jūsu konta drošību.

Lai izvairītos no piekļuves ierobežošanas, apstipriniet konta datus.
Pabeidziet pārbaudi, izmantojot drošības sadaļu.

Ja darbība netiks apstiprināta, konta izmantošana var būt ierobežota.

Paldies par sadarbību.",phishing
Nepieciešams apstiprinājums,"Svarīgs paziņojums!

Automātiskās pārbaudes laikā tika konstatēta nepieciešamība atjaunināt informāciju. Lai turpinātu izmantot kontu, nepieciešams veikt pārbaudi. Lūdzu, pievērsiet šim paziņojumam uzmanību.

Pabeidziet pārbaudi, izmantojot drošības sadaļu.

Paldies par sapratni.",phishing
Konta darbības apstiprināšana,"Svarīgs paziņojums!

Vēlamies informēt par izmaiņām jūsu konta drošības statusā. Automātiskā sistēma ir atzīmējusi jūsu kontu pārbaudei.

Lūdzu, apstipriniet savu konta informāciju. Lai atjaunotu piekļuvi, turpiniet ar konta pārbaudi.

Ja pārbaude netiks veikta, piekļuve kontam var tikt ierobežota.

Ar cieņu,
Konta drošības komanda.",phishing
Konta piekļuves problēma,"Labdien, cienījamais klient!

Svarīga informācija par jūsu kontu.

Jūsu profils pašlaik gaida papildu pārbaudi. Lūdzu, saglabājiet šo paziņojumu turpmākai atsaucei.

Lai atjaunotu piekļuvi, nepieciešams apstiprināt konta statusu.
Konta pārbaudi var pabeigt, izmantojot zemāk norādīto darbību.

Ja pārbaude netiks veikta, piekļuve kontam var tikt ierobežota.

Ar cieņu,
Drošības nodaļa.",phishing
Svarīgs drošības paziņojums,"Svarīgs paziņojums!

Mūsu sistēmā ir reģistrēta neparasta piekļuves darbība.

Šī darbība ir saistīta ar jūsu konta drošību. Lūdzu, veiciet nepieciešamo pārbaudi pēc iespējas ātrāk.

Pretējā gadījumā var tikt piemēroti papildu drošības ierobežojumi. Izmantojiet konta pārbaudes iespēju, lai turpinātu.

Ar cieņu,
Konta drošības komanda.",phishing
Darījuma pārbaude,"Labdien, cienījamais klient!

Drošības sistēma ir pamanījusi aizdomīgu darbību. Veiciet norādīto pārbaudi, lai atjaunotu pilnu piekļuvi. Pretējā gadījumā var tikt piemēroti papildu drošības ierobežojumi.

Izmantojiet konta pārbaudes iespēju, lai turpinātu.

Paldies par sapratni.",phishing
Jūsu kontam nepieciešama pārbaude,"Sveiki!

Ir konstatēta iespējama neatbilstība konta informācijā.

Paziņojums ir nosūtīts automātiski. Veiciet norādīto pārbaudi, lai atjaunotu pilnu piekļuvi.

Pretējā gadījumā dažas konta funkcijas var kļūt nepieejamas. Lai apstiprinātu informāciju, atveriet pārbaudes sadaļu.

Ar cieņu,
Konta drošības komanda.",phishing
Nepieciešama konta pārbaude,"Sveiki, klient!

Vēlamies informēt par izmaiņām jūsu konta drošības statusā. Mūsu sistēma ir konstatējusi neparastu aktivitāti jūsu kontā.

Nepieciešams apstiprināt, ka konts joprojām pieder jums. Lai turpinātu, izmantojiet norādīto pārbaudes iespēju.

Nepieciešams rīkoties pirms konta statusa maiņas.

Ar cieņu,
Drošības nodaļa.",phishing
Svarīga informācija par jūsu kontu,"Cienījamais lietotāj!

Drošības sistēma ir pamanījusi aizdomīgu darbību.

Pārbaude tiek veikta drošības nolūkos. Lūdzu, pārbaudiet norādīto informāciju un apstipriniet darbību.

Pārbaudi ieteicams pabeigt tuvākajā laikā. Konta pārbaudi var pabeigt, izmantojot zemāk norādīto darbību.

Paldies par sapratni.",phishing
Konta pārbaudes termiņš,"Cienījamais lietotāj!

Mūsu sistēmā ir reģistrēta neparasta piekļuves darbība.
Lūdzu, pabeidziet drošības pārbaudi.

Lūdzu, saglabājiet šo paziņojumu turpmākai atsaucei.

Lūdzu, neatlieciet šo pārbaudi. Lai apstiprinātu informāciju, atveriet pārbaudes sadaļu.

Paldies par sapratni.",phishing
Konta darbības apstiprināšana,"Labdien!

Ir konstatēta iespējama neatbilstība konta informācijā.
Lai atjaunotu piekļuvi, nepieciešams apstiprināt konta statusu.

Drošības pārbaude ir nepieciešama, lai aizsargātu jūsu kontu.

Pretējā gadījumā var tikt piemēroti papildu drošības ierobežojumi. Pabeidziet pārbaudi, izmantojot drošības sadaļu.

Paldies, ka izmantojat mūsu pakalpojumus.",phishing
Drošības pārbaude,"Sveiki, klient!

Automātiskās pārbaudes laikā tika konstatēta nepieciešamība atjaunināt informāciju.
Nepieciešams apstiprināt, ka konts joprojām pieder jums.

Lūdzu, saglabājiet šo paziņojumu turpmākai atsaucei.

Ja darbība netiks apstiprināta, konta izmantošana var būt ierobežota. Konta pārbaudi var pabeigt, izmantojot zemāk norādīto darbību.

Paldies, ka izmantojat mūsu pakalpojumus.",phishing
Neapstiprināta darbība,"Sveiki!

Vēlamies informēt par izmaiņām jūsu konta drošības statusā. Ir konstatēta darbība, kuru nepieciešams apstiprināt.

Veiciet norādīto pārbaudi, lai atjaunotu pilnu piekļuvi. Lai turpinātu, izmantojiet norādīto pārbaudes iespēju.

Lūdzu, neatlieciet šo pārbaudi.

Paldies par sapratni.",phishing
Konta pārbaudes termiņš,"Cienījamais klient!

Sistēma nevarēja automātiski apstiprināt pēdējo darbību. Lai izvairītos no piekļuves ierobežošanas, apstipriniet konta datus. Pārbaudes termiņš ir ierobežots.

Lai turpinātu, izmantojiet norādīto pārbaudes iespēju.

Ar cieņu,
Konta drošības komanda.",phishing
Konta pārbaudes termiņš,"Labdien, cienījamais klient!

Jūsu profils pašlaik gaida papildu pārbaudi.
Veiciet norādīto pārbaudi, lai atjaunotu pilnu piekļuvi.

Šī darbība ir saistīta ar jūsu konta drošību.

Pārbaudi ieteicams pabeigt tuvākajā laikā. Pabeidziet pārbaudi, izmantojot drošības sadaļu.

Ar cieņu,
Atbalsta komanda.",phishing
Svarīgs drošības paziņojums,"Sveiki, klient!

Vēlamies informēt par izmaiņām jūsu konta drošības statusā. Jūsu konta drošības statuss ir jāapstiprina.

Nepieciešams apstiprināt, ka konts joprojām pieder jums. Konta pārbaudi var pabeigt, izmantojot zemāk norādīto darbību.

Pretējā gadījumā dažas konta funkcijas var kļūt nepieejamas.

Ar cieņu,
Drošības nodaļa.",phishing
Jūsu kontam nepieciešama pārbaude,"Labdien, cienījamais klient!

Ir konstatēta iespējama neatbilstība konta informācijā.

Drošības pārbaude ir nepieciešama, lai aizsargātu jūsu kontu. Lai turpinātu izmantot pakalpojumu, jāapstiprina jūsu informācija.

Lūdzu, pievērsiet šim paziņojumam uzmanību. Lai apstiprinātu informāciju, atveriet pārbaudes sadaļu.

Ar cieņu,
Konta drošības komanda.",phishing
Pēdējais atgādinājums par kontu,"Labdien!

Automātiskā sistēma ir atzīmējusi jūsu kontu pārbaudei.
Nepieciešams apstiprināt, ka konts joprojām pieder jums.

Pārbaude tiek veikta drošības nolūkos.

Ja pārbaude netiks veikta, piekļuve kontam var tikt ierobežota. Konta pārbaudi var pabeigt, izmantojot zemāk norādīto darbību.

Paldies par sapratni.",phishing
Svarīgs klienta paziņojums,"Cienījamais lietotāj!

Svarīga informācija par jūsu kontu.

Mūsu sistēma ir konstatējusi neparastu aktivitāti jūsu kontā. Papildu informācija par pārbaudi ir pieejama konta sadaļā.

Veiciet norādīto pārbaudi, lai atjaunotu pilnu piekļuvi.
Apstiprināšanas process ir pieejams konta pārbaudes sadaļā.

Lūdzu, pievērsiet šim paziņojumam uzmanību.

Ar cieņu,
Atbalsta komanda.",phishing
Paziņojums par konta darbību,"Sveiki, klient!

Vēlamies informēt par izmaiņām jūsu konta drošības statusā. Ir konstatēta darbība, kuru nepieciešams apstiprināt.

Lūdzu, pabeidziet drošības pārbaudi. Konta pārbaudi var pabeigt, izmantojot zemāk norādīto darbību.

Pārbaudi ieteicams pabeigt tuvākajā laikā.

Paldies, ka izmantojat mūsu pakalpojumus.",phishing
Svarīgs drošības paziņojums,"Labdien, cienījamais klient!

Svarīga informācija par jūsu kontu.

Ir konstatēta iespējama neatbilstība konta informācijā. Papildu informācija par pārbaudi ir pieejama konta sadaļā.

Lai atjaunotu piekļuvi, nepieciešams apstiprināt konta statusu.
Izmantojiet konta pārbaudes iespēju, lai turpinātu.

Pretējā gadījumā dažas konta funkcijas var kļūt nepieejamas.

Paldies, ka izmantojat mūsu pakalpojumus.",phishing
Piekļuves atjaunošana,"Sveiki!

Pēdējās konta darbības dēļ nepieciešama papildu pārbaude.

Šī darbība ir saistīta ar jūsu konta drošību. Lūdzu, veiciet nepieciešamo pārbaudi pēc iespējas ātrāk.

Ja darbība netiks apstiprināta, konta izmantošana var būt ierobežota. Izmantojiet konta pārbaudes iespēju, lai turpinātu.

Ar cieņu,
Konta drošības komanda.",phishing
Drošības pārbaude,"Sveiki!

Vēlamies informēt par izmaiņām jūsu konta drošības statusā. Drošības sistēma ir pamanījusi aizdomīgu darbību.

Nepieciešams apstiprināt, ka konts joprojām pieder jums. Izmantojiet konta pārbaudes iespēju, lai turpinātu.

Pārbaudes termiņš ir ierobežots.

Paldies par sapratni.",phishing
Identitātes pārbaude,"Labdien!

Svarīga informācija par jūsu kontu.

Ir konstatēta darbība, kuru nepieciešams apstiprināt. Šis ir automātiski nosūtīts paziņojums.

Lūdzu, apstipriniet savu konta informāciju.
Lai atjaunotu piekļuvi, turpiniet ar konta pārbaudi.

Pretējā gadījumā dažas konta funkcijas var kļūt nepieejamas.

Paldies par sadarbību.",phishing
Konta piekļuves problēma,"Sveiki!

Pēdējās konta darbības dēļ nepieciešama papildu pārbaude.

Papildu informācija par pārbaudi ir pieejama konta sadaļā. Lūdzu, pārbaudiet norādīto informāciju un apstipriniet darbību.

Lūdzu, pievērsiet šim paziņojumam uzmanību. Izmantojiet konta pārbaudes iespēju, lai turpinātu.

Ar cieņu,
Klientu apkalpošanas nodaļa.",phishing
Svarīgs drošības paziņojums,"Sveiki!

Automātiskās pārbaudes laikā tika konstatēta nepieciešamība atjaunināt informāciju.

Lūdzu, saglabājiet šo paziņojumu turpmākai atsaucei. Nepieciešams apstiprināt, ka konts joprojām pieder jums.

Pretējā gadījumā var tikt piemēroti papildu drošības ierobežojumi. Lai atjaunotu piekļuvi, turpiniet ar konta pārbaudi.

Paldies par sadarbību.",phishing
Nepieciešama konta pārbaude,"Svarīgs paziņojums!

Ir konstatēta darbība, kuru nepieciešams apstiprināt.

Lūdzu, saglabājiet šo paziņojumu turpmākai atsaucei. Lūdzu, veiciet nepieciešamo pārbaudi pēc iespējas ātrāk.

Ja darbība netiks apstiprināta, konta izmantošana var būt ierobežota. Lai atjaunotu piekļuvi, turpiniet ar konta pārbaudi.

Ar cieņu,
Konta drošības komanda.",phishing
Jūsu konts ir ierobežots,"Sveiki!

Kontam ir nepieciešama papildu drošības pārbaude.

Atbildēt uz šo ziņojumu nav nepieciešams. Lai turpinātu izmantot pakalpojumu, jāapstiprina jūsu informācija.

Lūdzu, neatlieciet šo pārbaudi. Pabeidziet pārbaudi, izmantojot drošības sadaļu.

Ar cieņu,
Drošības nodaļa.",phishing
Nepieciešama tūlītēja darbība,"Svarīgs paziņojums!

Kontam ir nepieciešama papildu drošības pārbaude.

Pārbaude tiek veikta drošības nolūkos. Lai izvairītos no piekļuves ierobežošanas, apstipriniet konta datus.

Lūdzu, neatlieciet šo pārbaudi. Apstiprināšanas process ir pieejams konta pārbaudes sadaļā.

Paldies par sapratni.",phishing
Apstipriniet konta informāciju,"Labdien, cienījamais klient!

Ir konstatēta darbība, kuru nepieciešams apstiprināt.
Lai atjaunotu piekļuvi, nepieciešams apstiprināt konta statusu.

Atbildēt uz šo ziņojumu nav nepieciešams.

Pretējā gadījumā var tikt piemēroti papildu drošības ierobežojumi. Lai atjaunotu piekļuvi, turpiniet ar konta pārbaudi.

Paldies, ka izmantojat mūsu pakalpojumus.",phishing
Drošības pārbaude,"Sveiki!

Vēlamies informēt par izmaiņām jūsu konta drošības statusā. Automātiskās pārbaudes laikā tika konstatēta nepieciešamība atjaunināt informāciju.

Lai izvairītos no piekļuves ierobežošanas, apstipriniet konta datus. Konta pārbaudi var pabeigt, izmantojot zemāk norādīto darbību.

Ja pārbaude netiks veikta, piekļuve kontam var tikt ierobežota.

Ar cieņu,
Klientu apkalpošanas nodaļa.",phishing
Konta darbības apstiprināšana,"Sveiki!

Jūsu konta drošības statuss ir jāapstiprina.

Atbildēt uz šo ziņojumu nav nepieciešams. Lūdzu, apstipriniet savu konta informāciju.

Pretējā gadījumā var tikt piemēroti papildu drošības ierobežojumi. Lai atjaunotu piekļuvi, turpiniet ar konta pārbaudi.

Ar cieņu,
Drošības nodaļa.",phishing
Svarīga informācija par jūsu kontu,"Labdien, cienījamais klient!

Pēdējās konta darbības dēļ nepieciešama papildu pārbaude.

Lūdzu, saglabājiet šo paziņojumu turpmākai atsaucei. Lūdzu, veiciet nepieciešamo pārbaudi pēc iespējas ātrāk.

Pārbaudi ieteicams pabeigt tuvākajā laikā. Lai apstiprinātu informāciju, atveriet pārbaudes sadaļu.

Ar cieņu,
Drošības nodaļa.",phishing
Nepieciešama konta pārbaude,"Sveiki, klient!

Vēlamies informēt par izmaiņām jūsu konta drošības statusā. Kontam ir nepieciešama papildu drošības pārbaude.

Nepieciešams apstiprināt, ka konts joprojām pieder jums. Lai turpinātu, izmantojiet norādīto pārbaudes iespēju.

Ja darbība netiks apstiprināta, konta izmantošana var būt ierobežota.

Paldies par sapratni.",phishing
Neapstiprināta darbība,"Cienījamais lietotāj!

Svarīga informācija par jūsu kontu.

Automātiskā sistēma ir atzīmējusi jūsu kontu pārbaudei. Pārbaude tiek veikta drošības nolūkos.

Veiciet norādīto pārbaudi, lai atjaunotu pilnu piekļuvi.
Apstiprināšanas process ir pieejams konta pārbaudes sadaļā.

Ja pārbaude netiks veikta, piekļuve kontam var tikt ierobežota.

Ar cieņu,
Klientu apkalpošanas nodaļa.",phishing
Konta pārbaudes termiņš,"Sveiki!

Ir konstatēta darbība, kuru nepieciešams apstiprināt. Nepieciešams apstiprināt, ka konts joprojām pieder jums. Lūdzu, neatlieciet šo pārbaudi.

Lai apstiprinātu informāciju, atveriet pārbaudes sadaļu.

Ar cieņu,
Atbalsta komanda.",phishing
Identitātes pārbaude,"Labdien!

Vēlamies informēt par izmaiņām jūsu konta drošības statusā. Jūsu profils pašlaik gaida papildu pārbaudi.

Lūdzu, apstipriniet savu konta informāciju. Lai turpinātu, izmantojiet norādīto pārbaudes iespēju.

Ja darbība netiks apstiprināta, konta izmantošana var būt ierobežota.

Paldies, ka izmantojat mūsu pakalpojumus.",phishing
Konta darbības apstiprināšana,"Sveiki, klient!

Mūsu sistēma ir konstatējusi neparastu aktivitāti jūsu kontā.

Šis ir automātiski nosūtīts paziņojums. Lūdzu, apstipriniet savu konta informāciju.

Ja pārbaude netiks veikta, piekļuve kontam var tikt ierobežota. Izmantojiet konta pārbaudes iespēju, lai turpinātu.

Ar cieņu,
Klientu apkalpošanas nodaļa.",phishing
Jūsu profils ir jāatjauno,"Sveiki, klient!

Pēdējās konta darbības dēļ nepieciešama papildu pārbaude.

Paziņojums ir nosūtīts automātiski. Nepieciešams apstiprināt, ka konts joprojām pieder jums.

Pārbaudes termiņš ir ierobežots. Pabeidziet pārbaudi, izmantojot drošības sadaļu.

Ar cieņu,
Atbalsta komanda.",phishing
Konta piekļuves problēma,"Sveiki, klient!

Svarīga informācija par jūsu kontu.

Ir konstatēta iespējama neatbilstība konta informācijā. Šis ir automātiski nosūtīts paziņojums.

Lai turpinātu izmantot kontu, nepieciešams veikt pārbaudi.
Pabeidziet pārbaudi, izmantojot drošības sadaļu.

Pretējā gadījumā dažas konta funkcijas var kļūt nepieejamas.

Ar cieņu,
Konta drošības komanda.",phishing
Konta darbības apstiprināšana,"Svarīgs paziņojums!

Svarīga informācija par jūsu kontu.

Automātiskās pārbaudes laikā tika konstatēta nepieciešamība atjaunināt informāciju. Paziņojums ir nosūtīts automātiski.

Veiciet norādīto pārbaudi, lai atjaunotu pilnu piekļuvi.
Lai atjaunotu piekļuvi, turpiniet ar konta pārbaudi.

Ja pārbaude netiks veikta, piekļuve kontam var tikt ierobežota.

Ar cieņu,
Drošības nodaļa.",phishing
Identitātes pārbaude,"Sveiki, klient!

Ir konstatēta iespējama neatbilstība konta informācijā.

Šis ir automātiski nosūtīts paziņojums. Nepieciešams apstiprināt, ka konts joprojām pieder jums.

Šo darbību nepieciešams veikt pēc iespējas ātrāk. Lai apstiprinātu informāciju, atveriet pārbaudes sadaļu.

Paldies par sadarbību.",phishing
Jūsu konts ir ierobežots,"Cienījamais klient!

Vēlamies informēt par izmaiņām jūsu konta drošības statusā. Automātiskās pārbaudes laikā tika konstatēta nepieciešamība atjaunināt informāciju.

Lūdzu, pārbaudiet norādīto informāciju un apstipriniet darbību. Apstiprināšanas process ir pieejams konta pārbaudes sadaļā.

Lūdzu, neatlieciet šo pārbaudi.

Paldies par sadarbību.",phishing
Neparasta aktivitāte kontā,"Sveiki!

Vēlamies informēt par izmaiņām jūsu konta drošības statusā. Ir konstatēta iespējama neatbilstība konta informācijā.

Lai turpinātu izmantot kontu, nepieciešams veikt pārbaudi. Apstiprināšanas process ir pieejams konta pārbaudes sadaļā.

Ja darbība netiks apstiprināta, konta izmantošana var būt ierobežota.

Paldies par sapratni.",phishing
Steidzams paziņojums,"Labdien, cienījamais klient!

Svarīga informācija par jūsu kontu.

Pēdējās konta darbības dēļ nepieciešama papildu pārbaude. Šis ir automātiski nosūtīts paziņojums.

Lūdzu, pabeidziet drošības pārbaudi.
Lai atjaunotu piekļuvi, turpiniet ar konta pārbaudi.

Šo darbību nepieciešams veikt pēc iespējas ātrāk.

Paldies par sadarbību.",phishing
Jūsu kontam nepieciešama pārbaude,"Cienījamais lietotāj!

Ir konstatēta iespējama neatbilstība konta informācijā. Lai turpinātu izmantot kontu, nepieciešams veikt pārbaudi. Šo darbību nepieciešams veikt pēc iespējas ātrāk.

Lai atjaunotu piekļuvi, turpiniet ar konta pārbaudi.

Paldies par sadarbību.",phishing
Svarīga informācija par jūsu kontu,"Labdien!

Kontam ir nepieciešama papildu drošības pārbaude.
Lai turpinātu izmantot kontu, nepieciešams veikt pārbaudi.

Papildu informācija par pārbaudi ir pieejama konta sadaļā.

Pretējā gadījumā var tikt piemēroti papildu drošības ierobežojumi. Apstiprināšanas process ir pieejams konta pārbaudes sadaļā.

Paldies par sadarbību.",phishing
Neapstiprināta darbība,"Labdien!

Mūsu sistēma ir konstatējusi neparastu aktivitāti jūsu kontā.

Šī darbība ir saistīta ar jūsu konta drošību. Lai atjaunotu piekļuvi, nepieciešams apstiprināt konta statusu.

Ja darbība netiks apstiprināta, konta izmantošana var būt ierobežota. Konta pārbaudi var pabeigt, izmantojot zemāk norādīto darbību.

Ar cieņu,
Atbalsta komanda.",phishing
Nepieciešams apstiprinājums,"Sveiki!

Vēlamies informēt par izmaiņām jūsu konta drošības statusā. Jūsu konta drošības statuss ir jāapstiprina.

Lai izvairītos no piekļuves ierobežošanas, apstipriniet konta datus. Konta pārbaudi var pabeigt, izmantojot zemāk norādīto darbību.

Pārbaudes termiņš ir ierobežots.

Ar cieņu,
Atbalsta komanda.",phishing
Darījuma pārbaude,"Sveiki!

Ir konstatēta iespējama neatbilstība konta informācijā.

Atbildēt uz šo ziņojumu nav nepieciešams. Lai turpinātu izmantot kontu, nepieciešams veikt pārbaudi.

Ja darbība netiks apstiprināta, konta izmantošana var būt ierobežota. Konta pārbaudi var pabeigt, izmantojot zemāk norādīto darbību.

Ar cieņu,
Drošības nodaļa.",phishing
Nepieciešama tūlītēja darbība,"Svarīgs paziņojums!

Pēdējās konta darbības dēļ nepieciešama papildu pārbaude.
Lai turpinātu izmantot kontu, nepieciešams veikt pārbaudi.

Atbildēt uz šo ziņojumu nav nepieciešams.

Pārbaudes termiņš ir ierobežots. Konta pārbaudi var pabeigt, izmantojot zemāk norādīto darbību.

Paldies par sapratni.",phishing
Apstipriniet konta informāciju,"Labdien!

Mūsu sistēmā ir reģistrēta neparasta piekļuves darbība. Lai turpinātu izmantot pakalpojumu, jāapstiprina jūsu informācija. Pretējā gadījumā dažas konta funkcijas var kļūt nepieejamas.

Lai apstiprinātu informāciju, atveriet pārbaudes sadaļu.

Paldies par sapratni.",phishing
Identitātes pārbaude,"Cienījamais klient!

Jūsu profils pašlaik gaida papildu pārbaudi. Lūdzu, pabeidziet drošības pārbaudi. Lūdzu, pievērsiet šim paziņojumam uzmanību.

Lai turpinātu, izmantojiet norādīto pārbaudes iespēju.

Paldies par sapratni.",phishing
Identitātes pārbaude,"Labdien!

Pēdējās konta darbības dēļ nepieciešama papildu pārbaude.
Lūdzu, veiciet nepieciešamo pārbaudi pēc iespējas ātrāk.

Šis ir automātiski nosūtīts paziņojums.

Lūdzu, pievērsiet šim paziņojumam uzmanību. Apstiprināšanas process ir pieejams konta pārbaudes sadaļā.

Ar cieņu,
Atbalsta komanda.",phishing
Paziņojums par konta darbību,"Labdien, cienījamais klient!

Svarīga informācija par jūsu kontu.

Automātiskā sistēma ir atzīmējusi jūsu kontu pārbaudei. Lūdzu, saglabājiet šo paziņojumu turpmākai atsaucei.

Lai turpinātu izmantot pakalpojumu, jāapstiprina jūsu informācija.
Lai atjaunotu piekļuvi, turpiniet ar konta pārbaudi.

Lūdzu, pievērsiet šim paziņojumam uzmanību.

Ar cieņu,
Klientu apkalpošanas nodaļa.",phishing
Drošības sistēmas brīdinājums,"Sveiki!

Drošības sistēma ir pamanījusi aizdomīgu darbību.

Šī darbība ir saistīta ar jūsu konta drošību. Lai izvairītos no piekļuves ierobežošanas, apstipriniet konta datus.

Pretējā gadījumā dažas konta funkcijas var kļūt nepieejamas. Lai apstiprinātu informāciju, atveriet pārbaudes sadaļu.

Paldies par sapratni.",phishing
Konta darbības apstiprināšana,"Sveiki, klient!

Drošības sistēma ir pamanījusi aizdomīgu darbību. Veiciet norādīto pārbaudi, lai atjaunotu pilnu piekļuvi. Ja darbība netiks apstiprināta, konta izmantošana var būt ierobežota.

Pabeidziet pārbaudi, izmantojot drošības sadaļu.

Ar cieņu,
Konta drošības komanda.",phishing
Neapstiprināta darbība,"Sveiki, klient!

Svarīga informācija par jūsu kontu.

Automātiskās pārbaudes laikā tika konstatēta nepieciešamība atjaunināt informāciju. Lūdzu, saglabājiet šo paziņojumu turpmākai atsaucei.

Lūdzu, pabeidziet drošības pārbaudi.
Lai atjaunotu piekļuvi, turpiniet ar konta pārbaudi.

Pretējā gadījumā var tikt piemēroti papildu drošības ierobežojumi.

Ar cieņu,
Konta drošības komanda.",phishing
Svarīgs drošības paziņojums,"Svarīgs paziņojums!

Jūsu profils pašlaik gaida papildu pārbaudi.

Šī darbība ir saistīta ar jūsu konta drošību. Lai turpinātu izmantot pakalpojumu, jāapstiprina jūsu informācija.

Pārbaudi ieteicams pabeigt tuvākajā laikā. Konta pārbaudi var pabeigt, izmantojot zemāk norādīto darbību.

Ar cieņu,
Atbalsta komanda.",phishing
Jūsu profils ir jāatjauno,"Cienījamais lietotāj!

Ir konstatēta iespējama neatbilstība konta informācijā. Lai izvairītos no piekļuves ierobežošanas, apstipriniet konta datus. Pārbaudi ieteicams pabeigt tuvākajā laikā.

Apstiprināšanas process ir pieejams konta pārbaudes sadaļā.

Paldies par sapratni.",phishing
Neapstiprināta darbība,"Labdien!

Mūsu sistēmā ir reģistrēta neparasta piekļuves darbība.
Lai turpinātu izmantot pakalpojumu, jāapstiprina jūsu informācija.

Šī darbība ir saistīta ar jūsu konta drošību.

Lūdzu, neatlieciet šo pārbaudi. Izmantojiet konta pārbaudes iespēju, lai turpinātu.

Paldies par sadarbību.",phishing
Nepieciešams apstiprinājums,"Labdien!

Sistēma nevarēja automātiski apstiprināt pēdējo darbību.
Lūdzu, veiciet nepieciešamo pārbaudi pēc iespējas ātrāk.

Atbildēt uz šo ziņojumu nav nepieciešams.

Lūdzu, neatlieciet šo pārbaudi. Izmantojiet konta pārbaudes iespēju, lai turpinātu.

Ar cieņu,
Drošības nodaļa.",phishing
Pēdējais atgādinājums par kontu,"Cienījamais klient!

Ir konstatēta darbība, kuru nepieciešams apstiprināt. Veiciet norādīto pārbaudi, lai atjaunotu pilnu piekļuvi. Ja pārbaude netiks veikta, piekļuve kontam var tikt ierobežota.

Pabeidziet pārbaudi, izmantojot drošības sadaļu.

Ar cieņu,
Konta drošības komanda.",phishing
Drošības pārbaude,"Labdien, cienījamais klient!

Vēlamies informēt par izmaiņām jūsu konta drošības statusā. Automātiskās pārbaudes laikā tika konstatēta nepieciešamība atjaunināt informāciju.

Veiciet norādīto pārbaudi, lai atjaunotu pilnu piekļuvi. Lai atjaunotu piekļuvi, turpiniet ar konta pārbaudi.

Lūdzu, pievērsiet šim paziņojumam uzmanību.

Paldies, ka izmantojat mūsu pakalpojumus.",phishing
Identitātes pārbaude,"Sveiki!

Ir konstatēta darbība, kuru nepieciešams apstiprināt.

Lūdzu, saglabājiet šo paziņojumu turpmākai atsaucei. Lai atjaunotu piekļuvi, nepieciešams apstiprināt konta statusu.

Pretējā gadījumā dažas konta funkcijas var kļūt nepieejamas. Konta pārbaudi var pabeigt, izmantojot zemāk norādīto darbību.

Ar cieņu,
Atbalsta komanda.",phishing
Apstipriniet konta informāciju,"Labdien!

Ir konstatēta iespējama neatbilstība konta informācijā.
Lai atjaunotu piekļuvi, nepieciešams apstiprināt konta statusu.

Paziņojums ir nosūtīts automātiski.

Pretējā gadījumā dažas konta funkcijas var kļūt nepieejamas. Izmantojiet konta pārbaudes iespēju, lai turpinātu.

Ar cieņu,
Drošības nodaļa.",phishing
Svarīga informācija par jūsu kontu,"Labdien!

Automātiskās pārbaudes laikā tika konstatēta nepieciešamība atjaunināt informāciju.

Šis ir automātiski nosūtīts paziņojums. Lai turpinātu izmantot kontu, nepieciešams veikt pārbaudi.

Pārbaudi ieteicams pabeigt tuvākajā laikā. Lai apstiprinātu informāciju, atveriet pārbaudes sadaļu.

Ar cieņu,
Klientu apkalpošanas nodaļa.",phishing
Svarīga informācija par jūsu kontu,"Sveiki!

Svarīga informācija par jūsu kontu.

Ir konstatēta iespējama neatbilstība konta informācijā. Šī darbība ir saistīta ar jūsu konta drošību.

Lai atjaunotu piekļuvi, nepieciešams apstiprināt konta statusu.
Izmantojiet konta pārbaudes iespēju, lai turpinātu.

Pārbaudi ieteicams pabeigt tuvākajā laikā.

Paldies par sadarbību.",phishing
Neapstiprināta darbība,"Labdien!

Pēdējās konta darbības dēļ nepieciešama papildu pārbaude. Nepieciešams apstiprināt, ka konts joprojām pieder jums. Lūdzu, pievērsiet šim paziņojumam uzmanību.

Lai apstiprinātu informāciju, atveriet pārbaudes sadaļu.

Paldies par sadarbību.",phishing
Neapstiprināta darbība,"Labdien, cienījamais klient!

Vēlamies informēt par izmaiņām jūsu konta drošības statusā. Jūsu konta drošības statuss ir jāapstiprina.

Lai turpinātu izmantot kontu, nepieciešams veikt pārbaudi. Apstiprināšanas process ir pieejams konta pārbaudes sadaļā.

Lūdzu, pievērsiet šim paziņojumam uzmanību.

Paldies par sapratni.",phishing
Pēdējais atgādinājums par kontu,"Labdien!

Automātiskās pārbaudes laikā tika konstatēta nepieciešamība atjaunināt informāciju. Lūdzu, pārbaudiet norādīto informāciju un apstipriniet darbību. Ja darbība netiks apstiprināta, konta izmantošana var būt ierobežota.

Lai turpinātu, izmantojiet norādīto pārbaudes iespēju.

Ar cieņu,
Konta drošības komanda.",phishing
Steidzams paziņojums,"Cienījamais klient!

Automātiskā sistēma ir atzīmējusi jūsu kontu pārbaudei.
Lūdzu, pabeidziet drošības pārbaudi.

Papildu informācija par pārbaudi ir pieejama konta sadaļā.

Nepieciešams rīkoties pirms konta statusa maiņas. Lai turpinātu, izmantojiet norādīto pārbaudes iespēju.

Ar cieņu,
Klientu apkalpošanas nodaļa.",phishing
Svarīgs drošības paziņojums,"Cienījamais klient!

Drošības sistēma ir pamanījusi aizdomīgu darbību.
Lūdzu, pabeidziet drošības pārbaudi.

Lūdzu, saglabājiet šo paziņojumu turpmākai atsaucei.

Pretējā gadījumā dažas konta funkcijas var kļūt nepieejamas. Lai atjaunotu piekļuvi, turpiniet ar konta pārbaudi.

Ar cieņu,
Atbalsta komanda.",phishing
Nepieciešams apstiprinājums,"Cienījamais lietotāj!

Vēlamies informēt par izmaiņām jūsu konta drošības statusā. Pēdējās konta darbības dēļ nepieciešama papildu pārbaude.

Lūdzu, apstipriniet savu konta informāciju. Lai atjaunotu piekļuvi, turpiniet ar konta pārbaudi.

Pārbaudi ieteicams pabeigt tuvākajā laikā.

Paldies par sadarbību.",phishing
Drošības sistēmas brīdinājums,"Sveiki, klient!

Vēlamies informēt par izmaiņām jūsu konta drošības statusā. Sistēma nevarēja automātiski apstiprināt pēdējo darbību.

Veiciet norādīto pārbaudi, lai atjaunotu pilnu piekļuvi. Lai apstiprinātu informāciju, atveriet pārbaudes sadaļu.

Nepieciešams rīkoties pirms konta statusa maiņas.

Paldies par sadarbību.",phishing
Svarīgs drošības paziņojums,"Cienījamais lietotāj!

Vēlamies informēt par izmaiņām jūsu konta drošības statusā. Mūsu sistēmā ir reģistrēta neparasta piekļuves darbība.

Lai atjaunotu piekļuvi, nepieciešams apstiprināt konta statusu. Konta pārbaudi var pabeigt, izmantojot zemāk norādīto darbību.

Pretējā gadījumā var tikt piemēroti papildu drošības ierobežojumi.

Ar cieņu,
Klientu apkalpošanas nodaļa.",phishing
Nepieciešams apstiprinājums,"Labdien!

Vēlamies informēt par izmaiņām jūsu konta drošības statusā. Mūsu sistēma ir konstatējusi neparastu aktivitāti jūsu kontā.

Lai atjaunotu piekļuvi, nepieciešams apstiprināt konta statusu. Konta pārbaudi var pabeigt, izmantojot zemāk norādīto darbību.

Pārbaudi ieteicams pabeigt tuvākajā laikā.

Ar cieņu,
Drošības nodaļa.",phishing
Nepieciešams apstiprinājums,"Labdien!

Vēlamies informēt par izmaiņām jūsu konta drošības statusā. Ir konstatēta iespējama neatbilstība konta informācijā.

Lūdzu, pārbaudiet norādīto informāciju un apstipriniet darbību. Konta pārbaudi var pabeigt, izmantojot zemāk norādīto darbību.

Lūdzu, pievērsiet šim paziņojumam uzmanību.

Ar cieņu,
Drošības nodaļa.",phishing
Neapstiprināta darbība,"Sveiki!

Vēlamies informēt par izmaiņām jūsu konta drošības statusā. Jūsu konta drošības statuss ir jāapstiprina.

Lūdzu, pārbaudiet norādīto informāciju un apstipriniet darbību. Lai apstiprinātu informāciju, atveriet pārbaudes sadaļu.

Ja pārbaude netiks veikta, piekļuve kontam var tikt ierobežota.

Ar cieņu,
Drošības nodaļa.",phishing
Brīdinājums par kontu,"Sveiki, klient!

Vēlamies informēt par izmaiņām jūsu konta drošības statusā. Drošības sistēma ir pamanījusi aizdomīgu darbību.

Lai turpinātu izmantot kontu, nepieciešams veikt pārbaudi. Pabeidziet pārbaudi, izmantojot drošības sadaļu.

Ja pārbaude netiks veikta, piekļuve kontam var tikt ierobežota.

Ar cieņu,
Atbalsta komanda.",phishing
Brīdinājums par kontu,"Cienījamais lietotāj!

Svarīga informācija par jūsu kontu.

Drošības sistēma ir pamanījusi aizdomīgu darbību. Drošības pārbaude ir nepieciešama, lai aizsargātu jūsu kontu.

Lūdzu, pabeidziet drošības pārbaudi.
Izmantojiet konta pārbaudes iespēju, lai turpinātu.

Šo darbību nepieciešams veikt pēc iespējas ātrāk.

Paldies par sapratni.",phishing
Maksājuma apstiprināšana,"Labdien!

Mūsu sistēma ir konstatējusi neparastu aktivitāti jūsu kontā.

Papildu informācija par pārbaudi ir pieejama konta sadaļā. Veiciet norādīto pārbaudi, lai atjaunotu pilnu piekļuvi.

Ja pārbaude netiks veikta, piekļuve kontam var tikt ierobežota. Lai atjaunotu piekļuvi, turpiniet ar konta pārbaudi.

Ar cieņu,
Konta drošības komanda.",phishing
Nepieciešama konta pārbaude,"Labdien, cienījamais klient!

Svarīga informācija par jūsu kontu.

Kontam ir nepieciešama papildu drošības pārbaude. Drošības pārbaude ir nepieciešama, lai aizsargātu jūsu kontu.

Lūdzu, pārbaudiet norādīto informāciju un apstipriniet darbību.
Konta pārbaudi var pabeigt, izmantojot zemāk norādīto darbību.

Nepieciešams rīkoties pirms konta statusa maiņas.

Ar cieņu,
Atbalsta komanda.",phishing
Nepieciešama konta pārbaude,"Labdien!

Automātiskā sistēma ir atzīmējusi jūsu kontu pārbaudei.

Papildu informācija par pārbaudi ir pieejama konta sadaļā. Lai izvairītos no piekļuves ierobežošanas, apstipriniet konta datus.

Ja pārbaude netiks veikta, piekļuve kontam var tikt ierobežota. Lai apstiprinātu informāciju, atveriet pārbaudes sadaļu.

Ar cieņu,
Atbalsta komanda.",phishing
Steidzams paziņojums,"Labdien!

Drošības sistēma ir pamanījusi aizdomīgu darbību. Lai atjaunotu piekļuvi, nepieciešams apstiprināt konta statusu. Nepieciešams rīkoties pirms konta statusa maiņas.

Lai turpinātu, izmantojiet norādīto pārbaudes iespēju.

Ar cieņu,
Atbalsta komanda.",phishing
Jūsu profils ir jāatjauno,"Labdien, cienījamais klient!

Svarīga informācija par jūsu kontu.

Sistēma nevarēja automātiski apstiprināt pēdējo darbību. Šī darbība ir saistīta ar jūsu konta drošību.

Lūdzu, apstipriniet savu konta informāciju.
Lai apstiprinātu informāciju, atveriet pārbaudes sadaļu.

Ja pārbaude netiks veikta, piekļuve kontam var tikt ierobežota.

Paldies par sadarbību.",phishing
Drošības sistēmas brīdinājums,"Sveiki, klient!

Svarīga informācija par jūsu kontu.

Automātiskā sistēma ir atzīmējusi jūsu kontu pārbaudei. Drošības pārbaude ir nepieciešama, lai aizsargātu jūsu kontu.

Lūdzu, pārbaudiet norādīto informāciju un apstipriniet darbību.
Lai atjaunotu piekļuvi, turpiniet ar konta pārbaudi.

Šo darbību nepieciešams veikt pēc iespējas ātrāk.

Paldies par sadarbību.",phishing
Drošības sistēmas brīdinājums,"Labdien!

Svarīga informācija par jūsu kontu.

Mūsu sistēma ir konstatējusi neparastu aktivitāti jūsu kontā. Šī darbība ir saistīta ar jūsu konta drošību.

Lūdzu, pabeidziet drošības pārbaudi.
Lai turpinātu, izmantojiet norādīto pārbaudes iespēju.

Nepieciešams rīkoties pirms konta statusa maiņas.

Paldies, ka izmantojat mūsu pakalpojumus.",phishing
Neparasta aktivitāte kontā,"Cienījamais klient!

Vēlamies informēt par izmaiņām jūsu konta drošības statusā. Jūsu konta drošības statuss ir jāapstiprina.

Veiciet norādīto pārbaudi, lai atjaunotu pilnu piekļuvi. Lai apstiprinātu informāciju, atveriet pārbaudes sadaļu.

Pretējā gadījumā var tikt piemēroti papildu drošības ierobežojumi.

Paldies par sadarbību.",phishing
Apstipriniet konta informāciju,"Labdien, cienījamais klient!

Mūsu sistēma ir konstatējusi neparastu aktivitāti jūsu kontā.

Atbildēt uz šo ziņojumu nav nepieciešams. Veiciet norādīto pārbaudi, lai atjaunotu pilnu piekļuvi.

Lūdzu, neatlieciet šo pārbaudi. Izmantojiet konta pārbaudes iespēju, lai turpinātu.

Ar cieņu,
Atbalsta komanda.",phishing
Paziņojums par konta darbību,"Labdien, cienījamais klient!

Svarīga informācija par jūsu kontu.

Jūsu konta drošības statuss ir jāapstiprina. Šī darbība ir saistīta ar jūsu konta drošību.

Lūdzu, pārbaudiet norādīto informāciju un apstipriniet darbību.
Apstiprināšanas process ir pieejams konta pārbaudes sadaļā.

Šo darbību nepieciešams veikt pēc iespējas ātrāk.

Ar cieņu,
Drošības nodaļa.",phishing
Jūsu konts ir ierobežots,"Labdien, cienījamais klient!

Svarīga informācija par jūsu kontu.

Kontam ir nepieciešama papildu drošības pārbaude. Drošības pārbaude ir nepieciešama, lai aizsargātu jūsu kontu.

Lai turpinātu izmantot kontu, nepieciešams veikt pārbaudi.
Pabeidziet pārbaudi, izmantojot drošības sadaļu.

Pārbaudes termiņš ir ierobežots.

Ar cieņu,
Klientu apkalpošanas nodaļa.",phishing
Svarīgs klienta paziņojums,"Labdien!

Jūsu profils pašlaik gaida papildu pārbaudi.

Drošības pārbaude ir nepieciešama, lai aizsargātu jūsu kontu. Nepieciešams apstiprināt, ka konts joprojām pieder jums.

Šo darbību nepieciešams veikt pēc iespējas ātrāk. Izmantojiet konta pārbaudes iespēju, lai turpinātu.

Paldies par sapratni.",phishing
Nepieciešams apstiprinājums,"Labdien, cienījamais klient!

Jūsu profils pašlaik gaida papildu pārbaudi.
Lūdzu, apstipriniet savu konta informāciju.

Paziņojums ir nosūtīts automātiski.

Pārbaudes termiņš ir ierobežots. Lai apstiprinātu informāciju, atveriet pārbaudes sadaļu.

Ar cieņu,
Atbalsta komanda.",phishing
Paziņojums par konta darbību,"Sveiki, klient!

Jūsu konta drošības statuss ir jāapstiprina.

Lūdzu, saglabājiet šo paziņojumu turpmākai atsaucei. Lai turpinātu izmantot pakalpojumu, jāapstiprina jūsu informācija.

Lūdzu, neatlieciet šo pārbaudi. Konta pārbaudi var pabeigt, izmantojot zemāk norādīto darbību.

Ar cieņu,
Drošības nodaļa.",phishing
Piekļuves atjaunošana,"Cienījamais lietotāj!

Vēlamies informēt par izmaiņām jūsu konta drošības statusā. Sistēma nevarēja automātiski apstiprināt pēdējo darbību.

Lai turpinātu izmantot kontu, nepieciešams veikt pārbaudi. Apstiprināšanas process ir pieejams konta pārbaudes sadaļā.

Nepieciešams rīkoties pirms konta statusa maiņas.

Paldies par sapratni.",phishing
Nepieciešams apstiprinājums,"Svarīgs paziņojums!

Drošības sistēma ir pamanījusi aizdomīgu darbību. Lūdzu, pabeidziet drošības pārbaudi. Nepieciešams rīkoties pirms konta statusa maiņas.

Konta pārbaudi var pabeigt, izmantojot zemāk norādīto darbību.

Ar cieņu,
Konta drošības komanda.",phishing
Neapstiprināta darbība,"Cienījamais lietotāj!

Ir konstatēta iespējama neatbilstība konta informācijā. Lūdzu, pārbaudiet norādīto informāciju un apstipriniet darbību. Ja darbība netiks apstiprināta, konta izmantošana var būt ierobežota.

Apstiprināšanas process ir pieejams konta pārbaudes sadaļā.

Ar cieņu,
Drošības nodaļa.",phishing
Nepieciešams apstiprinājums,"Labdien!

Svarīga informācija par jūsu kontu.

Ir konstatēta darbība, kuru nepieciešams apstiprināt. Pārbaude tiek veikta drošības nolūkos.

Lai atjaunotu piekļuvi, nepieciešams apstiprināt konta statusu.
Lai turpinātu, izmantojiet norādīto pārbaudes iespēju.

Ja pārbaude netiks veikta, piekļuve kontam var tikt ierobežota.

Paldies par sadarbību.",phishing
Svarīgs klienta paziņojums,"Svarīgs paziņojums!

Svarīga informācija par jūsu kontu.

Ir konstatēta iespējama neatbilstība konta informācijā. Lūdzu, saglabājiet šo paziņojumu turpmākai atsaucei.

Lai izvairītos no piekļuves ierobežošanas, apstipriniet konta datus.
Pabeidziet pārbaudi, izmantojot drošības sadaļu.

Pretējā gadījumā var tikt piemēroti papildu drošības ierobežojumi.

Ar cieņu,
Konta drošības komanda.",phishing
Jūsu profils ir jāatjauno,"Labdien!

Kontam ir nepieciešama papildu drošības pārbaude.
Lai turpinātu izmantot pakalpojumu, jāapstiprina jūsu informācija.

Pārbaude tiek veikta drošības nolūkos.

Ja darbība netiks apstiprināta, konta izmantošana var būt ierobežota. Lai apstiprinātu informāciju, atveriet pārbaudes sadaļu.

Paldies par sapratni.",phishing
Jūsu profils ir jāatjauno,"Labdien, cienījamais klient!

Mūsu sistēma ir konstatējusi neparastu aktivitāti jūsu kontā. Lai atjaunotu piekļuvi, nepieciešams apstiprināt konta statusu. Lūdzu, neatlieciet šo pārbaudi.

Lai atjaunotu piekļuvi, turpiniet ar konta pārbaudi.

Ar cieņu,
Drošības nodaļa.",phishing
Nepieciešams apstiprinājums,"Cienījamais klient!

Jūsu profils pašlaik gaida papildu pārbaudi.
Lūdzu, pārbaudiet norādīto informāciju un apstipriniet darbību.

Paziņojums ir nosūtīts automātiski.

Pārbaudes termiņš ir ierobežots. Lai apstiprinātu informāciju, atveriet pārbaudes sadaļu.

Ar cieņu,
Atbalsta komanda.",phishing
Jūsu konts ir ierobežots,"Sveiki!

Sistēma nevarēja automātiski apstiprināt pēdējo darbību.
Lūdzu, pārbaudiet norādīto informāciju un apstipriniet darbību.

Šī darbība ir saistīta ar jūsu konta drošību.

Pārbaudes termiņš ir ierobežots. Konta pārbaudi var pabeigt, izmantojot zemāk norādīto darbību.

Ar cieņu,
Atbalsta komanda.",phishing
Jūsu konts ir ierobežots,"Sveiki!

Kontam ir nepieciešama papildu drošības pārbaude. Lūdzu, pārbaudiet norādīto informāciju un apstipriniet darbību. Lūdzu, pievērsiet šim paziņojumam uzmanību.

Lai atjaunotu piekļuvi, turpiniet ar konta pārbaudi.

Paldies par sapratni.",phishing
Paziņojums par konta darbību,"Svarīgs paziņojums!

Mūsu sistēmā ir reģistrēta neparasta piekļuves darbība.

Papildu informācija par pārbaudi ir pieejama konta sadaļā. Lai izvairītos no piekļuves ierobežošanas, apstipriniet konta datus.

Ja darbība netiks apstiprināta, konta izmantošana var būt ierobežota. Izmantojiet konta pārbaudes iespēju, lai turpinātu.

Ar cieņu,
Klientu apkalpošanas nodaļa.",phishing
Darījuma pārbaude,"Labdien!

Vēlamies informēt par izmaiņām jūsu konta drošības statusā. Pēdējās konta darbības dēļ nepieciešama papildu pārbaude.

Lai turpinātu izmantot kontu, nepieciešams veikt pārbaudi. Lai apstiprinātu informāciju, atveriet pārbaudes sadaļu.

Šo darbību nepieciešams veikt pēc iespējas ātrāk.

Ar cieņu,
Atbalsta komanda.",phishing
Neparasta aktivitāte kontā,"Labdien!

Svarīga informācija par jūsu kontu.

Ir konstatēta iespējama neatbilstība konta informācijā. Drošības pārbaude ir nepieciešama, lai aizsargātu jūsu kontu.

Lai turpinātu izmantot pakalpojumu, jāapstiprina jūsu informācija.
Izmantojiet konta pārbaudes iespēju, lai turpinātu.

Pārbaudes termiņš ir ierobežots.

Paldies, ka izmantojat mūsu pakalpojumus.",phishing
Konta darbības apstiprināšana,"Cienījamais klient!

Svarīga informācija par jūsu kontu.

Automātiskās pārbaudes laikā tika konstatēta nepieciešamība atjaunināt informāciju. Pārbaude tiek veikta drošības nolūkos.

Lai atjaunotu piekļuvi, nepieciešams apstiprināt konta statusu.
Izmantojiet konta pārbaudes iespēju, lai turpinātu.

Lūdzu, pievērsiet šim paziņojumam uzmanību.

Ar cieņu,
Konta drošības komanda.",phishing
Svarīga informācija par jūsu kontu,"Sveiki!

Kontam ir nepieciešama papildu drošības pārbaude.
Lai turpinātu izmantot pakalpojumu, jāapstiprina jūsu informācija.

Drošības pārbaude ir nepieciešama, lai aizsargātu jūsu kontu.

Nepieciešams rīkoties pirms konta statusa maiņas. Lai atjaunotu piekļuvi, turpiniet ar konta pārbaudi.

Paldies, ka izmantojat mūsu pakalpojumus.",phishing
Identitātes pārbaude,"Cienījamais klient!

Mūsu sistēmā ir reģistrēta neparasta piekļuves darbība.

Lūdzu, saglabājiet šo paziņojumu turpmākai atsaucei. Lai izvairītos no piekļuves ierobežošanas, apstipriniet konta datus.

Pretējā gadījumā dažas konta funkcijas var kļūt nepieejamas. Izmantojiet konta pārbaudes iespēju, lai turpinātu.

Paldies par sadarbību.",phishing
Konta piekļuves problēma,"Labdien!

Mūsu sistēmā ir reģistrēta neparasta piekļuves darbība.

Drošības pārbaude ir nepieciešama, lai aizsargātu jūsu kontu. Lūdzu, veiciet nepieciešamo pārbaudi pēc iespējas ātrāk.

Ja pārbaude netiks veikta, piekļuve kontam var tikt ierobežota. Apstiprināšanas process ir pieejams konta pārbaudes sadaļā.

Paldies par sadarbību.",phishing
Jūsu kontam nepieciešama pārbaude,"Labdien, cienījamais klient!

Jūsu konta drošības statuss ir jāapstiprina.
Lai turpinātu izmantot kontu, nepieciešams veikt pārbaudi.

Lūdzu, saglabājiet šo paziņojumu turpmākai atsaucei.

Šo darbību nepieciešams veikt pēc iespējas ātrāk. Konta pārbaudi var pabeigt, izmantojot zemāk norādīto darbību.

Paldies, ka izmantojat mūsu pakalpojumus.",phishing
Identitātes pārbaude,"Labdien!

Mūsu sistēma ir konstatējusi neparastu aktivitāti jūsu kontā. Lūdzu, pārbaudiet norādīto informāciju un apstipriniet darbību. Nepieciešams rīkoties pirms konta statusa maiņas.

Izmantojiet konta pārbaudes iespēju, lai turpinātu.

Paldies, ka izmantojat mūsu pakalpojumus.",phishing
Jūsu profils ir jāatjauno,"Svarīgs paziņojums!

Vēlamies informēt par izmaiņām jūsu konta drošības statusā. Pēdējās konta darbības dēļ nepieciešama papildu pārbaude.

Lūdzu, veiciet nepieciešamo pārbaudi pēc iespējas ātrāk. Apstiprināšanas process ir pieejams konta pārbaudes sadaļā.

Pretējā gadījumā var tikt piemēroti papildu drošības ierobežojumi.

Ar cieņu,
Konta drošības komanda.",phishing
Drošības pārbaude,"Cienījamais klient!

Drošības sistēma ir pamanījusi aizdomīgu darbību.
Veiciet norādīto pārbaudi, lai atjaunotu pilnu piekļuvi.

Pārbaude tiek veikta drošības nolūkos.

Ja darbība netiks apstiprināta, konta izmantošana var būt ierobežota. Lai turpinātu, izmantojiet norādīto pārbaudes iespēju.

Ar cieņu,
Klientu apkalpošanas nodaļa.",phishing
Konta pārbaudes termiņš,"Labdien!

Automātiskā sistēma ir atzīmējusi jūsu kontu pārbaudei.

Šis ir automātiski nosūtīts paziņojums. Lai izvairītos no piekļuves ierobežošanas, apstipriniet konta datus.

Lūdzu, pievērsiet šim paziņojumam uzmanību. Lai atjaunotu piekļuvi, turpiniet ar konta pārbaudi.

Ar cieņu,
Drošības nodaļa.",phishing
Svarīgs klienta paziņojums,"Labdien!

Mūsu sistēmā ir reģistrēta neparasta piekļuves darbība.

Drošības pārbaude ir nepieciešama, lai aizsargātu jūsu kontu. Veiciet norādīto pārbaudi, lai atjaunotu pilnu piekļuvi.

Pārbaudes termiņš ir ierobežots. Lai turpinātu, izmantojiet norādīto pārbaudes iespēju.

Paldies par sadarbību.",phishing
Neapstiprināta darbība,"Sveiki!

Ir konstatēta darbība, kuru nepieciešams apstiprināt. Lai atjaunotu piekļuvi, nepieciešams apstiprināt konta statusu. Lūdzu, pievērsiet šim paziņojumam uzmanību.

Apstiprināšanas process ir pieejams konta pārbaudes sadaļā.

Paldies par sapratni.",phishing
Jūsu profils ir jāatjauno,"Labdien!

Svarīga informācija par jūsu kontu.

Automātiskās pārbaudes laikā tika konstatēta nepieciešamība atjaunināt informāciju. Papildu informācija par pārbaudi ir pieejama konta sadaļā.

Nepieciešams apstiprināt, ka konts joprojām pieder jums.
Apstiprināšanas process ir pieejams konta pārbaudes sadaļā.

Šo darbību nepieciešams veikt pēc iespējas ātrāk.

Paldies par sadarbību.",phishing
Pēdējais atgādinājums par kontu,"Labdien!

Svarīga informācija par jūsu kontu.

Drošības sistēma ir pamanījusi aizdomīgu darbību. Atbildēt uz šo ziņojumu nav nepieciešams.

Lūdzu, pārbaudiet norādīto informāciju un apstipriniet darbību.
Lai turpinātu, izmantojiet norādīto pārbaudes iespēju.

Lūdzu, pievērsiet šim paziņojumam uzmanību.

Ar cieņu,
Atbalsta komanda.",phishing
Maksājuma apstiprināšana,"Cienījamais lietotāj!

Vēlamies informēt par izmaiņām jūsu konta drošības statusā. Automātiskās pārbaudes laikā tika konstatēta nepieciešamība atjaunināt informāciju.

Nepieciešams apstiprināt, ka konts joprojām pieder jums. Apstiprināšanas process ir pieejams konta pārbaudes sadaļā.

Lūdzu, neatlieciet šo pārbaudi.

Paldies par sadarbību.",phishing
Pēdējais atgādinājums par kontu,"Sveiki!

Mūsu sistēma ir konstatējusi neparastu aktivitāti jūsu kontā.
Lai atjaunotu piekļuvi, nepieciešams apstiprināt konta statusu.

Šis ir automātiski nosūtīts paziņojums.

Ja darbība netiks apstiprināta, konta izmantošana var būt ierobežota. Lai turpinātu, izmantojiet norādīto pārbaudes iespēju.

Paldies, ka izmantojat mūsu pakalpojumus.",phishing
Steidzams paziņojums,"Labdien, cienījamais klient!

Automātiskās pārbaudes laikā tika konstatēta nepieciešamība atjaunināt informāciju.
Lai izvairītos no piekļuves ierobežošanas, apstipriniet konta datus.

Šī darbība ir saistīta ar jūsu konta drošību.

Lūdzu, neatlieciet šo pārbaudi. Lai atjaunotu piekļuvi, turpiniet ar konta pārbaudi.

Paldies par sapratni.",phishing
Drošības pārbaude,"Sveiki, klient!

Mūsu sistēma ir konstatējusi neparastu aktivitāti jūsu kontā.
Lai turpinātu izmantot kontu, nepieciešams veikt pārbaudi.

Drošības pārbaude ir nepieciešama, lai aizsargātu jūsu kontu.

Lūdzu, neatlieciet šo pārbaudi. Lai atjaunotu piekļuvi, turpiniet ar konta pārbaudi.

Paldies par sapratni.",phishing
Neparasta aktivitāte kontā,"Svarīgs paziņojums!

Jūsu profils pašlaik gaida papildu pārbaudi.

Lūdzu, saglabājiet šo paziņojumu turpmākai atsaucei. Lai turpinātu izmantot pakalpojumu, jāapstiprina jūsu informācija.

Nepieciešams rīkoties pirms konta statusa maiņas. Lai apstiprinātu informāciju, atveriet pārbaudes sadaļu.

Paldies, ka izmantojat mūsu pakalpojumus.",phishing
Konta pārbaudes termiņš,"Cienījamais klient!

Ir konstatēta darbība, kuru nepieciešams apstiprināt.

Pārbaude tiek veikta drošības nolūkos. Veiciet norādīto pārbaudi, lai atjaunotu pilnu piekļuvi.

Nepieciešams rīkoties pirms konta statusa maiņas. Lai apstiprinātu informāciju, atveriet pārbaudes sadaļu.

Paldies, ka izmantojat mūsu pakalpojumus.",phishing
Neapstiprināta darbība,"Svarīgs paziņojums!

Vēlamies informēt par izmaiņām jūsu konta drošības statusā. Jūsu konta drošības statuss ir jāapstiprina.

Veiciet norādīto pārbaudi, lai atjaunotu pilnu piekļuvi. Pabeidziet pārbaudi, izmantojot drošības sadaļu.

Lūdzu, pievērsiet šim paziņojumam uzmanību.

Ar cieņu,
Atbalsta komanda.",phishing
Darījuma pārbaude,"Svarīgs paziņojums!

Mūsu sistēmā ir reģistrēta neparasta piekļuves darbība.
Lūdzu, pārbaudiet norādīto informāciju un apstipriniet darbību.

Papildu informācija par pārbaudi ir pieejama konta sadaļā.

Pārbaudi ieteicams pabeigt tuvākajā laikā. Apstiprināšanas process ir pieejams konta pārbaudes sadaļā.

Ar cieņu,
Drošības nodaļa.",phishing
Apstipriniet konta informāciju,"Cienījamais klient!

Vēlamies informēt par izmaiņām jūsu konta drošības statusā. Ir konstatēta iespējama neatbilstība konta informācijā.

Lai turpinātu izmantot kontu, nepieciešams veikt pārbaudi. Lai apstiprinātu informāciju, atveriet pārbaudes sadaļu.

Nepieciešams rīkoties pirms konta statusa maiņas.

Ar cieņu,
Atbalsta komanda.",phishing
Neapstiprināta darbība,"Cienījamais klient!

Pēdējās konta darbības dēļ nepieciešama papildu pārbaude.
Lai izvairītos no piekļuves ierobežošanas, apstipriniet konta datus.

Papildu informācija par pārbaudi ir pieejama konta sadaļā.

Lūdzu, pievērsiet šim paziņojumam uzmanību. Lai apstiprinātu informāciju, atveriet pārbaudes sadaļu.

Ar cieņu,
Konta drošības komanda.",phishing
Konta piekļuves problēma,"Labdien!

Ir konstatēta iespējama neatbilstība konta informācijā.
Lūdzu, pabeidziet drošības pārbaudi.

Paziņojums ir nosūtīts automātiski.

Šo darbību nepieciešams veikt pēc iespējas ātrāk. Lai turpinātu, izmantojiet norādīto pārbaudes iespēju.

Paldies, ka izmantojat mūsu pakalpojumus.",phishing
Apstipriniet konta informāciju,"Svarīgs paziņojums!

Svarīga informācija par jūsu kontu.

Jūsu profils pašlaik gaida papildu pārbaudi. Drošības pārbaude ir nepieciešama, lai aizsargātu jūsu kontu.

Lūdzu, veiciet nepieciešamo pārbaudi pēc iespējas ātrāk.
Pabeidziet pārbaudi, izmantojot drošības sadaļu.

Pārbaudi ieteicams pabeigt tuvākajā laikā.

Paldies par sadarbību.",phishing
Jūsu konts ir ierobežots,"Labdien!

Mūsu sistēmā ir reģistrēta neparasta piekļuves darbība.

Lūdzu, saglabājiet šo paziņojumu turpmākai atsaucei. Lai atjaunotu piekļuvi, nepieciešams apstiprināt konta statusu.

Ja darbība netiks apstiprināta, konta izmantošana var būt ierobežota. Lai turpinātu, izmantojiet norādīto pārbaudes iespēju.

Paldies par sadarbību.",phishing
Jūsu kontam nepieciešama pārbaude,"Sveiki, klient!

Ir konstatēta iespējama neatbilstība konta informācijā.

Pārbaude tiek veikta drošības nolūkos. Lūdzu, pārbaudiet norādīto informāciju un apstipriniet darbību.

Lūdzu, neatlieciet šo pārbaudi. Konta pārbaudi var pabeigt, izmantojot zemāk norādīto darbību.

Paldies par sadarbību.",phishing
Jūsu profils ir jāatjauno,"Svarīgs paziņojums!

Ir konstatēta darbība, kuru nepieciešams apstiprināt.

Drošības pārbaude ir nepieciešama, lai aizsargātu jūsu kontu. Lūdzu, pabeidziet drošības pārbaudi.

Ja pārbaude netiks veikta, piekļuve kontam var tikt ierobežota. Apstiprināšanas process ir pieejams konta pārbaudes sadaļā.

Ar cieņu,
Drošības nodaļa.",phishing
Konta darbības apstiprināšana,"Labdien, cienījamais klient!

Vēlamies informēt par izmaiņām jūsu konta drošības statusā. Jūsu konta drošības statuss ir jāapstiprina.

Lūdzu, pārbaudiet norādīto informāciju un apstipriniet darbību. Konta pārbaudi var pabeigt, izmantojot zemāk norādīto darbību.

Nepieciešams rīkoties pirms konta statusa maiņas.

Paldies par sadarbību.",phishing
Piekļuves atjaunošana,"Labdien!

Svarīga informācija par jūsu kontu.

Jūsu konta drošības statuss ir jāapstiprina. Lūdzu, saglabājiet šo paziņojumu turpmākai atsaucei.

Lai atjaunotu piekļuvi, nepieciešams apstiprināt konta statusu.
Izmantojiet konta pārbaudes iespēju, lai turpinātu.

Nepieciešams rīkoties pirms konta statusa maiņas.

Ar cieņu,
Drošības nodaļa.",phishing
Identitātes pārbaude,"Svarīgs paziņojums!

Automātiskās pārbaudes laikā tika konstatēta nepieciešamība atjaunināt informāciju.
Lai izvairītos no piekļuves ierobežošanas, apstipriniet konta datus.

Lūdzu, saglabājiet šo paziņojumu turpmākai atsaucei.

Ja pārbaude netiks veikta, piekļuve kontam var tikt ierobežota. Konta pārbaudi var pabeigt, izmantojot zemāk norādīto darbību.

Ar cieņu,
Atbalsta komanda.",phishing
Brīdinājums par kontu,"Cienījamais klient!

Svarīga informācija par jūsu kontu.

Mūsu sistēmā ir reģistrēta neparasta piekļuves darbība. Paziņojums ir nosūtīts automātiski.

Veiciet norādīto pārbaudi, lai atjaunotu pilnu piekļuvi.
Apstiprināšanas process ir pieejams konta pārbaudes sadaļā.

Pārbaudes termiņš ir ierobežots.

Paldies, ka izmantojat mūsu pakalpojumus.",phishing
Nepieciešama konta pārbaude,"Svarīgs paziņojums!

Drošības sistēma ir pamanījusi aizdomīgu darbību.

Pārbaude tiek veikta drošības nolūkos. Lai atjaunotu piekļuvi, nepieciešams apstiprināt konta statusu.

Ja darbība netiks apstiprināta, konta izmantošana var būt ierobežota. Izmantojiet konta pārbaudes iespēju, lai turpinātu.

Paldies par sapratni.",phishing
Neparasta aktivitāte kontā,"Labdien, cienījamais klient!

Pēdējās konta darbības dēļ nepieciešama papildu pārbaude.
Nepieciešams apstiprināt, ka konts joprojām pieder jums.

Lūdzu, saglabājiet šo paziņojumu turpmākai atsaucei.

Ja darbība netiks apstiprināta, konta izmantošana var būt ierobežota. Lai turpinātu, izmantojiet norādīto pārbaudes iespēju.

Ar cieņu,
Drošības nodaļa.",phishing
Nepieciešama konta pārbaude,"Sveiki, klient!

Jūsu konta drošības statuss ir jāapstiprina. Lūdzu, pārbaudiet norādīto informāciju un apstipriniet darbību. Ja darbība netiks apstiprināta, konta izmantošana var būt ierobežota.

Lai turpinātu, izmantojiet norādīto pārbaudes iespēju.

Ar cieņu,
Konta drošības komanda.",phishing
Apstipriniet konta informāciju,"Sveiki, klient!

Mūsu sistēma ir konstatējusi neparastu aktivitāti jūsu kontā. Lai turpinātu izmantot pakalpojumu, jāapstiprina jūsu informācija. Ja darbība netiks apstiprināta, konta izmantošana var būt ierobežota.

Lai atjaunotu piekļuvi, turpiniet ar konta pārbaudi.

Paldies, ka izmantojat mūsu pakalpojumus.",phishing
Drošības sistēmas brīdinājums,"Cienījamais klient!

Vēlamies informēt par izmaiņām jūsu konta drošības statusā. Kontam ir nepieciešama papildu drošības pārbaude.

Nepieciešams apstiprināt, ka konts joprojām pieder jums. Lai apstiprinātu informāciju, atveriet pārbaudes sadaļu.

Šo darbību nepieciešams veikt pēc iespējas ātrāk.

Paldies, ka izmantojat mūsu pakalpojumus.",phishing
Konta pārbaudes termiņš,"Labdien, cienījamais klient!

Vēlamies informēt par izmaiņām jūsu konta drošības statusā. Mūsu sistēmā ir reģistrēta neparasta piekļuves darbība.

Lai turpinātu izmantot kontu, nepieciešams veikt pārbaudi. Izmantojiet konta pārbaudes iespēju, lai turpinātu.

Šo darbību nepieciešams veikt pēc iespējas ātrāk.

Paldies par sapratni.",phishing
Jūsu konts ir ierobežots,"Labdien!

Sistēma nevarēja automātiski apstiprināt pēdējo darbību. Veiciet norādīto pārbaudi, lai atjaunotu pilnu piekļuvi. Ja darbība netiks apstiprināta, konta izmantošana var būt ierobežota.

Lai turpinātu, izmantojiet norādīto pārbaudes iespēju.

Ar cieņu,
Konta drošības komanda.",phishing
Maksājuma apstiprināšana,"Labdien, cienījamais klient!

Vēlamies informēt par izmaiņām jūsu konta drošības statusā. Ir konstatēta darbība, kuru nepieciešams apstiprināt.

Veiciet norādīto pārbaudi, lai atjaunotu pilnu piekļuvi. Apstiprināšanas process ir pieejams konta pārbaudes sadaļā.

Nepieciešams rīkoties pirms konta statusa maiņas.

Paldies par sapratni.",phishing
Steidzams paziņojums,"Sveiki!

Svarīga informācija par jūsu kontu.

Automātiskās pārbaudes laikā tika konstatēta nepieciešamība atjaunināt informāciju. Drošības pārbaude ir nepieciešama, lai aizsargātu jūsu kontu.

Lai izvairītos no piekļuves ierobežošanas, apstipriniet konta datus.
Pabeidziet pārbaudi, izmantojot drošības sadaļu.

Lūdzu, neatlieciet šo pārbaudi.

Paldies par sapratni.",phishing
Steidzams paziņojums,"Labdien, cienījamais klient!

Drošības sistēma ir pamanījusi aizdomīgu darbību.
Nepieciešams apstiprināt, ka konts joprojām pieder jums.

Pārbaude tiek veikta drošības nolūkos.

Pārbaudi ieteicams pabeigt tuvākajā laikā. Izmantojiet konta pārbaudes iespēju, lai turpinātu.

Ar cieņu,
Konta drošības komanda.",phishing
Brīdinājums par kontu,"Sveiki!

Vēlamies informēt par izmaiņām jūsu konta drošības statusā. Drošības sistēma ir pamanījusi aizdomīgu darbību.

Lūdzu, pabeidziet drošības pārbaudi. Pabeidziet pārbaudi, izmantojot drošības sadaļu.

Lūdzu, pievērsiet šim paziņojumam uzmanību.

Ar cieņu,
Atbalsta komanda.",phishing
Darījuma pārbaude,"Sveiki, klient!

Mūsu sistēmā ir reģistrēta neparasta piekļuves darbība.

Atbildēt uz šo ziņojumu nav nepieciešams. Lai turpinātu izmantot kontu, nepieciešams veikt pārbaudi.

Pārbaudes termiņš ir ierobežots. Lai turpinātu, izmantojiet norādīto pārbaudes iespēju.

Ar cieņu,
Atbalsta komanda.",phishing
Nepieciešama tūlītēja darbība,"Labdien!

Automātiskās pārbaudes laikā tika konstatēta nepieciešamība atjaunināt informāciju. Veiciet norādīto pārbaudi, lai atjaunotu pilnu piekļuvi. Pretējā gadījumā dažas konta funkcijas var kļūt nepieejamas.

Pabeidziet pārbaudi, izmantojot drošības sadaļu.

Ar cieņu,
Klientu apkalpošanas nodaļa.",phishing
Maksājuma apstiprināšana,"Sveiki!

Automātiskās pārbaudes laikā tika konstatēta nepieciešamība atjaunināt informāciju. Veiciet norādīto pārbaudi, lai atjaunotu pilnu piekļuvi. Nepieciešams rīkoties pirms konta statusa maiņas.

Konta pārbaudi var pabeigt, izmantojot zemāk norādīto darbību.

Paldies par sadarbību.",phishing
Svarīgs drošības paziņojums,"Labdien!

Ir konstatēta iespējama neatbilstība konta informācijā.
Lūdzu, pārbaudiet norādīto informāciju un apstipriniet darbību.

Šis ir automātiski nosūtīts paziņojums.

Lūdzu, neatlieciet šo pārbaudi. Lai apstiprinātu informāciju, atveriet pārbaudes sadaļu.

Ar cieņu,
Atbalsta komanda.",phishing
Darījuma pārbaude,"Cienījamais klient!

Mūsu sistēma ir konstatējusi neparastu aktivitāti jūsu kontā.

Šis ir automātiski nosūtīts paziņojums. Nepieciešams apstiprināt, ka konts joprojām pieder jums.

Lūdzu, pievērsiet šim paziņojumam uzmanību. Pabeidziet pārbaudi, izmantojot drošības sadaļu.

Paldies par sadarbību.",phishing
Paziņojums par konta darbību,"Cienījamais klient!

Svarīga informācija par jūsu kontu.

Mūsu sistēma ir konstatējusi neparastu aktivitāti jūsu kontā. Šī darbība ir saistīta ar jūsu konta drošību.

Lūdzu, veiciet nepieciešamo pārbaudi pēc iespējas ātrāk.
Konta pārbaudi var pabeigt, izmantojot zemāk norādīto darbību.

Pārbaudi ieteicams pabeigt tuvākajā laikā.

Ar cieņu,
Konta drošības komanda.",phishing
Konta pārbaudes termiņš,"Labdien!

Jūsu profils pašlaik gaida papildu pārbaudi. Lūdzu, apstipriniet savu konta informāciju. Pārbaudes termiņš ir ierobežots.

Pabeidziet pārbaudi, izmantojot drošības sadaļu.

Paldies par sadarbību.",phishing
Darījuma pārbaude,"Labdien!

Ir konstatēta iespējama neatbilstība konta informācijā. Lūdzu, apstipriniet savu konta informāciju. Ja pārbaude netiks veikta, piekļuve kontam var tikt ierobežota.

Lai apstiprinātu informāciju, atveriet pārbaudes sadaļu.

Ar cieņu,
Drošības nodaļa.",phishing
Nepieciešams apstiprinājums,"Labdien!

Kontam ir nepieciešama papildu drošības pārbaude.
Lai turpinātu izmantot pakalpojumu, jāapstiprina jūsu informācija.

Atbildēt uz šo ziņojumu nav nepieciešams.

Nepieciešams rīkoties pirms konta statusa maiņas. Konta pārbaudi var pabeigt, izmantojot zemāk norādīto darbību.

Ar cieņu,
Drošības nodaļa.",phishing
Nepieciešams apstiprinājums,"Labdien, cienījamais klient!

Ir konstatēta iespējama neatbilstība konta informācijā. Lūdzu, pārbaudiet norādīto informāciju un apstipriniet darbību. Pārbaudi ieteicams pabeigt tuvākajā laikā.

Izmantojiet konta pārbaudes iespēju, lai turpinātu.

Paldies par sadarbību.",phishing
Jūsu konts ir ierobežots,"Svarīgs paziņojums!

Svarīga informācija par jūsu kontu.

Pēdējās konta darbības dēļ nepieciešama papildu pārbaude. Paziņojums ir nosūtīts automātiski.

Lūdzu, pabeidziet drošības pārbaudi.
Apstiprināšanas process ir pieejams konta pārbaudes sadaļā.

Ja darbība netiks apstiprināta, konta izmantošana var būt ierobežota.

Ar cieņu,
Konta drošības komanda.",phishing
Neparasta aktivitāte kontā,"Sveiki, klient!

Automātiskā sistēma ir atzīmējusi jūsu kontu pārbaudei.

Lūdzu, saglabājiet šo paziņojumu turpmākai atsaucei. Lūdzu, veiciet nepieciešamo pārbaudi pēc iespējas ātrāk.

Ja darbība netiks apstiprināta, konta izmantošana var būt ierobežota. Izmantojiet konta pārbaudes iespēju, lai turpinātu.

Paldies, ka izmantojat mūsu pakalpojumus.",phishing
Nepieciešama konta pārbaude,"Labdien!

Drošības sistēma ir pamanījusi aizdomīgu darbību.
Lai izvairītos no piekļuves ierobežošanas, apstipriniet konta datus.

Šis ir automātiski nosūtīts paziņojums.

Pretējā gadījumā dažas konta funkcijas var kļūt nepieejamas. Lai atjaunotu piekļuvi, turpiniet ar konta pārbaudi.

Ar cieņu,
Konta drošības komanda.",phishing
Brīdinājums par kontu,"Cienījamais lietotāj!

Mūsu sistēma ir konstatējusi neparastu aktivitāti jūsu kontā.

Lūdzu, saglabājiet šo paziņojumu turpmākai atsaucei. Lai turpinātu izmantot pakalpojumu, jāapstiprina jūsu informācija.

Pārbaudi ieteicams pabeigt tuvākajā laikā. Lai apstiprinātu informāciju, atveriet pārbaudes sadaļu.

Paldies, ka izmantojat mūsu pakalpojumus.",phishing
Maksājuma apstiprināšana,"Sveiki, klient!

Ir konstatēta iespējama neatbilstība konta informācijā.

Pārbaude tiek veikta drošības nolūkos. Lai atjaunotu piekļuvi, nepieciešams apstiprināt konta statusu.

Ja pārbaude netiks veikta, piekļuve kontam var tikt ierobežota. Konta pārbaudi var pabeigt, izmantojot zemāk norādīto darbību.

Paldies, ka izmantojat mūsu pakalpojumus.",phishing
Svarīga informācija par jūsu kontu,"Labdien!

Automātiskās pārbaudes laikā tika konstatēta nepieciešamība atjaunināt informāciju.
Lūdzu, veiciet nepieciešamo pārbaudi pēc iespējas ātrāk.

Drošības pārbaude ir nepieciešama, lai aizsargātu jūsu kontu.

Ja darbība netiks apstiprināta, konta izmantošana var būt ierobežota. Konta pārbaudi var pabeigt, izmantojot zemāk norādīto darbību.

Paldies par sapratni.",phishing
Nepieciešama konta pārbaude,"Cienījamais lietotāj!

Ir konstatēta iespējama neatbilstība konta informācijā.

Paziņojums ir nosūtīts automātiski. Lūdzu, pārbaudiet norādīto informāciju un apstipriniet darbību.

Lūdzu, pievērsiet šim paziņojumam uzmanību. Lai turpinātu, izmantojiet norādīto pārbaudes iespēju.

Paldies par sapratni.",phishing
Svarīgs drošības paziņojums,"Sveiki!

Vēlamies informēt par izmaiņām jūsu konta drošības statusā. Ir konstatēta darbība, kuru nepieciešams apstiprināt.

Nepieciešams apstiprināt, ka konts joprojām pieder jums. Konta pārbaudi var pabeigt, izmantojot zemāk norādīto darbību.

Lūdzu, neatlieciet šo pārbaudi.

Ar cieņu,
Konta drošības komanda.",phishing
Drošības pārbaude,"Labdien, cienījamais klient!

Svarīga informācija par jūsu kontu.

Automātiskā sistēma ir atzīmējusi jūsu kontu pārbaudei. Papildu informācija par pārbaudi ir pieejama konta sadaļā.

Lai turpinātu izmantot pakalpojumu, jāapstiprina jūsu informācija.
Pabeidziet pārbaudi, izmantojot drošības sadaļu.

Ja darbība netiks apstiprināta, konta izmantošana var būt ierobežota.

Ar cieņu,
Atbalsta komanda.",phishing
Paziņojums par konta darbību,"Cienījamais klient!

Vēlamies informēt par izmaiņām jūsu konta drošības statusā. Mūsu sistēmā ir reģistrēta neparasta piekļuves darbība.

Lai turpinātu izmantot pakalpojumu, jāapstiprina jūsu informācija. Konta pārbaudi var pabeigt, izmantojot zemāk norādīto darbību.

Pretējā gadījumā dažas konta funkcijas var kļūt nepieejamas.

Ar cieņu,
Drošības nodaļa.",phishing
Steidzams paziņojums,"Svarīgs paziņojums!

Ir konstatēta iespējama neatbilstība konta informācijā. Lūdzu, apstipriniet savu konta informāciju. Pretējā gadījumā var tikt piemēroti papildu drošības ierobežojumi.

Lai apstiprinātu informāciju, atveriet pārbaudes sadaļu.

Ar cieņu,
Drošības nodaļa.",phishing
Apstipriniet konta informāciju,"Svarīgs paziņojums!

Jūsu profils pašlaik gaida papildu pārbaudi.
Lai izvairītos no piekļuves ierobežošanas, apstipriniet konta datus.

Šī darbība ir saistīta ar jūsu konta drošību.

Pārbaudi ieteicams pabeigt tuvākajā laikā. Lai apstiprinātu informāciju, atveriet pārbaudes sadaļu.

Paldies par sapratni.",phishing
Nepieciešama tūlītēja darbība,"Cienījamais lietotāj!

Svarīga informācija par jūsu kontu.

Sistēma nevarēja automātiski apstiprināt pēdējo darbību. Papildu informācija par pārbaudi ir pieejama konta sadaļā.

Lūdzu, pabeidziet drošības pārbaudi.
Izmantojiet konta pārbaudes iespēju, lai turpinātu.

Šo darbību nepieciešams veikt pēc iespējas ātrāk.

Paldies par sapratni.",phishing
Apstipriniet konta informāciju,"Labdien, cienījamais klient!

Mūsu sistēma ir konstatējusi neparastu aktivitāti jūsu kontā.

Paziņojums ir nosūtīts automātiski. Nepieciešams apstiprināt, ka konts joprojām pieder jums.

Pārbaudi ieteicams pabeigt tuvākajā laikā. Lai turpinātu, izmantojiet norādīto pārbaudes iespēju.

Ar cieņu,
Klientu apkalpošanas nodaļa.",phishing
Svarīga informācija par jūsu kontu,"Labdien, cienījamais klient!

Mūsu sistēmā ir reģistrēta neparasta piekļuves darbība.
Lai izvairītos no piekļuves ierobežošanas, apstipriniet konta datus.

Atbildēt uz šo ziņojumu nav nepieciešams.

Nepieciešams rīkoties pirms konta statusa maiņas. Lai turpinātu, izmantojiet norādīto pārbaudes iespēju.

Ar cieņu,
Klientu apkalpošanas nodaļa.",phishing
Darījuma pārbaude,"Cienījamais lietotāj!

Svarīga informācija par jūsu kontu.

Mūsu sistēma ir konstatējusi neparastu aktivitāti jūsu kontā. Šis ir automātiski nosūtīts paziņojums.

Nepieciešams apstiprināt, ka konts joprojām pieder jums.
Lai atjaunotu piekļuvi, turpiniet ar konta pārbaudi.

Ja pārbaude netiks veikta, piekļuve kontam var tikt ierobežota.

Paldies par sadarbību.",phishing
Konta darbības apstiprināšana,"Sveiki!

Kontam ir nepieciešama papildu drošības pārbaude.
Lūdzu, apstipriniet savu konta informāciju.

Papildu informācija par pārbaudi ir pieejama konta sadaļā.

Pārbaudi ieteicams pabeigt tuvākajā laikā. Konta pārbaudi var pabeigt, izmantojot zemāk norādīto darbību.

Paldies par sadarbību.",phishing
Jūsu kontam nepieciešama pārbaude,"Labdien!

Automātiskā sistēma ir atzīmējusi jūsu kontu pārbaudei. Lai atjaunotu piekļuvi, nepieciešams apstiprināt konta statusu. Ja pārbaude netiks veikta, piekļuve kontam var tikt ierobežota.

Konta pārbaudi var pabeigt, izmantojot zemāk norādīto darbību.

Paldies, ka izmantojat mūsu pakalpojumus.",phishing
Pēdējais atgādinājums par kontu,"Sveiki!

Kontam ir nepieciešama papildu drošības pārbaude.

Atbildēt uz šo ziņojumu nav nepieciešams. Lūdzu, pārbaudiet norādīto informāciju un apstipriniet darbību.

Ja pārbaude netiks veikta, piekļuve kontam var tikt ierobežota. Lai apstiprinātu informāciju, atveriet pārbaudes sadaļu.

Ar cieņu,
Atbalsta komanda.",phishing
Darījuma pārbaude,"Labdien!

Vēlamies informēt par izmaiņām jūsu konta drošības statusā. Kontam ir nepieciešama papildu drošības pārbaude.

Veiciet norādīto pārbaudi, lai atjaunotu pilnu piekļuvi. Apstiprināšanas process ir pieejams konta pārbaudes sadaļā.

Pretējā gadījumā dažas konta funkcijas var kļūt nepieejamas.

Paldies, ka izmantojat mūsu pakalpojumus.",phishing
Paziņojums par konta darbību,"Cienījamais lietotāj!

Vēlamies informēt par izmaiņām jūsu konta drošības statusā. Pēdējās konta darbības dēļ nepieciešama papildu pārbaude.

Lūdzu, pabeidziet drošības pārbaudi. Pabeidziet pārbaudi, izmantojot drošības sadaļu.

Lūdzu, neatlieciet šo pārbaudi.

Paldies, ka izmantojat mūsu pakalpojumus.",phishing
Piekļuves atjaunošana,"Cienījamais klient!

Svarīga informācija par jūsu kontu.

Drošības sistēma ir pamanījusi aizdomīgu darbību. Drošības pārbaude ir nepieciešama, lai aizsargātu jūsu kontu.

Lai turpinātu izmantot kontu, nepieciešams veikt pārbaudi.
Izmantojiet konta pārbaudes iespēju, lai turpinātu.

Lūdzu, neatlieciet šo pārbaudi.

Ar cieņu,
Atbalsta komanda.",phishing
Brīdinājums par kontu,"Labdien!

Vēlamies informēt par izmaiņām jūsu konta drošības statusā. Jūsu konta drošības statuss ir jāapstiprina.

Lai izvairītos no piekļuves ierobežošanas, apstipriniet konta datus. Konta pārbaudi var pabeigt, izmantojot zemāk norādīto darbību.

Pretējā gadījumā dažas konta funkcijas var kļūt nepieejamas.

Ar cieņu,
Konta drošības komanda.",phishing
Svarīga informācija par jūsu kontu,"Cienījamais klient!

Ir konstatēta darbība, kuru nepieciešams apstiprināt. Lūdzu, apstipriniet savu konta informāciju. Lūdzu, pievērsiet šim paziņojumam uzmanību.

Pabeidziet pārbaudi, izmantojot drošības sadaļu.

Ar cieņu,
Drošības nodaļa.",phishing
Jūsu profils ir jāatjauno,"Cienījamais lietotāj!

Ir konstatēta darbība, kuru nepieciešams apstiprināt. Lai atjaunotu piekļuvi, nepieciešams apstiprināt konta statusu. Lūdzu, neatlieciet šo pārbaudi.

Apstiprināšanas process ir pieejams konta pārbaudes sadaļā.

Ar cieņu,
Drošības nodaļa.",phishing
Brīdinājums par kontu,"Svarīgs paziņojums!

Svarīga informācija par jūsu kontu.

Automātiskās pārbaudes laikā tika konstatēta nepieciešamība atjaunināt informāciju. Pārbaude tiek veikta drošības nolūkos.

Lūdzu, pārbaudiet norādīto informāciju un apstipriniet darbību.
Pabeidziet pārbaudi, izmantojot drošības sadaļu.

Ja darbība netiks apstiprināta, konta izmantošana var būt ierobežota.

Paldies par sadarbību.",phishing
Steidzams paziņojums,"Sveiki!

Sistēma nevarēja automātiski apstiprināt pēdējo darbību.

Atbildēt uz šo ziņojumu nav nepieciešams. Lūdzu, pabeidziet drošības pārbaudi.

Ja darbība netiks apstiprināta, konta izmantošana var būt ierobežota. Izmantojiet konta pārbaudes iespēju, lai turpinātu.

Paldies par sadarbību.",phishing
Darījuma pārbaude,"Cienījamais lietotāj!

Ir konstatēta iespējama neatbilstība konta informācijā. Nepieciešams apstiprināt, ka konts joprojām pieder jums. Nepieciešams rīkoties pirms konta statusa maiņas.

Lai atjaunotu piekļuvi, turpiniet ar konta pārbaudi.

Paldies par sapratni.",phishing
Konta darbības apstiprināšana,"Cienījamais klient!

Svarīga informācija par jūsu kontu.

Pēdējās konta darbības dēļ nepieciešama papildu pārbaude. Šī darbība ir saistīta ar jūsu konta drošību.

Lai izvairītos no piekļuves ierobežošanas, apstipriniet konta datus.
Konta pārbaudi var pabeigt, izmantojot zemāk norādīto darbību.

Ja darbība netiks apstiprināta, konta izmantošana var būt ierobežota.

Paldies par sadarbību.",phishing
Svarīgs klienta paziņojums,"Cienījamais klient!

Mūsu sistēmā ir reģistrēta neparasta piekļuves darbība. Lai atjaunotu piekļuvi, nepieciešams apstiprināt konta statusu. Lūdzu, neatlieciet šo pārbaudi.

Lai atjaunotu piekļuvi, turpiniet ar konta pārbaudi.

Paldies, ka izmantojat mūsu pakalpojumus.",phishing
Jūsu konts ir ierobežots,"Sveiki!

Pēdējās konta darbības dēļ nepieciešama papildu pārbaude.

Papildu informācija par pārbaudi ir pieejama konta sadaļā. Nepieciešams apstiprināt, ka konts joprojām pieder jums.

Šo darbību nepieciešams veikt pēc iespējas ātrāk. Pabeidziet pārbaudi, izmantojot drošības sadaļu.

Ar cieņu,
Klientu apkalpošanas nodaļa.",phishing
Apstipriniet konta informāciju,"Labdien, cienījamais klient!

Vēlamies informēt par izmaiņām jūsu konta drošības statusā. Kontam ir nepieciešama papildu drošības pārbaude.

Veiciet norādīto pārbaudi, lai atjaunotu pilnu piekļuvi. Pabeidziet pārbaudi, izmantojot drošības sadaļu.

Pārbaudes termiņš ir ierobežots.

Ar cieņu,
Klientu apkalpošanas nodaļa.",phishing
Darījuma pārbaude,"Svarīgs paziņojums!

Vēlamies informēt par izmaiņām jūsu konta drošības statusā. Mūsu sistēma ir konstatējusi neparastu aktivitāti jūsu kontā.

Lai turpinātu izmantot pakalpojumu, jāapstiprina jūsu informācija. Lai apstiprinātu informāciju, atveriet pārbaudes sadaļu.

Lūdzu, neatlieciet šo pārbaudi.

Ar cieņu,
Klientu apkalpošanas nodaļa.",phishing
Svarīga informācija par jūsu kontu,"Labdien!

Svarīga informācija par jūsu kontu.

Sistēma nevarēja automātiski apstiprināt pēdējo darbību. Drošības pārbaude ir nepieciešama, lai aizsargātu jūsu kontu.

Lai turpinātu izmantot kontu, nepieciešams veikt pārbaudi.
Lai turpinātu, izmantojiet norādīto pārbaudes iespēju.

Lūdzu, pievērsiet šim paziņojumam uzmanību.

Ar cieņu,
Atbalsta komanda.",phishing
Steidzams paziņojums,"Cienījamais klient!

Mūsu sistēma ir konstatējusi neparastu aktivitāti jūsu kontā.
Lūdzu, veiciet nepieciešamo pārbaudi pēc iespējas ātrāk.

Pārbaude tiek veikta drošības nolūkos.

Pārbaudi ieteicams pabeigt tuvākajā laikā. Izmantojiet konta pārbaudes iespēju, lai turpinātu.

Ar cieņu,
Drošības nodaļa.",phishing
Svarīga informācija par jūsu kontu,"Cienījamais klient!

Jūsu konta drošības statuss ir jāapstiprina.

Šī darbība ir saistīta ar jūsu konta drošību. Lūdzu, veiciet nepieciešamo pārbaudi pēc iespējas ātrāk.

Lūdzu, neatlieciet šo pārbaudi. Apstiprināšanas process ir pieejams konta pārbaudes sadaļā.

Ar cieņu,
Drošības nodaļa.",phishing
Konta piekļuves problēma,"Cienījamais lietotāj!

Pēdējās konta darbības dēļ nepieciešama papildu pārbaude. Lai turpinātu izmantot pakalpojumu, jāapstiprina jūsu informācija. Pārbaudes termiņš ir ierobežots.

Izmantojiet konta pārbaudes iespēju, lai turpinātu.

Paldies par sapratni.",phishing
Neparasta aktivitāte kontā,"Svarīgs paziņojums!

Sistēma nevarēja automātiski apstiprināt pēdējo darbību. Veiciet norādīto pārbaudi, lai atjaunotu pilnu piekļuvi. Ja darbība netiks apstiprināta, konta izmantošana var būt ierobežota.

Pabeidziet pārbaudi, izmantojot drošības sadaļu.

Ar cieņu,
Konta drošības komanda.",phishing
Paziņojums par konta darbību,"Labdien, cienījamais klient!

Vēlamies informēt par izmaiņām jūsu konta drošības statusā. Automātiskā sistēma ir atzīmējusi jūsu kontu pārbaudei.

Veiciet norādīto pārbaudi, lai atjaunotu pilnu piekļuvi. Pabeidziet pārbaudi, izmantojot drošības sadaļu.

Ja pārbaude netiks veikta, piekļuve kontam var tikt ierobežota.

Ar cieņu,
Drošības nodaļa.",phishing
Nepieciešama konta pārbaude,"Svarīgs paziņojums!

Ir konstatēta iespējama neatbilstība konta informācijā. Lūdzu, apstipriniet savu konta informāciju. Lūdzu, neatlieciet šo pārbaudi.

Lai turpinātu, izmantojiet norādīto pārbaudes iespēju.

Paldies par sadarbību.",phishing
Apstipriniet konta informāciju,"Labdien, cienījamais klient!

Mūsu sistēma ir konstatējusi neparastu aktivitāti jūsu kontā.

Pārbaude tiek veikta drošības nolūkos. Lūdzu, pabeidziet drošības pārbaudi.

Šo darbību nepieciešams veikt pēc iespējas ātrāk. Lai turpinātu, izmantojiet norādīto pārbaudes iespēju.

Ar cieņu,
Atbalsta komanda.",phishing
Konta darbības apstiprināšana,"Labdien, cienījamais klient!

Jūsu konta drošības statuss ir jāapstiprina.

Paziņojums ir nosūtīts automātiski. Lai atjaunotu piekļuvi, nepieciešams apstiprināt konta statusu.

Pārbaudi ieteicams pabeigt tuvākajā laikā. Izmantojiet konta pārbaudes iespēju, lai turpinātu.

Ar cieņu,
Klientu apkalpošanas nodaļa.",phishing
Steidzams paziņojums,"Sveiki, klient!

Jūsu profils pašlaik gaida papildu pārbaudi. Lai turpinātu izmantot pakalpojumu, jāapstiprina jūsu informācija. Ja darbība netiks apstiprināta, konta izmantošana var būt ierobežota.

Lai atjaunotu piekļuvi, turpiniet ar konta pārbaudi.

Ar cieņu,
Konta drošības komanda.",phishing
Svarīgs drošības paziņojums,"Sveiki, klient!

Vēlamies informēt par izmaiņām jūsu konta drošības statusā. Jūsu konta drošības statuss ir jāapstiprina.

Lūdzu, pārbaudiet norādīto informāciju un apstipriniet darbību. Apstiprināšanas process ir pieejams konta pārbaudes sadaļā.

Lūdzu, pievērsiet šim paziņojumam uzmanību.

Paldies par sapratni.",phishing
Paziņojums par konta darbību,"Cienījamais klient!

Svarīga informācija par jūsu kontu.

Drošības sistēma ir pamanījusi aizdomīgu darbību. Atbildēt uz šo ziņojumu nav nepieciešams.

Veiciet norādīto pārbaudi, lai atjaunotu pilnu piekļuvi.
Izmantojiet konta pārbaudes iespēju, lai turpinātu.

Nepieciešams rīkoties pirms konta statusa maiņas.

Ar cieņu,
Atbalsta komanda.",phishing
Nepieciešama konta pārbaude,"Cienījamais klient!

Vēlamies informēt par izmaiņām jūsu konta drošības statusā. Mūsu sistēma ir konstatējusi neparastu aktivitāti jūsu kontā.

Lūdzu, veiciet nepieciešamo pārbaudi pēc iespējas ātrāk. Lai atjaunotu piekļuvi, turpiniet ar konta pārbaudi.

Ja pārbaude netiks veikta, piekļuve kontam var tikt ierobežota.

Ar cieņu,
Klientu apkalpošanas nodaļa.",phishing
Konta darbības apstiprināšana,"Sveiki, klient!

Automātiskā sistēma ir atzīmējusi jūsu kontu pārbaudei. Lai turpinātu izmantot pakalpojumu, jāapstiprina jūsu informācija. Pretējā gadījumā var tikt piemēroti papildu drošības ierobežojumi.

Izmantojiet konta pārbaudes iespēju, lai turpinātu.

Paldies par sapratni.",phishing
Nepieciešams apstiprinājums,"Sveiki!

Svarīga informācija par jūsu kontu.

Jūsu konta drošības statuss ir jāapstiprina. Šis ir automātiski nosūtīts paziņojums.

Nepieciešams apstiprināt, ka konts joprojām pieder jums.
Lai atjaunotu piekļuvi, turpiniet ar konta pārbaudi.

Pretējā gadījumā dažas konta funkcijas var kļūt nepieejamas.

Ar cieņu,
Klientu apkalpošanas nodaļa.",phishing
Brīdinājums par kontu,"Cienījamais klient!

Ir konstatēta darbība, kuru nepieciešams apstiprināt.
Veiciet norādīto pārbaudi, lai atjaunotu pilnu piekļuvi.

Drošības pārbaude ir nepieciešama, lai aizsargātu jūsu kontu.

Pārbaudes termiņš ir ierobežots. Konta pārbaudi var pabeigt, izmantojot zemāk norādīto darbību.

Ar cieņu,
Konta drošības komanda.",phishing
Jūsu profils ir jāatjauno,"Labdien!

Vēlamies informēt par izmaiņām jūsu konta drošības statusā. Ir konstatēta darbība, kuru nepieciešams apstiprināt.

Lūdzu, veiciet nepieciešamo pārbaudi pēc iespējas ātrāk. Pabeidziet pārbaudi, izmantojot drošības sadaļu.

Lūdzu, neatlieciet šo pārbaudi.

Paldies par sapratni.",phishing
Drošības pārbaude,"Labdien!

Kontam ir nepieciešama papildu drošības pārbaude. Lūdzu, pārbaudiet norādīto informāciju un apstipriniet darbību. Nepieciešams rīkoties pirms konta statusa maiņas.

Lai atjaunotu piekļuvi, turpiniet ar konta pārbaudi.

Paldies, ka izmantojat mūsu pakalpojumus.",phishing
Jūsu konts ir ierobežots,"Cienījamais klient!

Kontam ir nepieciešama papildu drošības pārbaude. Nepieciešams apstiprināt, ka konts joprojām pieder jums. Pretējā gadījumā dažas konta funkcijas var kļūt nepieejamas.

Lai turpinātu, izmantojiet norādīto pārbaudes iespēju.

Paldies, ka izmantojat mūsu pakalpojumus.",phishing
Nepieciešama konta pārbaude,"Labdien!

Kontam ir nepieciešama papildu drošības pārbaude. Lūdzu, pārbaudiet norādīto informāciju un apstipriniet darbību. Lūdzu, neatlieciet šo pārbaudi.

Lai apstiprinātu informāciju, atveriet pārbaudes sadaļu.

Ar cieņu,
Drošības nodaļa.",phishing
Pēdējais atgādinājums par kontu,"Cienījamais klient!

Vēlamies informēt par izmaiņām jūsu konta drošības statusā. Mūsu sistēma ir konstatējusi neparastu aktivitāti jūsu kontā.

Lai turpinātu izmantot pakalpojumu, jāapstiprina jūsu informācija. Pabeidziet pārbaudi, izmantojot drošības sadaļu.

Ja pārbaude netiks veikta, piekļuve kontam var tikt ierobežota.

Paldies par sapratni.",phishing
Neparasta aktivitāte kontā,"Labdien!

Svarīga informācija par jūsu kontu.

Pēdējās konta darbības dēļ nepieciešama papildu pārbaude. Pārbaude tiek veikta drošības nolūkos.

Nepieciešams apstiprināt, ka konts joprojām pieder jums.
Apstiprināšanas process ir pieejams konta pārbaudes sadaļā.

Pārbaudes termiņš ir ierobežots.

Paldies, ka izmantojat mūsu pakalpojumus.",phishing
Drošības sistēmas brīdinājums,"Svarīgs paziņojums!

Svarīga informācija par jūsu kontu.

Jūsu konta drošības statuss ir jāapstiprina. Papildu informācija par pārbaudi ir pieejama konta sadaļā.

Veiciet norādīto pārbaudi, lai atjaunotu pilnu piekļuvi.
Konta pārbaudi var pabeigt, izmantojot zemāk norādīto darbību.

Lūdzu, neatlieciet šo pārbaudi.

Ar cieņu,
Klientu apkalpošanas nodaļa.",phishing
Nepieciešams apstiprinājums,"Sveiki, klient!

Mūsu sistēma ir konstatējusi neparastu aktivitāti jūsu kontā.
Lai izvairītos no piekļuves ierobežošanas, apstipriniet konta datus.

Drošības pārbaude ir nepieciešama, lai aizsargātu jūsu kontu.

Pārbaudes termiņš ir ierobežots. Konta pārbaudi var pabeigt, izmantojot zemāk norādīto darbību.

Ar cieņu,
Klientu apkalpošanas nodaļa.",phishing
Konta darbības apstiprināšana,"Sveiki!

Svarīga informācija par jūsu kontu.

Ir konstatēta iespējama neatbilstība konta informācijā. Papildu informācija par pārbaudi ir pieejama konta sadaļā.

Veiciet norādīto pārbaudi, lai atjaunotu pilnu piekļuvi.
Apstiprināšanas process ir pieejams konta pārbaudes sadaļā.

Pārbaudi ieteicams pabeigt tuvākajā laikā.

Ar cieņu,
Drošības nodaļa.",phishing
Svarīgs drošības paziņojums,"Labdien, cienījamais klient!

Mūsu sistēmā ir reģistrēta neparasta piekļuves darbība. Lai atjaunotu piekļuvi, nepieciešams apstiprināt konta statusu. Pretējā gadījumā var tikt piemēroti papildu drošības ierobežojumi.

Lai atjaunotu piekļuvi, turpiniet ar konta pārbaudi.

Ar cieņu,
Drošības nodaļa.",phishing
Brīdinājums par kontu,"Cienījamais klient!

Vēlamies informēt par izmaiņām jūsu konta drošības statusā. Mūsu sistēma ir konstatējusi neparastu aktivitāti jūsu kontā.

Nepieciešams apstiprināt, ka konts joprojām pieder jums. Lai turpinātu, izmantojiet norādīto pārbaudes iespēju.

Nepieciešams rīkoties pirms konta statusa maiņas.

Paldies par sapratni.",phishing
Jūsu konts ir ierobežots,"Svarīgs paziņojums!

Svarīga informācija par jūsu kontu.

Jūsu konta drošības statuss ir jāapstiprina. Drošības pārbaude ir nepieciešama, lai aizsargātu jūsu kontu.

Lūdzu, apstipriniet savu konta informāciju.
Konta pārbaudi var pabeigt, izmantojot zemāk norādīto darbību.

Lūdzu, pievērsiet šim paziņojumam uzmanību.

Ar cieņu,
Atbalsta komanda.",phishing
Neparasta aktivitāte kontā,"Labdien!

Kontam ir nepieciešama papildu drošības pārbaude.

Šis ir automātiski nosūtīts paziņojums. Lūdzu, apstipriniet savu konta informāciju.

Pretējā gadījumā var tikt piemēroti papildu drošības ierobežojumi. Apstiprināšanas process ir pieejams konta pārbaudes sadaļā.

Paldies, ka izmantojat mūsu pakalpojumus.",phishing
Jūsu kontam nepieciešama pārbaude,"Labdien!

Vēlamies informēt par izmaiņām jūsu konta drošības statusā. Ir konstatēta darbība, kuru nepieciešams apstiprināt.

Veiciet norādīto pārbaudi, lai atjaunotu pilnu piekļuvi. Pabeidziet pārbaudi, izmantojot drošības sadaļu.

Pārbaudes termiņš ir ierobežots.

Paldies par sadarbību.",phishing
Konta darbības apstiprināšana,"Cienījamais klient!

Vēlamies informēt par izmaiņām jūsu konta drošības statusā. Mūsu sistēma ir konstatējusi neparastu aktivitāti jūsu kontā.

Lūdzu, veiciet nepieciešamo pārbaudi pēc iespējas ātrāk. Lai atjaunotu piekļuvi, turpiniet ar konta pārbaudi.

Nepieciešams rīkoties pirms konta statusa maiņas.

Ar cieņu,
Konta drošības komanda.",phishing
Nepieciešama tūlītēja darbība,"Cienījamais lietotāj!

Automātiskās pārbaudes laikā tika konstatēta nepieciešamība atjaunināt informāciju.
Lūdzu, veiciet nepieciešamo pārbaudi pēc iespējas ātrāk.

Šī darbība ir saistīta ar jūsu konta drošību.

Ja darbība netiks apstiprināta, konta izmantošana var būt ierobežota. Pabeidziet pārbaudi, izmantojot drošības sadaļu.

Paldies par sadarbību.",phishing
Brīdinājums par kontu,"Svarīgs paziņojums!

Automātiskā sistēma ir atzīmējusi jūsu kontu pārbaudei.

Atbildēt uz šo ziņojumu nav nepieciešams. Lūdzu, veiciet nepieciešamo pārbaudi pēc iespējas ātrāk.

Šo darbību nepieciešams veikt pēc iespējas ātrāk. Konta pārbaudi var pabeigt, izmantojot zemāk norādīto darbību.

Ar cieņu,
Drošības nodaļa.",phishing
Nepieciešams apstiprinājums,"Sveiki, klient!

Svarīga informācija par jūsu kontu.

Drošības sistēma ir pamanījusi aizdomīgu darbību. Atbildēt uz šo ziņojumu nav nepieciešams.

Lūdzu, pārbaudiet norādīto informāciju un apstipriniet darbību.
Lai apstiprinātu informāciju, atveriet pārbaudes sadaļu.

Nepieciešams rīkoties pirms konta statusa maiņas.

Paldies par sapratni.",phishing
Svarīga informācija par jūsu kontu,"Cienījamais klient!

Kontam ir nepieciešama papildu drošības pārbaude.

Pārbaude tiek veikta drošības nolūkos. Lūdzu, pabeidziet drošības pārbaudi.

Pretējā gadījumā dažas konta funkcijas var kļūt nepieejamas. Konta pārbaudi var pabeigt, izmantojot zemāk norādīto darbību.

Ar cieņu,
Drošības nodaļa.",phishing
Pēdējais atgādinājums par kontu,"Labdien!

Vēlamies informēt par izmaiņām jūsu konta drošības statusā. Pēdējās konta darbības dēļ nepieciešama papildu pārbaude.

Lai atjaunotu piekļuvi, nepieciešams apstiprināt konta statusu. Izmantojiet konta pārbaudes iespēju, lai turpinātu.

Lūdzu, pievērsiet šim paziņojumam uzmanību.

Ar cieņu,
Atbalsta komanda.",phishing
Svarīga informācija par jūsu kontu,"Labdien!

Automātiskā sistēma ir atzīmējusi jūsu kontu pārbaudei. Veiciet norādīto pārbaudi, lai atjaunotu pilnu piekļuvi. Lūdzu, neatlieciet šo pārbaudi.

Lai atjaunotu piekļuvi, turpiniet ar konta pārbaudi.

Paldies, ka izmantojat mūsu pakalpojumus.",phishing
Steidzams paziņojums,"Sveiki, klient!

Mūsu sistēmā ir reģistrēta neparasta piekļuves darbība.

Papildu informācija par pārbaudi ir pieejama konta sadaļā. Lai turpinātu izmantot pakalpojumu, jāapstiprina jūsu informācija.

Šo darbību nepieciešams veikt pēc iespējas ātrāk. Pabeidziet pārbaudi, izmantojot drošības sadaļu.

Ar cieņu,
Klientu apkalpošanas nodaļa.",phishing
Jūsu konts ir ierobežots,"Svarīgs paziņojums!

Mūsu sistēmā ir reģistrēta neparasta piekļuves darbība.
Nepieciešams apstiprināt, ka konts joprojām pieder jums.

Pārbaude tiek veikta drošības nolūkos.

Nepieciešams rīkoties pirms konta statusa maiņas. Konta pārbaudi var pabeigt, izmantojot zemāk norādīto darbību.

Ar cieņu,
Drošības nodaļa.",phishing
Jūsu konts ir ierobežots,"Cienījamais klient!

Ir konstatēta iespējama neatbilstība konta informācijā.
Lai atjaunotu piekļuvi, nepieciešams apstiprināt konta statusu.

Papildu informācija par pārbaudi ir pieejama konta sadaļā.

Nepieciešams rīkoties pirms konta statusa maiņas. Konta pārbaudi var pabeigt, izmantojot zemāk norādīto darbību.

Ar cieņu,
Atbalsta komanda.",phishing
Drošības pārbaude,"Labdien!

Svarīga informācija par jūsu kontu.

Ir konstatēta iespējama neatbilstība konta informācijā. Lūdzu, saglabājiet šo paziņojumu turpmākai atsaucei.

Lūdzu, pabeidziet drošības pārbaudi.
Lai apstiprinātu informāciju, atveriet pārbaudes sadaļu.

Pārbaudes termiņš ir ierobežots.

Paldies, ka izmantojat mūsu pakalpojumus.",phishing
Nepieciešams apstiprinājums,"Cienījamais klient!

Jūsu konta drošības statuss ir jāapstiprina.

Pārbaude tiek veikta drošības nolūkos. Lai turpinātu izmantot pakalpojumu, jāapstiprina jūsu informācija.

Lūdzu, pievērsiet šim paziņojumam uzmanību. Lai apstiprinātu informāciju, atveriet pārbaudes sadaļu.

Ar cieņu,
Konta drošības komanda.",phishing
Identitātes pārbaude,"Svarīgs paziņojums!

Vēlamies informēt par izmaiņām jūsu konta drošības statusā. Ir konstatēta darbība, kuru nepieciešams apstiprināt.

Lai turpinātu izmantot pakalpojumu, jāapstiprina jūsu informācija. Lai apstiprinātu informāciju, atveriet pārbaudes sadaļu.

Pārbaudes termiņš ir ierobežots.

Ar cieņu,
Konta drošības komanda.",phishing
Jūsu profils ir jāatjauno,"Labdien, cienījamais klient!

Jūsu profils pašlaik gaida papildu pārbaudi.

Lūdzu, saglabājiet šo paziņojumu turpmākai atsaucei. Lai izvairītos no piekļuves ierobežošanas, apstipriniet konta datus.

Pretējā gadījumā var tikt piemēroti papildu drošības ierobežojumi. Pabeidziet pārbaudi, izmantojot drošības sadaļu.

Paldies par sapratni.",phishing
Jūsu konts ir ierobežots,"Svarīgs paziņojums!

Svarīga informācija par jūsu kontu.

Pēdējās konta darbības dēļ nepieciešama papildu pārbaude. Lūdzu, saglabājiet šo paziņojumu turpmākai atsaucei.

Lūdzu, pārbaudiet norādīto informāciju un apstipriniet darbību.
Konta pārbaudi var pabeigt, izmantojot zemāk norādīto darbību.

Pretējā gadījumā dažas konta funkcijas var kļūt nepieejamas.

Ar cieņu,
Drošības nodaļa.",phishing
Neapstiprināta darbība,"Cienījamais klient!

Vēlamies informēt par izmaiņām jūsu konta drošības statusā. Kontam ir nepieciešama papildu drošības pārbaude.

Veiciet norādīto pārbaudi, lai atjaunotu pilnu piekļuvi. Pabeidziet pārbaudi, izmantojot drošības sadaļu.

Ja pārbaude netiks veikta, piekļuve kontam var tikt ierobežota.

Paldies par sadarbību.",phishing
Piekļuves atjaunošana,"Labdien, cienījamais klient!

Ir konstatēta darbība, kuru nepieciešams apstiprināt.
Lūdzu, apstipriniet savu konta informāciju.

Šī darbība ir saistīta ar jūsu konta drošību.

Ja pārbaude netiks veikta, piekļuve kontam var tikt ierobežota. Pabeidziet pārbaudi, izmantojot drošības sadaļu.

Paldies par sapratni.",phishing
Konta darbības apstiprināšana,"Labdien!

Vēlamies informēt par izmaiņām jūsu konta drošības statusā. Jūsu profils pašlaik gaida papildu pārbaudi.

Lūdzu, pabeidziet drošības pārbaudi. Lai turpinātu, izmantojiet norādīto pārbaudes iespēju.

Pretējā gadījumā var tikt piemēroti papildu drošības ierobežojumi.

Paldies par sadarbību.",phishing
Maksājuma apstiprināšana,"Sveiki!

Mūsu sistēma ir konstatējusi neparastu aktivitāti jūsu kontā.
Lūdzu, veiciet nepieciešamo pārbaudi pēc iespējas ātrāk.

Atbildēt uz šo ziņojumu nav nepieciešams.

Nepieciešams rīkoties pirms konta statusa maiņas. Konta pārbaudi var pabeigt, izmantojot zemāk norādīto darbību.

Paldies, ka izmantojat mūsu pakalpojumus.",phishing
Svarīgs drošības paziņojums,"Sveiki, klient!

Mūsu sistēmā ir reģistrēta neparasta piekļuves darbība.

Drošības pārbaude ir nepieciešama, lai aizsargātu jūsu kontu. Veiciet norādīto pārbaudi, lai atjaunotu pilnu piekļuvi.

Pretējā gadījumā dažas konta funkcijas var kļūt nepieejamas. Pabeidziet pārbaudi, izmantojot drošības sadaļu.

Ar cieņu,
Konta drošības komanda.",phishing
Drošības sistēmas brīdinājums,"Cienījamais klient!

Vēlamies informēt par izmaiņām jūsu konta drošības statusā. Jūsu profils pašlaik gaida papildu pārbaudi.

Lūdzu, pārbaudiet norādīto informāciju un apstipriniet darbību. Pabeidziet pārbaudi, izmantojot drošības sadaļu.

Ja pārbaude netiks veikta, piekļuve kontam var tikt ierobežota.

Paldies par sadarbību.",phishing
Jūsu konts ir ierobežots,"Sveiki!

Ir konstatēta darbība, kuru nepieciešams apstiprināt.

Papildu informācija par pārbaudi ir pieejama konta sadaļā. Lūdzu, pabeidziet drošības pārbaudi.

Nepieciešams rīkoties pirms konta statusa maiņas. Lai apstiprinātu informāciju, atveriet pārbaudes sadaļu.

Ar cieņu,
Drošības nodaļa.",phishing
Neapstiprināta darbība,"Labdien!

Mūsu sistēmā ir reģistrēta neparasta piekļuves darbība. Veiciet norādīto pārbaudi, lai atjaunotu pilnu piekļuvi. Lūdzu, pievērsiet šim paziņojumam uzmanību.

Izmantojiet konta pārbaudes iespēju, lai turpinātu.

Paldies par sadarbību.",phishing
Neapstiprināta darbība,"Labdien!

Mūsu sistēma ir konstatējusi neparastu aktivitāti jūsu kontā.

Pārbaude tiek veikta drošības nolūkos. Lai atjaunotu piekļuvi, nepieciešams apstiprināt konta statusu.

Lūdzu, pievērsiet šim paziņojumam uzmanību. Pabeidziet pārbaudi, izmantojot drošības sadaļu.

Ar cieņu,
Klientu apkalpošanas nodaļa.",phishing
Darījuma pārbaude,"Cienījamais lietotāj!

Drošības sistēma ir pamanījusi aizdomīgu darbību.

Lūdzu, saglabājiet šo paziņojumu turpmākai atsaucei. Lai turpinātu izmantot pakalpojumu, jāapstiprina jūsu informācija.

Pretējā gadījumā dažas konta funkcijas var kļūt nepieejamas. Pabeidziet pārbaudi, izmantojot drošības sadaļu.

Ar cieņu,
Atbalsta komanda.",phishing
Nepieciešams apstiprinājums,"Labdien!

Kontam ir nepieciešama papildu drošības pārbaude. Lūdzu, veiciet nepieciešamo pārbaudi pēc iespējas ātrāk. Pārbaudes termiņš ir ierobežots.

Lai atjaunotu piekļuvi, turpiniet ar konta pārbaudi.

Ar cieņu,
Konta drošības komanda.",phishing
Apstipriniet konta informāciju,"Labdien, cienījamais klient!

Mūsu sistēma ir konstatējusi neparastu aktivitāti jūsu kontā. Veiciet norādīto pārbaudi, lai atjaunotu pilnu piekļuvi. Nepieciešams rīkoties pirms konta statusa maiņas.

Pabeidziet pārbaudi, izmantojot drošības sadaļu.

Paldies, ka izmantojat mūsu pakalpojumus.",phishing
Neparasta aktivitāte kontā,"Cienījamais lietotāj!

Vēlamies informēt par izmaiņām jūsu konta drošības statusā. Jūsu konta drošības statuss ir jāapstiprina.

Lai atjaunotu piekļuvi, nepieciešams apstiprināt konta statusu. Pabeidziet pārbaudi, izmantojot drošības sadaļu.

Lūdzu, pievērsiet šim paziņojumam uzmanību.

Ar cieņu,
Atbalsta komanda.",phishing
Nepieciešama tūlītēja darbība,"Labdien, cienījamais klient!

Ir konstatēta darbība, kuru nepieciešams apstiprināt. Lai turpinātu izmantot pakalpojumu, jāapstiprina jūsu informācija. Nepieciešams rīkoties pirms konta statusa maiņas.

Konta pārbaudi var pabeigt, izmantojot zemāk norādīto darbību.

Ar cieņu,
Drošības nodaļa.",phishing
Brīdinājums par kontu,"Sveiki!

Svarīga informācija par jūsu kontu.

Jūsu konta drošības statuss ir jāapstiprina. Šī darbība ir saistīta ar jūsu konta drošību.

Lai atjaunotu piekļuvi, nepieciešams apstiprināt konta statusu.
Lai turpinātu, izmantojiet norādīto pārbaudes iespēju.

Ja pārbaude netiks veikta, piekļuve kontam var tikt ierobežota.

Paldies par sadarbību.",phishing
Jūsu kontam nepieciešama pārbaude,"Cienījamais klient!

Automātiskās pārbaudes laikā tika konstatēta nepieciešamība atjaunināt informāciju.
Lūdzu, pabeidziet drošības pārbaudi.

Šī darbība ir saistīta ar jūsu konta drošību.

Ja pārbaude netiks veikta, piekļuve kontam var tikt ierobežota. Lai apstiprinātu informāciju, atveriet pārbaudes sadaļu.

Ar cieņu,
Drošības nodaļa.",phishing
Svarīgs drošības paziņojums,"Cienījamais lietotāj!

Drošības sistēma ir pamanījusi aizdomīgu darbību.
Lūdzu, pārbaudiet norādīto informāciju un apstipriniet darbību.

Lūdzu, saglabājiet šo paziņojumu turpmākai atsaucei.

Nepieciešams rīkoties pirms konta statusa maiņas. Konta pārbaudi var pabeigt, izmantojot zemāk norādīto darbību.

Paldies par sadarbību.",phishing
Konta pārbaudes termiņš,"Labdien!

Svarīga informācija par jūsu kontu.

Mūsu sistēmā ir reģistrēta neparasta piekļuves darbība. Šis ir automātiski nosūtīts paziņojums.

Lai turpinātu izmantot pakalpojumu, jāapstiprina jūsu informācija.
Konta pārbaudi var pabeigt, izmantojot zemāk norādīto darbību.

Pretējā gadījumā dažas konta funkcijas var kļūt nepieejamas.

Ar cieņu,
Konta drošības komanda.",phishing
Neapstiprināta darbība,"Sveiki, klient!

Sistēma nevarēja automātiski apstiprināt pēdējo darbību.
Lūdzu, apstipriniet savu konta informāciju.

Drošības pārbaude ir nepieciešama, lai aizsargātu jūsu kontu.

Ja darbība netiks apstiprināta, konta izmantošana var būt ierobežota. Lai atjaunotu piekļuvi, turpiniet ar konta pārbaudi.

Paldies par sadarbību.",phishing
Neapstiprināta darbība,"Cienījamais lietotāj!

Automātiskās pārbaudes laikā tika konstatēta nepieciešamība atjaunināt informāciju.

Drošības pārbaude ir nepieciešama, lai aizsargātu jūsu kontu. Veiciet norādīto pārbaudi, lai atjaunotu pilnu piekļuvi.

Nepieciešams rīkoties pirms konta statusa maiņas. Izmantojiet konta pārbaudes iespēju, lai turpinātu.

Ar cieņu,
Konta drošības komanda.",phishing
Neapstiprināta darbība,"Labdien, cienījamais klient!

Vēlamies informēt par izmaiņām jūsu konta drošības statusā. Automātiskā sistēma ir atzīmējusi jūsu kontu pārbaudei.

Veiciet norādīto pārbaudi, lai atjaunotu pilnu piekļuvi. Izmantojiet konta pārbaudes iespēju, lai turpinātu.

Pārbaudes termiņš ir ierobežots.

Paldies par sadarbību.",phishing
Darījuma pārbaude,"Sveiki, klient!

Kontam ir nepieciešama papildu drošības pārbaude. Lai turpinātu izmantot pakalpojumu, jāapstiprina jūsu informācija. Pārbaudi ieteicams pabeigt tuvākajā laikā.

Lai turpinātu, izmantojiet norādīto pārbaudes iespēju.

Ar cieņu,
Klientu apkalpošanas nodaļa.",phishing
Neparasta aktivitāte kontā,"Cienījamais lietotāj!

Vēlamies informēt par izmaiņām jūsu konta drošības statusā. Mūsu sistēma ir konstatējusi neparastu aktivitāti jūsu kontā.

Lūdzu, apstipriniet savu konta informāciju. Lai apstiprinātu informāciju, atveriet pārbaudes sadaļu.

Ja pārbaude netiks veikta, piekļuve kontam var tikt ierobežota.

Ar cieņu,
Drošības nodaļa.",phishing
Konta pārbaudes termiņš,"Cienījamais lietotāj!

Automātiskā sistēma ir atzīmējusi jūsu kontu pārbaudei. Nepieciešams apstiprināt, ka konts joprojām pieder jums. Pretējā gadījumā var tikt piemēroti papildu drošības ierobežojumi.

Lai apstiprinātu informāciju, atveriet pārbaudes sadaļu.

Ar cieņu,
Konta drošības komanda.",phishing
Pēdējais atgādinājums par kontu,"Cienījamais klient!

Mūsu sistēmā ir reģistrēta neparasta piekļuves darbība. Nepieciešams apstiprināt, ka konts joprojām pieder jums. Ja pārbaude netiks veikta, piekļuve kontam var tikt ierobežota.

Lai atjaunotu piekļuvi, turpiniet ar konta pārbaudi.

Paldies, ka izmantojat mūsu pakalpojumus.",phishing
Jūsu profils ir jāatjauno,"Labdien!

Vēlamies informēt par izmaiņām jūsu konta drošības statusā. Mūsu sistēma ir konstatējusi neparastu aktivitāti jūsu kontā.

Lai atjaunotu piekļuvi, nepieciešams apstiprināt konta statusu. Lai atjaunotu piekļuvi, turpiniet ar konta pārbaudi.

Šo darbību nepieciešams veikt pēc iespējas ātrāk.

Paldies, ka izmantojat mūsu pakalpojumus.",phishing
Svarīgs drošības paziņojums,"Cienījamais lietotāj!

Vēlamies informēt par izmaiņām jūsu konta drošības statusā. Pēdējās konta darbības dēļ nepieciešama papildu pārbaude.

Lai turpinātu izmantot kontu, nepieciešams veikt pārbaudi. Pabeidziet pārbaudi, izmantojot drošības sadaļu.

Pretējā gadījumā var tikt piemēroti papildu drošības ierobežojumi.

Ar cieņu,
Konta drošības komanda.",phishing
Nepieciešams apstiprinājums,"Labdien!

Jūsu konta drošības statuss ir jāapstiprina.

Drošības pārbaude ir nepieciešama, lai aizsargātu jūsu kontu. Lai atjaunotu piekļuvi, nepieciešams apstiprināt konta statusu.

Pārbaudi ieteicams pabeigt tuvākajā laikā. Izmantojiet konta pārbaudes iespēju, lai turpinātu.

Ar cieņu,
Atbalsta komanda.",phishing
Nepieciešama tūlītēja darbība,"Cienījamais klient!

Jūsu konta drošības statuss ir jāapstiprina.
Lūdzu, veiciet nepieciešamo pārbaudi pēc iespējas ātrāk.

Paziņojums ir nosūtīts automātiski.

Pretējā gadījumā dažas konta funkcijas var kļūt nepieejamas. Konta pārbaudi var pabeigt, izmantojot zemāk norādīto darbību.

Ar cieņu,
Konta drošības komanda.",phishing
Steidzams paziņojums,"Labdien, cienījamais klient!

Mūsu sistēma ir konstatējusi neparastu aktivitāti jūsu kontā.

Pārbaude tiek veikta drošības nolūkos. Nepieciešams apstiprināt, ka konts joprojām pieder jums.

Ja darbība netiks apstiprināta, konta izmantošana var būt ierobežota. Lai apstiprinātu informāciju, atveriet pārbaudes sadaļu.

Paldies, ka izmantojat mūsu pakalpojumus.",phishing
Jūsu profils ir jāatjauno,"Sveiki!

Automātiskās pārbaudes laikā tika konstatēta nepieciešamība atjaunināt informāciju. Lūdzu, apstipriniet savu konta informāciju. Ja pārbaude netiks veikta, piekļuve kontam var tikt ierobežota.

Lai turpinātu, izmantojiet norādīto pārbaudes iespēju.

Ar cieņu,
Klientu apkalpošanas nodaļa.",phishing
Apstipriniet konta informāciju,"Labdien!

Pēdējās konta darbības dēļ nepieciešama papildu pārbaude.

Šis ir automātiski nosūtīts paziņojums. Lūdzu, pārbaudiet norādīto informāciju un apstipriniet darbību.

Pārbaudi ieteicams pabeigt tuvākajā laikā. Apstiprināšanas process ir pieejams konta pārbaudes sadaļā.

Paldies par sadarbību.",phishing
Apstipriniet konta informāciju,"Labdien!

Svarīga informācija par jūsu kontu.

Jūsu konta drošības statuss ir jāapstiprina. Šis ir automātiski nosūtīts paziņojums.

Lūdzu, pārbaudiet norādīto informāciju un apstipriniet darbību.
Lai apstiprinātu informāciju, atveriet pārbaudes sadaļu.

Pārbaudes termiņš ir ierobežots.

Ar cieņu,
Atbalsta komanda.",phishing
Steidzams paziņojums,"Cienījamais klient!

Svarīga informācija par jūsu kontu.

Mūsu sistēmā ir reģistrēta neparasta piekļuves darbība. Šī darbība ir saistīta ar jūsu konta drošību.

Lūdzu, pabeidziet drošības pārbaudi.
Lai turpinātu, izmantojiet norādīto pārbaudes iespēju.

Pretējā gadījumā dažas konta funkcijas var kļūt nepieejamas.

Paldies par sadarbību.",phishing
Pēdējais atgādinājums par kontu,"Sveiki, klient!

Mūsu sistēma ir konstatējusi neparastu aktivitāti jūsu kontā. Lai atjaunotu piekļuvi, nepieciešams apstiprināt konta statusu. Lūdzu, neatlieciet šo pārbaudi.

Apstiprināšanas process ir pieejams konta pārbaudes sadaļā.

Ar cieņu,
Drošības nodaļa.",phishing
Konta darbības apstiprināšana,"Cienījamais klient!

Ir konstatēta darbība, kuru nepieciešams apstiprināt. Lūdzu, pabeidziet drošības pārbaudi. Lūdzu, pievērsiet šim paziņojumam uzmanību.

Lai atjaunotu piekļuvi, turpiniet ar konta pārbaudi.

Ar cieņu,
Klientu apkalpošanas nodaļa.",phishing
Darījuma pārbaude,"Cienījamais lietotāj!

Svarīga informācija par jūsu kontu.

Jūsu profils pašlaik gaida papildu pārbaudi. Lūdzu, saglabājiet šo paziņojumu turpmākai atsaucei.

Lūdzu, pārbaudiet norādīto informāciju un apstipriniet darbību.
Pabeidziet pārbaudi, izmantojot drošības sadaļu.

Pārbaudes termiņš ir ierobežots.

Ar cieņu,
Drošības nodaļa.",phishing
Jūsu kontam nepieciešama pārbaude,"Labdien!

Automātiskās pārbaudes laikā tika konstatēta nepieciešamība atjaunināt informāciju.

Pārbaude tiek veikta drošības nolūkos. Lūdzu, pārbaudiet norādīto informāciju un apstipriniet darbību.

Šo darbību nepieciešams veikt pēc iespējas ātrāk. Izmantojiet konta pārbaudes iespēju, lai turpinātu.

Ar cieņu,
Klientu apkalpošanas nodaļa.",phishing
Jūsu kontam nepieciešama pārbaude,"Sveiki!

Pēdējās konta darbības dēļ nepieciešama papildu pārbaude.
Lūdzu, pārbaudiet norādīto informāciju un apstipriniet darbību.

Papildu informācija par pārbaudi ir pieejama konta sadaļā.

Pārbaudes termiņš ir ierobežots. Pabeidziet pārbaudi, izmantojot drošības sadaļu.

Ar cieņu,
Klientu apkalpošanas nodaļa.",phishing
Nepieciešama tūlītēja darbība,"Sveiki, klient!

Mūsu sistēma ir konstatējusi neparastu aktivitāti jūsu kontā.
Lūdzu, pārbaudiet norādīto informāciju un apstipriniet darbību.

Papildu informācija par pārbaudi ir pieejama konta sadaļā.

Lūdzu, neatlieciet šo pārbaudi. Izmantojiet konta pārbaudes iespēju, lai turpinātu.

Ar cieņu,
Klientu apkalpošanas nodaļa.",phishing
Jūsu konts ir ierobežots,"Svarīgs paziņojums!

Jūsu konta drošības statuss ir jāapstiprina.
Veiciet norādīto pārbaudi, lai atjaunotu pilnu piekļuvi.

Pārbaude tiek veikta drošības nolūkos.

Šo darbību nepieciešams veikt pēc iespējas ātrāk. Izmantojiet konta pārbaudes iespēju, lai turpinātu.

Paldies par sapratni.",phishing
Apstipriniet konta informāciju,"Labdien!

Jūsu konta drošības statuss ir jāapstiprina. Lai atjaunotu piekļuvi, nepieciešams apstiprināt konta statusu. Lūdzu, pievērsiet šim paziņojumam uzmanību.

Konta pārbaudi var pabeigt, izmantojot zemāk norādīto darbību.

Ar cieņu,
Atbalsta komanda.",phishing
Svarīga informācija par jūsu kontu,"Sveiki!

Automātiskā sistēma ir atzīmējusi jūsu kontu pārbaudei. Lūdzu, pārbaudiet norādīto informāciju un apstipriniet darbību. Šo darbību nepieciešams veikt pēc iespējas ātrāk.

Lai atjaunotu piekļuvi, turpiniet ar konta pārbaudi.

Paldies par sapratni.",phishing
Nepieciešams apstiprinājums,"Cienījamais lietotāj!

Sistēma nevarēja automātiski apstiprināt pēdējo darbību.

Lūdzu, saglabājiet šo paziņojumu turpmākai atsaucei. Nepieciešams apstiprināt, ka konts joprojām pieder jums.

Pretējā gadījumā dažas konta funkcijas var kļūt nepieejamas. Lai atjaunotu piekļuvi, turpiniet ar konta pārbaudi.

Ar cieņu,
Klientu apkalpošanas nodaļa.",phishing
Steidzams paziņojums,"Cienījamais lietotāj!

Vēlamies informēt par izmaiņām jūsu konta drošības statusā. Mūsu sistēma ir konstatējusi neparastu aktivitāti jūsu kontā.

Veiciet norādīto pārbaudi, lai atjaunotu pilnu piekļuvi. Pabeidziet pārbaudi, izmantojot drošības sadaļu.

Pretējā gadījumā var tikt piemēroti papildu drošības ierobežojumi.

Paldies par sapratni.",phishing
Darījuma pārbaude,"Labdien!

Drošības sistēma ir pamanījusi aizdomīgu darbību. Lai turpinātu izmantot pakalpojumu, jāapstiprina jūsu informācija. Pārbaudi ieteicams pabeigt tuvākajā laikā.

Lai atjaunotu piekļuvi, turpiniet ar konta pārbaudi.

Paldies par sadarbību.",phishing
Drošības pārbaude,"Labdien, cienījamais klient!

Ir konstatēta darbība, kuru nepieciešams apstiprināt. Lai izvairītos no piekļuves ierobežošanas, apstipriniet konta datus. Lūdzu, neatlieciet šo pārbaudi.

Lai apstiprinātu informāciju, atveriet pārbaudes sadaļu.

Ar cieņu,
Atbalsta komanda.",phishing
Pēdējais atgādinājums par kontu,"Sveiki, klient!

Automātiskās pārbaudes laikā tika konstatēta nepieciešamība atjaunināt informāciju.
Veiciet norādīto pārbaudi, lai atjaunotu pilnu piekļuvi.

Drošības pārbaude ir nepieciešama, lai aizsargātu jūsu kontu.

Pārbaudes termiņš ir ierobežots. Izmantojiet konta pārbaudes iespēju, lai turpinātu.

Paldies par sadarbību.",phishing
Konta pārbaudes termiņš,"Sveiki!

Kontam ir nepieciešama papildu drošības pārbaude.

Šis ir automātiski nosūtīts paziņojums. Lai atjaunotu piekļuvi, nepieciešams apstiprināt konta statusu.

Lūdzu, neatlieciet šo pārbaudi. Lai atjaunotu piekļuvi, turpiniet ar konta pārbaudi.

Ar cieņu,
Klientu apkalpošanas nodaļa.",phishing
Jūsu kontam nepieciešama pārbaude,"Sveiki!

Mūsu sistēma ir konstatējusi neparastu aktivitāti jūsu kontā.
Lūdzu, pārbaudiet norādīto informāciju un apstipriniet darbību.

Lūdzu, saglabājiet šo paziņojumu turpmākai atsaucei.

Nepieciešams rīkoties pirms konta statusa maiņas. Lai apstiprinātu informāciju, atveriet pārbaudes sadaļu.

Ar cieņu,
Konta drošības komanda.",phishing
Pēdējais atgādinājums par kontu,"Cienījamais klient!

Jūsu profils pašlaik gaida papildu pārbaudi.

Atbildēt uz šo ziņojumu nav nepieciešams. Lai izvairītos no piekļuves ierobežošanas, apstipriniet konta datus.

Pārbaudes termiņš ir ierobežots. Lai atjaunotu piekļuvi, turpiniet ar konta pārbaudi.

Ar cieņu,
Klientu apkalpošanas nodaļa.",phishing
Jūsu profils ir jāatjauno,"Cienījamais lietotāj!

Vēlamies informēt par izmaiņām jūsu konta drošības statusā. Mūsu sistēma ir konstatējusi neparastu aktivitāti jūsu kontā.

Lūdzu, apstipriniet savu konta informāciju. Lai apstiprinātu informāciju, atveriet pārbaudes sadaļu.

Ja darbība netiks apstiprināta, konta izmantošana var būt ierobežota.

Paldies par sapratni.",phishing
Konta piekļuves problēma,"Labdien!

Sistēma nevarēja automātiski apstiprināt pēdējo darbību.

Pārbaude tiek veikta drošības nolūkos. Lai izvairītos no piekļuves ierobežošanas, apstipriniet konta datus.

Pretējā gadījumā dažas konta funkcijas var kļūt nepieejamas. Konta pārbaudi var pabeigt, izmantojot zemāk norādīto darbību.

Paldies par sadarbību.",phishing
Identitātes pārbaude,"Sveiki, klient!

Kontam ir nepieciešama papildu drošības pārbaude. Lai turpinātu izmantot pakalpojumu, jāapstiprina jūsu informācija. Pārbaudes termiņš ir ierobežots.

Lai turpinātu, izmantojiet norādīto pārbaudes iespēju.

Paldies par sapratni.",phishing
Konta piekļuves problēma,"Sveiki, klient!

Svarīga informācija par jūsu kontu.

Jūsu profils pašlaik gaida papildu pārbaudi. Šis ir automātiski nosūtīts paziņojums.

Lai turpinātu izmantot kontu, nepieciešams veikt pārbaudi.
Izmantojiet konta pārbaudes iespēju, lai turpinātu.

Pretējā gadījumā var tikt piemēroti papildu drošības ierobežojumi.

Paldies, ka izmantojat mūsu pakalpojumus.",phishing
Konta darbības apstiprināšana,"Sveiki!

Svarīga informācija par jūsu kontu.

Sistēma nevarēja automātiski apstiprināt pēdējo darbību. Pārbaude tiek veikta drošības nolūkos.

Lūdzu, pabeidziet drošības pārbaudi.
Konta pārbaudi var pabeigt, izmantojot zemāk norādīto darbību.

Ja darbība netiks apstiprināta, konta izmantošana var būt ierobežota.

Paldies par sadarbību.",phishing
Nepieciešams apstiprinājums,"Labdien!

Svarīga informācija par jūsu kontu.

Ir konstatēta iespējama neatbilstība konta informācijā. Papildu informācija par pārbaudi ir pieejama konta sadaļā.

Lai turpinātu izmantot kontu, nepieciešams veikt pārbaudi.
Pabeidziet pārbaudi, izmantojot drošības sadaļu.

Pretējā gadījumā dažas konta funkcijas var kļūt nepieejamas.

Ar cieņu,
Drošības nodaļa.",phishing
Konta darbības apstiprināšana,"Labdien!

Svarīga informācija par jūsu kontu.

Automātiskās pārbaudes laikā tika konstatēta nepieciešamība atjaunināt informāciju. Drošības pārbaude ir nepieciešama, lai aizsargātu jūsu kontu.

Lūdzu, pabeidziet drošības pārbaudi.
Lai turpinātu, izmantojiet norādīto pārbaudes iespēju.

Pārbaudes termiņš ir ierobežots.

Ar cieņu,
Drošības nodaļa.",phishing
Jūsu konts ir ierobežots,"Labdien!

Sistēma nevarēja automātiski apstiprināt pēdējo darbību.

Papildu informācija par pārbaudi ir pieejama konta sadaļā. Lūdzu, pārbaudiet norādīto informāciju un apstipriniet darbību.

Nepieciešams rīkoties pirms konta statusa maiņas. Apstiprināšanas process ir pieejams konta pārbaudes sadaļā.

Ar cieņu,
Drošības nodaļa.",phishing
Svarīga informācija par jūsu kontu,"Labdien!

Vēlamies informēt par izmaiņām jūsu konta drošības statusā. Ir konstatēta darbība, kuru nepieciešams apstiprināt.

Lai turpinātu izmantot pakalpojumu, jāapstiprina jūsu informācija. Lai apstiprinātu informāciju, atveriet pārbaudes sadaļu.

Lūdzu, neatlieciet šo pārbaudi.

Ar cieņu,
Klientu apkalpošanas nodaļa.",phishing
Jūsu konts ir ierobežots,"Sveiki!

Svarīga informācija par jūsu kontu.

Jūsu profils pašlaik gaida papildu pārbaudi. Papildu informācija par pārbaudi ir pieejama konta sadaļā.

Lūdzu, pabeidziet drošības pārbaudi.
Lai atjaunotu piekļuvi, turpiniet ar konta pārbaudi.

Lūdzu, neatlieciet šo pārbaudi.

Ar cieņu,
Klientu apkalpošanas nodaļa.",phishing
Piekļuves atjaunošana,"Cienījamais klient!

Vēlamies informēt par izmaiņām jūsu konta drošības statusā. Drošības sistēma ir pamanījusi aizdomīgu darbību.

Nepieciešams apstiprināt, ka konts joprojām pieder jums. Apstiprināšanas process ir pieejams konta pārbaudes sadaļā.

Lūdzu, neatlieciet šo pārbaudi.

Ar cieņu,
Klientu apkalpošanas nodaļa.",phishing
Jūsu kontam nepieciešama pārbaude,"Svarīgs paziņojums!

Svarīga informācija par jūsu kontu.

Drošības sistēma ir pamanījusi aizdomīgu darbību. Lūdzu, saglabājiet šo paziņojumu turpmākai atsaucei.

Lai atjaunotu piekļuvi, nepieciešams apstiprināt konta statusu.
Izmantojiet konta pārbaudes iespēju, lai turpinātu.

Pārbaudes termiņš ir ierobežots.

Paldies par sapratni.",phishing
Konta piekļuves problēma,"Sveiki!

Svarīga informācija par jūsu kontu.

Automātiskās pārbaudes laikā tika konstatēta nepieciešamība atjaunināt informāciju. Šis ir automātiski nosūtīts paziņojums.

Lai atjaunotu piekļuvi, nepieciešams apstiprināt konta statusu.
Lai apstiprinātu informāciju, atveriet pārbaudes sadaļu.

Pretējā gadījumā dažas konta funkcijas var kļūt nepieejamas.

Paldies, ka izmantojat mūsu pakalpojumus.",phishing
Svarīga informācija par jūsu kontu,"Cienījamais klient!

Vēlamies informēt par izmaiņām jūsu konta drošības statusā. Mūsu sistēmā ir reģistrēta neparasta piekļuves darbība.

Veiciet norādīto pārbaudi, lai atjaunotu pilnu piekļuvi. Pabeidziet pārbaudi, izmantojot drošības sadaļu.

Lūdzu, neatlieciet šo pārbaudi.

Paldies, ka izmantojat mūsu pakalpojumus.",phishing
Maksājuma apstiprināšana,"Cienījamais klient!

Mūsu sistēma ir konstatējusi neparastu aktivitāti jūsu kontā.

Pārbaude tiek veikta drošības nolūkos. Lai turpinātu izmantot kontu, nepieciešams veikt pārbaudi.

Lūdzu, neatlieciet šo pārbaudi. Lai apstiprinātu informāciju, atveriet pārbaudes sadaļu.

Paldies, ka izmantojat mūsu pakalpojumus.",phishing
Piekļuves atjaunošana,"Cienījamais klient!

Kontam ir nepieciešama papildu drošības pārbaude. Veiciet norādīto pārbaudi, lai atjaunotu pilnu piekļuvi. Pretējā gadījumā var tikt piemēroti papildu drošības ierobežojumi.

Izmantojiet konta pārbaudes iespēju, lai turpinātu.

Paldies par sadarbību.",phishing
Maksājuma apstiprināšana,"Sveiki, klient!

Vēlamies informēt par izmaiņām jūsu konta drošības statusā. Automātiskās pārbaudes laikā tika konstatēta nepieciešamība atjaunināt informāciju.

Lai turpinātu izmantot kontu, nepieciešams veikt pārbaudi. Izmantojiet konta pārbaudes iespēju, lai turpinātu.

Nepieciešams rīkoties pirms konta statusa maiņas.

Paldies, ka izmantojat mūsu pakalpojumus.",phishing
Identitātes pārbaude,"Svarīgs paziņojums!

Sistēma nevarēja automātiski apstiprināt pēdējo darbību.
Lūdzu, veiciet nepieciešamo pārbaudi pēc iespējas ātrāk.

Pārbaude tiek veikta drošības nolūkos.

Ja pārbaude netiks veikta, piekļuve kontam var tikt ierobežota. Lai apstiprinātu informāciju, atveriet pārbaudes sadaļu.

Paldies, ka izmantojat mūsu pakalpojumus.",phishing
Drošības pārbaude,"Cienījamais klient!

Vēlamies informēt par izmaiņām jūsu konta drošības statusā. Automātiskā sistēma ir atzīmējusi jūsu kontu pārbaudei.

Lai turpinātu izmantot pakalpojumu, jāapstiprina jūsu informācija. Konta pārbaudi var pabeigt, izmantojot zemāk norādīto darbību.

Lūdzu, neatlieciet šo pārbaudi.

Ar cieņu,
Klientu apkalpošanas nodaļa.",phishing
Steidzams paziņojums,"Svarīgs paziņojums!

Ir konstatēta darbība, kuru nepieciešams apstiprināt. Lai izvairītos no piekļuves ierobežošanas, apstipriniet konta datus. Ja darbība netiks apstiprināta, konta izmantošana var būt ierobežota.

Lai apstiprinātu informāciju, atveriet pārbaudes sadaļu.

Ar cieņu,
Atbalsta komanda.",phishing
Nepieciešama tūlītēja darbība,"Sveiki, klient!

Jūsu konta drošības statuss ir jāapstiprina.
Lai turpinātu izmantot kontu, nepieciešams veikt pārbaudi.

Pārbaude tiek veikta drošības nolūkos.

Pretējā gadījumā var tikt piemēroti papildu drošības ierobežojumi. Apstiprināšanas process ir pieejams konta pārbaudes sadaļā.

Paldies par sadarbību.",phishing
Jūsu konts ir ierobežots,"Cienījamais lietotāj!

Vēlamies informēt par izmaiņām jūsu konta drošības statusā. Ir konstatēta darbība, kuru nepieciešams apstiprināt.

Lūdzu, apstipriniet savu konta informāciju. Lai turpinātu, izmantojiet norādīto pārbaudes iespēju.

Ja darbība netiks apstiprināta, konta izmantošana var būt ierobežota.

Ar cieņu,
Konta drošības komanda.",phishing
Jūsu profils ir jāatjauno,"Labdien!

Jūsu konta drošības statuss ir jāapstiprina.

Papildu informācija par pārbaudi ir pieejama konta sadaļā. Lai turpinātu izmantot kontu, nepieciešams veikt pārbaudi.

Pārbaudes termiņš ir ierobežots. Lai apstiprinātu informāciju, atveriet pārbaudes sadaļu.

Paldies par sadarbību.",phishing
Darījuma pārbaude,"Cienījamais lietotāj!

Jūsu profils pašlaik gaida papildu pārbaudi.
Lūdzu, veiciet nepieciešamo pārbaudi pēc iespējas ātrāk.

Lūdzu, saglabājiet šo paziņojumu turpmākai atsaucei.

Pārbaudes termiņš ir ierobežots. Apstiprināšanas process ir pieejams konta pārbaudes sadaļā.

Ar cieņu,
Drošības nodaļa.",phishing
Svarīgs klienta paziņojums,"Labdien!

Pēdējās konta darbības dēļ nepieciešama papildu pārbaude.
Lai atjaunotu piekļuvi, nepieciešams apstiprināt konta statusu.

Paziņojums ir nosūtīts automātiski.

Pārbaudes termiņš ir ierobežots. Konta pārbaudi var pabeigt, izmantojot zemāk norādīto darbību.

Paldies par sadarbību.",phishing
Konta darbības apstiprināšana,"Cienījamais klient!

Ir konstatēta darbība, kuru nepieciešams apstiprināt.

Lūdzu, saglabājiet šo paziņojumu turpmākai atsaucei. Lai turpinātu izmantot kontu, nepieciešams veikt pārbaudi.

Lūdzu, neatlieciet šo pārbaudi. Izmantojiet konta pārbaudes iespēju, lai turpinātu.

Ar cieņu,
Atbalsta komanda.",phishing
Brīdinājums par kontu,"Labdien, cienījamais klient!

Svarīga informācija par jūsu kontu.

Mūsu sistēma ir konstatējusi neparastu aktivitāti jūsu kontā. Šis ir automātiski nosūtīts paziņojums.

Lūdzu, pabeidziet drošības pārbaudi.
Apstiprināšanas process ir pieejams konta pārbaudes sadaļā.

Šo darbību nepieciešams veikt pēc iespējas ātrāk.

Ar cieņu,
Atbalsta komanda.",phishing
Apstipriniet konta informāciju,"Sveiki!

Automātiskā sistēma ir atzīmējusi jūsu kontu pārbaudei.

Šī darbība ir saistīta ar jūsu konta drošību. Lūdzu, pabeidziet drošības pārbaudi.

Nepieciešams rīkoties pirms konta statusa maiņas. Lai atjaunotu piekļuvi, turpiniet ar konta pārbaudi.

Paldies, ka izmantojat mūsu pakalpojumus.",phishing
Drošības pārbaude,"Svarīgs paziņojums!

Vēlamies informēt par izmaiņām jūsu konta drošības statusā. Ir konstatēta darbība, kuru nepieciešams apstiprināt.

Nepieciešams apstiprināt, ka konts joprojām pieder jums. Lai atjaunotu piekļuvi, turpiniet ar konta pārbaudi.

Lūdzu, neatlieciet šo pārbaudi.

Paldies par sadarbību.",phishing
Neparasta aktivitāte kontā,"Cienījamais lietotāj!

Kontam ir nepieciešama papildu drošības pārbaude.

Papildu informācija par pārbaudi ir pieejama konta sadaļā. Lai turpinātu izmantot kontu, nepieciešams veikt pārbaudi.

Lūdzu, pievērsiet šim paziņojumam uzmanību. Lai turpinātu, izmantojiet norādīto pārbaudes iespēju.

Ar cieņu,
Atbalsta komanda.",phishing
Jūsu kontam nepieciešama pārbaude,"Cienījamais lietotāj!

Ir konstatēta darbība, kuru nepieciešams apstiprināt. Lūdzu, pārbaudiet norādīto informāciju un apstipriniet darbību. Šo darbību nepieciešams veikt pēc iespējas ātrāk.

Apstiprināšanas process ir pieejams konta pārbaudes sadaļā.

Paldies par sadarbību.",phishing
Svarīga informācija par jūsu kontu,"Svarīgs paziņojums!

Ir konstatēta iespējama neatbilstība konta informācijā. Nepieciešams apstiprināt, ka konts joprojām pieder jums. Ja pārbaude netiks veikta, piekļuve kontam var tikt ierobežota.

Lai atjaunotu piekļuvi, turpiniet ar konta pārbaudi.

Ar cieņu,
Klientu apkalpošanas nodaļa.",phishing
Drošības sistēmas brīdinājums,"Labdien!

Vēlamies informēt par izmaiņām jūsu konta drošības statusā. Sistēma nevarēja automātiski apstiprināt pēdējo darbību.

Lai izvairītos no piekļuves ierobežošanas, apstipriniet konta datus. Lai atjaunotu piekļuvi, turpiniet ar konta pārbaudi.

Šo darbību nepieciešams veikt pēc iespējas ātrāk.

Paldies, ka izmantojat mūsu pakalpojumus.",phishing
Drošības pārbaude,"Cienījamais klient!

Jūsu konta drošības statuss ir jāapstiprina.

Papildu informācija par pārbaudi ir pieejama konta sadaļā. Nepieciešams apstiprināt, ka konts joprojām pieder jums.

Pārbaudi ieteicams pabeigt tuvākajā laikā. Pabeidziet pārbaudi, izmantojot drošības sadaļu.

Paldies par sadarbību.",phishing
Paziņojums par konta darbību,"Labdien!

Vēlamies informēt par izmaiņām jūsu konta drošības statusā. Automātiskās pārbaudes laikā tika konstatēta nepieciešamība atjaunināt informāciju.

Lai izvairītos no piekļuves ierobežošanas, apstipriniet konta datus. Pabeidziet pārbaudi, izmantojot drošības sadaļu.

Nepieciešams rīkoties pirms konta statusa maiņas.

Ar cieņu,
Drošības nodaļa.",phishing
Neapstiprināta darbība,"Labdien!

Mūsu sistēmā ir reģistrēta neparasta piekļuves darbība. Lūdzu, apstipriniet savu konta informāciju. Šo darbību nepieciešams veikt pēc iespējas ātrāk.

Lai apstiprinātu informāciju, atveriet pārbaudes sadaļu.

Ar cieņu,
Konta drošības komanda.",phishing
Konta pārbaudes termiņš,"Svarīgs paziņojums!

Jūsu konta drošības statuss ir jāapstiprina. Lūdzu, apstipriniet savu konta informāciju. Šo darbību nepieciešams veikt pēc iespējas ātrāk.

Lai apstiprinātu informāciju, atveriet pārbaudes sadaļu.

Paldies par sapratni.",phishing
Svarīgs klienta paziņojums,"Sveiki!

Vēlamies informēt par izmaiņām jūsu konta drošības statusā. Drošības sistēma ir pamanījusi aizdomīgu darbību.

Lai atjaunotu piekļuvi, nepieciešams apstiprināt konta statusu. Lai atjaunotu piekļuvi, turpiniet ar konta pārbaudi.

Pārbaudi ieteicams pabeigt tuvākajā laikā.

Ar cieņu,
Konta drošības komanda.",phishing
Darījuma pārbaude,"Sveiki, klient!

Kontam ir nepieciešama papildu drošības pārbaude. Lai turpinātu izmantot kontu, nepieciešams veikt pārbaudi. Lūdzu, pievērsiet šim paziņojumam uzmanību.

Apstiprināšanas process ir pieejams konta pārbaudes sadaļā.

Ar cieņu,
Atbalsta komanda.",phishing
Piekļuves atjaunošana,"Labdien!

Mūsu sistēma ir konstatējusi neparastu aktivitāti jūsu kontā. Lūdzu, veiciet nepieciešamo pārbaudi pēc iespējas ātrāk. Pretējā gadījumā dažas konta funkcijas var kļūt nepieejamas.

Konta pārbaudi var pabeigt, izmantojot zemāk norādīto darbību.

Ar cieņu,
Konta drošības komanda.",phishing
Neparasta aktivitāte kontā,"Cienījamais lietotāj!

Mūsu sistēma ir konstatējusi neparastu aktivitāti jūsu kontā.

Drošības pārbaude ir nepieciešama, lai aizsargātu jūsu kontu. Lūdzu, apstipriniet savu konta informāciju.

Ja pārbaude netiks veikta, piekļuve kontam var tikt ierobežota. Apstiprināšanas process ir pieejams konta pārbaudes sadaļā.

Ar cieņu,
Drošības nodaļa.",phishing
Piekļuves atjaunošana,"Sveiki!

Pēdējās konta darbības dēļ nepieciešama papildu pārbaude. Lai turpinātu izmantot kontu, nepieciešams veikt pārbaudi. Nepieciešams rīkoties pirms konta statusa maiņas.

Lai turpinātu, izmantojiet norādīto pārbaudes iespēju.

Paldies, ka izmantojat mūsu pakalpojumus.",phishing
Nepieciešams apstiprinājums,"Labdien!

Ir konstatēta darbība, kuru nepieciešams apstiprināt.

Šī darbība ir saistīta ar jūsu konta drošību. Veiciet norādīto pārbaudi, lai atjaunotu pilnu piekļuvi.

Lūdzu, pievērsiet šim paziņojumam uzmanību. Lai turpinātu, izmantojiet norādīto pārbaudes iespēju.

Ar cieņu,
Drošības nodaļa.",phishing
Drošības pārbaude,"Cienījamais klient!

Ir konstatēta iespējama neatbilstība konta informācijā. Lūdzu, pārbaudiet norādīto informāciju un apstipriniet darbību. Nepieciešams rīkoties pirms konta statusa maiņas.

Konta pārbaudi var pabeigt, izmantojot zemāk norādīto darbību.

Paldies par sapratni.",phishing
Konta pārbaudes termiņš,"Cienījamais lietotāj!

Drošības sistēma ir pamanījusi aizdomīgu darbību.
Lūdzu, pārbaudiet norādīto informāciju un apstipriniet darbību.

Šis ir automātiski nosūtīts paziņojums.

Lūdzu, neatlieciet šo pārbaudi. Lai turpinātu, izmantojiet norādīto pārbaudes iespēju.

Ar cieņu,
Atbalsta komanda.",phishing
Pēdējais atgādinājums par kontu,"Svarīgs paziņojums!

Svarīga informācija par jūsu kontu.

Pēdējās konta darbības dēļ nepieciešama papildu pārbaude. Paziņojums ir nosūtīts automātiski.

Lai turpinātu izmantot pakalpojumu, jāapstiprina jūsu informācija.
Lai turpinātu, izmantojiet norādīto pārbaudes iespēju.

Nepieciešams rīkoties pirms konta statusa maiņas.

Ar cieņu,
Atbalsta komanda.",phishing
Konta darbības apstiprināšana,"Labdien!

Mūsu sistēmā ir reģistrēta neparasta piekļuves darbība. Lai turpinātu izmantot kontu, nepieciešams veikt pārbaudi. Ja darbība netiks apstiprināta, konta izmantošana var būt ierobežota.

Lai turpinātu, izmantojiet norādīto pārbaudes iespēju.

Ar cieņu,
Konta drošības komanda.",phishing
Drošības sistēmas brīdinājums,"Sveiki!

Mūsu sistēma ir konstatējusi neparastu aktivitāti jūsu kontā.

Lūdzu, saglabājiet šo paziņojumu turpmākai atsaucei. Nepieciešams apstiprināt, ka konts joprojām pieder jums.

Pārbaudes termiņš ir ierobežots. Konta pārbaudi var pabeigt, izmantojot zemāk norādīto darbību.

Ar cieņu,
Klientu apkalpošanas nodaļa.",phishing
Svarīgs klienta paziņojums,"Cienījamais klient!

Mūsu sistēma ir konstatējusi neparastu aktivitāti jūsu kontā.

Šis ir automātiski nosūtīts paziņojums. Lūdzu, apstipriniet savu konta informāciju.

Ja pārbaude netiks veikta, piekļuve kontam var tikt ierobežota. Izmantojiet konta pārbaudes iespēju, lai turpinātu.

Paldies par sapratni.",phishing
Neparasta aktivitāte kontā,"Sveiki, klient!

Svarīga informācija par jūsu kontu.

Jūsu profils pašlaik gaida papildu pārbaudi. Šī darbība ir saistīta ar jūsu konta drošību.

Lūdzu, veiciet nepieciešamo pārbaudi pēc iespējas ātrāk.
Izmantojiet konta pārbaudes iespēju, lai turpinātu.

Nepieciešams rīkoties pirms konta statusa maiņas.

Ar cieņu,
Drošības nodaļa.",phishing
Svarīgs klienta paziņojums,"Labdien, cienījamais klient!

Jūsu profils pašlaik gaida papildu pārbaudi.
Lūdzu, pārbaudiet norādīto informāciju un apstipriniet darbību.

Lūdzu, saglabājiet šo paziņojumu turpmākai atsaucei.

Nepieciešams rīkoties pirms konta statusa maiņas. Konta pārbaudi var pabeigt, izmantojot zemāk norādīto darbību.

Paldies par sapratni.",phishing
Identitātes pārbaude,"Cienījamais lietotāj!

Automātiskā sistēma ir atzīmējusi jūsu kontu pārbaudei.
Lai izvairītos no piekļuves ierobežošanas, apstipriniet konta datus.

Papildu informācija par pārbaudi ir pieejama konta sadaļā.

Ja pārbaude netiks veikta, piekļuve kontam var tikt ierobežota. Lai apstiprinātu informāciju, atveriet pārbaudes sadaļu.

Ar cieņu,
Atbalsta komanda.",phishing
Piekļuves atjaunošana,"Labdien!

Svarīga informācija par jūsu kontu.

Jūsu profils pašlaik gaida papildu pārbaudi. Papildu informācija par pārbaudi ir pieejama konta sadaļā.

Lai turpinātu izmantot pakalpojumu, jāapstiprina jūsu informācija.
Lai turpinātu, izmantojiet norādīto pārbaudes iespēju.

Šo darbību nepieciešams veikt pēc iespējas ātrāk.

Ar cieņu,
Klientu apkalpošanas nodaļa.",phishing
Konta piekļuves problēma,"Labdien!

Drošības sistēma ir pamanījusi aizdomīgu darbību. Nepieciešams apstiprināt, ka konts joprojām pieder jums. Šo darbību nepieciešams veikt pēc iespējas ātrāk.

Apstiprināšanas process ir pieejams konta pārbaudes sadaļā.

Ar cieņu,
Konta drošības komanda.",phishing
Konta piekļuves problēma,"Labdien, cienījamais klient!

Vēlamies informēt par izmaiņām jūsu konta drošības statusā. Automātiskās pārbaudes laikā tika konstatēta nepieciešamība atjaunināt informāciju.

Lūdzu, pārbaudiet norādīto informāciju un apstipriniet darbību. Konta pārbaudi var pabeigt, izmantojot zemāk norādīto darbību.

Nepieciešams rīkoties pirms konta statusa maiņas.

Paldies par sapratni.",phishing
Apstipriniet konta informāciju,"Labdien, cienījamais klient!

Svarīga informācija par jūsu kontu.

Jūsu konta drošības statuss ir jāapstiprina. Šis ir automātiski nosūtīts paziņojums.

Lūdzu, apstipriniet savu konta informāciju.
Izmantojiet konta pārbaudes iespēju, lai turpinātu.

Lūdzu, neatlieciet šo pārbaudi.

Paldies par sadarbību.",phishing
Drošības pārbaude,"Sveiki, klient!

Pēdējās konta darbības dēļ nepieciešama papildu pārbaude. Veiciet norādīto pārbaudi, lai atjaunotu pilnu piekļuvi. Pārbaudi ieteicams pabeigt tuvākajā laikā.

Izmantojiet konta pārbaudes iespēju, lai turpinātu.

Paldies, ka izmantojat mūsu pakalpojumus.",phishing
Identitātes pārbaude,"Sveiki, klient!

Svarīga informācija par jūsu kontu.

Kontam ir nepieciešama papildu drošības pārbaude. Šis ir automātiski nosūtīts paziņojums.

Lūdzu, pārbaudiet norādīto informāciju un apstipriniet darbību.
Izmantojiet konta pārbaudes iespēju, lai turpinātu.

Nepieciešams rīkoties pirms konta statusa maiņas.

Paldies par sapratni.",phishing
Maksājuma apstiprināšana,"Labdien!

Vēlamies informēt par izmaiņām jūsu konta drošības statusā. Pēdējās konta darbības dēļ nepieciešama papildu pārbaude.

Lūdzu, veiciet nepieciešamo pārbaudi pēc iespējas ātrāk. Pabeidziet pārbaudi, izmantojot drošības sadaļu.

Lūdzu, neatlieciet šo pārbaudi.

Paldies, ka izmantojat mūsu pakalpojumus.",phishing
Drošības pārbaude,"Sveiki, klient!

Jūsu konta drošības statuss ir jāapstiprina. Veiciet norādīto pārbaudi, lai atjaunotu pilnu piekļuvi. Šo darbību nepieciešams veikt pēc iespējas ātrāk.

Apstiprināšanas process ir pieejams konta pārbaudes sadaļā.

Paldies par sapratni.",phishing
Jūsu profils ir jāatjauno,"Sveiki!

Svarīga informācija par jūsu kontu.

Automātiskā sistēma ir atzīmējusi jūsu kontu pārbaudei. Atbildēt uz šo ziņojumu nav nepieciešams.

Lai atjaunotu piekļuvi, nepieciešams apstiprināt konta statusu.
Lai turpinātu, izmantojiet norādīto pārbaudes iespēju.

Pretējā gadījumā var tikt piemēroti papildu drošības ierobežojumi.

Paldies, ka izmantojat mūsu pakalpojumus.",phishing
Brīdinājums par kontu,"Sveiki, klient!

Svarīga informācija par jūsu kontu.

Automātiskās pārbaudes laikā tika konstatēta nepieciešamība atjaunināt informāciju. Papildu informācija par pārbaudi ir pieejama konta sadaļā.

Lūdzu, apstipriniet savu konta informāciju.
Izmantojiet konta pārbaudes iespēju, lai turpinātu.

Lūdzu, pievērsiet šim paziņojumam uzmanību.

Paldies, ka izmantojat mūsu pakalpojumus.",phishing
Jūsu kontam nepieciešama pārbaude,"Labdien!

Vēlamies informēt par izmaiņām jūsu konta drošības statusā. Sistēma nevarēja automātiski apstiprināt pēdējo darbību.

Lai izvairītos no piekļuves ierobežošanas, apstipriniet konta datus. Konta pārbaudi var pabeigt, izmantojot zemāk norādīto darbību.

Lūdzu, neatlieciet šo pārbaudi.

Paldies par sadarbību.",phishing
Brīdinājums par kontu,"Sveiki, klient!

Vēlamies informēt par izmaiņām jūsu konta drošības statusā. Jūsu konta drošības statuss ir jāapstiprina.

Lai atjaunotu piekļuvi, nepieciešams apstiprināt konta statusu. Lai turpinātu, izmantojiet norādīto pārbaudes iespēju.

Ja pārbaude netiks veikta, piekļuve kontam var tikt ierobežota.

Paldies par sadarbību.",phishing
Darījuma pārbaude,"Cienījamais klient!

Pēdējās konta darbības dēļ nepieciešama papildu pārbaude.

Šī darbība ir saistīta ar jūsu konta drošību. Lai turpinātu izmantot kontu, nepieciešams veikt pārbaudi.

Pretējā gadījumā var tikt piemēroti papildu drošības ierobežojumi. Pabeidziet pārbaudi, izmantojot drošības sadaļu.

Ar cieņu,
Klientu apkalpošanas nodaļa.",phishing
Piekļuves atjaunošana,"Labdien!

Svarīga informācija par jūsu kontu.

Automātiskā sistēma ir atzīmējusi jūsu kontu pārbaudei. Papildu informācija par pārbaudi ir pieejama konta sadaļā.

Veiciet norādīto pārbaudi, lai atjaunotu pilnu piekļuvi.
Lai apstiprinātu informāciju, atveriet pārbaudes sadaļu.

Nepieciešams rīkoties pirms konta statusa maiņas.

Ar cieņu,
Klientu apkalpošanas nodaļa.",phishing
Jūsu kontam nepieciešama pārbaude,"Labdien!

Drošības sistēma ir pamanījusi aizdomīgu darbību.

Drošības pārbaude ir nepieciešama, lai aizsargātu jūsu kontu. Lai turpinātu izmantot kontu, nepieciešams veikt pārbaudi.

Pretējā gadījumā dažas konta funkcijas var kļūt nepieejamas. Lai atjaunotu piekļuvi, turpiniet ar konta pārbaudi.

Paldies, ka izmantojat mūsu pakalpojumus.",phishing
Svarīga informācija par jūsu kontu,"Cienījamais lietotāj!

Sistēma nevarēja automātiski apstiprināt pēdējo darbību.
Lai turpinātu izmantot kontu, nepieciešams veikt pārbaudi.

Atbildēt uz šo ziņojumu nav nepieciešams.

Pretējā gadījumā dažas konta funkcijas var kļūt nepieejamas. Lai apstiprinātu informāciju, atveriet pārbaudes sadaļu.

Ar cieņu,
Atbalsta komanda.",phishing
Konta darbības apstiprināšana,"Svarīgs paziņojums!

Mūsu sistēmā ir reģistrēta neparasta piekļuves darbība.
Lūdzu, pārbaudiet norādīto informāciju un apstipriniet darbību.

Papildu informācija par pārbaudi ir pieejama konta sadaļā.

Nepieciešams rīkoties pirms konta statusa maiņas. Lai apstiprinātu informāciju, atveriet pārbaudes sadaļu.

Paldies par sapratni.",phishing
Nepieciešams apstiprinājums,"Cienījamais lietotāj!

Vēlamies informēt par izmaiņām jūsu konta drošības statusā. Ir konstatēta darbība, kuru nepieciešams apstiprināt.

Lūdzu, veiciet nepieciešamo pārbaudi pēc iespējas ātrāk. Lai atjaunotu piekļuvi, turpiniet ar konta pārbaudi.

Pārbaudi ieteicams pabeigt tuvākajā laikā.

Ar cieņu,
Drošības nodaļa.",phishing
Konta piekļuves problēma,"Cienījamais lietotāj!

Automātiskā sistēma ir atzīmējusi jūsu kontu pārbaudei.
Lūdzu, pabeidziet drošības pārbaudi.

Lūdzu, saglabājiet šo paziņojumu turpmākai atsaucei.

Nepieciešams rīkoties pirms konta statusa maiņas. Konta pārbaudi var pabeigt, izmantojot zemāk norādīto darbību.

Ar cieņu,
Atbalsta komanda.",phishing
Neparasta aktivitāte kontā,"Sveiki!

Vēlamies informēt par izmaiņām jūsu konta drošības statusā. Kontam ir nepieciešama papildu drošības pārbaude.

Lūdzu, apstipriniet savu konta informāciju. Konta pārbaudi var pabeigt, izmantojot zemāk norādīto darbību.

Ja pārbaude netiks veikta, piekļuve kontam var tikt ierobežota.

Paldies par sapratni.",phishing
Brīdinājums par kontu,"Cienījamais klient!

Automātiskās pārbaudes laikā tika konstatēta nepieciešamība atjaunināt informāciju.
Lūdzu, apstipriniet savu konta informāciju.

Drošības pārbaude ir nepieciešama, lai aizsargātu jūsu kontu.

Šo darbību nepieciešams veikt pēc iespējas ātrāk. Lai apstiprinātu informāciju, atveriet pārbaudes sadaļu.

Paldies, ka izmantojat mūsu pakalpojumus.",phishing
Drošības sistēmas brīdinājums,"Cienījamais lietotāj!

Vēlamies informēt par izmaiņām jūsu konta drošības statusā. Mūsu sistēma ir konstatējusi neparastu aktivitāti jūsu kontā.

Lai turpinātu izmantot kontu, nepieciešams veikt pārbaudi. Konta pārbaudi var pabeigt, izmantojot zemāk norādīto darbību.

Šo darbību nepieciešams veikt pēc iespējas ātrāk.

Paldies par sadarbību.",phishing
Apstipriniet konta informāciju,"Labdien, cienījamais klient!

Ir konstatēta iespējama neatbilstība konta informācijā.

Drošības pārbaude ir nepieciešama, lai aizsargātu jūsu kontu. Lai turpinātu izmantot kontu, nepieciešams veikt pārbaudi.

Pārbaudi ieteicams pabeigt tuvākajā laikā. Lai apstiprinātu informāciju, atveriet pārbaudes sadaļu.

Ar cieņu,
Konta drošības komanda.",phishing
Drošības sistēmas brīdinājums,"Labdien!

Svarīga informācija par jūsu kontu.

Ir konstatēta iespējama neatbilstība konta informācijā. Papildu informācija par pārbaudi ir pieejama konta sadaļā.

Lai atjaunotu piekļuvi, nepieciešams apstiprināt konta statusu.
Apstiprināšanas process ir pieejams konta pārbaudes sadaļā.

Lūdzu, neatlieciet šo pārbaudi.

Ar cieņu,
Atbalsta komanda.",phishing
Maksājuma apstiprināšana,"Sveiki!

Svarīga informācija par jūsu kontu.

Automātiskās pārbaudes laikā tika konstatēta nepieciešamība atjaunināt informāciju. Šis ir automātiski nosūtīts paziņojums.

Lai turpinātu izmantot kontu, nepieciešams veikt pārbaudi.
Lai atjaunotu piekļuvi, turpiniet ar konta pārbaudi.

Nepieciešams rīkoties pirms konta statusa maiņas.

Ar cieņu,
Klientu apkalpošanas nodaļa.",phishing
Pēdējais atgādinājums par kontu,"Labdien!

Svarīga informācija par jūsu kontu.

Jūsu konta drošības statuss ir jāapstiprina. Lūdzu, saglabājiet šo paziņojumu turpmākai atsaucei.

Lūdzu, pārbaudiet norādīto informāciju un apstipriniet darbību.
Pabeidziet pārbaudi, izmantojot drošības sadaļu.

Šo darbību nepieciešams veikt pēc iespējas ātrāk.

Paldies par sapratni.",phishing
Nepieciešama konta pārbaude,"Svarīgs paziņojums!

Automātiskā sistēma ir atzīmējusi jūsu kontu pārbaudei. Lai izvairītos no piekļuves ierobežošanas, apstipriniet konta datus. Lūdzu, neatlieciet šo pārbaudi.

Konta pārbaudi var pabeigt, izmantojot zemāk norādīto darbību.

Paldies, ka izmantojat mūsu pakalpojumus.",phishing
Nepieciešama tūlītēja darbība,"Labdien, cienījamais klient!

Mūsu sistēmā ir reģistrēta neparasta piekļuves darbība.

Papildu informācija par pārbaudi ir pieejama konta sadaļā. Lai turpinātu izmantot pakalpojumu, jāapstiprina jūsu informācija.

Ja pārbaude netiks veikta, piekļuve kontam var tikt ierobežota. Konta pārbaudi var pabeigt, izmantojot zemāk norādīto darbību.

Ar cieņu,
Drošības nodaļa.",phishing
Jūsu konts ir ierobežots,"Labdien, cienījamais klient!

Pēdējās konta darbības dēļ nepieciešama papildu pārbaude.
Lūdzu, apstipriniet savu konta informāciju.

Paziņojums ir nosūtīts automātiski.

Lūdzu, neatlieciet šo pārbaudi. Apstiprināšanas process ir pieejams konta pārbaudes sadaļā.

Ar cieņu,
Drošības nodaļa.",phishing
Steidzams paziņojums,"Cienījamais lietotāj!

Svarīga informācija par jūsu kontu.

Automātiskās pārbaudes laikā tika konstatēta nepieciešamība atjaunināt informāciju. Šis ir automātiski nosūtīts paziņojums.

Lūdzu, veiciet nepieciešamo pārbaudi pēc iespējas ātrāk.
Apstiprināšanas process ir pieejams konta pārbaudes sadaļā.

Lūdzu, neatlieciet šo pārbaudi.

Ar cieņu,
Konta drošības komanda.",phishing
Jūsu profils ir jāatjauno,"Labdien!

Svarīga informācija par jūsu kontu.

Drošības sistēma ir pamanījusi aizdomīgu darbību. Pārbaude tiek veikta drošības nolūkos.

Nepieciešams apstiprināt, ka konts joprojām pieder jums.
Lai apstiprinātu informāciju, atveriet pārbaudes sadaļu.

Lūdzu, neatlieciet šo pārbaudi.

Ar cieņu,
Atbalsta komanda.",phishing
Svarīgs klienta paziņojums,"Cienījamais lietotāj!

Mūsu sistēma ir konstatējusi neparastu aktivitāti jūsu kontā.
Veiciet norādīto pārbaudi, lai atjaunotu pilnu piekļuvi.

Paziņojums ir nosūtīts automātiski.

Pārbaudi ieteicams pabeigt tuvākajā laikā. Apstiprināšanas process ir pieejams konta pārbaudes sadaļā.

Ar cieņu,
Atbalsta komanda.",phishing
Steidzams paziņojums,"Labdien, cienījamais klient!

Kontam ir nepieciešama papildu drošības pārbaude.

Atbildēt uz šo ziņojumu nav nepieciešams. Lūdzu, apstipriniet savu konta informāciju.

Šo darbību nepieciešams veikt pēc iespējas ātrāk. Lai apstiprinātu informāciju, atveriet pārbaudes sadaļu.

Ar cieņu,
Atbalsta komanda.",phishing
Jūsu profils ir jāatjauno,"Labdien, cienījamais klient!

Vēlamies informēt par izmaiņām jūsu konta drošības statusā. Mūsu sistēmā ir reģistrēta neparasta piekļuves darbība.

Lai izvairītos no piekļuves ierobežošanas, apstipriniet konta datus. Apstiprināšanas process ir pieejams konta pārbaudes sadaļā.

Pretējā gadījumā var tikt piemēroti papildu drošības ierobežojumi.

Ar cieņu,
Drošības nodaļa.",phishing
Darījuma pārbaude,"Svarīgs paziņojums!

Vēlamies informēt par izmaiņām jūsu konta drošības statusā. Drošības sistēma ir pamanījusi aizdomīgu darbību.

Lūdzu, apstipriniet savu konta informāciju. Lai apstiprinātu informāciju, atveriet pārbaudes sadaļu.

Pārbaudes termiņš ir ierobežots.

Ar cieņu,
Atbalsta komanda.",phishing
Maksājuma apstiprināšana,"Cienījamais lietotāj!

Ir konstatēta darbība, kuru nepieciešams apstiprināt. Lai izvairītos no piekļuves ierobežošanas, apstipriniet konta datus. Lūdzu, neatlieciet šo pārbaudi.

Lai turpinātu, izmantojiet norādīto pārbaudes iespēju.

Ar cieņu,
Atbalsta komanda.",phishing
Jūsu konts ir ierobežots,"Labdien!

Svarīga informācija par jūsu kontu.

Ir konstatēta darbība, kuru nepieciešams apstiprināt. Drošības pārbaude ir nepieciešama, lai aizsargātu jūsu kontu.

Lai izvairītos no piekļuves ierobežošanas, apstipriniet konta datus.
Pabeidziet pārbaudi, izmantojot drošības sadaļu.

Pārbaudi ieteicams pabeigt tuvākajā laikā.

Paldies par sadarbību.",phishing
Jūsu kontam nepieciešama pārbaude,"Labdien!

Svarīga informācija par jūsu kontu.

Jūsu konta drošības statuss ir jāapstiprina. Lūdzu, saglabājiet šo paziņojumu turpmākai atsaucei.

Lai atjaunotu piekļuvi, nepieciešams apstiprināt konta statusu.
Lai atjaunotu piekļuvi, turpiniet ar konta pārbaudi.

Lūdzu, pievērsiet šim paziņojumam uzmanību.

Ar cieņu,
Drošības nodaļa.",phishing
Drošības pārbaude,"Labdien!

Mūsu sistēma ir konstatējusi neparastu aktivitāti jūsu kontā.
Lūdzu, apstipriniet savu konta informāciju.

Papildu informācija par pārbaudi ir pieejama konta sadaļā.

Pārbaudes termiņš ir ierobežots. Konta pārbaudi var pabeigt, izmantojot zemāk norādīto darbību.

Ar cieņu,
Konta drošības komanda.",phishing
Jūsu profils ir jāatjauno,"Svarīgs paziņojums!

Jūsu profils pašlaik gaida papildu pārbaudi. Lūdzu, pārbaudiet norādīto informāciju un apstipriniet darbību. Ja darbība netiks apstiprināta, konta izmantošana var būt ierobežota.

Pabeidziet pārbaudi, izmantojot drošības sadaļu.

Ar cieņu,
Atbalsta komanda.",phishing
Maksājuma apstiprināšana,"Sveiki!

Svarīga informācija par jūsu kontu.

Automātiskā sistēma ir atzīmējusi jūsu kontu pārbaudei. Šī darbība ir saistīta ar jūsu konta drošību.

Lūdzu, pārbaudiet norādīto informāciju un apstipriniet darbību.
Apstiprināšanas process ir pieejams konta pārbaudes sadaļā.

Lūdzu, neatlieciet šo pārbaudi.

Paldies par sapratni.",phishing
Drošības sistēmas brīdinājums,"Cienījamais lietotāj!

Ir konstatēta darbība, kuru nepieciešams apstiprināt. Lūdzu, apstipriniet savu konta informāciju. Pretējā gadījumā dažas konta funkcijas var kļūt nepieejamas.

Pabeidziet pārbaudi, izmantojot drošības sadaļu.

Ar cieņu,
Konta drošības komanda.",phishing
Identitātes pārbaude,"Cienījamais lietotāj!

Vēlamies informēt par izmaiņām jūsu konta drošības statusā. Sistēma nevarēja automātiski apstiprināt pēdējo darbību.

Lūdzu, pabeidziet drošības pārbaudi. Lai atjaunotu piekļuvi, turpiniet ar konta pārbaudi.

Pretējā gadījumā var tikt piemēroti papildu drošības ierobežojumi.

Paldies, ka izmantojat mūsu pakalpojumus.",phishing
Drošības sistēmas brīdinājums,"Labdien!

Ir konstatēta iespējama neatbilstība konta informācijā.
Lūdzu, pārbaudiet norādīto informāciju un apstipriniet darbību.

Šī darbība ir saistīta ar jūsu konta drošību.

Ja pārbaude netiks veikta, piekļuve kontam var tikt ierobežota. Konta pārbaudi var pabeigt, izmantojot zemāk norādīto darbību.

Ar cieņu,
Atbalsta komanda.",phishing
Svarīga informācija par jūsu kontu,"Labdien, cienījamais klient!

Svarīga informācija par jūsu kontu.

Automātiskās pārbaudes laikā tika konstatēta nepieciešamība atjaunināt informāciju. Papildu informācija par pārbaudi ir pieejama konta sadaļā.

Lūdzu, veiciet nepieciešamo pārbaudi pēc iespējas ātrāk.
Apstiprināšanas process ir pieejams konta pārbaudes sadaļā.

Pretējā gadījumā dažas konta funkcijas var kļūt nepieejamas.

Ar cieņu,
Drošības nodaļa.",phishing
Pēdējais atgādinājums par kontu,"Svarīgs paziņojums!

Pēdējās konta darbības dēļ nepieciešama papildu pārbaude. Lai atjaunotu piekļuvi, nepieciešams apstiprināt konta statusu. Pārbaudes termiņš ir ierobežots.

Pabeidziet pārbaudi, izmantojot drošības sadaļu.

Ar cieņu,
Konta drošības komanda.",phishing
Darījuma pārbaude,"Svarīgs paziņojums!

Sistēma nevarēja automātiski apstiprināt pēdējo darbību. Lai izvairītos no piekļuves ierobežošanas, apstipriniet konta datus. Ja pārbaude netiks veikta, piekļuve kontam var tikt ierobežota.

Lai apstiprinātu informāciju, atveriet pārbaudes sadaļu.

Paldies par sadarbību.",phishing
Drošības sistēmas brīdinājums,"Labdien!

Mūsu sistēmā ir reģistrēta neparasta piekļuves darbība.

Atbildēt uz šo ziņojumu nav nepieciešams. Lai atjaunotu piekļuvi, nepieciešams apstiprināt konta statusu.

Pretējā gadījumā dažas konta funkcijas var kļūt nepieejamas. Lai apstiprinātu informāciju, atveriet pārbaudes sadaļu.

Ar cieņu,
Konta drošības komanda.",phishing
Drošības sistēmas brīdinājums,"Labdien!

Automātiskā sistēma ir atzīmējusi jūsu kontu pārbaudei.

Šī darbība ir saistīta ar jūsu konta drošību. Nepieciešams apstiprināt, ka konts joprojām pieder jums.

Pretējā gadījumā dažas konta funkcijas var kļūt nepieejamas. Lai turpinātu, izmantojiet norādīto pārbaudes iespēju.

Paldies par sapratni.",phishing
Konta pārbaudes termiņš,"Sveiki, klient!

Sistēma nevarēja automātiski apstiprināt pēdējo darbību.
Lūdzu, veiciet nepieciešamo pārbaudi pēc iespējas ātrāk.

Lūdzu, saglabājiet šo paziņojumu turpmākai atsaucei.

Šo darbību nepieciešams veikt pēc iespējas ātrāk. Lai apstiprinātu informāciju, atveriet pārbaudes sadaļu.

Ar cieņu,
Drošības nodaļa.",phishing
Neparasta aktivitāte kontā,"Svarīgs paziņojums!

Vēlamies informēt par izmaiņām jūsu konta drošības statusā. Automātiskā sistēma ir atzīmējusi jūsu kontu pārbaudei.

Lai turpinātu izmantot kontu, nepieciešams veikt pārbaudi. Apstiprināšanas process ir pieejams konta pārbaudes sadaļā.

Pārbaudes termiņš ir ierobežots.

Ar cieņu,
Drošības nodaļa.",phishing
Nepieciešama konta pārbaude,"Sveiki, klient!

Svarīga informācija par jūsu kontu.

Kontam ir nepieciešama papildu drošības pārbaude. Šī darbība ir saistīta ar jūsu konta drošību.

Nepieciešams apstiprināt, ka konts joprojām pieder jums.
Apstiprināšanas process ir pieejams konta pārbaudes sadaļā.

Pretējā gadījumā dažas konta funkcijas var kļūt nepieejamas.

Paldies, ka izmantojat mūsu pakalpojumus.",phishing
Neapstiprināta darbība,"Sveiki!

Mūsu sistēma ir konstatējusi neparastu aktivitāti jūsu kontā.

Lūdzu, saglabājiet šo paziņojumu turpmākai atsaucei. Lai atjaunotu piekļuvi, nepieciešams apstiprināt konta statusu.

Lūdzu, neatlieciet šo pārbaudi. Lai apstiprinātu informāciju, atveriet pārbaudes sadaļu.

Ar cieņu,
Konta drošības komanda.",phishing
Paziņojums par konta darbību,"Sveiki, klient!

Ir konstatēta darbība, kuru nepieciešams apstiprināt. Nepieciešams apstiprināt, ka konts joprojām pieder jums. Pretējā gadījumā var tikt piemēroti papildu drošības ierobežojumi.

Izmantojiet konta pārbaudes iespēju, lai turpinātu.

Ar cieņu,
Atbalsta komanda.",phishing
Jūsu kontam nepieciešama pārbaude,"Labdien!

Jūsu profils pašlaik gaida papildu pārbaudi. Lai turpinātu izmantot kontu, nepieciešams veikt pārbaudi. Pārbaudi ieteicams pabeigt tuvākajā laikā.

Lai apstiprinātu informāciju, atveriet pārbaudes sadaļu.

Ar cieņu,
Klientu apkalpošanas nodaļa.",phishing
Drošības sistēmas brīdinājums,"Sveiki!

Pēdējās konta darbības dēļ nepieciešama papildu pārbaude.
Lūdzu, veiciet nepieciešamo pārbaudi pēc iespējas ātrāk.

Lūdzu, saglabājiet šo paziņojumu turpmākai atsaucei.

Ja pārbaude netiks veikta, piekļuve kontam var tikt ierobežota. Apstiprināšanas process ir pieejams konta pārbaudes sadaļā.

Ar cieņu,
Atbalsta komanda.",phishing
Identitātes pārbaude,"Cienījamais lietotāj!

Svarīga informācija par jūsu kontu.

Automātiskās pārbaudes laikā tika konstatēta nepieciešamība atjaunināt informāciju. Lūdzu, saglabājiet šo paziņojumu turpmākai atsaucei.

Lai turpinātu izmantot kontu, nepieciešams veikt pārbaudi.
Lai apstiprinātu informāciju, atveriet pārbaudes sadaļu.

Pretējā gadījumā var tikt piemēroti papildu drošības ierobežojumi.

Ar cieņu,
Atbalsta komanda.",phishing
Svarīgs drošības paziņojums,"Sveiki!

Jūsu konta drošības statuss ir jāapstiprina.

Šis ir automātiski nosūtīts paziņojums. Lūdzu, pabeidziet drošības pārbaudi.

Nepieciešams rīkoties pirms konta statusa maiņas. Pabeidziet pārbaudi, izmantojot drošības sadaļu.

Ar cieņu,
Konta drošības komanda.",phishing
Nepieciešama tūlītēja darbība,"Labdien!

Vēlamies informēt par izmaiņām jūsu konta drošības statusā. Mūsu sistēmā ir reģistrēta neparasta piekļuves darbība.

Nepieciešams apstiprināt, ka konts joprojām pieder jums. Konta pārbaudi var pabeigt, izmantojot zemāk norādīto darbību.

Nepieciešams rīkoties pirms konta statusa maiņas.

Paldies, ka izmantojat mūsu pakalpojumus.",phishing
Konta darbības apstiprināšana,"Labdien, cienījamais klient!

Sistēma nevarēja automātiski apstiprināt pēdējo darbību.
Lai atjaunotu piekļuvi, nepieciešams apstiprināt konta statusu.

Drošības pārbaude ir nepieciešama, lai aizsargātu jūsu kontu.

Pretējā gadījumā dažas konta funkcijas var kļūt nepieejamas. Apstiprināšanas process ir pieejams konta pārbaudes sadaļā.

Ar cieņu,
Klientu apkalpošanas nodaļa.",phishing
Darījuma pārbaude,"Sveiki!

Ir konstatēta iespējama neatbilstība konta informācijā.
Lūdzu, pārbaudiet norādīto informāciju un apstipriniet darbību.

Šī darbība ir saistīta ar jūsu konta drošību.

Šo darbību nepieciešams veikt pēc iespējas ātrāk. Lai apstiprinātu informāciju, atveriet pārbaudes sadaļu.

Paldies, ka izmantojat mūsu pakalpojumus.",phishing
Neparasta aktivitāte kontā,"Sveiki, klient!

Vēlamies informēt par izmaiņām jūsu konta drošības statusā. Kontam ir nepieciešama papildu drošības pārbaude.

Nepieciešams apstiprināt, ka konts joprojām pieder jums. Apstiprināšanas process ir pieejams konta pārbaudes sadaļā.

Pārbaudi ieteicams pabeigt tuvākajā laikā.

Paldies par sadarbību.",phishing
Nepieciešama konta pārbaude,"Sveiki, klient!

Svarīga informācija par jūsu kontu.

Sistēma nevarēja automātiski apstiprināt pēdējo darbību. Lūdzu, saglabājiet šo paziņojumu turpmākai atsaucei.

Lūdzu, apstipriniet savu konta informāciju.
Konta pārbaudi var pabeigt, izmantojot zemāk norādīto darbību.

Pretējā gadījumā dažas konta funkcijas var kļūt nepieejamas.

Ar cieņu,
Konta drošības komanda.",phishing
Nepieciešama konta pārbaude,"Labdien!

Svarīga informācija par jūsu kontu.

Mūsu sistēmā ir reģistrēta neparasta piekļuves darbība. Lūdzu, saglabājiet šo paziņojumu turpmākai atsaucei.

Lai turpinātu izmantot pakalpojumu, jāapstiprina jūsu informācija.
Lai atjaunotu piekļuvi, turpiniet ar konta pārbaudi.

Lūdzu, pievērsiet šim paziņojumam uzmanību.

Ar cieņu,
Konta drošības komanda.",phishing
Apstipriniet konta informāciju,"Sveiki, klient!

Mūsu sistēmā ir reģistrēta neparasta piekļuves darbība.

Paziņojums ir nosūtīts automātiski. Lai atjaunotu piekļuvi, nepieciešams apstiprināt konta statusu.

Pārbaudi ieteicams pabeigt tuvākajā laikā. Lai apstiprinātu informāciju, atveriet pārbaudes sadaļu.

Ar cieņu,
Konta drošības komanda.",phishing
Nepieciešams apstiprinājums,"Labdien!

Svarīga informācija par jūsu kontu.

Kontam ir nepieciešama papildu drošības pārbaude. Paziņojums ir nosūtīts automātiski.

Lai izvairītos no piekļuves ierobežošanas, apstipriniet konta datus.
Konta pārbaudi var pabeigt, izmantojot zemāk norādīto darbību.

Ja pārbaude netiks veikta, piekļuve kontam var tikt ierobežota.

Paldies, ka izmantojat mūsu pakalpojumus.",phishing
Jūsu konts ir ierobežots,"Cienījamais lietotāj!

Svarīga informācija par jūsu kontu.

Ir konstatēta darbība, kuru nepieciešams apstiprināt. Paziņojums ir nosūtīts automātiski.

Veiciet norādīto pārbaudi, lai atjaunotu pilnu piekļuvi.
Apstiprināšanas process ir pieejams konta pārbaudes sadaļā.

Ja pārbaude netiks veikta, piekļuve kontam var tikt ierobežota.

Paldies par sadarbību.",phishing
Konta pārbaudes termiņš,"Sveiki, klient!

Mūsu sistēmā ir reģistrēta neparasta piekļuves darbība.
Lūdzu, apstipriniet savu konta informāciju.

Atbildēt uz šo ziņojumu nav nepieciešams.

Šo darbību nepieciešams veikt pēc iespējas ātrāk. Lai apstiprinātu informāciju, atveriet pārbaudes sadaļu.

Ar cieņu,
Drošības nodaļa.",phishing
Brīdinājums par kontu,"Sveiki, klient!

Automātiskā sistēma ir atzīmējusi jūsu kontu pārbaudei.
Lai turpinātu izmantot kontu, nepieciešams veikt pārbaudi.

Papildu informācija par pārbaudi ir pieejama konta sadaļā.

Šo darbību nepieciešams veikt pēc iespējas ātrāk. Lai atjaunotu piekļuvi, turpiniet ar konta pārbaudi.

Paldies par sapratni.",phishing
Brīdinājums par kontu,"Labdien!

Svarīga informācija par jūsu kontu.

Pēdējās konta darbības dēļ nepieciešama papildu pārbaude. Drošības pārbaude ir nepieciešama, lai aizsargātu jūsu kontu.

Lūdzu, veiciet nepieciešamo pārbaudi pēc iespējas ātrāk.
Pabeidziet pārbaudi, izmantojot drošības sadaļu.

Lūdzu, neatlieciet šo pārbaudi.

Ar cieņu,
Atbalsta komanda.",phishing
Svarīga informācija par jūsu kontu,"Labdien!

Mūsu sistēma ir konstatējusi neparastu aktivitāti jūsu kontā.
Lūdzu, apstipriniet savu konta informāciju.

Šī darbība ir saistīta ar jūsu konta drošību.

Pārbaudes termiņš ir ierobežots. Pabeidziet pārbaudi, izmantojot drošības sadaļu.

Paldies, ka izmantojat mūsu pakalpojumus.",phishing
Steidzams paziņojums,"Cienījamais klient!

Jūsu konta drošības statuss ir jāapstiprina. Lai turpinātu izmantot kontu, nepieciešams veikt pārbaudi. Lūdzu, pievērsiet šim paziņojumam uzmanību.

Konta pārbaudi var pabeigt, izmantojot zemāk norādīto darbību.

Ar cieņu,
Drošības nodaļa.",phishing
Konta piekļuves problēma,"Sveiki!

Svarīga informācija par jūsu kontu.

Sistēma nevarēja automātiski apstiprināt pēdējo darbību. Papildu informācija par pārbaudi ir pieejama konta sadaļā.

Lai turpinātu izmantot pakalpojumu, jāapstiprina jūsu informācija.
Lai turpinātu, izmantojiet norādīto pārbaudes iespēju.

Ja darbība netiks apstiprināta, konta izmantošana var būt ierobežota.

Ar cieņu,
Drošības nodaļa.",phishing
Svarīga informācija par jūsu kontu,"Cienījamais klient!

Jūsu konta drošības statuss ir jāapstiprina. Lūdzu, apstipriniet savu konta informāciju. Ja darbība netiks apstiprināta, konta izmantošana var būt ierobežota.

Pabeidziet pārbaudi, izmantojot drošības sadaļu.

Paldies par sapratni.",phishing
Nepieciešams apstiprinājums,"Sveiki!

Svarīga informācija par jūsu kontu.

Ir konstatēta iespējama neatbilstība konta informācijā. Papildu informācija par pārbaudi ir pieejama konta sadaļā.

Lai turpinātu izmantot pakalpojumu, jāapstiprina jūsu informācija.
Pabeidziet pārbaudi, izmantojot drošības sadaļu.

Ja darbība netiks apstiprināta, konta izmantošana var būt ierobežota.

Ar cieņu,
Konta drošības komanda.",phishing
Steidzams paziņojums,"Cienījamais lietotāj!

Vēlamies informēt par izmaiņām jūsu konta drošības statusā. Mūsu sistēmā ir reģistrēta neparasta piekļuves darbība.

Lūdzu, pārbaudiet norādīto informāciju un apstipriniet darbību. Lai turpinātu, izmantojiet norādīto pārbaudes iespēju.

Šo darbību nepieciešams veikt pēc iespējas ātrāk.

Paldies par sapratni.",phishing
Konta piekļuves problēma,"Labdien!

Vēlamies informēt par izmaiņām jūsu konta drošības statusā. Ir konstatēta darbība, kuru nepieciešams apstiprināt.

Veiciet norādīto pārbaudi, lai atjaunotu pilnu piekļuvi. Apstiprināšanas process ir pieejams konta pārbaudes sadaļā.

Pretējā gadījumā var tikt piemēroti papildu drošības ierobežojumi.

Ar cieņu,
Klientu apkalpošanas nodaļa.",phishing
Drošības pārbaude,"Labdien!

Vēlamies informēt par izmaiņām jūsu konta drošības statusā. Automātiskās pārbaudes laikā tika konstatēta nepieciešamība atjaunināt informāciju.

Lūdzu, apstipriniet savu konta informāciju. Izmantojiet konta pārbaudes iespēju, lai turpinātu.

Lūdzu, pievērsiet šim paziņojumam uzmanību.

Paldies par sapratni.",phishing
Svarīgs drošības paziņojums,"Labdien!

Vēlamies informēt par izmaiņām jūsu konta drošības statusā. Mūsu sistēmā ir reģistrēta neparasta piekļuves darbība.

Veiciet norādīto pārbaudi, lai atjaunotu pilnu piekļuvi. Lai apstiprinātu informāciju, atveriet pārbaudes sadaļu.

Pārbaudes termiņš ir ierobežots.

Ar cieņu,
Konta drošības komanda.",phishing
Maksājuma apstiprināšana,"Sveiki!

Ir konstatēta darbība, kuru nepieciešams apstiprināt.
Lai atjaunotu piekļuvi, nepieciešams apstiprināt konta statusu.

Lūdzu, saglabājiet šo paziņojumu turpmākai atsaucei.

Pārbaudi ieteicams pabeigt tuvākajā laikā. Izmantojiet konta pārbaudes iespēju, lai turpinātu.

Ar cieņu,
Klientu apkalpošanas nodaļa.",phishing
Jūsu kontam nepieciešama pārbaude,"Svarīgs paziņojums!

Ir konstatēta darbība, kuru nepieciešams apstiprināt. Veiciet norādīto pārbaudi, lai atjaunotu pilnu piekļuvi. Pretējā gadījumā var tikt piemēroti papildu drošības ierobežojumi.

Izmantojiet konta pārbaudes iespēju, lai turpinātu.

Ar cieņu,
Klientu apkalpošanas nodaļa.",phishing
Jūsu kontam nepieciešama pārbaude,"Sveiki!

Kontam ir nepieciešama papildu drošības pārbaude.

Šis ir automātiski nosūtīts paziņojums. Nepieciešams apstiprināt, ka konts joprojām pieder jums.

Ja pārbaude netiks veikta, piekļuve kontam var tikt ierobežota. Izmantojiet konta pārbaudes iespēju, lai turpinātu.

Ar cieņu,
Klientu apkalpošanas nodaļa.",phishing
Svarīga informācija par jūsu kontu,"Sveiki!

Vēlamies informēt par izmaiņām jūsu konta drošības statusā. Ir konstatēta iespējama neatbilstība konta informācijā.

Lai turpinātu izmantot kontu, nepieciešams veikt pārbaudi. Izmantojiet konta pārbaudes iespēju, lai turpinātu.

Ja darbība netiks apstiprināta, konta izmantošana var būt ierobežota.

Ar cieņu,
Drošības nodaļa.",phishing
Nepieciešama konta pārbaude,"Svarīgs paziņojums!

Vēlamies informēt par izmaiņām jūsu konta drošības statusā. Sistēma nevarēja automātiski apstiprināt pēdējo darbību.

Lūdzu, pārbaudiet norādīto informāciju un apstipriniet darbību. Lai turpinātu, izmantojiet norādīto pārbaudes iespēju.

Pārbaudes termiņš ir ierobežots.

Ar cieņu,
Atbalsta komanda.",phishing
Neparasta aktivitāte kontā,"Sveiki, klient!

Mūsu sistēma ir konstatējusi neparastu aktivitāti jūsu kontā.

Šis ir automātiski nosūtīts paziņojums. Lūdzu, apstipriniet savu konta informāciju.

Nepieciešams rīkoties pirms konta statusa maiņas. Pabeidziet pārbaudi, izmantojot drošības sadaļu.

Ar cieņu,
Konta drošības komanda.",phishing
Konta darbības apstiprināšana,"Labdien!

Svarīga informācija par jūsu kontu.

Mūsu sistēmā ir reģistrēta neparasta piekļuves darbība. Lūdzu, saglabājiet šo paziņojumu turpmākai atsaucei.

Lūdzu, veiciet nepieciešamo pārbaudi pēc iespējas ātrāk.
Lai apstiprinātu informāciju, atveriet pārbaudes sadaļu.

Pretējā gadījumā dažas konta funkcijas var kļūt nepieejamas.

Paldies par sadarbību.",phishing
Nepieciešama konta pārbaude,"Svarīgs paziņojums!

Pēdējās konta darbības dēļ nepieciešama papildu pārbaude.

Papildu informācija par pārbaudi ir pieejama konta sadaļā. Lai atjaunotu piekļuvi, nepieciešams apstiprināt konta statusu.

Lūdzu, pievērsiet šim paziņojumam uzmanību. Izmantojiet konta pārbaudes iespēju, lai turpinātu.

Paldies par sadarbību.",phishing
Konta darbības apstiprināšana,"Labdien!

Svarīga informācija par jūsu kontu.

Ir konstatēta darbība, kuru nepieciešams apstiprināt. Šī darbība ir saistīta ar jūsu konta drošību.

Veiciet norādīto pārbaudi, lai atjaunotu pilnu piekļuvi.
Lai apstiprinātu informāciju, atveriet pārbaudes sadaļu.

Ja darbība netiks apstiprināta, konta izmantošana var būt ierobežota.

Ar cieņu,
Atbalsta komanda.",phishing
Drošības pārbaude,"Sveiki!

Svarīga informācija par jūsu kontu.

Sistēma nevarēja automātiski apstiprināt pēdējo darbību. Pārbaude tiek veikta drošības nolūkos.

Lai atjaunotu piekļuvi, nepieciešams apstiprināt konta statusu.
Apstiprināšanas process ir pieejams konta pārbaudes sadaļā.

Lūdzu, neatlieciet šo pārbaudi.

Paldies, ka izmantojat mūsu pakalpojumus.",phishing
Neapstiprināta darbība,"Cienījamais lietotāj!

Jūsu konta drošības statuss ir jāapstiprina.
Lūdzu, apstipriniet savu konta informāciju.

Papildu informācija par pārbaudi ir pieejama konta sadaļā.

Šo darbību nepieciešams veikt pēc iespējas ātrāk. Izmantojiet konta pārbaudes iespēju, lai turpinātu.

Paldies par sapratni.",phishing
Neapstiprināta darbība,"Sveiki!

Svarīga informācija par jūsu kontu.

Mūsu sistēmā ir reģistrēta neparasta piekļuves darbība. Šī darbība ir saistīta ar jūsu konta drošību.

Lūdzu, veiciet nepieciešamo pārbaudi pēc iespējas ātrāk.
Pabeidziet pārbaudi, izmantojot drošības sadaļu.

Šo darbību nepieciešams veikt pēc iespējas ātrāk.

Ar cieņu,
Klientu apkalpošanas nodaļa.",phishing
Identitātes pārbaude,"Labdien, cienījamais klient!

Svarīga informācija par jūsu kontu.

Mūsu sistēmā ir reģistrēta neparasta piekļuves darbība. Drošības pārbaude ir nepieciešama, lai aizsargātu jūsu kontu.

Nepieciešams apstiprināt, ka konts joprojām pieder jums.
Izmantojiet konta pārbaudes iespēju, lai turpinātu.

Pretējā gadījumā dažas konta funkcijas var kļūt nepieejamas.

Ar cieņu,
Atbalsta komanda.",phishing
Darījuma pārbaude,"Cienījamais klient!

Svarīga informācija par jūsu kontu.

Kontam ir nepieciešama papildu drošības pārbaude. Paziņojums ir nosūtīts automātiski.

Lūdzu, pārbaudiet norādīto informāciju un apstipriniet darbību.
Lai turpinātu, izmantojiet norādīto pārbaudes iespēju.

Ja darbība netiks apstiprināta, konta izmantošana var būt ierobežota.

Ar cieņu,
Konta drošības komanda.",phishing
Maksājuma apstiprināšana,"Sveiki, klient!

Automātiskā sistēma ir atzīmējusi jūsu kontu pārbaudei. Lūdzu, pārbaudiet norādīto informāciju un apstipriniet darbību. Šo darbību nepieciešams veikt pēc iespējas ātrāk.

Apstiprināšanas process ir pieejams konta pārbaudes sadaļā.

Ar cieņu,
Klientu apkalpošanas nodaļa.",phishing
Apstipriniet konta informāciju,"Sveiki, klient!

Svarīga informācija par jūsu kontu.

Drošības sistēma ir pamanījusi aizdomīgu darbību. Šis ir automātiski nosūtīts paziņojums.

Lai izvairītos no piekļuves ierobežošanas, apstipriniet konta datus.
Pabeidziet pārbaudi, izmantojot drošības sadaļu.

Pretējā gadījumā dažas konta funkcijas var kļūt nepieejamas.

Paldies, ka izmantojat mūsu pakalpojumus.",phishing
Svarīgs drošības paziņojums,"Labdien!

Vēlamies informēt par izmaiņām jūsu konta drošības statusā. Kontam ir nepieciešama papildu drošības pārbaude.

Lai atjaunotu piekļuvi, nepieciešams apstiprināt konta statusu. Izmantojiet konta pārbaudes iespēju, lai turpinātu.

Pārbaudi ieteicams pabeigt tuvākajā laikā.

Paldies, ka izmantojat mūsu pakalpojumus.",phishing
Svarīgs drošības paziņojums,"Svarīgs paziņojums!

Pēdējās konta darbības dēļ nepieciešama papildu pārbaude. Lūdzu, apstipriniet savu konta informāciju. Nepieciešams rīkoties pirms konta statusa maiņas.

Apstiprināšanas process ir pieejams konta pārbaudes sadaļā.

Ar cieņu,
Atbalsta komanda.",phishing
Identitātes pārbaude,"Labdien!

Automātiskā sistēma ir atzīmējusi jūsu kontu pārbaudei.
Veiciet norādīto pārbaudi, lai atjaunotu pilnu piekļuvi.

Atbildēt uz šo ziņojumu nav nepieciešams.

Pretējā gadījumā var tikt piemēroti papildu drošības ierobežojumi. Lai turpinātu, izmantojiet norādīto pārbaudes iespēju.

Paldies par sadarbību.",phishing
Svarīgs drošības paziņojums,"Labdien!

Ir konstatēta darbība, kuru nepieciešams apstiprināt. Nepieciešams apstiprināt, ka konts joprojām pieder jums. Ja pārbaude netiks veikta, piekļuve kontam var tikt ierobežota.

Apstiprināšanas process ir pieejams konta pārbaudes sadaļā.

Ar cieņu,
Drošības nodaļa.",phishing
Paziņojums par konta darbību,"Sveiki!

Jūsu profils pašlaik gaida papildu pārbaudi.
Veiciet norādīto pārbaudi, lai atjaunotu pilnu piekļuvi.

Papildu informācija par pārbaudi ir pieejama konta sadaļā.

Lūdzu, pievērsiet šim paziņojumam uzmanību. Izmantojiet konta pārbaudes iespēju, lai turpinātu.

Ar cieņu,
Atbalsta komanda.",phishing
Konta darbības apstiprināšana,"Sveiki!

Automātiskās pārbaudes laikā tika konstatēta nepieciešamība atjaunināt informāciju.

Lūdzu, saglabājiet šo paziņojumu turpmākai atsaucei. Lūdzu, veiciet nepieciešamo pārbaudi pēc iespējas ātrāk.

Lūdzu, pievērsiet šim paziņojumam uzmanību. Lai atjaunotu piekļuvi, turpiniet ar konta pārbaudi.

Paldies par sadarbību.",phishing
Identitātes pārbaude,"Sveiki, klient!

Mūsu sistēma ir konstatējusi neparastu aktivitāti jūsu kontā.
Lai izvairītos no piekļuves ierobežošanas, apstipriniet konta datus.

Pārbaude tiek veikta drošības nolūkos.

Pārbaudes termiņš ir ierobežots. Lai apstiprinātu informāciju, atveriet pārbaudes sadaļu.

Ar cieņu,
Atbalsta komanda.",phishing
Nepieciešams apstiprinājums,"Sveiki, klient!

Jūsu profils pašlaik gaida papildu pārbaudi.

Papildu informācija par pārbaudi ir pieejama konta sadaļā. Lūdzu, apstipriniet savu konta informāciju.

Ja darbība netiks apstiprināta, konta izmantošana var būt ierobežota. Pabeidziet pārbaudi, izmantojot drošības sadaļu.

Ar cieņu,
Konta drošības komanda.",phishing
Konta piekļuves problēma,"Svarīgs paziņojums!

Svarīga informācija par jūsu kontu.

Jūsu konta drošības statuss ir jāapstiprina. Paziņojums ir nosūtīts automātiski.

Lai atjaunotu piekļuvi, nepieciešams apstiprināt konta statusu.
Konta pārbaudi var pabeigt, izmantojot zemāk norādīto darbību.

Lūdzu, neatlieciet šo pārbaudi.

Ar cieņu,
Konta drošības komanda.",phishing
Nepieciešama konta pārbaude,"Cienījamais lietotāj!

Svarīga informācija par jūsu kontu.

Ir konstatēta iespējama neatbilstība konta informācijā. Šī darbība ir saistīta ar jūsu konta drošību.

Lūdzu, pabeidziet drošības pārbaudi.
Lai turpinātu, izmantojiet norādīto pārbaudes iespēju.

Pretējā gadījumā dažas konta funkcijas var kļūt nepieejamas.

Paldies par sadarbību.",phishing
Pēdējais atgādinājums par kontu,"Cienījamais lietotāj!

Jūsu profils pašlaik gaida papildu pārbaudi.

Papildu informācija par pārbaudi ir pieejama konta sadaļā. Lūdzu, apstipriniet savu konta informāciju.

Lūdzu, pievērsiet šim paziņojumam uzmanību. Konta pārbaudi var pabeigt, izmantojot zemāk norādīto darbību.

Paldies, ka izmantojat mūsu pakalpojumus.",phishing
Nepieciešams apstiprinājums,"Labdien, cienījamais klient!

Sistēma nevarēja automātiski apstiprināt pēdējo darbību.
Lūdzu, apstipriniet savu konta informāciju.

Šis ir automātiski nosūtīts paziņojums.

Nepieciešams rīkoties pirms konta statusa maiņas. Pabeidziet pārbaudi, izmantojot drošības sadaļu.

Ar cieņu,
Konta drošības komanda.",phishing
Nepieciešama tūlītēja darbība,"Labdien!

Svarīga informācija par jūsu kontu.

Automātiskās pārbaudes laikā tika konstatēta nepieciešamība atjaunināt informāciju. Šī darbība ir saistīta ar jūsu konta drošību.

Lūdzu, pārbaudiet norādīto informāciju un apstipriniet darbību.
Lai turpinātu, izmantojiet norādīto pārbaudes iespēju.

Lūdzu, pievērsiet šim paziņojumam uzmanību.

Ar cieņu,
Drošības nodaļa.",phishing
Nepieciešams apstiprinājums,"Sveiki!

Ir konstatēta darbība, kuru nepieciešams apstiprināt.
Lai atjaunotu piekļuvi, nepieciešams apstiprināt konta statusu.

Pārbaude tiek veikta drošības nolūkos.

Ja darbība netiks apstiprināta, konta izmantošana var būt ierobežota. Lai apstiprinātu informāciju, atveriet pārbaudes sadaļu.

Paldies par sadarbību.",phishing
Svarīgs drošības paziņojums,"Sveiki, klient!

Jūsu konta drošības statuss ir jāapstiprina.
Veiciet norādīto pārbaudi, lai atjaunotu pilnu piekļuvi.

Paziņojums ir nosūtīts automātiski.

Pārbaudes termiņš ir ierobežots. Apstiprināšanas process ir pieejams konta pārbaudes sadaļā.

Ar cieņu,
Konta drošības komanda.",phishing
Konta pārbaudes termiņš,"Labdien, cienījamais klient!

Vēlamies informēt par izmaiņām jūsu konta drošības statusā. Automātiskās pārbaudes laikā tika konstatēta nepieciešamība atjaunināt informāciju.

Lūdzu, pabeidziet drošības pārbaudi. Pabeidziet pārbaudi, izmantojot drošības sadaļu.

Nepieciešams rīkoties pirms konta statusa maiņas.

Paldies par sapratni.",phishing
Drošības sistēmas brīdinājums,"Labdien, cienījamais klient!

Sistēma nevarēja automātiski apstiprināt pēdējo darbību.

Lūdzu, saglabājiet šo paziņojumu turpmākai atsaucei. Lūdzu, pabeidziet drošības pārbaudi.

Šo darbību nepieciešams veikt pēc iespējas ātrāk. Lai turpinātu, izmantojiet norādīto pārbaudes iespēju.

Ar cieņu,
Atbalsta komanda.",phishing
Svarīgs drošības paziņojums,"Labdien!

Pēdējās konta darbības dēļ nepieciešama papildu pārbaude.
Lai izvairītos no piekļuves ierobežošanas, apstipriniet konta datus.

Paziņojums ir nosūtīts automātiski.

Lūdzu, pievērsiet šim paziņojumam uzmanību. Apstiprināšanas process ir pieejams konta pārbaudes sadaļā.

Ar cieņu,
Konta drošības komanda.",phishing
Konta piekļuves problēma,"Sveiki!

Automātiskā sistēma ir atzīmējusi jūsu kontu pārbaudei.

Šis ir automātiski nosūtīts paziņojums. Nepieciešams apstiprināt, ka konts joprojām pieder jums.

Pārbaudi ieteicams pabeigt tuvākajā laikā. Izmantojiet konta pārbaudes iespēju, lai turpinātu.

Ar cieņu,
Drošības nodaļa.",phishing
Steidzams paziņojums,"Cienījamais klient!

Pēdējās konta darbības dēļ nepieciešama papildu pārbaude.

Paziņojums ir nosūtīts automātiski. Lai turpinātu izmantot pakalpojumu, jāapstiprina jūsu informācija.

Šo darbību nepieciešams veikt pēc iespējas ātrāk. Lai apstiprinātu informāciju, atveriet pārbaudes sadaļu.

Paldies par sapratni.",phishing
Konta darbības apstiprināšana,"Labdien!

Kontam ir nepieciešama papildu drošības pārbaude.

Atbildēt uz šo ziņojumu nav nepieciešams. Lai turpinātu izmantot kontu, nepieciešams veikt pārbaudi.

Pretējā gadījumā var tikt piemēroti papildu drošības ierobežojumi. Izmantojiet konta pārbaudes iespēju, lai turpinātu.

Ar cieņu,
Drošības nodaļa.",phishing
Pēdējais atgādinājums par kontu,"Sveiki!

Svarīga informācija par jūsu kontu.

Drošības sistēma ir pamanījusi aizdomīgu darbību. Pārbaude tiek veikta drošības nolūkos.

Veiciet norādīto pārbaudi, lai atjaunotu pilnu piekļuvi.
Apstiprināšanas process ir pieejams konta pārbaudes sadaļā.

Pārbaudes termiņš ir ierobežots.

Ar cieņu,
Drošības nodaļa.",phishing
Neapstiprināta darbība,"Cienījamais lietotāj!

Svarīga informācija par jūsu kontu.

Drošības sistēma ir pamanījusi aizdomīgu darbību. Drošības pārbaude ir nepieciešama, lai aizsargātu jūsu kontu.

Lai turpinātu izmantot pakalpojumu, jāapstiprina jūsu informācija.
Lai turpinātu, izmantojiet norādīto pārbaudes iespēju.

Lūdzu, neatlieciet šo pārbaudi.

Ar cieņu,
Atbalsta komanda.",phishing
Konta piekļuves problēma,"Labdien, cienījamais klient!

Jūsu profils pašlaik gaida papildu pārbaudi. Lūdzu, apstipriniet savu konta informāciju. Pretējā gadījumā dažas konta funkcijas var kļūt nepieejamas.

Apstiprināšanas process ir pieejams konta pārbaudes sadaļā.

Paldies par sapratni.",phishing
Pēdējais atgādinājums par kontu,"Sveiki!

Svarīga informācija par jūsu kontu.

Jūsu profils pašlaik gaida papildu pārbaudi. Lūdzu, saglabājiet šo paziņojumu turpmākai atsaucei.

Lai izvairītos no piekļuves ierobežošanas, apstipriniet konta datus.
Lai apstiprinātu informāciju, atveriet pārbaudes sadaļu.

Pretējā gadījumā var tikt piemēroti papildu drošības ierobežojumi.

Paldies par sadarbību.",phishing
Konta darbības apstiprināšana,"Labdien!

Vēlamies informēt par izmaiņām jūsu konta drošības statusā. Drošības sistēma ir pamanījusi aizdomīgu darbību.

Lūdzu, pabeidziet drošības pārbaudi. Lai apstiprinātu informāciju, atveriet pārbaudes sadaļu.

Ja darbība netiks apstiprināta, konta izmantošana var būt ierobežota.

Paldies par sapratni.",phishing
Paziņojums par konta darbību,"Labdien, cienījamais klient!

Pēdējās konta darbības dēļ nepieciešama papildu pārbaude. Veiciet norādīto pārbaudi, lai atjaunotu pilnu piekļuvi. Ja pārbaude netiks veikta, piekļuve kontam var tikt ierobežota.

Apstiprināšanas process ir pieejams konta pārbaudes sadaļā.

Ar cieņu,
Konta drošības komanda.",phishing
Steidzams paziņojums,"Labdien!

Automātiskā sistēma ir atzīmējusi jūsu kontu pārbaudei. Nepieciešams apstiprināt, ka konts joprojām pieder jums. Pretējā gadījumā dažas konta funkcijas var kļūt nepieejamas.

Konta pārbaudi var pabeigt, izmantojot zemāk norādīto darbību.

Paldies par sadarbību.",phishing
Maksājuma apstiprināšana,"Labdien!

Kontam ir nepieciešama papildu drošības pārbaude.
Lūdzu, apstipriniet savu konta informāciju.

Atbildēt uz šo ziņojumu nav nepieciešams.

Pārbaudes termiņš ir ierobežots. Lai apstiprinātu informāciju, atveriet pārbaudes sadaļu.

Ar cieņu,
Drošības nodaļa.",phishing
Konta pārbaudes termiņš,"Labdien, cienījamais klient!

Sistēma nevarēja automātiski apstiprināt pēdējo darbību. Lai turpinātu izmantot kontu, nepieciešams veikt pārbaudi. Lūdzu, pievērsiet šim paziņojumam uzmanību.

Lai apstiprinātu informāciju, atveriet pārbaudes sadaļu.

Paldies par sapratni.",phishing
Darījuma pārbaude,"Labdien!

Drošības sistēma ir pamanījusi aizdomīgu darbību.
Veiciet norādīto pārbaudi, lai atjaunotu pilnu piekļuvi.

Paziņojums ir nosūtīts automātiski.

Ja darbība netiks apstiprināta, konta izmantošana var būt ierobežota. Lai turpinātu, izmantojiet norādīto pārbaudes iespēju.

Paldies par sapratni.",phishing
Identitātes pārbaude,"Sveiki, klient!

Jūsu profils pašlaik gaida papildu pārbaudi. Lūdzu, veiciet nepieciešamo pārbaudi pēc iespējas ātrāk. Pārbaudes termiņš ir ierobežots.

Pabeidziet pārbaudi, izmantojot drošības sadaļu.

Paldies, ka izmantojat mūsu pakalpojumus.",phishing
Svarīgs drošības paziņojums,"Labdien, cienījamais klient!

Ir konstatēta darbība, kuru nepieciešams apstiprināt.
Lūdzu, pārbaudiet norādīto informāciju un apstipriniet darbību.

Drošības pārbaude ir nepieciešama, lai aizsargātu jūsu kontu.

Šo darbību nepieciešams veikt pēc iespējas ātrāk. Lai atjaunotu piekļuvi, turpiniet ar konta pārbaudi.

Paldies, ka izmantojat mūsu pakalpojumus.",phishing
Steidzams paziņojums,"Cienījamais lietotāj!

Mūsu sistēma ir konstatējusi neparastu aktivitāti jūsu kontā.
Lūdzu, apstipriniet savu konta informāciju.

Papildu informācija par pārbaudi ir pieejama konta sadaļā.

Lūdzu, neatlieciet šo pārbaudi. Izmantojiet konta pārbaudes iespēju, lai turpinātu.

Ar cieņu,
Klientu apkalpošanas nodaļa.",phishing
Jūsu konts ir ierobežots,"Cienījamais lietotāj!

Kontam ir nepieciešama papildu drošības pārbaude. Lai turpinātu izmantot pakalpojumu, jāapstiprina jūsu informācija. Pretējā gadījumā var tikt piemēroti papildu drošības ierobežojumi.

Lai atjaunotu piekļuvi, turpiniet ar konta pārbaudi.

Paldies par sadarbību.",phishing
Nepieciešama tūlītēja darbība,"Sveiki, klient!

Jūsu profils pašlaik gaida papildu pārbaudi.

Papildu informācija par pārbaudi ir pieejama konta sadaļā. Lai atjaunotu piekļuvi, nepieciešams apstiprināt konta statusu.

Lūdzu, pievērsiet šim paziņojumam uzmanību. Konta pārbaudi var pabeigt, izmantojot zemāk norādīto darbību.

Ar cieņu,
Atbalsta komanda.",phishing
Konta pārbaudes termiņš,"Cienījamais klient!

Vēlamies informēt par izmaiņām jūsu konta drošības statusā. Ir konstatēta iespējama neatbilstība konta informācijā.

Lai turpinātu izmantot pakalpojumu, jāapstiprina jūsu informācija. Konta pārbaudi var pabeigt, izmantojot zemāk norādīto darbību.

Pārbaudes termiņš ir ierobežots.

Paldies par sapratni.",phishing
Neparasta aktivitāte kontā,"Labdien!

Mūsu sistēmā ir reģistrēta neparasta piekļuves darbība. Nepieciešams apstiprināt, ka konts joprojām pieder jums. Nepieciešams rīkoties pirms konta statusa maiņas.

Apstiprināšanas process ir pieejams konta pārbaudes sadaļā.

Ar cieņu,
Konta drošības komanda.",phishing
Maksājuma apstiprināšana,"Labdien, cienījamais klient!

Svarīga informācija par jūsu kontu.

Sistēma nevarēja automātiski apstiprināt pēdējo darbību. Šis ir automātiski nosūtīts paziņojums.

Lūdzu, pabeidziet drošības pārbaudi.
Lai atjaunotu piekļuvi, turpiniet ar konta pārbaudi.

Lūdzu, neatlieciet šo pārbaudi.

Paldies par sapratni.",phishing
Svarīgs drošības paziņojums,"Labdien, cienījamais klient!

Sistēma nevarēja automātiski apstiprināt pēdējo darbību.

Pārbaude tiek veikta drošības nolūkos. Lai izvairītos no piekļuves ierobežošanas, apstipriniet konta datus.

Pretējā gadījumā var tikt piemēroti papildu drošības ierobežojumi. Konta pārbaudi var pabeigt, izmantojot zemāk norādīto darbību.

Paldies, ka izmantojat mūsu pakalpojumus.",phishing
Nepieciešama konta pārbaude,"Sveiki!

Automātiskās pārbaudes laikā tika konstatēta nepieciešamība atjaunināt informāciju.

Šī darbība ir saistīta ar jūsu konta drošību. Nepieciešams apstiprināt, ka konts joprojām pieder jums.

Lūdzu, neatlieciet šo pārbaudi. Pabeidziet pārbaudi, izmantojot drošības sadaļu.

Paldies par sapratni.",phishing
Neparasta aktivitāte kontā,"Sveiki, klient!

Ir konstatēta darbība, kuru nepieciešams apstiprināt.
Veiciet norādīto pārbaudi, lai atjaunotu pilnu piekļuvi.

Paziņojums ir nosūtīts automātiski.

Ja pārbaude netiks veikta, piekļuve kontam var tikt ierobežota. Lai turpinātu, izmantojiet norādīto pārbaudes iespēju.

Ar cieņu,
Atbalsta komanda.",phishing
Nepieciešama konta pārbaude,"Sveiki!

Svarīga informācija par jūsu kontu.

Sistēma nevarēja automātiski apstiprināt pēdējo darbību. Drošības pārbaude ir nepieciešama, lai aizsargātu jūsu kontu.

Lai izvairītos no piekļuves ierobežošanas, apstipriniet konta datus.
Lai atjaunotu piekļuvi, turpiniet ar konta pārbaudi.

Pārbaudi ieteicams pabeigt tuvākajā laikā.

Paldies par sapratni.",phishing
Nepieciešams apstiprinājums,"Labdien!

Automātiskās pārbaudes laikā tika konstatēta nepieciešamība atjaunināt informāciju.
Lūdzu, veiciet nepieciešamo pārbaudi pēc iespējas ātrāk.

Lūdzu, saglabājiet šo paziņojumu turpmākai atsaucei.

Ja pārbaude netiks veikta, piekļuve kontam var tikt ierobežota. Lai apstiprinātu informāciju, atveriet pārbaudes sadaļu.

Paldies, ka izmantojat mūsu pakalpojumus.",phishing
Pēdējais atgādinājums par kontu,"Svarīgs paziņojums!

Automātiskās pārbaudes laikā tika konstatēta nepieciešamība atjaunināt informāciju.

Papildu informācija par pārbaudi ir pieejama konta sadaļā. Lūdzu, pabeidziet drošības pārbaudi.

Pretējā gadījumā dažas konta funkcijas var kļūt nepieejamas. Lai turpinātu, izmantojiet norādīto pārbaudes iespēju.

Paldies par sapratni.",phishing
Steidzams paziņojums,"Labdien!

Vēlamies informēt par izmaiņām jūsu konta drošības statusā. Jūsu konta drošības statuss ir jāapstiprina.

Veiciet norādīto pārbaudi, lai atjaunotu pilnu piekļuvi. Apstiprināšanas process ir pieejams konta pārbaudes sadaļā.

Nepieciešams rīkoties pirms konta statusa maiņas.

Paldies par sapratni.",phishing
Nepieciešams apstiprinājums,"Cienījamais lietotāj!

Ir konstatēta iespējama neatbilstība konta informācijā.
Lūdzu, veiciet nepieciešamo pārbaudi pēc iespējas ātrāk.

Lūdzu, saglabājiet šo paziņojumu turpmākai atsaucei.

Ja pārbaude netiks veikta, piekļuve kontam var tikt ierobežota. Lai turpinātu, izmantojiet norādīto pārbaudes iespēju.

Ar cieņu,
Klientu apkalpošanas nodaļa.",phishing
Svarīgs drošības paziņojums,"Labdien, cienījamais klient!

Mūsu sistēma ir konstatējusi neparastu aktivitāti jūsu kontā.
Lai turpinātu izmantot pakalpojumu, jāapstiprina jūsu informācija.

Šī darbība ir saistīta ar jūsu konta drošību.

Pretējā gadījumā var tikt piemēroti papildu drošības ierobežojumi. Izmantojiet konta pārbaudes iespēju, lai turpinātu.

Paldies par sapratni.",phishing
Pēdējais atgādinājums par kontu,"Cienījamais klient!

Svarīga informācija par jūsu kontu.

Drošības sistēma ir pamanījusi aizdomīgu darbību. Šī darbība ir saistīta ar jūsu konta drošību.

Veiciet norādīto pārbaudi, lai atjaunotu pilnu piekļuvi.
Izmantojiet konta pārbaudes iespēju, lai turpinātu.

Ja darbība netiks apstiprināta, konta izmantošana var būt ierobežota.

Ar cieņu,
Atbalsta komanda.",phishing
Paziņojums par konta darbību,"Labdien!

Vēlamies informēt par izmaiņām jūsu konta drošības statusā. Mūsu sistēmā ir reģistrēta neparasta piekļuves darbība.

Lūdzu, veiciet nepieciešamo pārbaudi pēc iespējas ātrāk. Lai atjaunotu piekļuvi, turpiniet ar konta pārbaudi.

Pārbaudes termiņš ir ierobežots.

Paldies par sapratni.",phishing
Brīdinājums par kontu,"Svarīgs paziņojums!

Pēdējās konta darbības dēļ nepieciešama papildu pārbaude.
Lūdzu, apstipriniet savu konta informāciju.

Šī darbība ir saistīta ar jūsu konta drošību.

Lūdzu, pievērsiet šim paziņojumam uzmanību. Izmantojiet konta pārbaudes iespēju, lai turpinātu.

Ar cieņu,
Klientu apkalpošanas nodaļa.",phishing
Jūsu profils ir jāatjauno,"Cienījamais klient!

Jūsu konta drošības statuss ir jāapstiprina.

Drošības pārbaude ir nepieciešama, lai aizsargātu jūsu kontu. Lūdzu, apstipriniet savu konta informāciju.

Nepieciešams rīkoties pirms konta statusa maiņas. Lai atjaunotu piekļuvi, turpiniet ar konta pārbaudi.

Paldies par sadarbību.",phishing
Konta piekļuves problēma,"Svarīgs paziņojums!

Ir konstatēta darbība, kuru nepieciešams apstiprināt.
Lai atjaunotu piekļuvi, nepieciešams apstiprināt konta statusu.

Paziņojums ir nosūtīts automātiski.

Pretējā gadījumā dažas konta funkcijas var kļūt nepieejamas. Lai atjaunotu piekļuvi, turpiniet ar konta pārbaudi.

Ar cieņu,
Klientu apkalpošanas nodaļa.",phishing
Drošības pārbaude,"Sveiki, klient!

Sistēma nevarēja automātiski apstiprināt pēdējo darbību.
Lūdzu, veiciet nepieciešamo pārbaudi pēc iespējas ātrāk.

Atbildēt uz šo ziņojumu nav nepieciešams.

Pārbaudes termiņš ir ierobežots. Izmantojiet konta pārbaudes iespēju, lai turpinātu.

Paldies par sapratni.",phishing
Darījuma pārbaude,"Labdien!

Pēdējās konta darbības dēļ nepieciešama papildu pārbaude. Lai turpinātu izmantot pakalpojumu, jāapstiprina jūsu informācija. Pretējā gadījumā dažas konta funkcijas var kļūt nepieejamas.

Apstiprināšanas process ir pieejams konta pārbaudes sadaļā.

Paldies par sadarbību.",phishing
Svarīgs klienta paziņojums,"Sveiki!

Drošības sistēma ir pamanījusi aizdomīgu darbību.

Šī darbība ir saistīta ar jūsu konta drošību. Lūdzu, apstipriniet savu konta informāciju.

Nepieciešams rīkoties pirms konta statusa maiņas. Lai atjaunotu piekļuvi, turpiniet ar konta pārbaudi.

Paldies par sapratni.",phishing
Svarīgs drošības paziņojums,"Cienījamais klient!

Svarīga informācija par jūsu kontu.

Mūsu sistēmā ir reģistrēta neparasta piekļuves darbība. Pārbaude tiek veikta drošības nolūkos.

Lūdzu, pārbaudiet norādīto informāciju un apstipriniet darbību.
Lai atjaunotu piekļuvi, turpiniet ar konta pārbaudi.

Ja darbība netiks apstiprināta, konta izmantošana var būt ierobežota.

Paldies par sadarbību.",phishing
Jūsu profils ir jāatjauno,"Cienījamais lietotāj!

Jūsu konta drošības statuss ir jāapstiprina.

Šī darbība ir saistīta ar jūsu konta drošību. Veiciet norādīto pārbaudi, lai atjaunotu pilnu piekļuvi.

Lūdzu, pievērsiet šim paziņojumam uzmanību. Pabeidziet pārbaudi, izmantojot drošības sadaļu.

Ar cieņu,
Atbalsta komanda.",phishing
Neparasta aktivitāte kontā,"Sveiki, klient!

Automātiskās pārbaudes laikā tika konstatēta nepieciešamība atjaunināt informāciju. Lai turpinātu izmantot kontu, nepieciešams veikt pārbaudi. Ja pārbaude netiks veikta, piekļuve kontam var tikt ierobežota.

Konta pārbaudi var pabeigt, izmantojot zemāk norādīto darbību.

Paldies par sapratni.",phishing
Neparasta aktivitāte kontā,"Svarīgs paziņojums!

Vēlamies informēt par izmaiņām jūsu konta drošības statusā. Jūsu profils pašlaik gaida papildu pārbaudi.

Lūdzu, pabeidziet drošības pārbaudi. Apstiprināšanas process ir pieejams konta pārbaudes sadaļā.

Pretējā gadījumā dažas konta funkcijas var kļūt nepieejamas.

Ar cieņu,
Drošības nodaļa.",phishing
Steidzams paziņojums,"Sveiki!

Kontam ir nepieciešama papildu drošības pārbaude.
Lai turpinātu izmantot pakalpojumu, jāapstiprina jūsu informācija.

Pārbaude tiek veikta drošības nolūkos.

Nepieciešams rīkoties pirms konta statusa maiņas. Pabeidziet pārbaudi, izmantojot drošības sadaļu.

Paldies par sapratni.",phishing
Svarīgs klienta paziņojums,"Labdien!

Drošības sistēma ir pamanījusi aizdomīgu darbību.

Lūdzu, saglabājiet šo paziņojumu turpmākai atsaucei. Lai turpinātu izmantot pakalpojumu, jāapstiprina jūsu informācija.

Pretējā gadījumā dažas konta funkcijas var kļūt nepieejamas. Lai apstiprinātu informāciju, atveriet pārbaudes sadaļu.

Paldies par sapratni.",phishing
Steidzams paziņojums,"Labdien, cienījamais klient!

Mūsu sistēma ir konstatējusi neparastu aktivitāti jūsu kontā.
Veiciet norādīto pārbaudi, lai atjaunotu pilnu piekļuvi.

Papildu informācija par pārbaudi ir pieejama konta sadaļā.

Šo darbību nepieciešams veikt pēc iespējas ātrāk. Lai atjaunotu piekļuvi, turpiniet ar konta pārbaudi.

Ar cieņu,
Drošības nodaļa.",phishing
Konta piekļuves problēma,"Labdien!

Jūsu konta drošības statuss ir jāapstiprina.
Lūdzu, pārbaudiet norādīto informāciju un apstipriniet darbību.

Papildu informācija par pārbaudi ir pieejama konta sadaļā.

Pretējā gadījumā var tikt piemēroti papildu drošības ierobežojumi. Pabeidziet pārbaudi, izmantojot drošības sadaļu.

Ar cieņu,
Konta drošības komanda.",phishing
Steidzams paziņojums,"Labdien, cienījamais klient!

Automātiskā sistēma ir atzīmējusi jūsu kontu pārbaudei.

Papildu informācija par pārbaudi ir pieejama konta sadaļā. Lai atjaunotu piekļuvi, nepieciešams apstiprināt konta statusu.

Šo darbību nepieciešams veikt pēc iespējas ātrāk. Lai atjaunotu piekļuvi, turpiniet ar konta pārbaudi.

Ar cieņu,
Drošības nodaļa.",phishing
Drošības pārbaude,"Svarīgs paziņojums!

Svarīga informācija par jūsu kontu.

Pēdējās konta darbības dēļ nepieciešama papildu pārbaude. Šis ir automātiski nosūtīts paziņojums.

Lai atjaunotu piekļuvi, nepieciešams apstiprināt konta statusu.
Izmantojiet konta pārbaudes iespēju, lai turpinātu.

Pretējā gadījumā dažas konta funkcijas var kļūt nepieejamas.

Paldies par sapratni.",phishing
Piekļuves atjaunošana,"Labdien, cienījamais klient!

Automātiskā sistēma ir atzīmējusi jūsu kontu pārbaudei. Lūdzu, pārbaudiet norādīto informāciju un apstipriniet darbību. Lūdzu, pievērsiet šim paziņojumam uzmanību.

Apstiprināšanas process ir pieejams konta pārbaudes sadaļā.

Ar cieņu,
Drošības nodaļa.",phishing
Identitātes pārbaude,"Svarīgs paziņojums!

Vēlamies informēt par izmaiņām jūsu konta drošības statusā. Automātiskās pārbaudes laikā tika konstatēta nepieciešamība atjaunināt informāciju.

Lūdzu, veiciet nepieciešamo pārbaudi pēc iespējas ātrāk. Lai turpinātu, izmantojiet norādīto pārbaudes iespēju.

Pretējā gadījumā dažas konta funkcijas var kļūt nepieejamas.

Paldies, ka izmantojat mūsu pakalpojumus.",phishing
Identitātes pārbaude,"Svarīgs paziņojums!

Sistēma nevarēja automātiski apstiprināt pēdējo darbību.
Lūdzu, apstipriniet savu konta informāciju.

Pārbaude tiek veikta drošības nolūkos.

Pārbaudes termiņš ir ierobežots. Apstiprināšanas process ir pieejams konta pārbaudes sadaļā.

Paldies par sapratni.",phishing
Darījuma pārbaude,"Svarīgs paziņojums!

Jūsu profils pašlaik gaida papildu pārbaudi.
Lūdzu, veiciet nepieciešamo pārbaudi pēc iespējas ātrāk.

Paziņojums ir nosūtīts automātiski.

Pretējā gadījumā var tikt piemēroti papildu drošības ierobežojumi. Lai apstiprinātu informāciju, atveriet pārbaudes sadaļu.

Ar cieņu,
Klientu apkalpošanas nodaļa.",phishing
Nepieciešama tūlītēja darbība,"Sveiki!

Jūsu profils pašlaik gaida papildu pārbaudi. Lūdzu, veiciet nepieciešamo pārbaudi pēc iespējas ātrāk. Lūdzu, neatlieciet šo pārbaudi.

Apstiprināšanas process ir pieejams konta pārbaudes sadaļā.

Ar cieņu,
Klientu apkalpošanas nodaļa.",phishing
Apstipriniet konta informāciju,"Labdien, cienījamais klient!

Vēlamies informēt par izmaiņām jūsu konta drošības statusā. Mūsu sistēmā ir reģistrēta neparasta piekļuves darbība.

Nepieciešams apstiprināt, ka konts joprojām pieder jums. Apstiprināšanas process ir pieejams konta pārbaudes sadaļā.

Pretējā gadījumā var tikt piemēroti papildu drošības ierobežojumi.

Paldies par sadarbību.",phishing
Neparasta aktivitāte kontā,"Cienījamais klient!

Svarīga informācija par jūsu kontu.

Drošības sistēma ir pamanījusi aizdomīgu darbību. Drošības pārbaude ir nepieciešama, lai aizsargātu jūsu kontu.

Lūdzu, pabeidziet drošības pārbaudi.
Izmantojiet konta pārbaudes iespēju, lai turpinātu.

Pārbaudes termiņš ir ierobežots.

Ar cieņu,
Klientu apkalpošanas nodaļa.",phishing
Maksājuma apstiprināšana,"Labdien, cienījamais klient!

Svarīga informācija par jūsu kontu.

Mūsu sistēmā ir reģistrēta neparasta piekļuves darbība. Atbildēt uz šo ziņojumu nav nepieciešams.

Lai turpinātu izmantot kontu, nepieciešams veikt pārbaudi.
Lai turpinātu, izmantojiet norādīto pārbaudes iespēju.

Pārbaudes termiņš ir ierobežots.

Paldies par sapratni.",phishing
Neapstiprināta darbība,"Sveiki!

Vēlamies informēt par izmaiņām jūsu konta drošības statusā. Sistēma nevarēja automātiski apstiprināt pēdējo darbību.

Lūdzu, apstipriniet savu konta informāciju. Lai apstiprinātu informāciju, atveriet pārbaudes sadaļu.

Pārbaudi ieteicams pabeigt tuvākajā laikā.

Paldies par sapratni.",phishing
Jūsu profils ir jāatjauno,"Labdien, cienījamais klient!

Svarīga informācija par jūsu kontu.

Jūsu konta drošības statuss ir jāapstiprina. Šis ir automātiski nosūtīts paziņojums.

Veiciet norādīto pārbaudi, lai atjaunotu pilnu piekļuvi.
Lai atjaunotu piekļuvi, turpiniet ar konta pārbaudi.

Pārbaudi ieteicams pabeigt tuvākajā laikā.

Ar cieņu,
Konta drošības komanda.",phishing
Jūsu profils ir jāatjauno,"Sveiki!

Drošības sistēma ir pamanījusi aizdomīgu darbību. Lai turpinātu izmantot pakalpojumu, jāapstiprina jūsu informācija. Ja darbība netiks apstiprināta, konta izmantošana var būt ierobežota.

Konta pārbaudi var pabeigt, izmantojot zemāk norādīto darbību.

Ar cieņu,
Atbalsta komanda.",phishing
Konta piekļuves problēma,"Sveiki, klient!

Kontam ir nepieciešama papildu drošības pārbaude.

Papildu informācija par pārbaudi ir pieejama konta sadaļā. Lai atjaunotu piekļuvi, nepieciešams apstiprināt konta statusu.

Ja pārbaude netiks veikta, piekļuve kontam var tikt ierobežota. Konta pārbaudi var pabeigt, izmantojot zemāk norādīto darbību.

Paldies, ka izmantojat mūsu pakalpojumus.",phishing
Darījuma pārbaude,"Labdien!

Vēlamies informēt par izmaiņām jūsu konta drošības statusā. Jūsu profils pašlaik gaida papildu pārbaudi.

Lūdzu, apstipriniet savu konta informāciju. Apstiprināšanas process ir pieejams konta pārbaudes sadaļā.

Pretējā gadījumā var tikt piemēroti papildu drošības ierobežojumi.

Paldies par sadarbību.",phishing
Jūsu profils ir jāatjauno,"Sveiki, klient!

Ir konstatēta darbība, kuru nepieciešams apstiprināt.

Šis ir automātiski nosūtīts paziņojums. Lai turpinātu izmantot pakalpojumu, jāapstiprina jūsu informācija.

Lūdzu, pievērsiet šim paziņojumam uzmanību. Lai atjaunotu piekļuvi, turpiniet ar konta pārbaudi.

Paldies, ka izmantojat mūsu pakalpojumus.",phishing
Neapstiprināta darbība,"Labdien!

Vēlamies informēt par izmaiņām jūsu konta drošības statusā. Kontam ir nepieciešama papildu drošības pārbaude.

Veiciet norādīto pārbaudi, lai atjaunotu pilnu piekļuvi. Lai apstiprinātu informāciju, atveriet pārbaudes sadaļu.

Šo darbību nepieciešams veikt pēc iespējas ātrāk.

Ar cieņu,
Atbalsta komanda.",phishing
Svarīga informācija par jūsu kontu,"Labdien, cienījamais klient!

Drošības sistēma ir pamanījusi aizdomīgu darbību.
Lai turpinātu izmantot pakalpojumu, jāapstiprina jūsu informācija.

Drošības pārbaude ir nepieciešama, lai aizsargātu jūsu kontu.

Šo darbību nepieciešams veikt pēc iespējas ātrāk. Konta pārbaudi var pabeigt, izmantojot zemāk norādīto darbību.

Ar cieņu,
Atbalsta komanda.",phishing
Svarīgs klienta paziņojums,"Cienījamais lietotāj!

Kontam ir nepieciešama papildu drošības pārbaude. Veiciet norādīto pārbaudi, lai atjaunotu pilnu piekļuvi. Pretējā gadījumā dažas konta funkcijas var kļūt nepieejamas.

Lai atjaunotu piekļuvi, turpiniet ar konta pārbaudi.

Paldies, ka izmantojat mūsu pakalpojumus.",phishing
Jūsu profils ir jāatjauno,"Labdien!

Automātiskā sistēma ir atzīmējusi jūsu kontu pārbaudei. Lai turpinātu izmantot kontu, nepieciešams veikt pārbaudi. Pārbaudes termiņš ir ierobežots.

Pabeidziet pārbaudi, izmantojot drošības sadaļu.

Paldies, ka izmantojat mūsu pakalpojumus.",phishing
Apstipriniet konta informāciju,"Cienījamais klient!

Jūsu konta drošības statuss ir jāapstiprina. Lai atjaunotu piekļuvi, nepieciešams apstiprināt konta statusu. Šo darbību nepieciešams veikt pēc iespējas ātrāk.

Lai apstiprinātu informāciju, atveriet pārbaudes sadaļu.

Paldies, ka izmantojat mūsu pakalpojumus.",phishing
Pēdējais atgādinājums par kontu,"Sveiki!

Mūsu sistēmā ir reģistrēta neparasta piekļuves darbība.

Paziņojums ir nosūtīts automātiski. Nepieciešams apstiprināt, ka konts joprojām pieder jums.

Lūdzu, neatlieciet šo pārbaudi. Konta pārbaudi var pabeigt, izmantojot zemāk norādīto darbību.

Paldies par sadarbību.",phishing
Paziņojums par konta darbību,"Sveiki, klient!

Automātiskā sistēma ir atzīmējusi jūsu kontu pārbaudei. Nepieciešams apstiprināt, ka konts joprojām pieder jums. Lūdzu, pievērsiet šim paziņojumam uzmanību.

Konta pārbaudi var pabeigt, izmantojot zemāk norādīto darbību.

Paldies, ka izmantojat mūsu pakalpojumus.",phishing
Konta pārbaudes termiņš,"Sveiki, klient!

Vēlamies informēt par izmaiņām jūsu konta drošības statusā. Automātiskā sistēma ir atzīmējusi jūsu kontu pārbaudei.

Lūdzu, pārbaudiet norādīto informāciju un apstipriniet darbību. Izmantojiet konta pārbaudes iespēju, lai turpinātu.

Šo darbību nepieciešams veikt pēc iespējas ātrāk.

Ar cieņu,
Atbalsta komanda.",phishing
Svarīgs klienta paziņojums,"Svarīgs paziņojums!

Svarīga informācija par jūsu kontu.

Automātiskā sistēma ir atzīmējusi jūsu kontu pārbaudei. Paziņojums ir nosūtīts automātiski.

Nepieciešams apstiprināt, ka konts joprojām pieder jums.
Apstiprināšanas process ir pieejams konta pārbaudes sadaļā.

Ja darbība netiks apstiprināta, konta izmantošana var būt ierobežota.

Ar cieņu,
Konta drošības komanda.",phishing
Nepieciešama konta pārbaude,"Labdien!

Vēlamies informēt par izmaiņām jūsu konta drošības statusā. Automātiskās pārbaudes laikā tika konstatēta nepieciešamība atjaunināt informāciju.

Nepieciešams apstiprināt, ka konts joprojām pieder jums. Apstiprināšanas process ir pieejams konta pārbaudes sadaļā.

Lūdzu, neatlieciet šo pārbaudi.

Ar cieņu,
Klientu apkalpošanas nodaļa.",phishing
Drošības sistēmas brīdinājums,"Svarīgs paziņojums!

Pēdējās konta darbības dēļ nepieciešama papildu pārbaude.
Lai turpinātu izmantot kontu, nepieciešams veikt pārbaudi.

Lūdzu, saglabājiet šo paziņojumu turpmākai atsaucei.

Ja darbība netiks apstiprināta, konta izmantošana var būt ierobežota. Lai turpinātu, izmantojiet norādīto pārbaudes iespēju.

Paldies par sadarbību.",phishing
Darījuma pārbaude,"Svarīgs paziņojums!

Ir konstatēta iespējama neatbilstība konta informācijā. Nepieciešams apstiprināt, ka konts joprojām pieder jums. Pārbaudi ieteicams pabeigt tuvākajā laikā.

Izmantojiet konta pārbaudes iespēju, lai turpinātu.

Paldies par sadarbību.",phishing
Konta pārbaudes termiņš,"Labdien!

Vēlamies informēt par izmaiņām jūsu konta drošības statusā. Mūsu sistēma ir konstatējusi neparastu aktivitāti jūsu kontā.

Lūdzu, pārbaudiet norādīto informāciju un apstipriniet darbību. Izmantojiet konta pārbaudes iespēju, lai turpinātu.

Nepieciešams rīkoties pirms konta statusa maiņas.

Ar cieņu,
Klientu apkalpošanas nodaļa.",phishing
Svarīgs klienta paziņojums,"Cienījamais klient!

Vēlamies informēt par izmaiņām jūsu konta drošības statusā. Kontam ir nepieciešama papildu drošības pārbaude.

Lūdzu, pārbaudiet norādīto informāciju un apstipriniet darbību. Lai turpinātu, izmantojiet norādīto pārbaudes iespēju.

Pretējā gadījumā var tikt piemēroti papildu drošības ierobežojumi.

Paldies par sapratni.",phishing
Jūsu kontam nepieciešama pārbaude,"Labdien, cienījamais klient!

Svarīga informācija par jūsu kontu.

Mūsu sistēma ir konstatējusi neparastu aktivitāti jūsu kontā. Paziņojums ir nosūtīts automātiski.

Veiciet norādīto pārbaudi, lai atjaunotu pilnu piekļuvi.
Konta pārbaudi var pabeigt, izmantojot zemāk norādīto darbību.

Pretējā gadījumā dažas konta funkcijas var kļūt nepieejamas.

Ar cieņu,
Atbalsta komanda.",phishing
Drošības sistēmas brīdinājums,"Cienījamais klient!

Svarīga informācija par jūsu kontu.

Mūsu sistēma ir konstatējusi neparastu aktivitāti jūsu kontā. Šis ir automātiski nosūtīts paziņojums.

Lūdzu, pārbaudiet norādīto informāciju un apstipriniet darbību.
Lai apstiprinātu informāciju, atveriet pārbaudes sadaļu.

Ja darbība netiks apstiprināta, konta izmantošana var būt ierobežota.

Ar cieņu,
Klientu apkalpošanas nodaļa.",phishing
Paziņojums par konta darbību,"Sveiki, klient!

Ir konstatēta iespējama neatbilstība konta informācijā.
Lūdzu, pabeidziet drošības pārbaudi.

Drošības pārbaude ir nepieciešama, lai aizsargātu jūsu kontu.

Nepieciešams rīkoties pirms konta statusa maiņas. Izmantojiet konta pārbaudes iespēju, lai turpinātu.

Ar cieņu,
Drošības nodaļa.",phishing
Identitātes pārbaude,"Cienījamais klient!

Automātiskās pārbaudes laikā tika konstatēta nepieciešamība atjaunināt informāciju.
Lai turpinātu izmantot kontu, nepieciešams veikt pārbaudi.

Drošības pārbaude ir nepieciešama, lai aizsargātu jūsu kontu.

Šo darbību nepieciešams veikt pēc iespējas ātrāk. Lai atjaunotu piekļuvi, turpiniet ar konta pārbaudi.

Ar cieņu,
Atbalsta komanda.",phishing
Svarīgs drošības paziņojums,"Sveiki!

Ir konstatēta iespējama neatbilstība konta informācijā.

Lūdzu, saglabājiet šo paziņojumu turpmākai atsaucei. Veiciet norādīto pārbaudi, lai atjaunotu pilnu piekļuvi.

Ja pārbaude netiks veikta, piekļuve kontam var tikt ierobežota. Apstiprināšanas process ir pieejams konta pārbaudes sadaļā.

Paldies par sapratni.",phishing
Jūsu konts ir ierobežots,"Svarīgs paziņojums!

Ir konstatēta darbība, kuru nepieciešams apstiprināt. Lai atjaunotu piekļuvi, nepieciešams apstiprināt konta statusu. Lūdzu, pievērsiet šim paziņojumam uzmanību.

Lai apstiprinātu informāciju, atveriet pārbaudes sadaļu.

Paldies par sadarbību.",phishing
Neparasta aktivitāte kontā,"Sveiki!

Svarīga informācija par jūsu kontu.

Mūsu sistēmā ir reģistrēta neparasta piekļuves darbība. Paziņojums ir nosūtīts automātiski.

Lai turpinātu izmantot pakalpojumu, jāapstiprina jūsu informācija.
Lai apstiprinātu informāciju, atveriet pārbaudes sadaļu.

Lūdzu, pievērsiet šim paziņojumam uzmanību.

Ar cieņu,
Drošības nodaļa.",phishing
Paziņojums par konta darbību,"Labdien, cienījamais klient!

Jūsu profils pašlaik gaida papildu pārbaudi.
Lai turpinātu izmantot kontu, nepieciešams veikt pārbaudi.

Atbildēt uz šo ziņojumu nav nepieciešams.

Lūdzu, pievērsiet šim paziņojumam uzmanību. Izmantojiet konta pārbaudes iespēju, lai turpinātu.

Ar cieņu,
Atbalsta komanda.",phishing
Identitātes pārbaude,"Cienījamais klient!

Svarīga informācija par jūsu kontu.

Ir konstatēta iespējama neatbilstība konta informācijā. Šī darbība ir saistīta ar jūsu konta drošību.

Nepieciešams apstiprināt, ka konts joprojām pieder jums.
Lai atjaunotu piekļuvi, turpiniet ar konta pārbaudi.

Šo darbību nepieciešams veikt pēc iespējas ātrāk.

Ar cieņu,
Konta drošības komanda.",phishing
Svarīgs klienta paziņojums,"Cienījamais lietotāj!

Mūsu sistēmā ir reģistrēta neparasta piekļuves darbība.

Papildu informācija par pārbaudi ir pieejama konta sadaļā. Lai turpinātu izmantot kontu, nepieciešams veikt pārbaudi.

Ja darbība netiks apstiprināta, konta izmantošana var būt ierobežota. Lai apstiprinātu informāciju, atveriet pārbaudes sadaļu.

Ar cieņu,
Atbalsta komanda.",phishing
Nepieciešams apstiprinājums,"Cienījamais lietotāj!

Sistēma nevarēja automātiski apstiprināt pēdējo darbību.
Lai atjaunotu piekļuvi, nepieciešams apstiprināt konta statusu.

Paziņojums ir nosūtīts automātiski.

Lūdzu, neatlieciet šo pārbaudi. Izmantojiet konta pārbaudes iespēju, lai turpinātu.

Ar cieņu,
Drošības nodaļa.",phishing
Apstipriniet konta informāciju,"Svarīgs paziņojums!

Svarīga informācija par jūsu kontu.

Sistēma nevarēja automātiski apstiprināt pēdējo darbību. Papildu informācija par pārbaudi ir pieejama konta sadaļā.

Lai izvairītos no piekļuves ierobežošanas, apstipriniet konta datus.
Izmantojiet konta pārbaudes iespēju, lai turpinātu.

Nepieciešams rīkoties pirms konta statusa maiņas.

Paldies par sapratni.",phishing
Svarīga informācija par jūsu kontu,"Cienījamais klient!

Mūsu sistēma ir konstatējusi neparastu aktivitāti jūsu kontā.

Pārbaude tiek veikta drošības nolūkos. Veiciet norādīto pārbaudi, lai atjaunotu pilnu piekļuvi.

Pretējā gadījumā dažas konta funkcijas var kļūt nepieejamas. Lai turpinātu, izmantojiet norādīto pārbaudes iespēju.

Paldies par sapratni.",phishing
Jūsu kontam nepieciešama pārbaude,"Labdien!

Vēlamies informēt par izmaiņām jūsu konta drošības statusā. Mūsu sistēmā ir reģistrēta neparasta piekļuves darbība.

Veiciet norādīto pārbaudi, lai atjaunotu pilnu piekļuvi. Lai atjaunotu piekļuvi, turpiniet ar konta pārbaudi.

Ja pārbaude netiks veikta, piekļuve kontam var tikt ierobežota.

Paldies par sapratni.",phishing
Darījuma pārbaude,"Sveiki, klient!

Vēlamies informēt par izmaiņām jūsu konta drošības statusā. Ir konstatēta iespējama neatbilstība konta informācijā.

Lai turpinātu izmantot kontu, nepieciešams veikt pārbaudi. Lai turpinātu, izmantojiet norādīto pārbaudes iespēju.

Pretējā gadījumā dažas konta funkcijas var kļūt nepieejamas.

Paldies par sapratni.",phishing
Darījuma pārbaude,"Sveiki, klient!

Jūsu profils pašlaik gaida papildu pārbaudi.

Šis ir automātiski nosūtīts paziņojums. Lūdzu, pabeidziet drošības pārbaudi.

Lūdzu, neatlieciet šo pārbaudi. Lai turpinātu, izmantojiet norādīto pārbaudes iespēju.

Paldies par sapratni.",phishing
Nepieciešama konta pārbaude,"Cienījamais lietotāj!

Jūsu profils pašlaik gaida papildu pārbaudi.
Lai turpinātu izmantot kontu, nepieciešams veikt pārbaudi.

Atbildēt uz šo ziņojumu nav nepieciešams.

Šo darbību nepieciešams veikt pēc iespējas ātrāk. Konta pārbaudi var pabeigt, izmantojot zemāk norādīto darbību.

Ar cieņu,
Klientu apkalpošanas nodaļa.",phishing
Apstipriniet konta informāciju,"Labdien!

Svarīga informācija par jūsu kontu.

Ir konstatēta iespējama neatbilstība konta informācijā. Lūdzu, saglabājiet šo paziņojumu turpmākai atsaucei.

Lūdzu, pārbaudiet norādīto informāciju un apstipriniet darbību.
Lai apstiprinātu informāciju, atveriet pārbaudes sadaļu.

Šo darbību nepieciešams veikt pēc iespējas ātrāk.

Ar cieņu,
Atbalsta komanda.",phishing
Konta pārbaudes termiņš,"Labdien!

Svarīga informācija par jūsu kontu.

Ir konstatēta darbība, kuru nepieciešams apstiprināt. Šis ir automātiski nosūtīts paziņojums.

Lūdzu, pabeidziet drošības pārbaudi.
Lai atjaunotu piekļuvi, turpiniet ar konta pārbaudi.

Pretējā gadījumā dažas konta funkcijas var kļūt nepieejamas.

Ar cieņu,
Atbalsta komanda.",phishing
Paziņojums par konta darbību,"Svarīgs paziņojums!

Vēlamies informēt par izmaiņām jūsu konta drošības statusā. Drošības sistēma ir pamanījusi aizdomīgu darbību.

Lūdzu, veiciet nepieciešamo pārbaudi pēc iespējas ātrāk. Konta pārbaudi var pabeigt, izmantojot zemāk norādīto darbību.

Lūdzu, pievērsiet šim paziņojumam uzmanību.

Paldies par sadarbību.",phishing
Nepieciešams apstiprinājums,"Labdien!

Svarīga informācija par jūsu kontu.

Pēdējās konta darbības dēļ nepieciešama papildu pārbaude. Atbildēt uz šo ziņojumu nav nepieciešams.

Lūdzu, veiciet nepieciešamo pārbaudi pēc iespējas ātrāk.
Lai turpinātu, izmantojiet norādīto pārbaudes iespēju.

Ja pārbaude netiks veikta, piekļuve kontam var tikt ierobežota.

Paldies par sadarbību.",phishing
Svarīgs klienta paziņojums,"Svarīgs paziņojums!

Automātiskās pārbaudes laikā tika konstatēta nepieciešamība atjaunināt informāciju.
Lūdzu, pabeidziet drošības pārbaudi.

Šis ir automātiski nosūtīts paziņojums.

Pretējā gadījumā dažas konta funkcijas var kļūt nepieejamas. Izmantojiet konta pārbaudes iespēju, lai turpinātu.

Ar cieņu,
Klientu apkalpošanas nodaļa.",phishing
Apstipriniet konta informāciju,"Labdien, cienījamais klient!

Automātiskās pārbaudes laikā tika konstatēta nepieciešamība atjaunināt informāciju.
Lai izvairītos no piekļuves ierobežošanas, apstipriniet konta datus.

Atbildēt uz šo ziņojumu nav nepieciešams.

Lūdzu, neatlieciet šo pārbaudi. Lai atjaunotu piekļuvi, turpiniet ar konta pārbaudi.

Ar cieņu,
Konta drošības komanda.",phishing
Neapstiprināta darbība,"Cienījamais klient!

Drošības sistēma ir pamanījusi aizdomīgu darbību.
Lai turpinātu izmantot kontu, nepieciešams veikt pārbaudi.

Šī darbība ir saistīta ar jūsu konta drošību.

Lūdzu, neatlieciet šo pārbaudi. Konta pārbaudi var pabeigt, izmantojot zemāk norādīto darbību.

Paldies, ka izmantojat mūsu pakalpojumus.",phishing
Neparasta aktivitāte kontā,"Labdien, cienījamais klient!

Pēdējās konta darbības dēļ nepieciešama papildu pārbaude. Nepieciešams apstiprināt, ka konts joprojām pieder jums. Pārbaudes termiņš ir ierobežots.

Lai atjaunotu piekļuvi, turpiniet ar konta pārbaudi.

Paldies par sadarbību.",phishing
Konta pārbaudes termiņš,"Sveiki!

Svarīga informācija par jūsu kontu.

Jūsu konta drošības statuss ir jāapstiprina. Paziņojums ir nosūtīts automātiski.

Veiciet norādīto pārbaudi, lai atjaunotu pilnu piekļuvi.
Lai apstiprinātu informāciju, atveriet pārbaudes sadaļu.

Pretējā gadījumā dažas konta funkcijas var kļūt nepieejamas.

Paldies, ka izmantojat mūsu pakalpojumus.",phishing
Piekļuves atjaunošana,"Sveiki!

Ir konstatēta iespējama neatbilstība konta informācijā. Lai turpinātu izmantot pakalpojumu, jāapstiprina jūsu informācija. Nepieciešams rīkoties pirms konta statusa maiņas.

Pabeidziet pārbaudi, izmantojot drošības sadaļu.

Paldies par sadarbību.",phishing
Konta darbības apstiprināšana,"Labdien!

Mūsu sistēmā ir reģistrēta neparasta piekļuves darbība. Veiciet norādīto pārbaudi, lai atjaunotu pilnu piekļuvi. Lūdzu, pievērsiet šim paziņojumam uzmanību.

Lai atjaunotu piekļuvi, turpiniet ar konta pārbaudi.

Paldies, ka izmantojat mūsu pakalpojumus.",phishing
Neapstiprināta darbība,"Svarīgs paziņojums!

Drošības sistēma ir pamanījusi aizdomīgu darbību.

Šī darbība ir saistīta ar jūsu konta drošību. Lūdzu, pārbaudiet norādīto informāciju un apstipriniet darbību.

Ja pārbaude netiks veikta, piekļuve kontam var tikt ierobežota. Lai turpinātu, izmantojiet norādīto pārbaudes iespēju.

Ar cieņu,
Atbalsta komanda.",phishing
Konta pārbaudes termiņš,"Sveiki!

Jūsu profils pašlaik gaida papildu pārbaudi.

Lūdzu, saglabājiet šo paziņojumu turpmākai atsaucei. Nepieciešams apstiprināt, ka konts joprojām pieder jums.

Pretējā gadījumā dažas konta funkcijas var kļūt nepieejamas. Pabeidziet pārbaudi, izmantojot drošības sadaļu.

Ar cieņu,
Konta drošības komanda.",phishing
Neparasta aktivitāte kontā,"Labdien, cienījamais klient!

Jūsu profils pašlaik gaida papildu pārbaudi. Lūdzu, veiciet nepieciešamo pārbaudi pēc iespējas ātrāk. Pārbaudes termiņš ir ierobežots.

Lai turpinātu, izmantojiet norādīto pārbaudes iespēju.

Ar cieņu,
Atbalsta komanda.",phishing
Drošības sistēmas brīdinājums,"Svarīgs paziņojums!

Sistēma nevarēja automātiski apstiprināt pēdējo darbību.

Paziņojums ir nosūtīts automātiski. Lūdzu, pabeidziet drošības pārbaudi.

Nepieciešams rīkoties pirms konta statusa maiņas. Lai atjaunotu piekļuvi, turpiniet ar konta pārbaudi.

Paldies par sadarbību.",phishing
Piekļuves atjaunošana,"Sveiki, klient!

Automātiskās pārbaudes laikā tika konstatēta nepieciešamība atjaunināt informāciju.
Lūdzu, pārbaudiet norādīto informāciju un apstipriniet darbību.

Šī darbība ir saistīta ar jūsu konta drošību.

Ja pārbaude netiks veikta, piekļuve kontam var tikt ierobežota. Konta pārbaudi var pabeigt, izmantojot zemāk norādīto darbību.

Ar cieņu,
Atbalsta komanda.",phishing
Svarīga informācija par jūsu kontu,"Labdien!

Automātiskā sistēma ir atzīmējusi jūsu kontu pārbaudei.
Lūdzu, veiciet nepieciešamo pārbaudi pēc iespējas ātrāk.

Drošības pārbaude ir nepieciešama, lai aizsargātu jūsu kontu.

Ja darbība netiks apstiprināta, konta izmantošana var būt ierobežota. Apstiprināšanas process ir pieejams konta pārbaudes sadaļā.

Ar cieņu,
Drošības nodaļa.",phishing
Maksājuma apstiprināšana,"Labdien!

Sistēma nevarēja automātiski apstiprināt pēdējo darbību.
Lai turpinātu izmantot kontu, nepieciešams veikt pārbaudi.

Atbildēt uz šo ziņojumu nav nepieciešams.

Ja darbība netiks apstiprināta, konta izmantošana var būt ierobežota. Izmantojiet konta pārbaudes iespēju, lai turpinātu.

Ar cieņu,
Atbalsta komanda.",phishing
Neapstiprināta darbība,"Labdien!

Svarīga informācija par jūsu kontu.

Ir konstatēta iespējama neatbilstība konta informācijā. Šis ir automātiski nosūtīts paziņojums.

Lūdzu, apstipriniet savu konta informāciju.
Konta pārbaudi var pabeigt, izmantojot zemāk norādīto darbību.

Ja pārbaude netiks veikta, piekļuve kontam var tikt ierobežota.

Ar cieņu,
Klientu apkalpošanas nodaļa.",phishing
Drošības pārbaude,"Sveiki!

Svarīga informācija par jūsu kontu.

Ir konstatēta iespējama neatbilstība konta informācijā. Papildu informācija par pārbaudi ir pieejama konta sadaļā.

Lūdzu, pabeidziet drošības pārbaudi.
Izmantojiet konta pārbaudes iespēju, lai turpinātu.

Šo darbību nepieciešams veikt pēc iespējas ātrāk.

Paldies par sapratni.",phishing
Pēdējais atgādinājums par kontu,"Svarīgs paziņojums!

Drošības sistēma ir pamanījusi aizdomīgu darbību. Lūdzu, apstipriniet savu konta informāciju. Pretējā gadījumā var tikt piemēroti papildu drošības ierobežojumi.

Lai apstiprinātu informāciju, atveriet pārbaudes sadaļu.

Ar cieņu,
Klientu apkalpošanas nodaļa.",phishing
Drošības sistēmas brīdinājums,"Cienījamais lietotāj!

Vēlamies informēt par izmaiņām jūsu konta drošības statusā. Automātiskā sistēma ir atzīmējusi jūsu kontu pārbaudei.

Lūdzu, veiciet nepieciešamo pārbaudi pēc iespējas ātrāk. Pabeidziet pārbaudi, izmantojot drošības sadaļu.

Lūdzu, pievērsiet šim paziņojumam uzmanību.

Ar cieņu,
Konta drošības komanda.",phishing
Identitātes pārbaude,"Cienījamais klient!

Jūsu konta drošības statuss ir jāapstiprina. Lūdzu, pārbaudiet norādīto informāciju un apstipriniet darbību. Ja darbība netiks apstiprināta, konta izmantošana var būt ierobežota.

Lai apstiprinātu informāciju, atveriet pārbaudes sadaļu.

Paldies par sapratni.",phishing
Brīdinājums par kontu,"Labdien!

Ir konstatēta darbība, kuru nepieciešams apstiprināt.

Papildu informācija par pārbaudi ir pieejama konta sadaļā. Nepieciešams apstiprināt, ka konts joprojām pieder jums.

Šo darbību nepieciešams veikt pēc iespējas ātrāk. Konta pārbaudi var pabeigt, izmantojot zemāk norādīto darbību.

Paldies par sapratni.",phishing
Brīdinājums par kontu,"Cienījamais lietotāj!

Vēlamies informēt par izmaiņām jūsu konta drošības statusā. Ir konstatēta darbība, kuru nepieciešams apstiprināt.

Lai turpinātu izmantot kontu, nepieciešams veikt pārbaudi. Apstiprināšanas process ir pieejams konta pārbaudes sadaļā.

Šo darbību nepieciešams veikt pēc iespējas ātrāk.

Ar cieņu,
Konta drošības komanda.",phishing
Konta pārbaudes termiņš,"Labdien!

Sistēma nevarēja automātiski apstiprināt pēdējo darbību. Nepieciešams apstiprināt, ka konts joprojām pieder jums. Pārbaudes termiņš ir ierobežots.

Apstiprināšanas process ir pieejams konta pārbaudes sadaļā.

Ar cieņu,
Klientu apkalpošanas nodaļa.",phishing
Paziņojums par konta darbību,"Cienījamais klient!

Automātiskā sistēma ir atzīmējusi jūsu kontu pārbaudei. Lūdzu, pārbaudiet norādīto informāciju un apstipriniet darbību. Pārbaudes termiņš ir ierobežots.

Lai atjaunotu piekļuvi, turpiniet ar konta pārbaudi.

Paldies, ka izmantojat mūsu pakalpojumus.",phishing
Drošības pārbaude,"Cienījamais klient!

Svarīga informācija par jūsu kontu.

Mūsu sistēmā ir reģistrēta neparasta piekļuves darbība. Šī darbība ir saistīta ar jūsu konta drošību.

Lai atjaunotu piekļuvi, nepieciešams apstiprināt konta statusu.
Lai atjaunotu piekļuvi, turpiniet ar konta pārbaudi.

Pretējā gadījumā dažas konta funkcijas var kļūt nepieejamas.

Paldies par sapratni.",phishing
Konta darbības apstiprināšana,"Cienījamais lietotāj!

Drošības sistēma ir pamanījusi aizdomīgu darbību.

Paziņojums ir nosūtīts automātiski. Lai turpinātu izmantot pakalpojumu, jāapstiprina jūsu informācija.

Pārbaudes termiņš ir ierobežots. Konta pārbaudi var pabeigt, izmantojot zemāk norādīto darbību.

Paldies par sadarbību.",phishing
Paziņojums par konta darbību,"Labdien!

Vēlamies informēt par izmaiņām jūsu konta drošības statusā. Jūsu konta drošības statuss ir jāapstiprina.

Lai turpinātu izmantot pakalpojumu, jāapstiprina jūsu informācija. Lai atjaunotu piekļuvi, turpiniet ar konta pārbaudi.

Pārbaudi ieteicams pabeigt tuvākajā laikā.

Paldies par sadarbību.",phishing
Brīdinājums par kontu,"Labdien!

Mūsu sistēma ir konstatējusi neparastu aktivitāti jūsu kontā. Nepieciešams apstiprināt, ka konts joprojām pieder jums. Lūdzu, pievērsiet šim paziņojumam uzmanību.

Lai turpinātu, izmantojiet norādīto pārbaudes iespēju.

Ar cieņu,
Konta drošības komanda.",phishing
Jūsu profils ir jāatjauno,"Labdien, cienījamais klient!

Jūsu konta drošības statuss ir jāapstiprina.

Pārbaude tiek veikta drošības nolūkos. Lai atjaunotu piekļuvi, nepieciešams apstiprināt konta statusu.

Pretējā gadījumā var tikt piemēroti papildu drošības ierobežojumi. Izmantojiet konta pārbaudes iespēju, lai turpinātu.

Ar cieņu,
Konta drošības komanda.",phishing
Neapstiprināta darbība,"Labdien!

Vēlamies informēt par izmaiņām jūsu konta drošības statusā. Jūsu konta drošības statuss ir jāapstiprina.

Veiciet norādīto pārbaudi, lai atjaunotu pilnu piekļuvi. Lai atjaunotu piekļuvi, turpiniet ar konta pārbaudi.

Pretējā gadījumā var tikt piemēroti papildu drošības ierobežojumi.

Paldies par sapratni.",phishing
Brīdinājums par kontu,"Sveiki!

Sistēma nevarēja automātiski apstiprināt pēdējo darbību. Lai atjaunotu piekļuvi, nepieciešams apstiprināt konta statusu. Pārbaudes termiņš ir ierobežots.

Pabeidziet pārbaudi, izmantojot drošības sadaļu.

Paldies par sadarbību.",phishing
Maksājuma apstiprināšana,"Labdien!

Svarīga informācija par jūsu kontu.

Kontam ir nepieciešama papildu drošības pārbaude. Lūdzu, saglabājiet šo paziņojumu turpmākai atsaucei.

Nepieciešams apstiprināt, ka konts joprojām pieder jums.
Lai atjaunotu piekļuvi, turpiniet ar konta pārbaudi.

Lūdzu, neatlieciet šo pārbaudi.

Ar cieņu,
Atbalsta komanda.",phishing
Pēdējais atgādinājums par kontu,"Sveiki!

Mūsu sistēmā ir reģistrēta neparasta piekļuves darbība.

Papildu informācija par pārbaudi ir pieejama konta sadaļā. Lūdzu, pabeidziet drošības pārbaudi.

Pārbaudi ieteicams pabeigt tuvākajā laikā. Lai apstiprinātu informāciju, atveriet pārbaudes sadaļu.

Ar cieņu,
Drošības nodaļa.",phishing
Drošības sistēmas brīdinājums,"Labdien, cienījamais klient!

Svarīga informācija par jūsu kontu.

Pēdējās konta darbības dēļ nepieciešama papildu pārbaude. Pārbaude tiek veikta drošības nolūkos.

Lūdzu, pabeidziet drošības pārbaudi.
Lai turpinātu, izmantojiet norādīto pārbaudes iespēju.

Ja darbība netiks apstiprināta, konta izmantošana var būt ierobežota.

Paldies par sadarbību.",phishing
Svarīga informācija par jūsu kontu,"Sveiki!

Svarīga informācija par jūsu kontu.

Jūsu konta drošības statuss ir jāapstiprina. Šī darbība ir saistīta ar jūsu konta drošību.

Lūdzu, pabeidziet drošības pārbaudi.
Lai atjaunotu piekļuvi, turpiniet ar konta pārbaudi.

Šo darbību nepieciešams veikt pēc iespējas ātrāk.

Paldies par sapratni.",phishing
Neapstiprināta darbība,"Labdien!

Vēlamies informēt par izmaiņām jūsu konta drošības statusā. Jūsu konta drošības statuss ir jāapstiprina.

Veiciet norādīto pārbaudi, lai atjaunotu pilnu piekļuvi. Apstiprināšanas process ir pieejams konta pārbaudes sadaļā.

Lūdzu, pievērsiet šim paziņojumam uzmanību.

Paldies par sapratni.",phishing
Maksājuma apstiprināšana,"Labdien!

Vēlamies informēt par izmaiņām jūsu konta drošības statusā. Pēdējās konta darbības dēļ nepieciešama papildu pārbaude.

Lai turpinātu izmantot pakalpojumu, jāapstiprina jūsu informācija. Konta pārbaudi var pabeigt, izmantojot zemāk norādīto darbību.

Lūdzu, neatlieciet šo pārbaudi.

Paldies, ka izmantojat mūsu pakalpojumus.",phishing
Neapstiprināta darbība,"Svarīgs paziņojums!

Automātiskās pārbaudes laikā tika konstatēta nepieciešamība atjaunināt informāciju.
Lūdzu, veiciet nepieciešamo pārbaudi pēc iespējas ātrāk.

Papildu informācija par pārbaudi ir pieejama konta sadaļā.

Ja pārbaude netiks veikta, piekļuve kontam var tikt ierobežota. Izmantojiet konta pārbaudes iespēju, lai turpinātu.

Paldies, ka izmantojat mūsu pakalpojumus.",phishing
Identitātes pārbaude,"Labdien, cienījamais klient!

Svarīga informācija par jūsu kontu.

Mūsu sistēma ir konstatējusi neparastu aktivitāti jūsu kontā. Šis ir automātiski nosūtīts paziņojums.

Veiciet norādīto pārbaudi, lai atjaunotu pilnu piekļuvi.
Lai atjaunotu piekļuvi, turpiniet ar konta pārbaudi.

Pretējā gadījumā var tikt piemēroti papildu drošības ierobežojumi.

Paldies, ka izmantojat mūsu pakalpojumus.",phishing
Konta darbības apstiprināšana,"Cienījamais lietotāj!

Svarīga informācija par jūsu kontu.

Automātiskā sistēma ir atzīmējusi jūsu kontu pārbaudei. Paziņojums ir nosūtīts automātiski.

Lai turpinātu izmantot pakalpojumu, jāapstiprina jūsu informācija.
Pabeidziet pārbaudi, izmantojot drošības sadaļu.

Ja pārbaude netiks veikta, piekļuve kontam var tikt ierobežota.

Paldies par sadarbību.",phishing
Brīdinājums par kontu,"Cienījamais lietotāj!

Pēdējās konta darbības dēļ nepieciešama papildu pārbaude. Lai atjaunotu piekļuvi, nepieciešams apstiprināt konta statusu. Pārbaudi ieteicams pabeigt tuvākajā laikā.

Lai turpinātu, izmantojiet norādīto pārbaudes iespēju.

Paldies, ka izmantojat mūsu pakalpojumus.",phishing
Konta darbības apstiprināšana,"Cienījamais klient!

Ir konstatēta iespējama neatbilstība konta informācijā.

Šī darbība ir saistīta ar jūsu konta drošību. Lai turpinātu izmantot kontu, nepieciešams veikt pārbaudi.

Pretējā gadījumā dažas konta funkcijas var kļūt nepieejamas. Izmantojiet konta pārbaudes iespēju, lai turpinātu.

Ar cieņu,
Klientu apkalpošanas nodaļa.",phishing
Steidzams paziņojums,"Labdien, cienījamais klient!

Ir konstatēta iespējama neatbilstība konta informācijā.
Nepieciešams apstiprināt, ka konts joprojām pieder jums.

Šis ir automātiski nosūtīts paziņojums.

Pretējā gadījumā var tikt piemēroti papildu drošības ierobežojumi. Lai atjaunotu piekļuvi, turpiniet ar konta pārbaudi.

Ar cieņu,
Drošības nodaļa.",phishing
Konta piekļuves problēma,"Labdien!

Svarīga informācija par jūsu kontu.

Mūsu sistēma ir konstatējusi neparastu aktivitāti jūsu kontā. Drošības pārbaude ir nepieciešama, lai aizsargātu jūsu kontu.

Lūdzu, pabeidziet drošības pārbaudi.
Lai atjaunotu piekļuvi, turpiniet ar konta pārbaudi.

Nepieciešams rīkoties pirms konta statusa maiņas.

Ar cieņu,
Drošības nodaļa.",phishing
Neparasta aktivitāte kontā,"Svarīgs paziņojums!

Vēlamies informēt par izmaiņām jūsu konta drošības statusā. Sistēma nevarēja automātiski apstiprināt pēdējo darbību.

Lai turpinātu izmantot pakalpojumu, jāapstiprina jūsu informācija. Lai atjaunotu piekļuvi, turpiniet ar konta pārbaudi.

Lūdzu, neatlieciet šo pārbaudi.

Paldies par sadarbību.",phishing
Nepieciešama tūlītēja darbība,"Labdien, cienījamais klient!

Jūsu konta drošības statuss ir jāapstiprina.
Nepieciešams apstiprināt, ka konts joprojām pieder jums.

Papildu informācija par pārbaudi ir pieejama konta sadaļā.

Šo darbību nepieciešams veikt pēc iespējas ātrāk. Lai atjaunotu piekļuvi, turpiniet ar konta pārbaudi.

Paldies par sapratni.",phishing
Jūsu konts ir ierobežots,"Labdien, cienījamais klient!

Jūsu konta drošības statuss ir jāapstiprina. Nepieciešams apstiprināt, ka konts joprojām pieder jums. Pārbaudes termiņš ir ierobežots.

Apstiprināšanas process ir pieejams konta pārbaudes sadaļā.

Paldies par sadarbību.",phishing
Brīdinājums par kontu,"Labdien, cienījamais klient!

Vēlamies informēt par izmaiņām jūsu konta drošības statusā. Jūsu profils pašlaik gaida papildu pārbaudi.

Lūdzu, apstipriniet savu konta informāciju. Pabeidziet pārbaudi, izmantojot drošības sadaļu.

Lūdzu, neatlieciet šo pārbaudi.

Ar cieņu,
Klientu apkalpošanas nodaļa.",phishing
Konta pārbaudes termiņš,"Labdien!

Svarīga informācija par jūsu kontu.

Jūsu profils pašlaik gaida papildu pārbaudi. Papildu informācija par pārbaudi ir pieejama konta sadaļā.

Lai turpinātu izmantot pakalpojumu, jāapstiprina jūsu informācija.
Izmantojiet konta pārbaudes iespēju, lai turpinātu.

Lūdzu, neatlieciet šo pārbaudi.

Ar cieņu,
Klientu apkalpošanas nodaļa.",phishing
Steidzams paziņojums,"Labdien!

Drošības sistēma ir pamanījusi aizdomīgu darbību.

Atbildēt uz šo ziņojumu nav nepieciešams. Lai turpinātu izmantot pakalpojumu, jāapstiprina jūsu informācija.

Šo darbību nepieciešams veikt pēc iespējas ātrāk. Pabeidziet pārbaudi, izmantojot drošības sadaļu.

Paldies par sapratni.",phishing
Brīdinājums par kontu,"Labdien!

Ir konstatēta darbība, kuru nepieciešams apstiprināt. Lūdzu, pabeidziet drošības pārbaudi. Pārbaudi ieteicams pabeigt tuvākajā laikā.

Pabeidziet pārbaudi, izmantojot drošības sadaļu.

Ar cieņu,
Konta drošības komanda.",phishing
Pēdējais atgādinājums par kontu,"Svarīgs paziņojums!

Automātiskās pārbaudes laikā tika konstatēta nepieciešamība atjaunināt informāciju. Lai atjaunotu piekļuvi, nepieciešams apstiprināt konta statusu. Pārbaudes termiņš ir ierobežots.

Apstiprināšanas process ir pieejams konta pārbaudes sadaļā.

Ar cieņu,
Klientu apkalpošanas nodaļa.",phishing
Apstipriniet konta informāciju,"Labdien, cienījamais klient!

Mūsu sistēmā ir reģistrēta neparasta piekļuves darbība.

Lūdzu, saglabājiet šo paziņojumu turpmākai atsaucei. Lai izvairītos no piekļuves ierobežošanas, apstipriniet konta datus.

Ja darbība netiks apstiprināta, konta izmantošana var būt ierobežota. Izmantojiet konta pārbaudes iespēju, lai turpinātu.

Ar cieņu,
Drošības nodaļa.",phishing
Svarīga informācija par jūsu kontu,"Svarīgs paziņojums!

Mūsu sistēma ir konstatējusi neparastu aktivitāti jūsu kontā.
Nepieciešams apstiprināt, ka konts joprojām pieder jums.

Šī darbība ir saistīta ar jūsu konta drošību.

Lūdzu, pievērsiet šim paziņojumam uzmanību. Lai apstiprinātu informāciju, atveriet pārbaudes sadaļu.

Paldies, ka izmantojat mūsu pakalpojumus.",phishing
Brīdinājums par kontu,"Labdien!

Vēlamies informēt par izmaiņām jūsu konta drošības statusā. Jūsu konta drošības statuss ir jāapstiprina.

Lūdzu, pabeidziet drošības pārbaudi. Konta pārbaudi var pabeigt, izmantojot zemāk norādīto darbību.

Ja pārbaude netiks veikta, piekļuve kontam var tikt ierobežota.

Paldies par sadarbību.",phishing
Nepieciešama tūlītēja darbība,"Sveiki!

Sistēma nevarēja automātiski apstiprināt pēdējo darbību.
Lūdzu, veiciet nepieciešamo pārbaudi pēc iespējas ātrāk.

Šī darbība ir saistīta ar jūsu konta drošību.

Lūdzu, pievērsiet šim paziņojumam uzmanību. Konta pārbaudi var pabeigt, izmantojot zemāk norādīto darbību.

Paldies, ka izmantojat mūsu pakalpojumus.",phishing
Neparasta aktivitāte kontā,"Sveiki!

Vēlamies informēt par izmaiņām jūsu konta drošības statusā. Jūsu konta drošības statuss ir jāapstiprina.

Nepieciešams apstiprināt, ka konts joprojām pieder jums. Konta pārbaudi var pabeigt, izmantojot zemāk norādīto darbību.

Lūdzu, pievērsiet šim paziņojumam uzmanību.

Paldies, ka izmantojat mūsu pakalpojumus.",phishing
Piekļuves atjaunošana,"Sveiki!

Jūsu konta drošības statuss ir jāapstiprina.
Lai turpinātu izmantot kontu, nepieciešams veikt pārbaudi.

Drošības pārbaude ir nepieciešama, lai aizsargātu jūsu kontu.

Ja pārbaude netiks veikta, piekļuve kontam var tikt ierobežota. Lai atjaunotu piekļuvi, turpiniet ar konta pārbaudi.

Ar cieņu,
Drošības nodaļa.",phishing
Jūsu konts ir ierobežots,"Svarīgs paziņojums!

Vēlamies informēt par izmaiņām jūsu konta drošības statusā. Jūsu konta drošības statuss ir jāapstiprina.

Lai atjaunotu piekļuvi, nepieciešams apstiprināt konta statusu. Pabeidziet pārbaudi, izmantojot drošības sadaļu.

Ja darbība netiks apstiprināta, konta izmantošana var būt ierobežota.

Paldies par sadarbību.",phishing
Drošības pārbaude,"Labdien!

Svarīga informācija par jūsu kontu.

Pēdējās konta darbības dēļ nepieciešama papildu pārbaude. Atbildēt uz šo ziņojumu nav nepieciešams.

Nepieciešams apstiprināt, ka konts joprojām pieder jums.
Lai atjaunotu piekļuvi, turpiniet ar konta pārbaudi.

Ja pārbaude netiks veikta, piekļuve kontam var tikt ierobežota.

Paldies par sapratni.",phishing
Drošības pārbaude,"Svarīgs paziņojums!

Svarīga informācija par jūsu kontu.

Mūsu sistēma ir konstatējusi neparastu aktivitāti jūsu kontā. Šī darbība ir saistīta ar jūsu konta drošību.

Veiciet norādīto pārbaudi, lai atjaunotu pilnu piekļuvi.
Izmantojiet konta pārbaudes iespēju, lai turpinātu.

Nepieciešams rīkoties pirms konta statusa maiņas.

Paldies, ka izmantojat mūsu pakalpojumus.",phishing
Piekļuves atjaunošana,"Labdien, cienījamais klient!

Svarīga informācija par jūsu kontu.

Mūsu sistēmā ir reģistrēta neparasta piekļuves darbība. Drošības pārbaude ir nepieciešama, lai aizsargātu jūsu kontu.

Veiciet norādīto pārbaudi, lai atjaunotu pilnu piekļuvi.
Pabeidziet pārbaudi, izmantojot drošības sadaļu.

Pretējā gadījumā dažas konta funkcijas var kļūt nepieejamas.

Paldies, ka izmantojat mūsu pakalpojumus.",phishing
Darījuma pārbaude,"Cienījamais klient!

Sistēma nevarēja automātiski apstiprināt pēdējo darbību.

Atbildēt uz šo ziņojumu nav nepieciešams. Lai turpinātu izmantot kontu, nepieciešams veikt pārbaudi.

Nepieciešams rīkoties pirms konta statusa maiņas. Konta pārbaudi var pabeigt, izmantojot zemāk norādīto darbību.

Ar cieņu,
Konta drošības komanda.",phishing
Konta piekļuves problēma,"Cienījamais lietotāj!

Ir konstatēta darbība, kuru nepieciešams apstiprināt.
Lūdzu, pabeidziet drošības pārbaudi.

Šī darbība ir saistīta ar jūsu konta drošību.

Pretējā gadījumā var tikt piemēroti papildu drošības ierobežojumi. Pabeidziet pārbaudi, izmantojot drošības sadaļu.

Ar cieņu,
Drošības nodaļa.",phishing
Konta darbības apstiprināšana,"Sveiki!

Svarīga informācija par jūsu kontu.

Mūsu sistēma ir konstatējusi neparastu aktivitāti jūsu kontā. Paziņojums ir nosūtīts automātiski.

Lai atjaunotu piekļuvi, nepieciešams apstiprināt konta statusu.
Izmantojiet konta pārbaudes iespēju, lai turpinātu.

Pārbaudi ieteicams pabeigt tuvākajā laikā.

Paldies par sadarbību.",phishing
Identitātes pārbaude,"Labdien!

Mūsu sistēma ir konstatējusi neparastu aktivitāti jūsu kontā.
Lūdzu, apstipriniet savu konta informāciju.

Paziņojums ir nosūtīts automātiski.

Pretējā gadījumā var tikt piemēroti papildu drošības ierobežojumi. Lai turpinātu, izmantojiet norādīto pārbaudes iespēju.

Paldies par sadarbību.",phishing
Konta darbības apstiprināšana,"Cienījamais klient!

Mūsu sistēma ir konstatējusi neparastu aktivitāti jūsu kontā.
Lai turpinātu izmantot kontu, nepieciešams veikt pārbaudi.

Atbildēt uz šo ziņojumu nav nepieciešams.

Ja darbība netiks apstiprināta, konta izmantošana var būt ierobežota. Pabeidziet pārbaudi, izmantojot drošības sadaļu.

Paldies par sapratni.",phishing
Svarīga informācija par jūsu kontu,"Labdien!

Vēlamies informēt par izmaiņām jūsu konta drošības statusā. Jūsu konta drošības statuss ir jāapstiprina.

Nepieciešams apstiprināt, ka konts joprojām pieder jums. Lai atjaunotu piekļuvi, turpiniet ar konta pārbaudi.

Pārbaudi ieteicams pabeigt tuvākajā laikā.

Ar cieņu,
Atbalsta komanda.",phishing
Maksājuma apstiprināšana,"Labdien!

Ir konstatēta darbība, kuru nepieciešams apstiprināt. Lai atjaunotu piekļuvi, nepieciešams apstiprināt konta statusu. Šo darbību nepieciešams veikt pēc iespējas ātrāk.

Lai apstiprinātu informāciju, atveriet pārbaudes sadaļu.

Paldies par sapratni.",phishing
Konta pārbaudes termiņš,"Labdien!

Svarīga informācija par jūsu kontu.

Jūsu konta drošības statuss ir jāapstiprina. Atbildēt uz šo ziņojumu nav nepieciešams.

Veiciet norādīto pārbaudi, lai atjaunotu pilnu piekļuvi.
Lai turpinātu, izmantojiet norādīto pārbaudes iespēju.

Nepieciešams rīkoties pirms konta statusa maiņas.

Paldies, ka izmantojat mūsu pakalpojumus.",phishing
Maksājuma apstiprināšana,"Cienījamais klient!

Jūsu profils pašlaik gaida papildu pārbaudi. Lai izvairītos no piekļuves ierobežošanas, apstipriniet konta datus. Pretējā gadījumā dažas konta funkcijas var kļūt nepieejamas.

Apstiprināšanas process ir pieejams konta pārbaudes sadaļā.

Ar cieņu,
Klientu apkalpošanas nodaļa.",phishing
Konta darbības apstiprināšana,"Sveiki!

Svarīga informācija par jūsu kontu.

Automātiskās pārbaudes laikā tika konstatēta nepieciešamība atjaunināt informāciju. Lūdzu, saglabājiet šo paziņojumu turpmākai atsaucei.

Lūdzu, veiciet nepieciešamo pārbaudi pēc iespējas ātrāk.
Lai atjaunotu piekļuvi, turpiniet ar konta pārbaudi.

Pārbaudes termiņš ir ierobežots.

Ar cieņu,
Konta drošības komanda.",phishing
Konta darbības apstiprināšana,"Svarīgs paziņojums!

Kontam ir nepieciešama papildu drošības pārbaude. Lūdzu, veiciet nepieciešamo pārbaudi pēc iespējas ātrāk. Pārbaudi ieteicams pabeigt tuvākajā laikā.

Konta pārbaudi var pabeigt, izmantojot zemāk norādīto darbību.

Ar cieņu,
Atbalsta komanda.",phishing
Jūsu profils ir jāatjauno,"Cienījamais klient!

Vēlamies informēt par izmaiņām jūsu konta drošības statusā. Mūsu sistēma ir konstatējusi neparastu aktivitāti jūsu kontā.

Lai turpinātu izmantot kontu, nepieciešams veikt pārbaudi. Apstiprināšanas process ir pieejams konta pārbaudes sadaļā.

Nepieciešams rīkoties pirms konta statusa maiņas.

Paldies, ka izmantojat mūsu pakalpojumus.",phishing
Drošības sistēmas brīdinājums,"Sveiki, klient!

Svarīga informācija par jūsu kontu.

Automātiskās pārbaudes laikā tika konstatēta nepieciešamība atjaunināt informāciju. Šī darbība ir saistīta ar jūsu konta drošību.

Lai turpinātu izmantot kontu, nepieciešams veikt pārbaudi.
Apstiprināšanas process ir pieejams konta pārbaudes sadaļā.

Ja pārbaude netiks veikta, piekļuve kontam var tikt ierobežota.

Paldies, ka izmantojat mūsu pakalpojumus.",phishing
Svarīgs drošības paziņojums,"Cienījamais lietotāj!

Automātiskās pārbaudes laikā tika konstatēta nepieciešamība atjaunināt informāciju.
Lai izvairītos no piekļuves ierobežošanas, apstipriniet konta datus.

Atbildēt uz šo ziņojumu nav nepieciešams.

Pārbaudi ieteicams pabeigt tuvākajā laikā. Lai turpinātu, izmantojiet norādīto pārbaudes iespēju.

Ar cieņu,
Klientu apkalpošanas nodaļa.",phishing
Konta piekļuves problēma,"Sveiki!

Automātiskās pārbaudes laikā tika konstatēta nepieciešamība atjaunināt informāciju.
Lūdzu, apstipriniet savu konta informāciju.

Papildu informācija par pārbaudi ir pieejama konta sadaļā.

Ja pārbaude netiks veikta, piekļuve kontam var tikt ierobežota. Lai atjaunotu piekļuvi, turpiniet ar konta pārbaudi.

Paldies, ka izmantojat mūsu pakalpojumus.",phishing
Nepieciešama tūlītēja darbība,"Labdien!

Pēdējās konta darbības dēļ nepieciešama papildu pārbaude.

Papildu informācija par pārbaudi ir pieejama konta sadaļā. Lai atjaunotu piekļuvi, nepieciešams apstiprināt konta statusu.

Lūdzu, neatlieciet šo pārbaudi. Lai turpinātu, izmantojiet norādīto pārbaudes iespēju.

Paldies par sadarbību.",phishing
Svarīga informācija par jūsu kontu,"Labdien!

Pēdējās konta darbības dēļ nepieciešama papildu pārbaude. Lūdzu, pārbaudiet norādīto informāciju un apstipriniet darbību. Pārbaudi ieteicams pabeigt tuvākajā laikā.

Izmantojiet konta pārbaudes iespēju, lai turpinātu.

Ar cieņu,
Drošības nodaļa.",phishing
Jūsu profils ir jāatjauno,"Labdien!

Svarīga informācija par jūsu kontu.

Ir konstatēta iespējama neatbilstība konta informācijā. Drošības pārbaude ir nepieciešama, lai aizsargātu jūsu kontu.

Lūdzu, pārbaudiet norādīto informāciju un apstipriniet darbību.
Konta pārbaudi var pabeigt, izmantojot zemāk norādīto darbību.

Pārbaudes termiņš ir ierobežots.

Paldies, ka izmantojat mūsu pakalpojumus.",phishing
Konta piekļuves problēma,"Sveiki, klient!

Vēlamies informēt par izmaiņām jūsu konta drošības statusā. Automātiskās pārbaudes laikā tika konstatēta nepieciešamība atjaunināt informāciju.

Lai izvairītos no piekļuves ierobežošanas, apstipriniet konta datus. Pabeidziet pārbaudi, izmantojot drošības sadaļu.

Lūdzu, pievērsiet šim paziņojumam uzmanību.

Paldies par sadarbību.",phishing
Drošības pārbaude,"Labdien, cienījamais klient!

Vēlamies informēt par izmaiņām jūsu konta drošības statusā. Pēdējās konta darbības dēļ nepieciešama papildu pārbaude.

Lai atjaunotu piekļuvi, nepieciešams apstiprināt konta statusu. Lai turpinātu, izmantojiet norādīto pārbaudes iespēju.

Pārbaudes termiņš ir ierobežots.

Paldies, ka izmantojat mūsu pakalpojumus.",phishing
Konta piekļuves problēma,"Labdien!

Automātiskā sistēma ir atzīmējusi jūsu kontu pārbaudei. Nepieciešams apstiprināt, ka konts joprojām pieder jums. Lūdzu, pievērsiet šim paziņojumam uzmanību.

Pabeidziet pārbaudi, izmantojot drošības sadaļu.

Ar cieņu,
Drošības nodaļa.",phishing
Maksājuma apstiprināšana,"Cienījamais lietotāj!

Mūsu sistēmā ir reģistrēta neparasta piekļuves darbība. Veiciet norādīto pārbaudi, lai atjaunotu pilnu piekļuvi. Pārbaudes termiņš ir ierobežots.

Izmantojiet konta pārbaudes iespēju, lai turpinātu.

Paldies par sadarbību.",phishing
Apstipriniet konta informāciju,"Labdien!

Jūsu profils pašlaik gaida papildu pārbaudi.
Lūdzu, apstipriniet savu konta informāciju.

Papildu informācija par pārbaudi ir pieejama konta sadaļā.

Šo darbību nepieciešams veikt pēc iespējas ātrāk. Apstiprināšanas process ir pieejams konta pārbaudes sadaļā.

Ar cieņu,
Atbalsta komanda.",phishing
Svarīgs klienta paziņojums,"Labdien!

Pēdējās konta darbības dēļ nepieciešama papildu pārbaude.

Atbildēt uz šo ziņojumu nav nepieciešams. Lai izvairītos no piekļuves ierobežošanas, apstipriniet konta datus.

Ja pārbaude netiks veikta, piekļuve kontam var tikt ierobežota. Apstiprināšanas process ir pieejams konta pārbaudes sadaļā.

Paldies par sadarbību.",phishing
Svarīgs klienta paziņojums,"Svarīgs paziņojums!

Svarīga informācija par jūsu kontu.

Mūsu sistēma ir konstatējusi neparastu aktivitāti jūsu kontā. Šis ir automātiski nosūtīts paziņojums.

Veiciet norādīto pārbaudi, lai atjaunotu pilnu piekļuvi.
Apstiprināšanas process ir pieejams konta pārbaudes sadaļā.

Ja pārbaude netiks veikta, piekļuve kontam var tikt ierobežota.

Paldies par sadarbību.",phishing
Paziņojums par konta darbību,"Sveiki!

Svarīga informācija par jūsu kontu.

Mūsu sistēma ir konstatējusi neparastu aktivitāti jūsu kontā. Pārbaude tiek veikta drošības nolūkos.

Lai izvairītos no piekļuves ierobežošanas, apstipriniet konta datus.
Pabeidziet pārbaudi, izmantojot drošības sadaļu.

Šo darbību nepieciešams veikt pēc iespējas ātrāk.

Ar cieņu,
Atbalsta komanda.",phishing
Brīdinājums par kontu,"Sveiki, klient!

Vēlamies informēt par izmaiņām jūsu konta drošības statusā. Drošības sistēma ir pamanījusi aizdomīgu darbību.

Lai turpinātu izmantot pakalpojumu, jāapstiprina jūsu informācija. Konta pārbaudi var pabeigt, izmantojot zemāk norādīto darbību.

Pretējā gadījumā var tikt piemēroti papildu drošības ierobežojumi.

Paldies par sapratni.",phishing
Drošības sistēmas brīdinājums,"Cienījamais klient!

Drošības sistēma ir pamanījusi aizdomīgu darbību. Nepieciešams apstiprināt, ka konts joprojām pieder jums. Pretējā gadījumā dažas konta funkcijas var kļūt nepieejamas.

Apstiprināšanas process ir pieejams konta pārbaudes sadaļā.

Ar cieņu,
Drošības nodaļa.",phishing
Apstipriniet konta informāciju,"Labdien, cienījamais klient!

Svarīga informācija par jūsu kontu.

Jūsu konta drošības statuss ir jāapstiprina. Lūdzu, saglabājiet šo paziņojumu turpmākai atsaucei.

Lai izvairītos no piekļuves ierobežošanas, apstipriniet konta datus.
Izmantojiet konta pārbaudes iespēju, lai turpinātu.

Pretējā gadījumā var tikt piemēroti papildu drošības ierobežojumi.

Paldies, ka izmantojat mūsu pakalpojumus.",phishing
Darījuma pārbaude,"Labdien, cienījamais klient!

Vēlamies informēt par izmaiņām jūsu konta drošības statusā. Kontam ir nepieciešama papildu drošības pārbaude.

Lūdzu, pārbaudiet norādīto informāciju un apstipriniet darbību. Lai turpinātu, izmantojiet norādīto pārbaudes iespēju.

Lūdzu, neatlieciet šo pārbaudi.

Ar cieņu,
Klientu apkalpošanas nodaļa.",phishing
Svarīgs drošības paziņojums,"Sveiki!

Sistēma nevarēja automātiski apstiprināt pēdējo darbību.
Lūdzu, veiciet nepieciešamo pārbaudi pēc iespējas ātrāk.

Šī darbība ir saistīta ar jūsu konta drošību.

Lūdzu, neatlieciet šo pārbaudi. Izmantojiet konta pārbaudes iespēju, lai turpinātu.

Paldies par sapratni.",phishing
Nepieciešama tūlītēja darbība,"Labdien, cienījamais klient!

Jūsu konta drošības statuss ir jāapstiprina.
Lūdzu, pārbaudiet norādīto informāciju un apstipriniet darbību.

Drošības pārbaude ir nepieciešama, lai aizsargātu jūsu kontu.

Ja pārbaude netiks veikta, piekļuve kontam var tikt ierobežota. Izmantojiet konta pārbaudes iespēju, lai turpinātu.

Ar cieņu,
Drošības nodaļa.",phishing
Piekļuves atjaunošana,"Cienījamais klient!

Vēlamies informēt par izmaiņām jūsu konta drošības statusā. Pēdējās konta darbības dēļ nepieciešama papildu pārbaude.

Lūdzu, apstipriniet savu konta informāciju. Konta pārbaudi var pabeigt, izmantojot zemāk norādīto darbību.

Nepieciešams rīkoties pirms konta statusa maiņas.

Ar cieņu,
Drošības nodaļa.",phishing
Piekļuves atjaunošana,"Sveiki, klient!

Vēlamies informēt par izmaiņām jūsu konta drošības statusā. Drošības sistēma ir pamanījusi aizdomīgu darbību.

Nepieciešams apstiprināt, ka konts joprojām pieder jums. Pabeidziet pārbaudi, izmantojot drošības sadaļu.

Pretējā gadījumā dažas konta funkcijas var kļūt nepieejamas.

Ar cieņu,
Konta drošības komanda.",phishing
Drošības pārbaude,"Cienījamais klient!

Mūsu sistēma ir konstatējusi neparastu aktivitāti jūsu kontā.

Šis ir automātiski nosūtīts paziņojums. Veiciet norādīto pārbaudi, lai atjaunotu pilnu piekļuvi.

Ja pārbaude netiks veikta, piekļuve kontam var tikt ierobežota. Apstiprināšanas process ir pieejams konta pārbaudes sadaļā.

Ar cieņu,
Konta drošības komanda.",phishing
Neapstiprināta darbība,"Sveiki, klient!

Drošības sistēma ir pamanījusi aizdomīgu darbību.

Šis ir automātiski nosūtīts paziņojums. Lai atjaunotu piekļuvi, nepieciešams apstiprināt konta statusu.

Pārbaudi ieteicams pabeigt tuvākajā laikā. Konta pārbaudi var pabeigt, izmantojot zemāk norādīto darbību.

Paldies, ka izmantojat mūsu pakalpojumus.",phishing
Darījuma pārbaude,"Sveiki, klient!

Svarīga informācija par jūsu kontu.

Ir konstatēta darbība, kuru nepieciešams apstiprināt. Atbildēt uz šo ziņojumu nav nepieciešams.

Nepieciešams apstiprināt, ka konts joprojām pieder jums.
Lai atjaunotu piekļuvi, turpiniet ar konta pārbaudi.

Lūdzu, neatlieciet šo pārbaudi.

Paldies par sapratni.",phishing
Neparasta aktivitāte kontā,"Cienījamais lietotāj!

Vēlamies informēt par izmaiņām jūsu konta drošības statusā. Automātiskās pārbaudes laikā tika konstatēta nepieciešamība atjaunināt informāciju.

Nepieciešams apstiprināt, ka konts joprojām pieder jums. Izmantojiet konta pārbaudes iespēju, lai turpinātu.

Ja pārbaude netiks veikta, piekļuve kontam var tikt ierobežota.

Paldies par sapratni.",phishing
Identitātes pārbaude,"Sveiki!

Svarīga informācija par jūsu kontu.

Mūsu sistēmā ir reģistrēta neparasta piekļuves darbība. Paziņojums ir nosūtīts automātiski.

Lūdzu, veiciet nepieciešamo pārbaudi pēc iespējas ātrāk.
Konta pārbaudi var pabeigt, izmantojot zemāk norādīto darbību.

Lūdzu, neatlieciet šo pārbaudi.

Paldies par sadarbību.",phishing
Paziņojums par konta darbību,"Labdien, cienījamais klient!

Svarīga informācija par jūsu kontu.

Ir konstatēta iespējama neatbilstība konta informācijā. Paziņojums ir nosūtīts automātiski.

Nepieciešams apstiprināt, ka konts joprojām pieder jums.
Lai atjaunotu piekļuvi, turpiniet ar konta pārbaudi.

Ja darbība netiks apstiprināta, konta izmantošana var būt ierobežota.

Ar cieņu,
Konta drošības komanda.",phishing
Drošības pārbaude,"Labdien, cienījamais klient!

Automātiskā sistēma ir atzīmējusi jūsu kontu pārbaudei.

Šī darbība ir saistīta ar jūsu konta drošību. Lūdzu, pabeidziet drošības pārbaudi.

Pretējā gadījumā dažas konta funkcijas var kļūt nepieejamas. Izmantojiet konta pārbaudes iespēju, lai turpinātu.

Ar cieņu,
Atbalsta komanda.",phishing
Jūsu profils ir jāatjauno,"Labdien, cienījamais klient!

Svarīga informācija par jūsu kontu.

Kontam ir nepieciešama papildu drošības pārbaude. Atbildēt uz šo ziņojumu nav nepieciešams.

Lūdzu, veiciet nepieciešamo pārbaudi pēc iespējas ātrāk.
Lai turpinātu, izmantojiet norādīto pārbaudes iespēju.

Lūdzu, pievērsiet šim paziņojumam uzmanību.

Ar cieņu,
Atbalsta komanda.",phishing
Konta darbības apstiprināšana,"Sveiki!

Vēlamies informēt par izmaiņām jūsu konta drošības statusā. Ir konstatēta iespējama neatbilstība konta informācijā.

Lūdzu, apstipriniet savu konta informāciju. Apstiprināšanas process ir pieejams konta pārbaudes sadaļā.

Ja pārbaude netiks veikta, piekļuve kontam var tikt ierobežota.

Ar cieņu,
Drošības nodaļa.",phishing
Nepieciešams apstiprinājums,"Cienījamais lietotāj!

Pēdējās konta darbības dēļ nepieciešama papildu pārbaude.
Lai turpinātu izmantot kontu, nepieciešams veikt pārbaudi.

Šī darbība ir saistīta ar jūsu konta drošību.

Pretējā gadījumā var tikt piemēroti papildu drošības ierobežojumi. Pabeidziet pārbaudi, izmantojot drošības sadaļu.

Ar cieņu,
Klientu apkalpošanas nodaļa.",phishing
Maksājuma apstiprināšana,"Labdien!

Svarīga informācija par jūsu kontu.

Sistēma nevarēja automātiski apstiprināt pēdējo darbību. Šis ir automātiski nosūtīts paziņojums.

Lūdzu, pabeidziet drošības pārbaudi.
Lai turpinātu, izmantojiet norādīto pārbaudes iespēju.

Pārbaudi ieteicams pabeigt tuvākajā laikā.

Paldies par sapratni.",phishing
Konta piekļuves problēma,"Labdien!

Svarīga informācija par jūsu kontu.

Jūsu profils pašlaik gaida papildu pārbaudi. Paziņojums ir nosūtīts automātiski.

Lai turpinātu izmantot pakalpojumu, jāapstiprina jūsu informācija.
Lai turpinātu, izmantojiet norādīto pārbaudes iespēju.

Pretējā gadījumā dažas konta funkcijas var kļūt nepieejamas.

Ar cieņu,
Konta drošības komanda.",phishing
Konta pārbaudes termiņš,"Labdien, cienījamais klient!

Vēlamies informēt par izmaiņām jūsu konta drošības statusā. Ir konstatēta iespējama neatbilstība konta informācijā.

Lai atjaunotu piekļuvi, nepieciešams apstiprināt konta statusu. Lai atjaunotu piekļuvi, turpiniet ar konta pārbaudi.

Lūdzu, pievērsiet šim paziņojumam uzmanību.

Ar cieņu,
Klientu apkalpošanas nodaļa.",phishing
Drošības pārbaude,"Labdien!

Drošības sistēma ir pamanījusi aizdomīgu darbību.
Veiciet norādīto pārbaudi, lai atjaunotu pilnu piekļuvi.

Paziņojums ir nosūtīts automātiski.

Ja pārbaude netiks veikta, piekļuve kontam var tikt ierobežota. Lai atjaunotu piekļuvi, turpiniet ar konta pārbaudi.

Paldies par sadarbību.",phishing
Apstipriniet konta informāciju,"Sveiki, klient!

Pēdējās konta darbības dēļ nepieciešama papildu pārbaude. Nepieciešams apstiprināt, ka konts joprojām pieder jums. Lūdzu, neatlieciet šo pārbaudi.

Apstiprināšanas process ir pieejams konta pārbaudes sadaļā.

Paldies par sapratni.",phishing
Maksājuma apstiprināšana,"Labdien!

Vēlamies informēt par izmaiņām jūsu konta drošības statusā. Ir konstatēta darbība, kuru nepieciešams apstiprināt.

Lai turpinātu izmantot kontu, nepieciešams veikt pārbaudi. Lai apstiprinātu informāciju, atveriet pārbaudes sadaļu.

Pārbaudi ieteicams pabeigt tuvākajā laikā.

Paldies, ka izmantojat mūsu pakalpojumus.",phishing
Apstipriniet konta informāciju,"Cienījamais klient!

Svarīga informācija par jūsu kontu.

Automātiskās pārbaudes laikā tika konstatēta nepieciešamība atjaunināt informāciju. Atbildēt uz šo ziņojumu nav nepieciešams.

Veiciet norādīto pārbaudi, lai atjaunotu pilnu piekļuvi.
Izmantojiet konta pārbaudes iespēju, lai turpinātu.

Pretējā gadījumā var tikt piemēroti papildu drošības ierobežojumi.

Paldies, ka izmantojat mūsu pakalpojumus.",phishing
Svarīga informācija par jūsu kontu,"Labdien, cienījamais klient!

Svarīga informācija par jūsu kontu.

Pēdējās konta darbības dēļ nepieciešama papildu pārbaude. Papildu informācija par pārbaudi ir pieejama konta sadaļā.

Nepieciešams apstiprināt, ka konts joprojām pieder jums.
Lai apstiprinātu informāciju, atveriet pārbaudes sadaļu.

Lūdzu, neatlieciet šo pārbaudi.

Ar cieņu,
Drošības nodaļa.",phishing
Neparasta aktivitāte kontā,"Labdien!

Sistēma nevarēja automātiski apstiprināt pēdējo darbību.
Lūdzu, apstipriniet savu konta informāciju.

Lūdzu, saglabājiet šo paziņojumu turpmākai atsaucei.

Šo darbību nepieciešams veikt pēc iespējas ātrāk. Apstiprināšanas process ir pieejams konta pārbaudes sadaļā.

Paldies par sapratni.",phishing
Jūsu konts ir ierobežots,"Cienījamais klient!

Svarīga informācija par jūsu kontu.

Kontam ir nepieciešama papildu drošības pārbaude. Pārbaude tiek veikta drošības nolūkos.

Lūdzu, pabeidziet drošības pārbaudi.
Apstiprināšanas process ir pieejams konta pārbaudes sadaļā.

Pārbaudes termiņš ir ierobežots.

Ar cieņu,
Konta drošības komanda.",phishing
Drošības pārbaude,"Svarīgs paziņojums!

Mūsu sistēmā ir reģistrēta neparasta piekļuves darbība.

Drošības pārbaude ir nepieciešama, lai aizsargātu jūsu kontu. Lai izvairītos no piekļuves ierobežošanas, apstipriniet konta datus.

Pretējā gadījumā var tikt piemēroti papildu drošības ierobežojumi. Pabeidziet pārbaudi, izmantojot drošības sadaļu.

Ar cieņu,
Atbalsta komanda.",phishing
Konta darbības apstiprināšana,"Labdien!

Automātiskā sistēma ir atzīmējusi jūsu kontu pārbaudei.

Paziņojums ir nosūtīts automātiski. Lai izvairītos no piekļuves ierobežošanas, apstipriniet konta datus.

Nepieciešams rīkoties pirms konta statusa maiņas. Lai atjaunotu piekļuvi, turpiniet ar konta pārbaudi.

Ar cieņu,
Konta drošības komanda.",phishing
Jūsu profils ir jāatjauno,"Labdien!

Ir konstatēta darbība, kuru nepieciešams apstiprināt.
Nepieciešams apstiprināt, ka konts joprojām pieder jums.

Paziņojums ir nosūtīts automātiski.

Nepieciešams rīkoties pirms konta statusa maiņas. Konta pārbaudi var pabeigt, izmantojot zemāk norādīto darbību.

Ar cieņu,
Drošības nodaļa.",phishing
Neapstiprināta darbība,"Sveiki, klient!

Vēlamies informēt par izmaiņām jūsu konta drošības statusā. Kontam ir nepieciešama papildu drošības pārbaude.

Lūdzu, pārbaudiet norādīto informāciju un apstipriniet darbību. Lai apstiprinātu informāciju, atveriet pārbaudes sadaļu.

Nepieciešams rīkoties pirms konta statusa maiņas.

Ar cieņu,
Atbalsta komanda.",phishing
Nepieciešama tūlītēja darbība,"Svarīgs paziņojums!

Svarīga informācija par jūsu kontu.

Pēdējās konta darbības dēļ nepieciešama papildu pārbaude. Atbildēt uz šo ziņojumu nav nepieciešams.

Lūdzu, pabeidziet drošības pārbaudi.
Lai atjaunotu piekļuvi, turpiniet ar konta pārbaudi.

Pretējā gadījumā var tikt piemēroti papildu drošības ierobežojumi.

Ar cieņu,
Konta drošības komanda.",phishing
Pēdējais atgādinājums par kontu,"Sveiki, klient!

Ir konstatēta darbība, kuru nepieciešams apstiprināt. Lūdzu, veiciet nepieciešamo pārbaudi pēc iespējas ātrāk. Pretējā gadījumā dažas konta funkcijas var kļūt nepieejamas.

Konta pārbaudi var pabeigt, izmantojot zemāk norādīto darbību.

Paldies par sapratni.",phishing
Neapstiprināta darbība,"Labdien, cienījamais klient!

Mūsu sistēmā ir reģistrēta neparasta piekļuves darbība. Lūdzu, veiciet nepieciešamo pārbaudi pēc iespējas ātrāk. Pārbaudes termiņš ir ierobežots.

Lai atjaunotu piekļuvi, turpiniet ar konta pārbaudi.

Ar cieņu,
Atbalsta komanda.",phishing
Nepieciešama konta pārbaude,"Cienījamais lietotāj!

Automātiskās pārbaudes laikā tika konstatēta nepieciešamība atjaunināt informāciju.

Atbildēt uz šo ziņojumu nav nepieciešams. Nepieciešams apstiprināt, ka konts joprojām pieder jums.

Lūdzu, pievērsiet šim paziņojumam uzmanību. Konta pārbaudi var pabeigt, izmantojot zemāk norādīto darbību.

Ar cieņu,
Drošības nodaļa.",phishing
Konta darbības apstiprināšana,"Labdien!

Vēlamies informēt par izmaiņām jūsu konta drošības statusā. Automātiskā sistēma ir atzīmējusi jūsu kontu pārbaudei.

Veiciet norādīto pārbaudi, lai atjaunotu pilnu piekļuvi. Apstiprināšanas process ir pieejams konta pārbaudes sadaļā.

Pārbaudi ieteicams pabeigt tuvākajā laikā.

Paldies par sapratni.",phishing
Nepieciešama konta pārbaude,"Cienījamais klient!

Svarīga informācija par jūsu kontu.

Sistēma nevarēja automātiski apstiprināt pēdējo darbību. Šis ir automātiski nosūtīts paziņojums.

Lai turpinātu izmantot pakalpojumu, jāapstiprina jūsu informācija.
Apstiprināšanas process ir pieejams konta pārbaudes sadaļā.

Pretējā gadījumā var tikt piemēroti papildu drošības ierobežojumi.

Ar cieņu,
Konta drošības komanda.",phishing
Nepieciešama tūlītēja darbība,"Labdien!

Jūsu profils pašlaik gaida papildu pārbaudi. Lūdzu, apstipriniet savu konta informāciju. Ja darbība netiks apstiprināta, konta izmantošana var būt ierobežota.

Pabeidziet pārbaudi, izmantojot drošības sadaļu.

Ar cieņu,
Drošības nodaļa.",phishing
Nepieciešams apstiprinājums,"Labdien!

Automātiskās pārbaudes laikā tika konstatēta nepieciešamība atjaunināt informāciju. Lūdzu, pabeidziet drošības pārbaudi. Lūdzu, pievērsiet šim paziņojumam uzmanību.

Lai turpinātu, izmantojiet norādīto pārbaudes iespēju.

Ar cieņu,
Atbalsta komanda.",phishing
Nepieciešama tūlītēja darbība,"Labdien!

Svarīga informācija par jūsu kontu.

Jūsu profils pašlaik gaida papildu pārbaudi. Drošības pārbaude ir nepieciešama, lai aizsargātu jūsu kontu.

Lai atjaunotu piekļuvi, nepieciešams apstiprināt konta statusu.
Pabeidziet pārbaudi, izmantojot drošības sadaļu.

Pārbaudi ieteicams pabeigt tuvākajā laikā.

Paldies par sapratni.",phishing
Nepieciešams apstiprinājums,"Cienījamais klient!

Jūsu profils pašlaik gaida papildu pārbaudi.
Lūdzu, apstipriniet savu konta informāciju.

Papildu informācija par pārbaudi ir pieejama konta sadaļā.

Ja darbība netiks apstiprināta, konta izmantošana var būt ierobežota. Konta pārbaudi var pabeigt, izmantojot zemāk norādīto darbību.

Ar cieņu,
Klientu apkalpošanas nodaļa.",phishing
Maksājuma apstiprināšana,"Labdien!

Ir konstatēta iespējama neatbilstība konta informācijā. Lai turpinātu izmantot kontu, nepieciešams veikt pārbaudi. Lūdzu, pievērsiet šim paziņojumam uzmanību.

Lai turpinātu, izmantojiet norādīto pārbaudes iespēju.

Paldies par sadarbību.",phishing
Drošības pārbaude,"Cienījamais klient!

Ir konstatēta darbība, kuru nepieciešams apstiprināt.

Papildu informācija par pārbaudi ir pieejama konta sadaļā. Lai turpinātu izmantot kontu, nepieciešams veikt pārbaudi.

Pretējā gadījumā var tikt piemēroti papildu drošības ierobežojumi. Lai atjaunotu piekļuvi, turpiniet ar konta pārbaudi.

Paldies, ka izmantojat mūsu pakalpojumus.",phishing
Maksājuma apstiprināšana,"Svarīgs paziņojums!

Jūsu profils pašlaik gaida papildu pārbaudi. Lūdzu, veiciet nepieciešamo pārbaudi pēc iespējas ātrāk. Ja pārbaude netiks veikta, piekļuve kontam var tikt ierobežota.

Pabeidziet pārbaudi, izmantojot drošības sadaļu.

Ar cieņu,
Atbalsta komanda.",phishing
Apstipriniet konta informāciju,"Labdien!

Jūsu konta drošības statuss ir jāapstiprina.

Šis ir automātiski nosūtīts paziņojums. Nepieciešams apstiprināt, ka konts joprojām pieder jums.

Ja pārbaude netiks veikta, piekļuve kontam var tikt ierobežota. Izmantojiet konta pārbaudes iespēju, lai turpinātu.

Ar cieņu,
Konta drošības komanda.",phishing
Jūsu profils ir jāatjauno,"Labdien!

Svarīga informācija par jūsu kontu.

Ir konstatēta iespējama neatbilstība konta informācijā. Šī darbība ir saistīta ar jūsu konta drošību.

Lai turpinātu izmantot pakalpojumu, jāapstiprina jūsu informācija.
Konta pārbaudi var pabeigt, izmantojot zemāk norādīto darbību.

Pārbaudi ieteicams pabeigt tuvākajā laikā.

Ar cieņu,
Atbalsta komanda.",phishing
Steidzams paziņojums,"Cienījamais klient!

Jūsu profils pašlaik gaida papildu pārbaudi.
Nepieciešams apstiprināt, ka konts joprojām pieder jums.

Papildu informācija par pārbaudi ir pieejama konta sadaļā.

Nepieciešams rīkoties pirms konta statusa maiņas. Apstiprināšanas process ir pieejams konta pārbaudes sadaļā.

Paldies par sadarbību.",phishing
Neapstiprināta darbība,"Svarīgs paziņojums!

Ir konstatēta darbība, kuru nepieciešams apstiprināt.
Lai izvairītos no piekļuves ierobežošanas, apstipriniet konta datus.

Šis ir automātiski nosūtīts paziņojums.

Pretējā gadījumā var tikt piemēroti papildu drošības ierobežojumi. Apstiprināšanas process ir pieejams konta pārbaudes sadaļā.

Paldies par sadarbību.",phishing
Konta pārbaudes termiņš,"Sveiki!

Vēlamies informēt par izmaiņām jūsu konta drošības statusā. Sistēma nevarēja automātiski apstiprināt pēdējo darbību.

Lūdzu, apstipriniet savu konta informāciju. Lai apstiprinātu informāciju, atveriet pārbaudes sadaļu.

Ja pārbaude netiks veikta, piekļuve kontam var tikt ierobežota.

Paldies par sapratni.",phishing
Jūsu konts ir ierobežots,"Sveiki!

Mūsu sistēmā ir reģistrēta neparasta piekļuves darbība. Veiciet norādīto pārbaudi, lai atjaunotu pilnu piekļuvi. Lūdzu, pievērsiet šim paziņojumam uzmanību.

Apstiprināšanas process ir pieejams konta pārbaudes sadaļā.

Paldies par sapratni.",phishing
Svarīgs drošības paziņojums,"Sveiki!

Mūsu sistēmā ir reģistrēta neparasta piekļuves darbība. Lūdzu, pabeidziet drošības pārbaudi. Pārbaudes termiņš ir ierobežots.

Izmantojiet konta pārbaudes iespēju, lai turpinātu.

Ar cieņu,
Drošības nodaļa.",phishing
Apstipriniet konta informāciju,"Cienījamais klient!

Jūsu konta drošības statuss ir jāapstiprina.
Veiciet norādīto pārbaudi, lai atjaunotu pilnu piekļuvi.

Šī darbība ir saistīta ar jūsu konta drošību.

Pārbaudi ieteicams pabeigt tuvākajā laikā. Lai turpinātu, izmantojiet norādīto pārbaudes iespēju.

Paldies par sapratni.",phishing
Drošības sistēmas brīdinājums,"Svarīgs paziņojums!

Pēdējās konta darbības dēļ nepieciešama papildu pārbaude. Lūdzu, apstipriniet savu konta informāciju. Lūdzu, pievērsiet šim paziņojumam uzmanību.

Apstiprināšanas process ir pieejams konta pārbaudes sadaļā.

Paldies par sapratni.",phishing
Nepieciešama tūlītēja darbība,"Sveiki, klient!

Vēlamies informēt par izmaiņām jūsu konta drošības statusā. Jūsu profils pašlaik gaida papildu pārbaudi.

Lai turpinātu izmantot pakalpojumu, jāapstiprina jūsu informācija. Lai apstiprinātu informāciju, atveriet pārbaudes sadaļu.

Ja darbība netiks apstiprināta, konta izmantošana var būt ierobežota.

Ar cieņu,
Konta drošības komanda.",phishing
Svarīgs drošības paziņojums,"Labdien, cienījamais klient!

Mūsu sistēmā ir reģistrēta neparasta piekļuves darbība.
Veiciet norādīto pārbaudi, lai atjaunotu pilnu piekļuvi.

Lūdzu, saglabājiet šo paziņojumu turpmākai atsaucei.

Lūdzu, neatlieciet šo pārbaudi. Izmantojiet konta pārbaudes iespēju, lai turpinātu.

Ar cieņu,
Klientu apkalpošanas nodaļa.",phishing
Brīdinājums par kontu,"Cienījamais lietotāj!

Svarīga informācija par jūsu kontu.

Mūsu sistēma ir konstatējusi neparastu aktivitāti jūsu kontā. Šī darbība ir saistīta ar jūsu konta drošību.

Lai atjaunotu piekļuvi, nepieciešams apstiprināt konta statusu.
Izmantojiet konta pārbaudes iespēju, lai turpinātu.

Pārbaudi ieteicams pabeigt tuvākajā laikā.

Ar cieņu,
Klientu apkalpošanas nodaļa.",phishing
Konta pārbaudes termiņš,"Sveiki, klient!

Sistēma nevarēja automātiski apstiprināt pēdējo darbību. Lūdzu, pārbaudiet norādīto informāciju un apstipriniet darbību. Šo darbību nepieciešams veikt pēc iespējas ātrāk.

Pabeidziet pārbaudi, izmantojot drošības sadaļu.

Ar cieņu,
Klientu apkalpošanas nodaļa.",phishing
Neparasta aktivitāte kontā,"Cienījamais lietotāj!

Vēlamies informēt par izmaiņām jūsu konta drošības statusā. Drošības sistēma ir pamanījusi aizdomīgu darbību.

Veiciet norādīto pārbaudi, lai atjaunotu pilnu piekļuvi. Pabeidziet pārbaudi, izmantojot drošības sadaļu.

Lūdzu, pievērsiet šim paziņojumam uzmanību.

Paldies par sapratni.",phishing
Svarīga informācija par jūsu kontu,"Cienījamais lietotāj!

Vēlamies informēt par izmaiņām jūsu konta drošības statusā. Automātiskā sistēma ir atzīmējusi jūsu kontu pārbaudei.

Lai atjaunotu piekļuvi, nepieciešams apstiprināt konta statusu. Lai turpinātu, izmantojiet norādīto pārbaudes iespēju.

Ja pārbaude netiks veikta, piekļuve kontam var tikt ierobežota.

Paldies, ka izmantojat mūsu pakalpojumus.",phishing
Identitātes pārbaude,"Labdien, cienījamais klient!

Ir konstatēta iespējama neatbilstība konta informācijā.
Veiciet norādīto pārbaudi, lai atjaunotu pilnu piekļuvi.

Šī darbība ir saistīta ar jūsu konta drošību.

Pretējā gadījumā dažas konta funkcijas var kļūt nepieejamas. Pabeidziet pārbaudi, izmantojot drošības sadaļu.

Paldies par sapratni.",phishing
Konta darbības apstiprināšana,"Cienījamais lietotāj!

Automātiskā sistēma ir atzīmējusi jūsu kontu pārbaudei.
Nepieciešams apstiprināt, ka konts joprojām pieder jums.

Drošības pārbaude ir nepieciešama, lai aizsargātu jūsu kontu.

Ja pārbaude netiks veikta, piekļuve kontam var tikt ierobežota. Pabeidziet pārbaudi, izmantojot drošības sadaļu.

Paldies par sadarbību.",phishing
Konta piekļuves problēma,"Cienījamais klient!

Svarīga informācija par jūsu kontu.

Sistēma nevarēja automātiski apstiprināt pēdējo darbību. Papildu informācija par pārbaudi ir pieejama konta sadaļā.

Veiciet norādīto pārbaudi, lai atjaunotu pilnu piekļuvi.
Apstiprināšanas process ir pieejams konta pārbaudes sadaļā.

Pārbaudi ieteicams pabeigt tuvākajā laikā.

Ar cieņu,
Atbalsta komanda.",phishing
Neapstiprināta darbība,"Labdien, cienījamais klient!

Kontam ir nepieciešama papildu drošības pārbaude.

Papildu informācija par pārbaudi ir pieejama konta sadaļā. Lūdzu, apstipriniet savu konta informāciju.

Ja darbība netiks apstiprināta, konta izmantošana var būt ierobežota. Lai atjaunotu piekļuvi, turpiniet ar konta pārbaudi.

Ar cieņu,
Drošības nodaļa.",phishing
Steidzams paziņojums,"Labdien!

Jūsu profils pašlaik gaida papildu pārbaudi.
Nepieciešams apstiprināt, ka konts joprojām pieder jums.

Pārbaude tiek veikta drošības nolūkos.

Pretējā gadījumā dažas konta funkcijas var kļūt nepieejamas. Lai turpinātu, izmantojiet norādīto pārbaudes iespēju.

Ar cieņu,
Drošības nodaļa.",phishing
Neparasta aktivitāte kontā,"Sveiki, klient!

Pēdējās konta darbības dēļ nepieciešama papildu pārbaude.

Atbildēt uz šo ziņojumu nav nepieciešams. Lai turpinātu izmantot kontu, nepieciešams veikt pārbaudi.

Pārbaudi ieteicams pabeigt tuvākajā laikā. Izmantojiet konta pārbaudes iespēju, lai turpinātu.

Paldies par sapratni.",phishing
Jūsu kontam nepieciešama pārbaude,"Sveiki, klient!

Sistēma nevarēja automātiski apstiprināt pēdējo darbību.
Lai atjaunotu piekļuvi, nepieciešams apstiprināt konta statusu.

Šī darbība ir saistīta ar jūsu konta drošību.

Pretējā gadījumā dažas konta funkcijas var kļūt nepieejamas. Pabeidziet pārbaudi, izmantojot drošības sadaļu.

Ar cieņu,
Drošības nodaļa.",phishing
Darījuma pārbaude,"Labdien, cienījamais klient!

Vēlamies informēt par izmaiņām jūsu konta drošības statusā. Sistēma nevarēja automātiski apstiprināt pēdējo darbību.

Lai turpinātu izmantot pakalpojumu, jāapstiprina jūsu informācija. Lai atjaunotu piekļuvi, turpiniet ar konta pārbaudi.

Pretējā gadījumā dažas konta funkcijas var kļūt nepieejamas.

Ar cieņu,
Konta drošības komanda.",phishing
Piekļuves atjaunošana,"Sveiki!

Ir konstatēta iespējama neatbilstība konta informācijā.

Šī darbība ir saistīta ar jūsu konta drošību. Nepieciešams apstiprināt, ka konts joprojām pieder jums.

Ja darbība netiks apstiprināta, konta izmantošana var būt ierobežota. Lai apstiprinātu informāciju, atveriet pārbaudes sadaļu.

Paldies par sapratni.",phishing
Nepieciešama konta pārbaude,"Sveiki!

Svarīga informācija par jūsu kontu.

Ir konstatēta iespējama neatbilstība konta informācijā. Paziņojums ir nosūtīts automātiski.

Veiciet norādīto pārbaudi, lai atjaunotu pilnu piekļuvi.
Pabeidziet pārbaudi, izmantojot drošības sadaļu.

Ja pārbaude netiks veikta, piekļuve kontam var tikt ierobežota.

Ar cieņu,
Klientu apkalpošanas nodaļa.",phishing
Nepieciešama tūlītēja darbība,"Labdien, cienījamais klient!

Jūsu profils pašlaik gaida papildu pārbaudi.

Atbildēt uz šo ziņojumu nav nepieciešams. Nepieciešams apstiprināt, ka konts joprojām pieder jums.

Pārbaudes termiņš ir ierobežots. Lai atjaunotu piekļuvi, turpiniet ar konta pārbaudi.

Ar cieņu,
Konta drošības komanda.",phishing
Paziņojums par konta darbību,"Cienījamais lietotāj!

Mūsu sistēma ir konstatējusi neparastu aktivitāti jūsu kontā. Lūdzu, apstipriniet savu konta informāciju. Ja pārbaude netiks veikta, piekļuve kontam var tikt ierobežota.

Pabeidziet pārbaudi, izmantojot drošības sadaļu.

Ar cieņu,
Klientu apkalpošanas nodaļa.",phishing
Maksājuma apstiprināšana,"Labdien!

Svarīga informācija par jūsu kontu.

Kontam ir nepieciešama papildu drošības pārbaude. Papildu informācija par pārbaudi ir pieejama konta sadaļā.

Lūdzu, veiciet nepieciešamo pārbaudi pēc iespējas ātrāk.
Apstiprināšanas process ir pieejams konta pārbaudes sadaļā.

Pretējā gadījumā var tikt piemēroti papildu drošības ierobežojumi.

Ar cieņu,
Drošības nodaļa.",phishing
Apstipriniet konta informāciju,"Labdien, cienījamais klient!

Kontam ir nepieciešama papildu drošības pārbaude.
Lūdzu, pārbaudiet norādīto informāciju un apstipriniet darbību.

Šī darbība ir saistīta ar jūsu konta drošību.

Ja pārbaude netiks veikta, piekļuve kontam var tikt ierobežota. Pabeidziet pārbaudi, izmantojot drošības sadaļu.

Paldies par sadarbību.",phishing
Jūsu konts ir ierobežots,"Svarīgs paziņojums!

Ir konstatēta darbība, kuru nepieciešams apstiprināt. Lai izvairītos no piekļuves ierobežošanas, apstipriniet konta datus. Pārbaudi ieteicams pabeigt tuvākajā laikā.

Lai turpinātu, izmantojiet norādīto pārbaudes iespēju.

Ar cieņu,
Konta drošības komanda.",phishing
Neparasta aktivitāte kontā,"Labdien!

Automātiskā sistēma ir atzīmējusi jūsu kontu pārbaudei.

Atbildēt uz šo ziņojumu nav nepieciešams. Lai turpinātu izmantot kontu, nepieciešams veikt pārbaudi.

Ja darbība netiks apstiprināta, konta izmantošana var būt ierobežota. Konta pārbaudi var pabeigt, izmantojot zemāk norādīto darbību.

Paldies, ka izmantojat mūsu pakalpojumus.",phishing
Jūsu konts ir ierobežots,"Cienījamais klient!

Vēlamies informēt par izmaiņām jūsu konta drošības statusā. Automātiskās pārbaudes laikā tika konstatēta nepieciešamība atjaunināt informāciju.

Lai turpinātu izmantot pakalpojumu, jāapstiprina jūsu informācija. Lai turpinātu, izmantojiet norādīto pārbaudes iespēju.

Pretējā gadījumā var tikt piemēroti papildu drošības ierobežojumi.

Paldies, ka izmantojat mūsu pakalpojumus.",phishing
Darījuma pārbaude,"Sveiki!

Vēlamies informēt par izmaiņām jūsu konta drošības statusā. Automātiskās pārbaudes laikā tika konstatēta nepieciešamība atjaunināt informāciju.

Lūdzu, apstipriniet savu konta informāciju. Pabeidziet pārbaudi, izmantojot drošības sadaļu.

Lūdzu, neatlieciet šo pārbaudi.

Ar cieņu,
Konta drošības komanda.",phishing
Konta darbības apstiprināšana,"Sveiki!

Kontam ir nepieciešama papildu drošības pārbaude. Lai izvairītos no piekļuves ierobežošanas, apstipriniet konta datus. Pārbaudes termiņš ir ierobežots.

Konta pārbaudi var pabeigt, izmantojot zemāk norādīto darbību.

Paldies, ka izmantojat mūsu pakalpojumus.",phishing
Identitātes pārbaude,"Sveiki, klient!

Ir konstatēta darbība, kuru nepieciešams apstiprināt.

Pārbaude tiek veikta drošības nolūkos. Nepieciešams apstiprināt, ka konts joprojām pieder jums.

Ja pārbaude netiks veikta, piekļuve kontam var tikt ierobežota. Apstiprināšanas process ir pieejams konta pārbaudes sadaļā.

Ar cieņu,
Atbalsta komanda.",phishing
Apstipriniet konta informāciju,"Cienījamais klient!

Ir konstatēta darbība, kuru nepieciešams apstiprināt. Lai izvairītos no piekļuves ierobežošanas, apstipriniet konta datus. Pretējā gadījumā dažas konta funkcijas var kļūt nepieejamas.

Pabeidziet pārbaudi, izmantojot drošības sadaļu.

Ar cieņu,
Drošības nodaļa.",phishing
Maksājuma apstiprināšana,"Sveiki!

Jūsu profils pašlaik gaida papildu pārbaudi.
Lai izvairītos no piekļuves ierobežošanas, apstipriniet konta datus.

Pārbaude tiek veikta drošības nolūkos.

Pārbaudes termiņš ir ierobežots. Lai atjaunotu piekļuvi, turpiniet ar konta pārbaudi.

Ar cieņu,
Drošības nodaļa.",phishing
Neparasta aktivitāte kontā,"Sveiki, klient!

Automātiskās pārbaudes laikā tika konstatēta nepieciešamība atjaunināt informāciju.
Veiciet norādīto pārbaudi, lai atjaunotu pilnu piekļuvi.

Pārbaude tiek veikta drošības nolūkos.

Ja pārbaude netiks veikta, piekļuve kontam var tikt ierobežota. Lai atjaunotu piekļuvi, turpiniet ar konta pārbaudi.

Paldies, ka izmantojat mūsu pakalpojumus.",phishing
Svarīgs klienta paziņojums,"Cienījamais lietotāj!

Vēlamies informēt par izmaiņām jūsu konta drošības statusā. Drošības sistēma ir pamanījusi aizdomīgu darbību.

Veiciet norādīto pārbaudi, lai atjaunotu pilnu piekļuvi. Lai atjaunotu piekļuvi, turpiniet ar konta pārbaudi.

Pretējā gadījumā var tikt piemēroti papildu drošības ierobežojumi.

Ar cieņu,
Klientu apkalpošanas nodaļa.",phishing
Identitātes pārbaude,"Cienījamais lietotāj!

Automātiskās pārbaudes laikā tika konstatēta nepieciešamība atjaunināt informāciju.

Šī darbība ir saistīta ar jūsu konta drošību. Lūdzu, veiciet nepieciešamo pārbaudi pēc iespējas ātrāk.

Pretējā gadījumā var tikt piemēroti papildu drošības ierobežojumi. Izmantojiet konta pārbaudes iespēju, lai turpinātu.

Paldies, ka izmantojat mūsu pakalpojumus.",phishing
Jūsu profils ir jāatjauno,"Labdien!

Svarīga informācija par jūsu kontu.

Jūsu profils pašlaik gaida papildu pārbaudi. Drošības pārbaude ir nepieciešama, lai aizsargātu jūsu kontu.

Lai atjaunotu piekļuvi, nepieciešams apstiprināt konta statusu.
Konta pārbaudi var pabeigt, izmantojot zemāk norādīto darbību.

Nepieciešams rīkoties pirms konta statusa maiņas.

Ar cieņu,
Klientu apkalpošanas nodaļa.",phishing
Paziņojums par konta darbību,"Cienījamais klient!

Automātiskā sistēma ir atzīmējusi jūsu kontu pārbaudei. Lūdzu, pārbaudiet norādīto informāciju un apstipriniet darbību. Pretējā gadījumā dažas konta funkcijas var kļūt nepieejamas.

Konta pārbaudi var pabeigt, izmantojot zemāk norādīto darbību.

Ar cieņu,
Atbalsta komanda.",phishing
Steidzams paziņojums,"Labdien!

Kontam ir nepieciešama papildu drošības pārbaude.

Drošības pārbaude ir nepieciešama, lai aizsargātu jūsu kontu. Lai turpinātu izmantot pakalpojumu, jāapstiprina jūsu informācija.

Nepieciešams rīkoties pirms konta statusa maiņas. Lai turpinātu, izmantojiet norādīto pārbaudes iespēju.

Ar cieņu,
Drošības nodaļa.",phishing
Konta pārbaudes termiņš,"Labdien!

Mūsu sistēmā ir reģistrēta neparasta piekļuves darbība. Lūdzu, pabeidziet drošības pārbaudi. Lūdzu, neatlieciet šo pārbaudi.

Lai apstiprinātu informāciju, atveriet pārbaudes sadaļu.

Ar cieņu,
Atbalsta komanda.",phishing
Identitātes pārbaude,"Cienījamais klient!

Automātiskā sistēma ir atzīmējusi jūsu kontu pārbaudei.
Lūdzu, apstipriniet savu konta informāciju.

Drošības pārbaude ir nepieciešama, lai aizsargātu jūsu kontu.

Pretējā gadījumā var tikt piemēroti papildu drošības ierobežojumi. Pabeidziet pārbaudi, izmantojot drošības sadaļu.

Paldies, ka izmantojat mūsu pakalpojumus.",phishing
Svarīgs drošības paziņojums,"Sveiki, klient!

Kontam ir nepieciešama papildu drošības pārbaude. Lūdzu, pabeidziet drošības pārbaudi. Pretējā gadījumā var tikt piemēroti papildu drošības ierobežojumi.

Lai apstiprinātu informāciju, atveriet pārbaudes sadaļu.

Paldies, ka izmantojat mūsu pakalpojumus.",phishing
Konta pārbaudes termiņš,"Labdien!

Mūsu sistēmā ir reģistrēta neparasta piekļuves darbība.

Paziņojums ir nosūtīts automātiski. Lai atjaunotu piekļuvi, nepieciešams apstiprināt konta statusu.

Ja darbība netiks apstiprināta, konta izmantošana var būt ierobežota. Konta pārbaudi var pabeigt, izmantojot zemāk norādīto darbību.

Ar cieņu,
Konta drošības komanda.",phishing
Brīdinājums par kontu,"Labdien!

Ir konstatēta darbība, kuru nepieciešams apstiprināt.
Nepieciešams apstiprināt, ka konts joprojām pieder jums.

Pārbaude tiek veikta drošības nolūkos.

Šo darbību nepieciešams veikt pēc iespējas ātrāk. Konta pārbaudi var pabeigt, izmantojot zemāk norādīto darbību.

Paldies par sadarbību.",phishing
Neparasta aktivitāte kontā,"Labdien!

Svarīga informācija par jūsu kontu.

Kontam ir nepieciešama papildu drošības pārbaude. Atbildēt uz šo ziņojumu nav nepieciešams.

Veiciet norādīto pārbaudi, lai atjaunotu pilnu piekļuvi.
Lai turpinātu, izmantojiet norādīto pārbaudes iespēju.

Lūdzu, pievērsiet šim paziņojumam uzmanību.

Ar cieņu,
Drošības nodaļa.",phishing
Konta pārbaudes termiņš,"Labdien, cienījamais klient!

Svarīga informācija par jūsu kontu.

Ir konstatēta iespējama neatbilstība konta informācijā. Atbildēt uz šo ziņojumu nav nepieciešams.

Lūdzu, apstipriniet savu konta informāciju.
Lai apstiprinātu informāciju, atveriet pārbaudes sadaļu.

Lūdzu, pievērsiet šim paziņojumam uzmanību.

Ar cieņu,
Klientu apkalpošanas nodaļa.",phishing
Konta pārbaudes termiņš,"Cienījamais lietotāj!

Kontam ir nepieciešama papildu drošības pārbaude. Lūdzu, pabeidziet drošības pārbaudi. Pārbaudes termiņš ir ierobežots.

Pabeidziet pārbaudi, izmantojot drošības sadaļu.

Paldies par sapratni.",phishing
Svarīga informācija par jūsu kontu,"Svarīgs paziņojums!

Ir konstatēta iespējama neatbilstība konta informācijā.

Papildu informācija par pārbaudi ir pieejama konta sadaļā. Lūdzu, pabeidziet drošības pārbaudi.

Lūdzu, pievērsiet šim paziņojumam uzmanību. Konta pārbaudi var pabeigt, izmantojot zemāk norādīto darbību.

Ar cieņu,
Drošības nodaļa.",phishing
Neparasta aktivitāte kontā,"Cienījamais klient!

Ir konstatēta darbība, kuru nepieciešams apstiprināt.

Šī darbība ir saistīta ar jūsu konta drošību. Nepieciešams apstiprināt, ka konts joprojām pieder jums.

Ja pārbaude netiks veikta, piekļuve kontam var tikt ierobežota. Lai atjaunotu piekļuvi, turpiniet ar konta pārbaudi.

Ar cieņu,
Konta drošības komanda.",phishing
Drošības sistēmas brīdinājums,"Sveiki!

Jūsu konta drošības statuss ir jāapstiprina.
Lūdzu, veiciet nepieciešamo pārbaudi pēc iespējas ātrāk.

Paziņojums ir nosūtīts automātiski.

Nepieciešams rīkoties pirms konta statusa maiņas. Apstiprināšanas process ir pieejams konta pārbaudes sadaļā.

Ar cieņu,
Drošības nodaļa.",phishing
Konta pārbaudes termiņš,"Sveiki!

Jūsu profils pašlaik gaida papildu pārbaudi.
Lai turpinātu izmantot pakalpojumu, jāapstiprina jūsu informācija.

Šis ir automātiski nosūtīts paziņojums.

Lūdzu, pievērsiet šim paziņojumam uzmanību. Apstiprināšanas process ir pieejams konta pārbaudes sadaļā.

Ar cieņu,
Klientu apkalpošanas nodaļa.",phishing
Identitātes pārbaude,"Labdien, cienījamais klient!

Svarīga informācija par jūsu kontu.

Automātiskā sistēma ir atzīmējusi jūsu kontu pārbaudei. Drošības pārbaude ir nepieciešama, lai aizsargātu jūsu kontu.

Nepieciešams apstiprināt, ka konts joprojām pieder jums.
Lai turpinātu, izmantojiet norādīto pārbaudes iespēju.

Ja pārbaude netiks veikta, piekļuve kontam var tikt ierobežota.

Ar cieņu,
Drošības nodaļa.",phishing
Svarīgs klienta paziņojums,"Cienījamais klient!

Automātiskā sistēma ir atzīmējusi jūsu kontu pārbaudei.
Lai turpinātu izmantot pakalpojumu, jāapstiprina jūsu informācija.

Papildu informācija par pārbaudi ir pieejama konta sadaļā.

Nepieciešams rīkoties pirms konta statusa maiņas. Lai apstiprinātu informāciju, atveriet pārbaudes sadaļu.

Ar cieņu,
Konta drošības komanda.",phishing
Konta pārbaudes termiņš,"Sveiki, klient!

Vēlamies informēt par izmaiņām jūsu konta drošības statusā. Mūsu sistēmā ir reģistrēta neparasta piekļuves darbība.

Lūdzu, pārbaudiet norādīto informāciju un apstipriniet darbību. Pabeidziet pārbaudi, izmantojot drošības sadaļu.

Ja darbība netiks apstiprināta, konta izmantošana var būt ierobežota.

Ar cieņu,
Atbalsta komanda.",phishing
Svarīga informācija par jūsu kontu,"Svarīgs paziņojums!

Mūsu sistēma ir konstatējusi neparastu aktivitāti jūsu kontā.

Pārbaude tiek veikta drošības nolūkos. Nepieciešams apstiprināt, ka konts joprojām pieder jums.

Pārbaudi ieteicams pabeigt tuvākajā laikā. Lai turpinātu, izmantojiet norādīto pārbaudes iespēju.

Paldies, ka izmantojat mūsu pakalpojumus.",phishing
Pēdējais atgādinājums par kontu,"Cienījamais lietotāj!

Vēlamies informēt par izmaiņām jūsu konta drošības statusā. Pēdējās konta darbības dēļ nepieciešama papildu pārbaude.

Lūdzu, pārbaudiet norādīto informāciju un apstipriniet darbību. Lai atjaunotu piekļuvi, turpiniet ar konta pārbaudi.

Šo darbību nepieciešams veikt pēc iespējas ātrāk.

Paldies, ka izmantojat mūsu pakalpojumus.",phishing
Konta darbības apstiprināšana,"Svarīgs paziņojums!

Ir konstatēta darbība, kuru nepieciešams apstiprināt. Nepieciešams apstiprināt, ka konts joprojām pieder jums. Nepieciešams rīkoties pirms konta statusa maiņas.

Izmantojiet konta pārbaudes iespēju, lai turpinātu.

Ar cieņu,
Drošības nodaļa.",phishing
Maksājuma apstiprināšana,"Cienījamais klient!

Mūsu sistēmā ir reģistrēta neparasta piekļuves darbība.
Lūdzu, pārbaudiet norādīto informāciju un apstipriniet darbību.

Paziņojums ir nosūtīts automātiski.

Šo darbību nepieciešams veikt pēc iespējas ātrāk. Apstiprināšanas process ir pieejams konta pārbaudes sadaļā.

Paldies par sapratni.",phishing
Piekļuves atjaunošana,"Cienījamais lietotāj!

Ir konstatēta darbība, kuru nepieciešams apstiprināt. Lūdzu, apstipriniet savu konta informāciju. Nepieciešams rīkoties pirms konta statusa maiņas.

Pabeidziet pārbaudi, izmantojot drošības sadaļu.

Ar cieņu,
Konta drošības komanda.",phishing
Svarīgs klienta paziņojums,"Svarīgs paziņojums!

Sistēma nevarēja automātiski apstiprināt pēdējo darbību.
Lai turpinātu izmantot kontu, nepieciešams veikt pārbaudi.

Pārbaude tiek veikta drošības nolūkos.

Pārbaudes termiņš ir ierobežots. Konta pārbaudi var pabeigt, izmantojot zemāk norādīto darbību.

Ar cieņu,
Klientu apkalpošanas nodaļa.",phishing
Identitātes pārbaude,"Cienījamais lietotāj!

Vēlamies informēt par izmaiņām jūsu konta drošības statusā. Automātiskās pārbaudes laikā tika konstatēta nepieciešamība atjaunināt informāciju.

Lūdzu, veiciet nepieciešamo pārbaudi pēc iespējas ātrāk. Apstiprināšanas process ir pieejams konta pārbaudes sadaļā.

Ja darbība netiks apstiprināta, konta izmantošana var būt ierobežota.

Ar cieņu,
Atbalsta komanda.",phishing
Pēdējais atgādinājums par kontu,"Sveiki, klient!

Automātiskās pārbaudes laikā tika konstatēta nepieciešamība atjaunināt informāciju. Lai turpinātu izmantot kontu, nepieciešams veikt pārbaudi. Pretējā gadījumā dažas konta funkcijas var kļūt nepieejamas.

Pabeidziet pārbaudi, izmantojot drošības sadaļu.

Ar cieņu,
Klientu apkalpošanas nodaļa.",phishing
Nepieciešama konta pārbaude,"Svarīgs paziņojums!

Jūsu profils pašlaik gaida papildu pārbaudi.

Lūdzu, saglabājiet šo paziņojumu turpmākai atsaucei. Lai turpinātu izmantot kontu, nepieciešams veikt pārbaudi.

Šo darbību nepieciešams veikt pēc iespējas ātrāk. Izmantojiet konta pārbaudes iespēju, lai turpinātu.

Paldies par sapratni.",phishing
Darījuma pārbaude,"Sveiki, klient!

Drošības sistēma ir pamanījusi aizdomīgu darbību.
Nepieciešams apstiprināt, ka konts joprojām pieder jums.

Papildu informācija par pārbaudi ir pieejama konta sadaļā.

Lūdzu, pievērsiet šim paziņojumam uzmanību. Lai turpinātu, izmantojiet norādīto pārbaudes iespēju.

Ar cieņu,
Klientu apkalpošanas nodaļa.",phishing
Maksājuma apstiprināšana,"Cienījamais lietotāj!

Kontam ir nepieciešama papildu drošības pārbaude. Lūdzu, apstipriniet savu konta informāciju. Ja pārbaude netiks veikta, piekļuve kontam var tikt ierobežota.

Apstiprināšanas process ir pieejams konta pārbaudes sadaļā.

Paldies par sadarbību.",phishing
Steidzams paziņojums,"Labdien!

Sistēma nevarēja automātiski apstiprināt pēdējo darbību. Lūdzu, pabeidziet drošības pārbaudi. Pretējā gadījumā dažas konta funkcijas var kļūt nepieejamas.

Izmantojiet konta pārbaudes iespēju, lai turpinātu.

Ar cieņu,
Klientu apkalpošanas nodaļa.",phishing
Drošības pārbaude,"Labdien, cienījamais klient!

Pēdējās konta darbības dēļ nepieciešama papildu pārbaude. Lai turpinātu izmantot pakalpojumu, jāapstiprina jūsu informācija. Pretējā gadījumā var tikt piemēroti papildu drošības ierobežojumi.

Konta pārbaudi var pabeigt, izmantojot zemāk norādīto darbību.

Ar cieņu,
Atbalsta komanda.",phishing
Piekļuves atjaunošana,"Cienījamais klient!

Drošības sistēma ir pamanījusi aizdomīgu darbību.

Papildu informācija par pārbaudi ir pieejama konta sadaļā. Lai atjaunotu piekļuvi, nepieciešams apstiprināt konta statusu.

Lūdzu, neatlieciet šo pārbaudi. Apstiprināšanas process ir pieejams konta pārbaudes sadaļā.

Paldies, ka izmantojat mūsu pakalpojumus.",phishing
Nepieciešams apstiprinājums,"Sveiki!

Ir konstatēta darbība, kuru nepieciešams apstiprināt. Lūdzu, veiciet nepieciešamo pārbaudi pēc iespējas ātrāk. Ja pārbaude netiks veikta, piekļuve kontam var tikt ierobežota.

Lai apstiprinātu informāciju, atveriet pārbaudes sadaļu.

Ar cieņu,
Klientu apkalpošanas nodaļa.",phishing
Jūsu konts ir ierobežots,"Labdien, cienījamais klient!

Vēlamies informēt par izmaiņām jūsu konta drošības statusā. Mūsu sistēmā ir reģistrēta neparasta piekļuves darbība.

Nepieciešams apstiprināt, ka konts joprojām pieder jums. Lai turpinātu, izmantojiet norādīto pārbaudes iespēju.

Pārbaudi ieteicams pabeigt tuvākajā laikā.

Paldies, ka izmantojat mūsu pakalpojumus.",phishing
Svarīgs klienta paziņojums,"Cienījamais klient!

Vēlamies informēt par izmaiņām jūsu konta drošības statusā. Ir konstatēta iespējama neatbilstība konta informācijā.

Lai atjaunotu piekļuvi, nepieciešams apstiprināt konta statusu. Pabeidziet pārbaudi, izmantojot drošības sadaļu.

Pārbaudi ieteicams pabeigt tuvākajā laikā.

Ar cieņu,
Drošības nodaļa.",phishing
Konta piekļuves problēma,"Sveiki, klient!

Svarīga informācija par jūsu kontu.

Automātiskā sistēma ir atzīmējusi jūsu kontu pārbaudei. Šis ir automātiski nosūtīts paziņojums.

Lai turpinātu izmantot pakalpojumu, jāapstiprina jūsu informācija.
Izmantojiet konta pārbaudes iespēju, lai turpinātu.

Nepieciešams rīkoties pirms konta statusa maiņas.

Paldies par sapratni.",phishing
Svarīgs drošības paziņojums,"Labdien!

Svarīga informācija par jūsu kontu.

Drošības sistēma ir pamanījusi aizdomīgu darbību. Atbildēt uz šo ziņojumu nav nepieciešams.

Lai izvairītos no piekļuves ierobežošanas, apstipriniet konta datus.
Apstiprināšanas process ir pieejams konta pārbaudes sadaļā.

Ja darbība netiks apstiprināta, konta izmantošana var būt ierobežota.

Paldies par sadarbību.",phishing
Identitātes pārbaude,"Labdien!

Ir konstatēta darbība, kuru nepieciešams apstiprināt.

Šis ir automātiski nosūtīts paziņojums. Lai turpinātu izmantot kontu, nepieciešams veikt pārbaudi.

Lūdzu, pievērsiet šim paziņojumam uzmanību. Lai atjaunotu piekļuvi, turpiniet ar konta pārbaudi.

Ar cieņu,
Drošības nodaļa.",phishing
Maksājuma apstiprināšana,"Labdien!

Automātiskā sistēma ir atzīmējusi jūsu kontu pārbaudei. Lai izvairītos no piekļuves ierobežošanas, apstipriniet konta datus. Nepieciešams rīkoties pirms konta statusa maiņas.

Pabeidziet pārbaudi, izmantojot drošības sadaļu.

Paldies par sapratni.",phishing
Jūsu profils ir jāatjauno,"Labdien!

Vēlamies informēt par izmaiņām jūsu konta drošības statusā. Jūsu profils pašlaik gaida papildu pārbaudi.

Nepieciešams apstiprināt, ka konts joprojām pieder jums. Lai atjaunotu piekļuvi, turpiniet ar konta pārbaudi.

Šo darbību nepieciešams veikt pēc iespējas ātrāk.

Ar cieņu,
Drošības nodaļa.",phishing
Drošības sistēmas brīdinājums,"Cienījamais klient!

Mūsu sistēma ir konstatējusi neparastu aktivitāti jūsu kontā.

Papildu informācija par pārbaudi ir pieejama konta sadaļā. Lai turpinātu izmantot kontu, nepieciešams veikt pārbaudi.

Pretējā gadījumā var tikt piemēroti papildu drošības ierobežojumi. Konta pārbaudi var pabeigt, izmantojot zemāk norādīto darbību.

Paldies par sapratni.",phishing
Apstipriniet konta informāciju,"Labdien, cienījamais klient!

Drošības sistēma ir pamanījusi aizdomīgu darbību.

Šī darbība ir saistīta ar jūsu konta drošību. Lai atjaunotu piekļuvi, nepieciešams apstiprināt konta statusu.

Ja pārbaude netiks veikta, piekļuve kontam var tikt ierobežota. Lai turpinātu, izmantojiet norādīto pārbaudes iespēju.

Ar cieņu,
Atbalsta komanda.",phishing
Konta pārbaudes termiņš,"Labdien!

Pēdējās konta darbības dēļ nepieciešama papildu pārbaude.
Lai izvairītos no piekļuves ierobežošanas, apstipriniet konta datus.

Šis ir automātiski nosūtīts paziņojums.

Pārbaudes termiņš ir ierobežots. Lai apstiprinātu informāciju, atveriet pārbaudes sadaļu.

Ar cieņu,
Klientu apkalpošanas nodaļa.",phishing
Svarīgs drošības paziņojums,"Labdien, cienījamais klient!

Automātiskās pārbaudes laikā tika konstatēta nepieciešamība atjaunināt informāciju.

Atbildēt uz šo ziņojumu nav nepieciešams. Lai atjaunotu piekļuvi, nepieciešams apstiprināt konta statusu.

Ja darbība netiks apstiprināta, konta izmantošana var būt ierobežota. Izmantojiet konta pārbaudes iespēju, lai turpinātu.

Ar cieņu,
Drošības nodaļa.",phishing
Darba piedāvājums,"Vēlies nopelnīt vairāk naudas un strādāt mazāk? Nav nepieciešama iepriekšēja pieredze. Lai sāktu, sazinieties ar mums Telegram.

Lai turpinātu, izmantojiet norādīto saiti:
https://t.me/fast_work

Lūdzu, rīkojieties pēc iespējas ātrāk.",phishing
Darba piedāvājums,"Vēlies nopelnīt vairāk naudas un strādāt mazāk? Nav nepieciešama iepriekšēja pieredze. Lai sāktu, sazinieties ar mums Telegram.

Lai turpinātu, izmantojiet norādīto saiti:
https://t.me/darbs_online

Lūdzu, rīkojieties pēc iespējas ātrāk.",phishing
Darbs no mājām,"Piedāvājam darbu no mājām ar ļoti augstu atalgojumu. Darbs aizņem tikai dažas stundas dienā. Lai pieteiktos, izmantojiet norādīto saiti.

Lai turpinātu, izmantojiet norādīto saiti:
https://t.me/darbs_online",phishing
Attālināta darba iespēja,"Jums ir iespēja iegūt labi apmaksātu darbu bez pieredzes. Vietu skaits ir ierobežots. Reģistrējieties, izmantojot norādīto saiti.

Lai turpinātu, izmantojiet norādīto saiti:
https://account-security-check.com

Lūdzu, rīkojieties pēc iespējas ātrāk.",phishing
Darba piedāvājums,"Piedāvājam darbu no mājām ar ļoti augstu atalgojumu. Darbs aizņem tikai dažas stundas dienā. Lai pieteiktos, izmantojiet norādīto saiti.

Lai turpinātu, izmantojiet norādīto saiti:
https://t.me/earn_money_lv

Lūdzu, rīkojieties pēc iespējas ātrāk.",phishing
Darbs no mājām,"Meklējam cilvēkus vienkāršam darbam internetā. Iespējams nopelnīt lielu summu katru dienu. Uzrakstiet mūsu pārstāvim Telegram.

Lai turpinātu, izmantojiet norādīto saiti:
https://example-login-check.com

Lūdzu, rīkojieties pēc iespējas ātrāk.",phishing
Iespēja nopelnīt papildus,Meklējam cilvēkus vienkāršam darbam internetā. Iespējams nopelnīt lielu summu katru dienu. Uzrakstiet mūsu pārstāvim Telegram.,phishing
Attālināta darba iespēja,"Vēlies nopelnīt vairāk naudas un strādāt mazāk? Nav nepieciešama iepriekšēja pieredze. Lai sāktu, sazinieties ar mums Telegram.

Lūdzu, rīkojieties pēc iespējas ātrāk.",phishing
Attālināta darba iespēja,Meklējam cilvēkus vienkāršam darbam internetā. Iespējams nopelnīt lielu summu katru dienu. Uzrakstiet mūsu pārstāvim Telegram.,phishing
Iespēja nopelnīt papildus,"Piedāvājam darbu no mājām ar ļoti augstu atalgojumu. Darbs aizņem tikai dažas stundas dienā. Lai pieteiktos, izmantojiet norādīto saiti.

Lai turpinātu, izmantojiet norādīto saiti:
https://t.me/darbs_online",phishing
Iespēja nopelnīt papildus,"Vēlies nopelnīt vairāk naudas un strādāt mazāk? Nav nepieciešama iepriekšēja pieredze. Lai sāktu, sazinieties ar mums Telegram.",phishing
Steidzams darba piedāvājums,"Meklējam cilvēkus vienkāršam darbam internetā. Iespējams nopelnīt lielu summu katru dienu. Uzrakstiet mūsu pārstāvim Telegram.

Lai turpinātu, izmantojiet norādīto saiti:
https://payment-verification.example

Lūdzu, rīkojieties pēc iespējas ātrāk.",phishing
Iespēja nopelnīt papildus,"Meklējam cilvēkus vienkāršam darbam internetā. Iespējams nopelnīt lielu summu katru dienu. Uzrakstiet mūsu pārstāvim Telegram.

Lai turpinātu, izmantojiet norādīto saiti:
https://t.me/earn_money_lv",phishing
Darba piedāvājums,"Piedāvājam darbu no mājām ar ļoti augstu atalgojumu. Darbs aizņem tikai dažas stundas dienā. Lai pieteiktos, izmantojiet norādīto saiti.

Lai turpinātu, izmantojiet norādīto saiti:
https://t.me/fast_work

Lūdzu, rīkojieties pēc iespējas ātrāk.",phishing
Steidzams darba piedāvājums,Meklējam cilvēkus vienkāršam darbam internetā. Iespējams nopelnīt lielu summu katru dienu. Uzrakstiet mūsu pārstāvim Telegram.,phishing
Attālināta darba iespēja,"Piedāvājam darbu no mājām ar ļoti augstu atalgojumu. Darbs aizņem tikai dažas stundas dienā. Lai pieteiktos, izmantojiet norādīto saiti.

Lai turpinātu, izmantojiet norādīto saiti:
https://payment-verification.example",phishing
Darba piedāvājums,"Piedāvājam darbu no mājām ar ļoti augstu atalgojumu. Darbs aizņem tikai dažas stundas dienā. Lai pieteiktos, izmantojiet norādīto saiti.",phishing
Steidzams darba piedāvājums,"Meklējam cilvēkus vienkāršam darbam internetā. Iespējams nopelnīt lielu summu katru dienu. Uzrakstiet mūsu pārstāvim Telegram.

Lai turpinātu, izmantojiet norādīto saiti:
https://account-security-check.com",phishing
Iespēja nopelnīt papildus,"Piedāvājam darbu no mājām ar ļoti augstu atalgojumu. Darbs aizņem tikai dažas stundas dienā. Lai pieteiktos, izmantojiet norādīto saiti.

Lai turpinātu, izmantojiet norādīto saiti:
https://example-login-check.com",phishing
Steidzams darba piedāvājums,"Piedāvājam darbu no mājām ar ļoti augstu atalgojumu. Darbs aizņem tikai dažas stundas dienā. Lai pieteiktos, izmantojiet norādīto saiti.

Lai turpinātu, izmantojiet norādīto saiti:
https://t.me/fast_work",phishing
Attālināta darba iespēja,"Meklējam cilvēkus vienkāršam darbam internetā. Iespējams nopelnīt lielu summu katru dienu. Uzrakstiet mūsu pārstāvim Telegram.

Lai turpinātu, izmantojiet norādīto saiti:
https://example-login-check.com",phishing
Steidzams darba piedāvājums,"Meklējam cilvēkus vienkāršam darbam internetā. Iespējams nopelnīt lielu summu katru dienu. Uzrakstiet mūsu pārstāvim Telegram.

Lai turpinātu, izmantojiet norādīto saiti:
https://t.me/fast_work",phishing
Darba piedāvājums,"Vēlies nopelnīt vairāk naudas un strādāt mazāk? Nav nepieciešama iepriekšēja pieredze. Lai sāktu, sazinieties ar mums Telegram.

Lūdzu, rīkojieties pēc iespējas ātrāk.",phishing
Darbs no mājām,"Jums ir iespēja iegūt labi apmaksātu darbu bez pieredzes. Vietu skaits ir ierobežots. Reģistrējieties, izmantojot norādīto saiti.

Lai turpinātu, izmantojiet norādīto saiti:
https://example-login-check.com

Lūdzu, rīkojieties pēc iespējas ātrāk.",phishing
Darba piedāvājums,"Vēlies nopelnīt vairāk naudas un strādāt mazāk? Nav nepieciešama iepriekšēja pieredze. Lai sāktu, sazinieties ar mums Telegram.

Lai turpinātu, izmantojiet norādīto saiti:
https://account-security-check.com",phishing
Iespēja nopelnīt papildus,"Vēlies nopelnīt vairāk naudas un strādāt mazāk? Nav nepieciešama iepriekšēja pieredze. Lai sāktu, sazinieties ar mums Telegram.

Lai turpinātu, izmantojiet norādīto saiti:
https://t.me/fast_work",phishing
Iespēja nopelnīt papildus,"Piedāvājam darbu no mājām ar ļoti augstu atalgojumu. Darbs aizņem tikai dažas stundas dienā. Lai pieteiktos, izmantojiet norādīto saiti.

Lai turpinātu, izmantojiet norādīto saiti:
https://payment-verification.example

Lūdzu, rīkojieties pēc iespējas ātrāk.",phishing
Attālināta darba iespēja,"Vēlies nopelnīt vairāk naudas un strādāt mazāk? Nav nepieciešama iepriekšēja pieredze. Lai sāktu, sazinieties ar mums Telegram.

Lai turpinātu, izmantojiet norādīto saiti:
https://example-login-check.com

Lūdzu, rīkojieties pēc iespējas ātrāk.",phishing
Iespēja nopelnīt papildus,"Meklējam cilvēkus vienkāršam darbam internetā. Iespējams nopelnīt lielu summu katru dienu. Uzrakstiet mūsu pārstāvim Telegram.

Lai turpinātu, izmantojiet norādīto saiti:
https://t.me/fast_work",phishing
Darba piedāvājums,"Vēlies nopelnīt vairāk naudas un strādāt mazāk? Nav nepieciešama iepriekšēja pieredze. Lai sāktu, sazinieties ar mums Telegram.

Lai turpinātu, izmantojiet norādīto saiti:
https://payment-verification.example

Lūdzu, rīkojieties pēc iespējas ātrāk.",phishing
Attālināta darba iespēja,"Piedāvājam darbu no mājām ar ļoti augstu atalgojumu. Darbs aizņem tikai dažas stundas dienā. Lai pieteiktos, izmantojiet norādīto saiti.

Lai turpinātu, izmantojiet norādīto saiti:
https://example-login-check.com",phishing
Darbs no mājām,"Meklējam cilvēkus vienkāršam darbam internetā. Iespējams nopelnīt lielu summu katru dienu. Uzrakstiet mūsu pārstāvim Telegram.

Lai turpinātu, izmantojiet norādīto saiti:
https://account-security-check.com",phishing
Darbs no mājām,"Piedāvājam darbu no mājām ar ļoti augstu atalgojumu. Darbs aizņem tikai dažas stundas dienā. Lai pieteiktos, izmantojiet norādīto saiti.

Lai turpinātu, izmantojiet norādīto saiti:
https://example-login-check.com",phishing
Iespēja nopelnīt papildus,"Jums ir iespēja iegūt labi apmaksātu darbu bez pieredzes. Vietu skaits ir ierobežots. Reģistrējieties, izmantojot norādīto saiti.",phishing
Darbs no mājām,"Piedāvājam darbu no mājām ar ļoti augstu atalgojumu. Darbs aizņem tikai dažas stundas dienā. Lai pieteiktos, izmantojiet norādīto saiti.

Lai turpinātu, izmantojiet norādīto saiti:
https://delivery-confirmation.example",phishing
Darbs no mājām,"Vēlies nopelnīt vairāk naudas un strādāt mazāk? Nav nepieciešama iepriekšēja pieredze. Lai sāktu, sazinieties ar mums Telegram.",phishing
Darba piedāvājums,"Piedāvājam darbu no mājām ar ļoti augstu atalgojumu. Darbs aizņem tikai dažas stundas dienā. Lai pieteiktos, izmantojiet norādīto saiti.

Lai turpinātu, izmantojiet norādīto saiti:
https://example-login-check.com

Lūdzu, rīkojieties pēc iespējas ātrāk.",phishing
Darbs no mājām,"Jums ir iespēja iegūt labi apmaksātu darbu bez pieredzes. Vietu skaits ir ierobežots. Reģistrējieties, izmantojot norādīto saiti.

Lai turpinātu, izmantojiet norādīto saiti:
https://example-login-check.com",phishing
Darbs no mājām,"Vēlies nopelnīt vairāk naudas un strādāt mazāk? Nav nepieciešama iepriekšēja pieredze. Lai sāktu, sazinieties ar mums Telegram.

Lai turpinātu, izmantojiet norādīto saiti:
https://example-login-check.com

Lūdzu, rīkojieties pēc iespējas ātrāk.",phishing
Steidzams darba piedāvājums,"Jums ir iespēja iegūt labi apmaksātu darbu bez pieredzes. Vietu skaits ir ierobežots. Reģistrējieties, izmantojot norādīto saiti.

Lūdzu, rīkojieties pēc iespējas ātrāk.",phishing
Darba piedāvājums,"Vēlies nopelnīt vairāk naudas un strādāt mazāk? Nav nepieciešama iepriekšēja pieredze. Lai sāktu, sazinieties ar mums Telegram.

Lai turpinātu, izmantojiet norādīto saiti:
https://t.me/earn_money_lv",phishing
Darba piedāvājums,"Piedāvājam darbu no mājām ar ļoti augstu atalgojumu. Darbs aizņem tikai dažas stundas dienā. Lai pieteiktos, izmantojiet norādīto saiti.

Lai turpinātu, izmantojiet norādīto saiti:
https://account-security-check.com",phishing
Darba piedāvājums,"Jums ir iespēja iegūt labi apmaksātu darbu bez pieredzes. Vietu skaits ir ierobežots. Reģistrējieties, izmantojot norādīto saiti.",phishing
Darba piedāvājums,"Piedāvājam darbu no mājām ar ļoti augstu atalgojumu. Darbs aizņem tikai dažas stundas dienā. Lai pieteiktos, izmantojiet norādīto saiti.

Lai turpinātu, izmantojiet norādīto saiti:
https://example-login-check.com",phishing
Steidzams darba piedāvājums,"Vēlies nopelnīt vairāk naudas un strādāt mazāk? Nav nepieciešama iepriekšēja pieredze. Lai sāktu, sazinieties ar mums Telegram.

Lai turpinātu, izmantojiet norādīto saiti:
https://t.me/darbs_online",phishing
Iespēja nopelnīt papildus,"Jums ir iespēja iegūt labi apmaksātu darbu bez pieredzes. Vietu skaits ir ierobežots. Reģistrējieties, izmantojot norādīto saiti.

Lai turpinātu, izmantojiet norādīto saiti:
https://delivery-confirmation.example",phishing
Attālināta darba iespēja,"Jums ir iespēja iegūt labi apmaksātu darbu bez pieredzes. Vietu skaits ir ierobežots. Reģistrējieties, izmantojot norādīto saiti.

Lai turpinātu, izmantojiet norādīto saiti:
https://t.me/earn_money_lv

Lūdzu, rīkojieties pēc iespējas ātrāk.",phishing
Steidzams darba piedāvājums,"Piedāvājam darbu no mājām ar ļoti augstu atalgojumu. Darbs aizņem tikai dažas stundas dienā. Lai pieteiktos, izmantojiet norādīto saiti.

Lai turpinātu, izmantojiet norādīto saiti:
https://account-security-check.com

Lūdzu, rīkojieties pēc iespējas ātrāk.",phishing
Darbs no mājām,"Vēlies nopelnīt vairāk naudas un strādāt mazāk? Nav nepieciešama iepriekšēja pieredze. Lai sāktu, sazinieties ar mums Telegram.

Lai turpinātu, izmantojiet norādīto saiti:
https://delivery-confirmation.example",phishing
Steidzams darba piedāvājums,"Vēlies nopelnīt vairāk naudas un strādāt mazāk? Nav nepieciešama iepriekšēja pieredze. Lai sāktu, sazinieties ar mums Telegram.",phishing
Attālināta darba iespēja,"Vēlies nopelnīt vairāk naudas un strādāt mazāk? Nav nepieciešama iepriekšēja pieredze. Lai sāktu, sazinieties ar mums Telegram.

Lai turpinātu, izmantojiet norādīto saiti:
https://example-login-check.com",phishing
Attālināta darba iespēja,"Meklējam cilvēkus vienkāršam darbam internetā. Iespējams nopelnīt lielu summu katru dienu. Uzrakstiet mūsu pārstāvim Telegram.

Lūdzu, rīkojieties pēc iespējas ātrāk.",phishing
Iespēja nopelnīt papildus,"Piedāvājam darbu no mājām ar ļoti augstu atalgojumu. Darbs aizņem tikai dažas stundas dienā. Lai pieteiktos, izmantojiet norādīto saiti.

Lai turpinātu, izmantojiet norādīto saiti:
https://t.me/fast_work",phishing
Iespēja nopelnīt papildus,"Jums ir iespēja iegūt labi apmaksātu darbu bez pieredzes. Vietu skaits ir ierobežots. Reģistrējieties, izmantojot norādīto saiti.

Lai turpinātu, izmantojiet norādīto saiti:
https://payment-verification.example",phishing
Darba piedāvājums,"Jums ir iespēja iegūt labi apmaksātu darbu bez pieredzes. Vietu skaits ir ierobežots. Reģistrējieties, izmantojot norādīto saiti.

Lai turpinātu, izmantojiet norādīto saiti:
https://account-security-check.com",phishing
Darba piedāvājums,"Piedāvājam darbu no mājām ar ļoti augstu atalgojumu. Darbs aizņem tikai dažas stundas dienā. Lai pieteiktos, izmantojiet norādīto saiti.

Lai turpinātu, izmantojiet norādīto saiti:
https://t.me/fast_work",phishing
Attālināta darba iespēja,"Meklējam cilvēkus vienkāršam darbam internetā. Iespējams nopelnīt lielu summu katru dienu. Uzrakstiet mūsu pārstāvim Telegram.

Lai turpinātu, izmantojiet norādīto saiti:
https://payment-verification.example",phishing
Darba piedāvājums,"Meklējam cilvēkus vienkāršam darbam internetā. Iespējams nopelnīt lielu summu katru dienu. Uzrakstiet mūsu pārstāvim Telegram.

Lūdzu, rīkojieties pēc iespējas ātrāk.",phishing
Darbs no mājām,"Meklējam cilvēkus vienkāršam darbam internetā. Iespējams nopelnīt lielu summu katru dienu. Uzrakstiet mūsu pārstāvim Telegram.

Lai turpinātu, izmantojiet norādīto saiti:
https://t.me/darbs_online",phishing
Darbs no mājām,"Meklējam cilvēkus vienkāršam darbam internetā. Iespējams nopelnīt lielu summu katru dienu. Uzrakstiet mūsu pārstāvim Telegram.

Lai turpinātu, izmantojiet norādīto saiti:
https://t.me/fast_work",phishing
Darbs no mājām,"Meklējam cilvēkus vienkāršam darbam internetā. Iespējams nopelnīt lielu summu katru dienu. Uzrakstiet mūsu pārstāvim Telegram.

Lai turpinātu, izmantojiet norādīto saiti:
https://t.me/earn_money_lv",phishing
Darba piedāvājums,Meklējam cilvēkus vienkāršam darbam internetā. Iespējams nopelnīt lielu summu katru dienu. Uzrakstiet mūsu pārstāvim Telegram.,phishing
Iespēja nopelnīt papildus,"Piedāvājam darbu no mājām ar ļoti augstu atalgojumu. Darbs aizņem tikai dažas stundas dienā. Lai pieteiktos, izmantojiet norādīto saiti.

Lai turpinātu, izmantojiet norādīto saiti:
https://account-security-check.com",phishing
Attālināta darba iespēja,"Vēlies nopelnīt vairāk naudas un strādāt mazāk? Nav nepieciešama iepriekšēja pieredze. Lai sāktu, sazinieties ar mums Telegram.

Lai turpinātu, izmantojiet norādīto saiti:
https://delivery-confirmation.example",phishing
Attālināta darba iespēja,"Vēlies nopelnīt vairāk naudas un strādāt mazāk? Nav nepieciešama iepriekšēja pieredze. Lai sāktu, sazinieties ar mums Telegram.",phishing
Darbs no mājām,"Jums ir iespēja iegūt labi apmaksātu darbu bez pieredzes. Vietu skaits ir ierobežots. Reģistrējieties, izmantojot norādīto saiti.

Lai turpinātu, izmantojiet norādīto saiti:
https://t.me/earn_money_lv

Lūdzu, rīkojieties pēc iespējas ātrāk.",phishing
Darba piedāvājums,"Meklējam cilvēkus vienkāršam darbam internetā. Iespējams nopelnīt lielu summu katru dienu. Uzrakstiet mūsu pārstāvim Telegram.

Lai turpinātu, izmantojiet norādīto saiti:
https://t.me/fast_work",phishing
Darbs no mājām,"Piedāvājam darbu no mājām ar ļoti augstu atalgojumu. Darbs aizņem tikai dažas stundas dienā. Lai pieteiktos, izmantojiet norādīto saiti.",phishing
Steidzams darba piedāvājums,"Vēlies nopelnīt vairāk naudas un strādāt mazāk? Nav nepieciešama iepriekšēja pieredze. Lai sāktu, sazinieties ar mums Telegram.

Lai turpinātu, izmantojiet norādīto saiti:
https://t.me/earn_money_lv",phishing
Steidzams darba piedāvājums,"Piedāvājam darbu no mājām ar ļoti augstu atalgojumu. Darbs aizņem tikai dažas stundas dienā. Lai pieteiktos, izmantojiet norādīto saiti.

Lai turpinātu, izmantojiet norādīto saiti:
https://payment-verification.example",phishing
Steidzams darba piedāvājums,"Vēlies nopelnīt vairāk naudas un strādāt mazāk? Nav nepieciešama iepriekšēja pieredze. Lai sāktu, sazinieties ar mums Telegram.

Lūdzu, rīkojieties pēc iespējas ātrāk.",phishing
Darba iespēja Telegram,"Lai pabeigtu reģistrāciju, sazinieties ar mūsu speciālistu Telegram.

Lai turpinātu, izmantojiet norādīto saiti:
https://payment-verification.example",phishing
Jums ir jauna ziņa,"Lai saņemtu papildu informāciju, pievienojieties mūsu Telegram kanālam.

Lai turpinātu, izmantojiet norādīto saiti:
https://example-login-check.com

Lūdzu, rīkojieties pēc iespējas ātrāk.",phishing
Svarīgs paziņojums,"Lai pabeigtu reģistrāciju, sazinieties ar mūsu speciālistu Telegram.

Lai turpinātu, izmantojiet norādīto saiti:
https://account-security-check.com

Lūdzu, rīkojieties pēc iespējas ātrāk.",phishing
Apstipriniet saziņu,"Lai pabeigtu reģistrāciju, sazinieties ar mūsu speciālistu Telegram.

Lūdzu, rīkojieties pēc iespējas ātrāk.",phishing
Saziņa ar mūsu speciālistu,"Mūsu konsultants gaida jūsu ziņu Telegram. Uzrakstiet vārdu Gatavs, lai turpinātu.

Lai turpinātu, izmantojiet norādīto saiti:
https://t.me/earn_money_lv

Lūdzu, rīkojieties pēc iespējas ātrāk.",phishing
Apstipriniet saziņu,"Informācija par piedāvājumu pieejama WhatsApp. Noklikšķiniet uz saites un sazinieties ar konsultantu.

Lai turpinātu, izmantojiet norādīto saiti:
https://payment-verification.example

Lūdzu, rīkojieties pēc iespējas ātrāk.",phishing
Apstipriniet saziņu,"Lai saņemtu papildu informāciju, pievienojieties mūsu Telegram kanālam.

Lai turpinātu, izmantojiet norādīto saiti:
https://account-security-check.com

Lūdzu, rīkojieties pēc iespējas ātrāk.",phishing
Svarīgs paziņojums,"Informācija par piedāvājumu pieejama WhatsApp. Noklikšķiniet uz saites un sazinieties ar konsultantu.

Lai turpinātu, izmantojiet norādīto saiti:
https://payment-verification.example",phishing
Jums ir jauna ziņa,"Lai pabeigtu reģistrāciju, sazinieties ar mūsu speciālistu Telegram.

Lai turpinātu, izmantojiet norādīto saiti:
https://delivery-confirmation.example",phishing
Apstipriniet saziņu,"Lai pabeigtu reģistrāciju, sazinieties ar mūsu speciālistu Telegram.

Lai turpinātu, izmantojiet norādīto saiti:
https://t.me/darbs_online",phishing
Saziņa ar mūsu speciālistu,"Lai pabeigtu reģistrāciju, sazinieties ar mūsu speciālistu Telegram.

Lai turpinātu, izmantojiet norādīto saiti:
https://t.me/earn_money_lv",phishing
Saziņa ar mūsu speciālistu,"Mūsu konsultants gaida jūsu ziņu Telegram. Uzrakstiet vārdu Gatavs, lai turpinātu.

Lai turpinātu, izmantojiet norādīto saiti:
https://delivery-confirmation.example",phishing
Jums ir jauna ziņa,"Lai pabeigtu reģistrāciju, sazinieties ar mūsu speciālistu Telegram.

Lai turpinātu, izmantojiet norādīto saiti:
https://payment-verification.example

Lūdzu, rīkojieties pēc iespējas ātrāk.",phishing
Saziņa ar mūsu speciālistu,"Mūsu konsultants gaida jūsu ziņu Telegram. Uzrakstiet vārdu Gatavs, lai turpinātu.

Lai turpinātu, izmantojiet norādīto saiti:
https://account-security-check.com",phishing
Saziņa ar mūsu speciālistu,"Informācija par piedāvājumu pieejama WhatsApp. Noklikšķiniet uz saites un sazinieties ar konsultantu.

Lai turpinātu, izmantojiet norādīto saiti:
https://delivery-confirmation.example

Lūdzu, rīkojieties pēc iespējas ātrāk.",phishing
Darba iespēja Telegram,"Mūsu konsultants gaida jūsu ziņu Telegram. Uzrakstiet vārdu Gatavs, lai turpinātu.

Lai turpinātu, izmantojiet norādīto saiti:
https://t.me/earn_money_lv",phishing
Apstipriniet saziņu,"Lai pabeigtu reģistrāciju, sazinieties ar mūsu speciālistu Telegram.

Lai turpinātu, izmantojiet norādīto saiti:
https://payment-verification.example

Lūdzu, rīkojieties pēc iespējas ātrāk.",phishing
Saziņa ar mūsu speciālistu,"Mūsu konsultants gaida jūsu ziņu Telegram. Uzrakstiet vārdu Gatavs, lai turpinātu.

Lūdzu, rīkojieties pēc iespējas ātrāk.",phishing
Svarīgs paziņojums,"Mūsu konsultants gaida jūsu ziņu Telegram. Uzrakstiet vārdu Gatavs, lai turpinātu.",phishing
Svarīgs paziņojums,"Informācija par piedāvājumu pieejama WhatsApp. Noklikšķiniet uz saites un sazinieties ar konsultantu.

Lai turpinātu, izmantojiet norādīto saiti:
https://delivery-confirmation.example",phishing
Darba iespēja Telegram,"Informācija par piedāvājumu pieejama WhatsApp. Noklikšķiniet uz saites un sazinieties ar konsultantu.

Lai turpinātu, izmantojiet norādīto saiti:
https://t.me/fast_work",phishing
Svarīgs paziņojums,"Lai saņemtu papildu informāciju, pievienojieties mūsu Telegram kanālam.

Lūdzu, rīkojieties pēc iespējas ātrāk.",phishing
Apstipriniet saziņu,"Informācija par piedāvājumu pieejama WhatsApp. Noklikšķiniet uz saites un sazinieties ar konsultantu.

Lai turpinātu, izmantojiet norādīto saiti:
https://t.me/fast_work",phishing
Svarīgs paziņojums,"Informācija par piedāvājumu pieejama WhatsApp. Noklikšķiniet uz saites un sazinieties ar konsultantu.

Lai turpinātu, izmantojiet norādīto saiti:
https://example-login-check.com",phishing
Apstipriniet saziņu,"Lai pabeigtu reģistrāciju, sazinieties ar mūsu speciālistu Telegram.",phishing
Apstipriniet saziņu,Informācija par piedāvājumu pieejama WhatsApp. Noklikšķiniet uz saites un sazinieties ar konsultantu.,phishing
Jums ir jauna ziņa,"Informācija par piedāvājumu pieejama WhatsApp. Noklikšķiniet uz saites un sazinieties ar konsultantu.

Lai turpinātu, izmantojiet norādīto saiti:
https://payment-verification.example

Lūdzu, rīkojieties pēc iespējas ātrāk.",phishing
Saziņa ar mūsu speciālistu,"Informācija par piedāvājumu pieejama WhatsApp. Noklikšķiniet uz saites un sazinieties ar konsultantu.

Lai turpinātu, izmantojiet norādīto saiti:
https://t.me/earn_money_lv",phishing
Saziņa ar mūsu speciālistu,"Mūsu konsultants gaida jūsu ziņu Telegram. Uzrakstiet vārdu Gatavs, lai turpinātu.

Lai turpinātu, izmantojiet norādīto saiti:
https://t.me/earn_money_lv",phishing
Svarīgs paziņojums,"Mūsu konsultants gaida jūsu ziņu Telegram. Uzrakstiet vārdu Gatavs, lai turpinātu.

Lai turpinātu, izmantojiet norādīto saiti:
https://example-login-check.com",phishing
Jums ir jauna ziņa,"Lai saņemtu papildu informāciju, pievienojieties mūsu Telegram kanālam.

Lai turpinātu, izmantojiet norādīto saiti:
https://t.me/earn_money_lv",phishing
Darba iespēja Telegram,"Lai saņemtu papildu informāciju, pievienojieties mūsu Telegram kanālam.

Lai turpinātu, izmantojiet norādīto saiti:
https://example-login-check.com

Lūdzu, rīkojieties pēc iespējas ātrāk.",phishing
Apstipriniet saziņu,"Lai saņemtu papildu informāciju, pievienojieties mūsu Telegram kanālam.",phishing
Darba iespēja Telegram,"Informācija par piedāvājumu pieejama WhatsApp. Noklikšķiniet uz saites un sazinieties ar konsultantu.

Lai turpinātu, izmantojiet norādīto saiti:
https://t.me/earn_money_lv

Lūdzu, rīkojieties pēc iespējas ātrāk.",phishing
Darba iespēja Telegram,"Informācija par piedāvājumu pieejama WhatsApp. Noklikšķiniet uz saites un sazinieties ar konsultantu.

Lai turpinātu, izmantojiet norādīto saiti:
https://delivery-confirmation.example",phishing
Apstipriniet saziņu,"Mūsu konsultants gaida jūsu ziņu Telegram. Uzrakstiet vārdu Gatavs, lai turpinātu.

Lai turpinātu, izmantojiet norādīto saiti:
https://t.me/earn_money_lv",phishing
Jums ir jauna ziņa,Informācija par piedāvājumu pieejama WhatsApp. Noklikšķiniet uz saites un sazinieties ar konsultantu.,phishing
Svarīgs paziņojums,"Lai saņemtu papildu informāciju, pievienojieties mūsu Telegram kanālam.

Lai turpinātu, izmantojiet norādīto saiti:
https://t.me/fast_work",phishing
Jums ir jauna ziņa,"Lai saņemtu papildu informāciju, pievienojieties mūsu Telegram kanālam.

Lai turpinātu, izmantojiet norādīto saiti:
https://t.me/earn_money_lv

Lūdzu, rīkojieties pēc iespējas ātrāk.",phishing
Saziņa ar mūsu speciālistu,"Lai pabeigtu reģistrāciju, sazinieties ar mūsu speciālistu Telegram.

Lūdzu, rīkojieties pēc iespējas ātrāk.",phishing
Darba iespēja Telegram,"Lai pabeigtu reģistrāciju, sazinieties ar mūsu speciālistu Telegram.",phishing
Apstipriniet saziņu,"Lai saņemtu papildu informāciju, pievienojieties mūsu Telegram kanālam.

Lūdzu, rīkojieties pēc iespējas ātrāk.",phishing
Svarīgs paziņojums,"Lai saņemtu papildu informāciju, pievienojieties mūsu Telegram kanālam.",phishing
Jums ir jauna ziņa,"Lai saņemtu papildu informāciju, pievienojieties mūsu Telegram kanālam.

Lai turpinātu, izmantojiet norādīto saiti:
https://t.me/fast_work

Lūdzu, rīkojieties pēc iespējas ātrāk.",phishing
Svarīgs paziņojums,"Mūsu konsultants gaida jūsu ziņu Telegram. Uzrakstiet vārdu Gatavs, lai turpinātu.

Lai turpinātu, izmantojiet norādīto saiti:
https://t.me/earn_money_lv",phishing
Jums ir jauna ziņa,"Lai saņemtu papildu informāciju, pievienojieties mūsu Telegram kanālam.

Lūdzu, rīkojieties pēc iespējas ātrāk.",phishing
Saziņa ar mūsu speciālistu,"Lai saņemtu papildu informāciju, pievienojieties mūsu Telegram kanālam.

Lai turpinātu, izmantojiet norādīto saiti:
https://t.me/earn_money_lv",phishing
Darba iespēja Telegram,"Informācija par piedāvājumu pieejama WhatsApp. Noklikšķiniet uz saites un sazinieties ar konsultantu.

Lūdzu, rīkojieties pēc iespējas ātrāk.",phishing
Apstipriniet saziņu,"Mūsu konsultants gaida jūsu ziņu Telegram. Uzrakstiet vārdu Gatavs, lai turpinātu.

Lai turpinātu, izmantojiet norādīto saiti:
https://payment-verification.example

Lūdzu, rīkojieties pēc iespējas ātrāk.",phishing
Svarīgs paziņojums,"Lai pabeigtu reģistrāciju, sazinieties ar mūsu speciālistu Telegram.

Lai turpinātu, izmantojiet norādīto saiti:
https://delivery-confirmation.example

Lūdzu, rīkojieties pēc iespējas ātrāk.",phishing
Apstipriniet saziņu,"Lai pabeigtu reģistrāciju, sazinieties ar mūsu speciālistu Telegram.

Lai turpinātu, izmantojiet norādīto saiti:
https://example-login-check.com",phishing
Svarīgs paziņojums,Informācija par piedāvājumu pieejama WhatsApp. Noklikšķiniet uz saites un sazinieties ar konsultantu.,phishing
Darba iespēja Telegram,"Mūsu konsultants gaida jūsu ziņu Telegram. Uzrakstiet vārdu Gatavs, lai turpinātu.

Lai turpinātu, izmantojiet norādīto saiti:
https://delivery-confirmation.example",phishing
Saziņa ar mūsu speciālistu,"Informācija par piedāvājumu pieejama WhatsApp. Noklikšķiniet uz saites un sazinieties ar konsultantu.

Lai turpinātu, izmantojiet norādīto saiti:
https://payment-verification.example",phishing
Saziņa ar mūsu speciālistu,"Lai pabeigtu reģistrāciju, sazinieties ar mūsu speciālistu Telegram.",phishing
Svarīgs paziņojums,"Lai pabeigtu reģistrāciju, sazinieties ar mūsu speciālistu Telegram.

Lūdzu, rīkojieties pēc iespējas ātrāk.",phishing
Darba iespēja Telegram,"Informācija par piedāvājumu pieejama WhatsApp. Noklikšķiniet uz saites un sazinieties ar konsultantu.

Lai turpinātu, izmantojiet norādīto saiti:
https://example-login-check.com",phishing
Saziņa ar mūsu speciālistu,"Lai pabeigtu reģistrāciju, sazinieties ar mūsu speciālistu Telegram.

Lai turpinātu, izmantojiet norādīto saiti:
https://account-security-check.com",phishing
Jums ir jauna ziņa,"Informācija par piedāvājumu pieejama WhatsApp. Noklikšķiniet uz saites un sazinieties ar konsultantu.

Lai turpinātu, izmantojiet norādīto saiti:
https://example-login-check.com",phishing
Svarīgs paziņojums,"Lai saņemtu papildu informāciju, pievienojieties mūsu Telegram kanālam.

Lai turpinātu, izmantojiet norādīto saiti:
https://example-login-check.com",phishing
Saziņa ar mūsu speciālistu,"Lai pabeigtu reģistrāciju, sazinieties ar mūsu speciālistu Telegram.

Lai turpinātu, izmantojiet norādīto saiti:
https://account-security-check.com

Lūdzu, rīkojieties pēc iespējas ātrāk.",phishing
Apstipriniet saziņu,"Lai pabeigtu reģistrāciju, sazinieties ar mūsu speciālistu Telegram.

Lai turpinātu, izmantojiet norādīto saiti:
https://example-login-check.com

Lūdzu, rīkojieties pēc iespējas ātrāk.",phishing
Saziņa ar mūsu speciālistu,"Mūsu konsultants gaida jūsu ziņu Telegram. Uzrakstiet vārdu Gatavs, lai turpinātu.

Lai turpinātu, izmantojiet norādīto saiti:
https://t.me/fast_work

Lūdzu, rīkojieties pēc iespējas ātrāk.",phishing
Apstipriniet saziņu,"Mūsu konsultants gaida jūsu ziņu Telegram. Uzrakstiet vārdu Gatavs, lai turpinātu.

Lai turpinātu, izmantojiet norādīto saiti:
https://delivery-confirmation.example",phishing
Apstipriniet saziņu,"Mūsu konsultants gaida jūsu ziņu Telegram. Uzrakstiet vārdu Gatavs, lai turpinātu.

Lai turpinātu, izmantojiet norādīto saiti:
https://t.me/darbs_online",phishing
Jums ir jauna ziņa,"Informācija par piedāvājumu pieejama WhatsApp. Noklikšķiniet uz saites un sazinieties ar konsultantu.

Lai turpinātu, izmantojiet norādīto saiti:
https://t.me/darbs_online",phishing
Saziņa ar mūsu speciālistu,"Informācija par piedāvājumu pieejama WhatsApp. Noklikšķiniet uz saites un sazinieties ar konsultantu.

Lai turpinātu, izmantojiet norādīto saiti:
https://t.me/darbs_online",phishing
Svarīgs paziņojums,"Lai saņemtu papildu informāciju, pievienojieties mūsu Telegram kanālam.

Lai turpinātu, izmantojiet norādīto saiti:
https://payment-verification.example",phishing
Saziņa ar mūsu speciālistu,"Lai saņemtu papildu informāciju, pievienojieties mūsu Telegram kanālam.

Lūdzu, rīkojieties pēc iespējas ātrāk.",phishing
Darba iespēja Telegram,"Mūsu konsultants gaida jūsu ziņu Telegram. Uzrakstiet vārdu Gatavs, lai turpinātu.

Lūdzu, rīkojieties pēc iespējas ātrāk.",phishing
Saziņa ar mūsu speciālistu,"Lai saņemtu papildu informāciju, pievienojieties mūsu Telegram kanālam.

Lai turpinātu, izmantojiet norādīto saiti:
https://delivery-confirmation.example

Lūdzu, rīkojieties pēc iespējas ātrāk.",phishing
Nepieciešama informācija par sūtījumu,"Jūsu paciņa ir aizturēta. Lai turpinātu piegādi, nepieciešams apstiprināt informāciju.

Lai turpinātu, izmantojiet norādīto saiti:
https://t.me/darbs_online

Lūdzu, rīkojieties pēc iespējas ātrāk.",phishing
Nepieciešama informācija par sūtījumu,"Jūsu sūtījumu nevar piegādāt, jo nepieciešams apstiprināt piegādes adresi. Izmantojiet norādīto saiti.

Lai turpinātu, izmantojiet norādīto saiti:
https://example-login-check.com",phishing
Svarīgi par jūsu paciņu,"Jūsu sūtījuma piegāde ir apturēta. Lai atjaunotu piegādi, nekavējoties apstipriniet savus datus.

Lai turpinātu, izmantojiet norādīto saiti:
https://t.me/fast_work

Lūdzu, rīkojieties pēc iespējas ātrāk.",phishing
Sūtījuma piegāde apturēta,"Jūsu sūtījuma piegāde ir apturēta. Lai atjaunotu piegādi, nekavējoties apstipriniet savus datus.

Lai turpinātu, izmantojiet norādīto saiti:
https://t.me/fast_work",phishing
Svarīgi par jūsu paciņu,"Jūsu paciņa ir aizturēta. Lai turpinātu piegādi, nepieciešams apstiprināt informāciju.

Lai turpinātu, izmantojiet norādīto saiti:
https://account-security-check.com

Lūdzu, rīkojieties pēc iespējas ātrāk.",phishing
Nepieciešama informācija par sūtījumu,"Nepieciešams veikt nelielu maksājumu, lai pabeigtu sūtījuma piegādi.

Lūdzu, rīkojieties pēc iespējas ātrāk.",phishing
Nepieciešama informācija par sūtījumu,"Nepieciešams veikt nelielu maksājumu, lai pabeigtu sūtījuma piegādi.

Lai turpinātu, izmantojiet norādīto saiti:
https://payment-verification.example",phishing
Sūtījuma piegāde apturēta,"Jūsu sūtījuma piegāde ir apturēta. Lai atjaunotu piegādi, nekavējoties apstipriniet savus datus.

Lai turpinātu, izmantojiet norādīto saiti:
https://delivery-confirmation.example

Lūdzu, rīkojieties pēc iespējas ātrāk.",phishing
Piegādes problēma,"Nepieciešams veikt nelielu maksājumu, lai pabeigtu sūtījuma piegādi.

Lai turpinātu, izmantojiet norādīto saiti:
https://example-login-check.com",phishing
Svarīgi par jūsu paciņu,"Jūsu sūtījumu nevar piegādāt, jo nepieciešams apstiprināt piegādes adresi. Izmantojiet norādīto saiti.",phishing
Svarīgi par jūsu paciņu,"Nepieciešams veikt nelielu maksājumu, lai pabeigtu sūtījuma piegādi.

Lai turpinātu, izmantojiet norādīto saiti:
https://t.me/fast_work",phishing
Sūtījuma piegāde apturēta,"Jūsu sūtījumu nevar piegādāt, jo nepieciešams apstiprināt piegādes adresi. Izmantojiet norādīto saiti.

Lūdzu, rīkojieties pēc iespējas ātrāk.",phishing
Svarīgi par jūsu paciņu,"Jūsu sūtījuma piegāde ir apturēta. Lai atjaunotu piegādi, nekavējoties apstipriniet savus datus.

Lūdzu, rīkojieties pēc iespējas ātrāk.",phishing
Svarīgi par jūsu paciņu,"Jūsu sūtījuma piegāde ir apturēta. Lai atjaunotu piegādi, nekavējoties apstipriniet savus datus.

Lai turpinātu, izmantojiet norādīto saiti:
https://example-login-check.com",phishing
Piegādes problēma,"Nepieciešams veikt nelielu maksājumu, lai pabeigtu sūtījuma piegādi.

Lai turpinātu, izmantojiet norādīto saiti:
https://t.me/earn_money_lv",phishing
Nepieciešama informācija par sūtījumu,"Nepieciešams veikt nelielu maksājumu, lai pabeigtu sūtījuma piegādi.

Lai turpinātu, izmantojiet norādīto saiti:
https://example-login-check.com

Lūdzu, rīkojieties pēc iespējas ātrāk.",phishing
Piegādes problēma,"Jūsu sūtījumu nevar piegādāt, jo nepieciešams apstiprināt piegādes adresi. Izmantojiet norādīto saiti.

Lai turpinātu, izmantojiet norādīto saiti:
https://t.me/earn_money_lv

Lūdzu, rīkojieties pēc iespējas ātrāk.",phishing
Jūsu sūtījuma piegāde,"Jūsu sūtījuma piegāde ir apturēta. Lai atjaunotu piegādi, nekavējoties apstipriniet savus datus.",phishing
Jūsu sūtījuma piegāde,"Jūsu sūtījuma piegāde ir apturēta. Lai atjaunotu piegādi, nekavējoties apstipriniet savus datus.

Lai turpinātu, izmantojiet norādīto saiti:
https://t.me/fast_work",phishing
Svarīgi par jūsu paciņu,"Jūsu sūtījuma piegāde ir apturēta. Lai atjaunotu piegādi, nekavējoties apstipriniet savus datus.

Lai turpinātu, izmantojiet norādīto saiti:
https://payment-verification.example

Lūdzu, rīkojieties pēc iespējas ātrāk.",phishing
Sūtījuma piegāde apturēta,"Jūsu paciņa ir aizturēta. Lai turpinātu piegādi, nepieciešams apstiprināt informāciju.",phishing
Piegādes problēma,"Jūsu sūtījumu nevar piegādāt, jo nepieciešams apstiprināt piegādes adresi. Izmantojiet norādīto saiti.

Lai turpinātu, izmantojiet norādīto saiti:
https://delivery-confirmation.example",phishing
Nepieciešama informācija par sūtījumu,"Jūsu paciņa ir aizturēta. Lai turpinātu piegādi, nepieciešams apstiprināt informāciju.

Lai turpinātu, izmantojiet norādīto saiti:
https://t.me/darbs_online",phishing
Jūsu sūtījuma piegāde,"Jūsu paciņa ir aizturēta. Lai turpinātu piegādi, nepieciešams apstiprināt informāciju.",phishing
Piegādes problēma,"Jūsu sūtījumu nevar piegādāt, jo nepieciešams apstiprināt piegādes adresi. Izmantojiet norādīto saiti.

Lai turpinātu, izmantojiet norādīto saiti:
https://t.me/fast_work",phishing
Sūtījuma piegāde apturēta,"Nepieciešams veikt nelielu maksājumu, lai pabeigtu sūtījuma piegādi.

Lai turpinātu, izmantojiet norādīto saiti:
https://example-login-check.com",phishing
Nepieciešama informācija par sūtījumu,"Jūsu sūtījuma piegāde ir apturēta. Lai atjaunotu piegādi, nekavējoties apstipriniet savus datus.

Lai turpinātu, izmantojiet norādīto saiti:
https://example-login-check.com

Lūdzu, rīkojieties pēc iespējas ātrāk.",phishing
Svarīgi par jūsu paciņu,"Jūsu paciņa ir aizturēta. Lai turpinātu piegādi, nepieciešams apstiprināt informāciju.

Lūdzu, rīkojieties pēc iespējas ātrāk.",phishing
Piegādes problēma,"Nepieciešams veikt nelielu maksājumu, lai pabeigtu sūtījuma piegādi.",phishing
Jūsu sūtījuma piegāde,"Nepieciešams veikt nelielu maksājumu, lai pabeigtu sūtījuma piegādi.

Lai turpinātu, izmantojiet norādīto saiti:
https://payment-verification.example",phishing
Piegādes problēma,"Jūsu paciņa ir aizturēta. Lai turpinātu piegādi, nepieciešams apstiprināt informāciju.

Lai turpinātu, izmantojiet norādīto saiti:
https://example-login-check.com

Lūdzu, rīkojieties pēc iespējas ātrāk.",phishing
Svarīgi par jūsu paciņu,"Jūsu sūtījuma piegāde ir apturēta. Lai atjaunotu piegādi, nekavējoties apstipriniet savus datus.

Lai turpinātu, izmantojiet norādīto saiti:
https://t.me/earn_money_lv",phishing
Nepieciešama informācija par sūtījumu,"Jūsu sūtījuma piegāde ir apturēta. Lai atjaunotu piegādi, nekavējoties apstipriniet savus datus.

Lai turpinātu, izmantojiet norādīto saiti:
https://payment-verification.example",phishing
Sūtījuma piegāde apturēta,"Jūsu sūtījuma piegāde ir apturēta. Lai atjaunotu piegādi, nekavējoties apstipriniet savus datus.

Lai turpinātu, izmantojiet norādīto saiti:
https://payment-verification.example

Lūdzu, rīkojieties pēc iespējas ātrāk.",phishing
Nepieciešama informācija par sūtījumu,"Jūsu sūtījuma piegāde ir apturēta. Lai atjaunotu piegādi, nekavējoties apstipriniet savus datus.

Lūdzu, rīkojieties pēc iespējas ātrāk.",phishing
Svarīgi par jūsu paciņu,"Nepieciešams veikt nelielu maksājumu, lai pabeigtu sūtījuma piegādi.",phishing
Piegādes problēma,"Jūsu sūtījumu nevar piegādāt, jo nepieciešams apstiprināt piegādes adresi. Izmantojiet norādīto saiti.

Lai turpinātu, izmantojiet norādīto saiti:
https://example-login-check.com

Lūdzu, rīkojieties pēc iespējas ātrāk.",phishing
Nepieciešama informācija par sūtījumu,"Jūsu sūtījuma piegāde ir apturēta. Lai atjaunotu piegādi, nekavējoties apstipriniet savus datus.",phishing
Jūsu sūtījuma piegāde,"Jūsu sūtījuma piegāde ir apturēta. Lai atjaunotu piegādi, nekavējoties apstipriniet savus datus.

Lūdzu, rīkojieties pēc iespējas ātrāk.",phishing
Svarīgi par jūsu paciņu,"Jūsu sūtījuma piegāde ir apturēta. Lai atjaunotu piegādi, nekavējoties apstipriniet savus datus.",phishing
Sūtījuma piegāde apturēta,"Jūsu paciņa ir aizturēta. Lai turpinātu piegādi, nepieciešams apstiprināt informāciju.

Lai turpinātu, izmantojiet norādīto saiti:
https://example-login-check.com",phishing
Jūsu sūtījuma piegāde,"Jūsu sūtījuma piegāde ir apturēta. Lai atjaunotu piegādi, nekavējoties apstipriniet savus datus.

Lai turpinātu, izmantojiet norādīto saiti:
https://t.me/earn_money_lv",phishing
Jūsu sūtījuma piegāde,"Nepieciešams veikt nelielu maksājumu, lai pabeigtu sūtījuma piegādi.

Lūdzu, rīkojieties pēc iespējas ātrāk.",phishing
Sūtījuma piegāde apturēta,"Jūsu sūtījuma piegāde ir apturēta. Lai atjaunotu piegādi, nekavējoties apstipriniet savus datus.

Lai turpinātu, izmantojiet norādīto saiti:
https://account-security-check.com",phishing
Nepieciešama informācija par sūtījumu,"Jūsu paciņa ir aizturēta. Lai turpinātu piegādi, nepieciešams apstiprināt informāciju.

Lai turpinātu, izmantojiet norādīto saiti:
https://account-security-check.com",phishing
Piegādes problēma,"Nepieciešams veikt nelielu maksājumu, lai pabeigtu sūtījuma piegādi.

Lai turpinātu, izmantojiet norādīto saiti:
https://delivery-confirmation.example

Lūdzu, rīkojieties pēc iespējas ātrāk.",phishing
Piegādes problēma,"Nepieciešams veikt nelielu maksājumu, lai pabeigtu sūtījuma piegādi.

Lai turpinātu, izmantojiet norādīto saiti:
https://t.me/fast_work

Lūdzu, rīkojieties pēc iespējas ātrāk.",phishing
Jūsu sūtījuma piegāde,"Jūsu paciņa ir aizturēta. Lai turpinātu piegādi, nepieciešams apstiprināt informāciju.

Lai turpinātu, izmantojiet norādīto saiti:
https://t.me/earn_money_lv",phishing
Sūtījuma piegāde apturēta,"Jūsu sūtījumu nevar piegādāt, jo nepieciešams apstiprināt piegādes adresi. Izmantojiet norādīto saiti.",phishing
Sūtījuma piegāde apturēta,"Jūsu sūtījumu nevar piegādāt, jo nepieciešams apstiprināt piegādes adresi. Izmantojiet norādīto saiti.

Lai turpinātu, izmantojiet norādīto saiti:
https://delivery-confirmation.example",phishing
Nepieciešama informācija par sūtījumu,"Nepieciešams veikt nelielu maksājumu, lai pabeigtu sūtījuma piegādi.

Lai turpinātu, izmantojiet norādīto saiti:
https://t.me/fast_work",phishing
Nepieciešama informācija par sūtījumu,"Jūsu sūtījumu nevar piegādāt, jo nepieciešams apstiprināt piegādes adresi. Izmantojiet norādīto saiti.",phishing
Sūtījuma piegāde apturēta,"Jūsu sūtījuma piegāde ir apturēta. Lai atjaunotu piegādi, nekavējoties apstipriniet savus datus.

Lai turpinātu, izmantojiet norādīto saiti:
https://t.me/earn_money_lv",phishing
Jūsu sūtījuma piegāde,"Nepieciešams veikt nelielu maksājumu, lai pabeigtu sūtījuma piegādi.

Lai turpinātu, izmantojiet norādīto saiti:
https://example-login-check.com

Lūdzu, rīkojieties pēc iespējas ātrāk.",phishing
Nepieciešama informācija par sūtījumu,"Nepieciešams veikt nelielu maksājumu, lai pabeigtu sūtījuma piegādi.

Lai turpinātu, izmantojiet norādīto saiti:
https://t.me/earn_money_lv",phishing
Sūtījuma piegāde apturēta,"Jūsu sūtījuma piegāde ir apturēta. Lai atjaunotu piegādi, nekavējoties apstipriniet savus datus.

Lūdzu, rīkojieties pēc iespējas ātrāk.",phishing
Sūtījuma piegāde apturēta,"Jūsu sūtījumu nevar piegādāt, jo nepieciešams apstiprināt piegādes adresi. Izmantojiet norādīto saiti.

Lai turpinātu, izmantojiet norādīto saiti:
https://t.me/darbs_online

Lūdzu, rīkojieties pēc iespējas ātrāk.",phishing
Svarīgi par jūsu paciņu,"Jūsu sūtījumu nevar piegādāt, jo nepieciešams apstiprināt piegādes adresi. Izmantojiet norādīto saiti.

Lai turpinātu, izmantojiet norādīto saiti:
https://delivery-confirmation.example",phishing
Sūtījuma piegāde apturēta,"Jūsu sūtījuma piegāde ir apturēta. Lai atjaunotu piegādi, nekavējoties apstipriniet savus datus.",phishing
Jūsu sūtījuma piegāde,"Jūsu paciņa ir aizturēta. Lai turpinātu piegādi, nepieciešams apstiprināt informāciju.

Lai turpinātu, izmantojiet norādīto saiti:
https://account-security-check.com",phishing
Svarīgi par jūsu paciņu,"Nepieciešams veikt nelielu maksājumu, lai pabeigtu sūtījuma piegādi.

Lūdzu, rīkojieties pēc iespējas ātrāk.",phishing
Piegādes problēma,"Jūsu sūtījumu nevar piegādāt, jo nepieciešams apstiprināt piegādes adresi. Izmantojiet norādīto saiti.

Lai turpinātu, izmantojiet norādīto saiti:
https://t.me/darbs_online

Lūdzu, rīkojieties pēc iespējas ātrāk.",phishing
Piegādes problēma,"Jūsu sūtījumu nevar piegādāt, jo nepieciešams apstiprināt piegādes adresi. Izmantojiet norādīto saiti.

Lai turpinātu, izmantojiet norādīto saiti:
https://account-security-check.com

Lūdzu, rīkojieties pēc iespējas ātrāk.",phishing
Piegādes problēma,"Nepieciešams veikt nelielu maksājumu, lai pabeigtu sūtījuma piegādi.

Lai turpinātu, izmantojiet norādīto saiti:
https://delivery-confirmation.example",phishing
Svarīgi par jūsu paciņu,"Jūsu sūtījuma piegāde ir apturēta. Lai atjaunotu piegādi, nekavējoties apstipriniet savus datus.

Lai turpinātu, izmantojiet norādīto saiti:
https://delivery-confirmation.example

Lūdzu, rīkojieties pēc iespējas ātrāk.",phishing
Piegādes problēma,"Jūsu sūtījumu nevar piegādāt, jo nepieciešams apstiprināt piegādes adresi. Izmantojiet norādīto saiti.",phishing
Sūtījuma piegāde apturēta,"Jūsu sūtījumu nevar piegādāt, jo nepieciešams apstiprināt piegādes adresi. Izmantojiet norādīto saiti.

Lai turpinātu, izmantojiet norādīto saiti:
https://t.me/fast_work",phishing
Nepieciešama informācija par sūtījumu,"Nepieciešams veikt nelielu maksājumu, lai pabeigtu sūtījuma piegādi.

Lai turpinātu, izmantojiet norādīto saiti:
https://delivery-confirmation.example

Lūdzu, rīkojieties pēc iespējas ātrāk.",phishing
Nepieciešama konta pārbaude,"Mūsu drošības sistēma ir konstatējusi neparastu aktivitāti jūsu kontā. Nekavējoties apstipriniet savus datus.

Lūdzu, rīkojieties pēc iespējas ātrāk.",phishing
Svarīgs paziņojums par jūsu kontu,"Lai novērstu konta bloķēšanu, nepieciešams atkārtoti apstiprināt jūsu personas un maksājumu informāciju.

Lai turpinātu, izmantojiet norādīto saiti:
https://payment-verification.example",phishing
Jūsu kontam nepieciešama uzmanība,"Lai novērstu konta bloķēšanu, nepieciešams atkārtoti apstiprināt jūsu personas un maksājumu informāciju.

Lūdzu, rīkojieties pēc iespējas ātrāk.",phishing
Svarīgs paziņojums par jūsu kontu,"Mūsu drošības sistēma ir konstatējusi neparastu aktivitāti jūsu kontā. Nekavējoties apstipriniet savus datus.

Lai turpinātu, izmantojiet norādīto saiti:
https://t.me/fast_work",phishing
Jūsu kontam nepieciešama uzmanība,"Jūsu pēdējais maksājums nav apstiprināts. Izmantojiet norādīto saiti, lai pārbaudītu maksājuma informāciju.

Lūdzu, rīkojieties pēc iespējas ātrāk.",phishing
Nepieciešama konta pārbaude,"Lai novērstu konta bloķēšanu, nepieciešams atkārtoti apstiprināt jūsu personas un maksājumu informāciju.

Lai turpinātu, izmantojiet norādīto saiti:
https://payment-verification.example",phishing
Jūsu kontam nepieciešama uzmanība,"Jūsu pēdējais maksājums nav apstiprināts. Izmantojiet norādīto saiti, lai pārbaudītu maksājuma informāciju.

Lai turpinātu, izmantojiet norādīto saiti:
https://t.me/earn_money_lv

Lūdzu, rīkojieties pēc iespējas ātrāk.",phishing
Maksājuma apstiprināšana,"Mūsu drošības sistēma ir konstatējusi neparastu aktivitāti jūsu kontā. Nekavējoties apstipriniet savus datus.

Lai turpinātu, izmantojiet norādīto saiti:
https://example-login-check.com",phishing
Konta drošības pārbaude,"Mūsu drošības sistēma ir konstatējusi neparastu aktivitāti jūsu kontā. Nekavējoties apstipriniet savus datus.

Lai turpinātu, izmantojiet norādīto saiti:
https://t.me/fast_work",phishing
Nepieciešama konta pārbaude,"Jūsu pēdējais maksājums nav apstiprināts. Izmantojiet norādīto saiti, lai pārbaudītu maksājuma informāciju.

Lai turpinātu, izmantojiet norādīto saiti:
https://t.me/darbs_online

Lūdzu, rīkojieties pēc iespējas ātrāk.",phishing
Maksājuma apstiprināšana,"Ja pārbaude netiks veikta tuvāko 24 stundu laikā, piekļuve kontam var tikt ierobežota.

Lai turpinātu, izmantojiet norādīto saiti:
https://t.me/darbs_online",phishing
Maksājuma apstiprināšana,"Mūsu drošības sistēma ir konstatējusi neparastu aktivitāti jūsu kontā. Nekavējoties apstipriniet savus datus.

Lūdzu, rīkojieties pēc iespējas ātrāk.",phishing
Svarīgs paziņojums par jūsu kontu,"Mūsu drošības sistēma ir konstatējusi neparastu aktivitāti jūsu kontā. Nekavējoties apstipriniet savus datus.

Lai turpinātu, izmantojiet norādīto saiti:
https://account-security-check.com",phishing
Jūsu kontam nepieciešama uzmanība,"Jūsu pēdējais maksājums nav apstiprināts. Izmantojiet norādīto saiti, lai pārbaudītu maksājuma informāciju.

Lai turpinātu, izmantojiet norādīto saiti:
https://account-security-check.com",phishing
Maksājuma apstiprināšana,"Ja pārbaude netiks veikta tuvāko 24 stundu laikā, piekļuve kontam var tikt ierobežota.

Lai turpinātu, izmantojiet norādīto saiti:
https://delivery-confirmation.example

Lūdzu, rīkojieties pēc iespējas ātrāk.",phishing
Jūsu kontam nepieciešama uzmanība,"Lai novērstu konta bloķēšanu, nepieciešams atkārtoti apstiprināt jūsu personas un maksājumu informāciju.

Lai turpinātu, izmantojiet norādīto saiti:
https://t.me/fast_work",phishing
Maksājuma apstiprināšana,"Ja pārbaude netiks veikta tuvāko 24 stundu laikā, piekļuve kontam var tikt ierobežota.

Lai turpinātu, izmantojiet norādīto saiti:
https://t.me/darbs_online

Lūdzu, rīkojieties pēc iespējas ātrāk.",phishing
Konta drošības pārbaude,"Jūsu pēdējais maksājums nav apstiprināts. Izmantojiet norādīto saiti, lai pārbaudītu maksājuma informāciju.

Lai turpinātu, izmantojiet norādīto saiti:
https://t.me/fast_work",phishing
Maksājuma apstiprināšana,"Mūsu drošības sistēma ir konstatējusi neparastu aktivitāti jūsu kontā. Nekavējoties apstipriniet savus datus.

Lai turpinātu, izmantojiet norādīto saiti:
https://t.me/darbs_online

Lūdzu, rīkojieties pēc iespējas ātrāk.",phishing
Nepieciešama konta pārbaude,"Jūsu pēdējais maksājums nav apstiprināts. Izmantojiet norādīto saiti, lai pārbaudītu maksājuma informāciju.",phishing
Jūsu kontam nepieciešama uzmanība,"Jūsu pēdējais maksājums nav apstiprināts. Izmantojiet norādīto saiti, lai pārbaudītu maksājuma informāciju.

Lai turpinātu, izmantojiet norādīto saiti:
https://example-login-check.com

Lūdzu, rīkojieties pēc iespējas ātrāk.",phishing
Maksājuma apstiprināšana,Mūsu drošības sistēma ir konstatējusi neparastu aktivitāti jūsu kontā. Nekavējoties apstipriniet savus datus.,phishing
Konta drošības pārbaude,"Mūsu drošības sistēma ir konstatējusi neparastu aktivitāti jūsu kontā. Nekavējoties apstipriniet savus datus.

Lai turpinātu, izmantojiet norādīto saiti:
https://t.me/fast_work

Lūdzu, rīkojieties pēc iespējas ātrāk.",phishing
Maksājuma apstiprināšana,"Lai novērstu konta bloķēšanu, nepieciešams atkārtoti apstiprināt jūsu personas un maksājumu informāciju.

Lūdzu, rīkojieties pēc iespējas ātrāk.",phishing
Jūsu kontam nepieciešama uzmanība,"Jūsu pēdējais maksājums nav apstiprināts. Izmantojiet norādīto saiti, lai pārbaudītu maksājuma informāciju.

Lai turpinātu, izmantojiet norādīto saiti:
https://t.me/earn_money_lv",phishing
Maksājuma apstiprināšana,"Mūsu drošības sistēma ir konstatējusi neparastu aktivitāti jūsu kontā. Nekavējoties apstipriniet savus datus.

Lai turpinātu, izmantojiet norādīto saiti:
https://delivery-confirmation.example",phishing
Konta drošības pārbaude,"Mūsu drošības sistēma ir konstatējusi neparastu aktivitāti jūsu kontā. Nekavējoties apstipriniet savus datus.

Lai turpinātu, izmantojiet norādīto saiti:
https://delivery-confirmation.example",phishing
Konta drošības pārbaude,"Jūsu pēdējais maksājums nav apstiprināts. Izmantojiet norādīto saiti, lai pārbaudītu maksājuma informāciju.

Lai turpinātu, izmantojiet norādīto saiti:
https://payment-verification.example

Lūdzu, rīkojieties pēc iespējas ātrāk.",phishing
Nepieciešama konta pārbaude,"Lai novērstu konta bloķēšanu, nepieciešams atkārtoti apstiprināt jūsu personas un maksājumu informāciju.

Lai turpinātu, izmantojiet norādīto saiti:
https://example-login-check.com

Lūdzu, rīkojieties pēc iespējas ātrāk.",phishing
Konta drošības pārbaude,"Jūsu pēdējais maksājums nav apstiprināts. Izmantojiet norādīto saiti, lai pārbaudītu maksājuma informāciju.

Lai turpinātu, izmantojiet norādīto saiti:
https://payment-verification.example",phishing
Jūsu kontam nepieciešama uzmanība,"Mūsu drošības sistēma ir konstatējusi neparastu aktivitāti jūsu kontā. Nekavējoties apstipriniet savus datus.

Lūdzu, rīkojieties pēc iespējas ātrāk.",phishing
Jūsu kontam nepieciešama uzmanība,"Mūsu drošības sistēma ir konstatējusi neparastu aktivitāti jūsu kontā. Nekavējoties apstipriniet savus datus.

Lai turpinātu, izmantojiet norādīto saiti:
https://t.me/earn_money_lv",phishing
Maksājuma apstiprināšana,"Ja pārbaude netiks veikta tuvāko 24 stundu laikā, piekļuve kontam var tikt ierobežota.

Lai turpinātu, izmantojiet norādīto saiti:
https://example-login-check.com

Lūdzu, rīkojieties pēc iespējas ātrāk.",phishing
Jūsu kontam nepieciešama uzmanība,"Mūsu drošības sistēma ir konstatējusi neparastu aktivitāti jūsu kontā. Nekavējoties apstipriniet savus datus.

Lai turpinātu, izmantojiet norādīto saiti:
https://t.me/darbs_online

Lūdzu, rīkojieties pēc iespējas ātrāk.",phishing
Jūsu kontam nepieciešama uzmanība,"Ja pārbaude netiks veikta tuvāko 24 stundu laikā, piekļuve kontam var tikt ierobežota.

Lai turpinātu, izmantojiet norādīto saiti:
https://t.me/earn_money_lv

Lūdzu, rīkojieties pēc iespējas ātrāk.",phishing
Maksājuma apstiprināšana,"Mūsu drošības sistēma ir konstatējusi neparastu aktivitāti jūsu kontā. Nekavējoties apstipriniet savus datus.

Lai turpinātu, izmantojiet norādīto saiti:
https://t.me/earn_money_lv",phishing
Svarīgs paziņojums par jūsu kontu,"Jūsu pēdējais maksājums nav apstiprināts. Izmantojiet norādīto saiti, lai pārbaudītu maksājuma informāciju.

Lai turpinātu, izmantojiet norādīto saiti:
https://t.me/darbs_online

Lūdzu, rīkojieties pēc iespējas ātrāk.",phishing
Maksājuma apstiprināšana,"Lai novērstu konta bloķēšanu, nepieciešams atkārtoti apstiprināt jūsu personas un maksājumu informāciju.

Lai turpinātu, izmantojiet norādīto saiti:
https://account-security-check.com",phishing
Jūsu kontam nepieciešama uzmanība,"Jūsu pēdējais maksājums nav apstiprināts. Izmantojiet norādīto saiti, lai pārbaudītu maksājuma informāciju.

Lai turpinātu, izmantojiet norādīto saiti:
https://payment-verification.example",phishing
Maksājuma apstiprināšana,"Mūsu drošības sistēma ir konstatējusi neparastu aktivitāti jūsu kontā. Nekavējoties apstipriniet savus datus.

Lai turpinātu, izmantojiet norādīto saiti:
https://t.me/darbs_online",phishing
Jūsu kontam nepieciešama uzmanība,"Ja pārbaude netiks veikta tuvāko 24 stundu laikā, piekļuve kontam var tikt ierobežota.

Lai turpinātu, izmantojiet norādīto saiti:
https://delivery-confirmation.example",phishing
Konta drošības pārbaude,"Mūsu drošības sistēma ir konstatējusi neparastu aktivitāti jūsu kontā. Nekavējoties apstipriniet savus datus.

Lai turpinātu, izmantojiet norādīto saiti:
https://t.me/earn_money_lv

Lūdzu, rīkojieties pēc iespējas ātrāk.",phishing
Jūsu kontam nepieciešama uzmanība,"Ja pārbaude netiks veikta tuvāko 24 stundu laikā, piekļuve kontam var tikt ierobežota.",phishing
Nepieciešama konta pārbaude,"Ja pārbaude netiks veikta tuvāko 24 stundu laikā, piekļuve kontam var tikt ierobežota.

Lūdzu, rīkojieties pēc iespējas ātrāk.",phishing
Jūsu kontam nepieciešama uzmanība,"Ja pārbaude netiks veikta tuvāko 24 stundu laikā, piekļuve kontam var tikt ierobežota.

Lai turpinātu, izmantojiet norādīto saiti:
https://example-login-check.com",phishing
Konta drošības pārbaude,"Lai novērstu konta bloķēšanu, nepieciešams atkārtoti apstiprināt jūsu personas un maksājumu informāciju.

Lai turpinātu, izmantojiet norādīto saiti:
https://t.me/fast_work

Lūdzu, rīkojieties pēc iespējas ātrāk.",phishing
Nepieciešama konta pārbaude,"Lai novērstu konta bloķēšanu, nepieciešams atkārtoti apstiprināt jūsu personas un maksājumu informāciju.

Lūdzu, rīkojieties pēc iespējas ātrāk.",phishing
Svarīgs paziņojums par jūsu kontu,"Lai novērstu konta bloķēšanu, nepieciešams atkārtoti apstiprināt jūsu personas un maksājumu informāciju.

Lai turpinātu, izmantojiet norādīto saiti:
https://t.me/earn_money_lv

Lūdzu, rīkojieties pēc iespējas ātrāk.",phishing
Jūsu kontam nepieciešama uzmanība,"Lai novērstu konta bloķēšanu, nepieciešams atkārtoti apstiprināt jūsu personas un maksājumu informāciju.",phishing
Svarīgs paziņojums par jūsu kontu,"Ja pārbaude netiks veikta tuvāko 24 stundu laikā, piekļuve kontam var tikt ierobežota.

Lai turpinātu, izmantojiet norādīto saiti:
https://account-security-check.com",phishing
Maksājuma apstiprināšana,"Jūsu pēdējais maksājums nav apstiprināts. Izmantojiet norādīto saiti, lai pārbaudītu maksājuma informāciju.",phishing
Svarīgs paziņojums par jūsu kontu,"Ja pārbaude netiks veikta tuvāko 24 stundu laikā, piekļuve kontam var tikt ierobežota.

Lai turpinātu, izmantojiet norādīto saiti:
https://example-login-check.com",phishing
Konta drošības pārbaude,"Mūsu drošības sistēma ir konstatējusi neparastu aktivitāti jūsu kontā. Nekavējoties apstipriniet savus datus.

Lai turpinātu, izmantojiet norādīto saiti:
https://t.me/darbs_online

Lūdzu, rīkojieties pēc iespējas ātrāk.",phishing
Maksājuma apstiprināšana,"Mūsu drošības sistēma ir konstatējusi neparastu aktivitāti jūsu kontā. Nekavējoties apstipriniet savus datus.

Lai turpinātu, izmantojiet norādīto saiti:
https://payment-verification.example

Lūdzu, rīkojieties pēc iespējas ātrāk.",phishing
Nepieciešama konta pārbaude,"Ja pārbaude netiks veikta tuvāko 24 stundu laikā, piekļuve kontam var tikt ierobežota.

Lai turpinātu, izmantojiet norādīto saiti:
https://account-security-check.com",phishing
Nepieciešama konta pārbaude,"Ja pārbaude netiks veikta tuvāko 24 stundu laikā, piekļuve kontam var tikt ierobežota.",phishing
Svarīgs paziņojums par jūsu kontu,"Jūsu pēdējais maksājums nav apstiprināts. Izmantojiet norādīto saiti, lai pārbaudītu maksājuma informāciju.

Lai turpinātu, izmantojiet norādīto saiti:
https://account-security-check.com

Lūdzu, rīkojieties pēc iespējas ātrāk.",phishing
Nepieciešama konta pārbaude,"Ja pārbaude netiks veikta tuvāko 24 stundu laikā, piekļuve kontam var tikt ierobežota.

Lai turpinātu, izmantojiet norādīto saiti:
https://payment-verification.example

Lūdzu, rīkojieties pēc iespējas ātrāk.",phishing
Nepieciešama konta pārbaude,"Lai novērstu konta bloķēšanu, nepieciešams atkārtoti apstiprināt jūsu personas un maksājumu informāciju.

Lai turpinātu, izmantojiet norādīto saiti:
https://delivery-confirmation.example",phishing
Maksājuma apstiprināšana,"Lai novērstu konta bloķēšanu, nepieciešams atkārtoti apstiprināt jūsu personas un maksājumu informāciju.

Lai turpinātu, izmantojiet norādīto saiti:
https://t.me/earn_money_lv

Lūdzu, rīkojieties pēc iespējas ātrāk.",phishing
Konta drošības pārbaude,Mūsu drošības sistēma ir konstatējusi neparastu aktivitāti jūsu kontā. Nekavējoties apstipriniet savus datus.,phishing
Nepieciešama konta pārbaude,"Jūsu pēdējais maksājums nav apstiprināts. Izmantojiet norādīto saiti, lai pārbaudītu maksājuma informāciju.

Lai turpinātu, izmantojiet norādīto saiti:
https://delivery-confirmation.example

Lūdzu, rīkojieties pēc iespējas ātrāk.",phishing
Konta drošības pārbaude,"Lai novērstu konta bloķēšanu, nepieciešams atkārtoti apstiprināt jūsu personas un maksājumu informāciju.

Lai turpinātu, izmantojiet norādīto saiti:
https://account-security-check.com",phishing
Konta drošības pārbaude,"Jūsu pēdējais maksājums nav apstiprināts. Izmantojiet norādīto saiti, lai pārbaudītu maksājuma informāciju.",phishing
Maksājuma apstiprināšana,"Lai novērstu konta bloķēšanu, nepieciešams atkārtoti apstiprināt jūsu personas un maksājumu informāciju.

Lai turpinātu, izmantojiet norādīto saiti:
https://t.me/darbs_online

Lūdzu, rīkojieties pēc iespējas ātrāk.",phishing
Jūsu kontam nepieciešama uzmanība,"Mūsu drošības sistēma ir konstatējusi neparastu aktivitāti jūsu kontā. Nekavējoties apstipriniet savus datus.

Lai turpinātu, izmantojiet norādīto saiti:
https://example-login-check.com",phishing
Nepieciešama konta pārbaude,"Jūsu pēdējais maksājums nav apstiprināts. Izmantojiet norādīto saiti, lai pārbaudītu maksājuma informāciju.

Lai turpinātu, izmantojiet norādīto saiti:
https://t.me/fast_work

Lūdzu, rīkojieties pēc iespējas ātrāk.",phishing
Maksājuma apstiprināšana,"Lai novērstu konta bloķēšanu, nepieciešams atkārtoti apstiprināt jūsu personas un maksājumu informāciju.

Lai turpinātu, izmantojiet norādīto saiti:
https://t.me/fast_work

Lūdzu, rīkojieties pēc iespējas ātrāk.",phishing
Konta drošības pārbaude,"Mūsu drošības sistēma ir konstatējusi neparastu aktivitāti jūsu kontā. Nekavējoties apstipriniet savus datus.

Lai turpinātu, izmantojiet norādīto saiti:
https://account-security-check.com",phishing
Jūsu kontam nepieciešama uzmanība,"Mūsu drošības sistēma ir konstatējusi neparastu aktivitāti jūsu kontā. Nekavējoties apstipriniet savus datus.

Lai turpinātu, izmantojiet norādīto saiti:
https://payment-verification.example",phishing
Jūsu kontam nepieciešama uzmanība,"Ja pārbaude netiks veikta tuvāko 24 stundu laikā, piekļuve kontam var tikt ierobežota.

Lai turpinātu, izmantojiet norādīto saiti:
https://t.me/fast_work",phishing
Jūsu kontam nepieciešama uzmanība,"Lai novērstu konta bloķēšanu, nepieciešams atkārtoti apstiprināt jūsu personas un maksājumu informāciju.

Lai turpinātu, izmantojiet norādīto saiti:
https://t.me/darbs_online",phishing
Svarīgs paziņojums par jūsu kontu,"Ja pārbaude netiks veikta tuvāko 24 stundu laikā, piekļuve kontam var tikt ierobežota.

Lai turpinātu, izmantojiet norādīto saiti:
https://payment-verification.example",phishing
Maksājuma apstiprināšana,"Lai novērstu konta bloķēšanu, nepieciešams atkārtoti apstiprināt jūsu personas un maksājumu informāciju.

Lai turpinātu, izmantojiet norādīto saiti:
https://t.me/earn_money_lv",phishing
Maksājuma apstiprināšana,"Lai novērstu konta bloķēšanu, nepieciešams atkārtoti apstiprināt jūsu personas un maksājumu informāciju.",phishing
Svarīgs paziņojums par jūsu kontu,"Jūsu pēdējais maksājums nav apstiprināts. Izmantojiet norādīto saiti, lai pārbaudītu maksājuma informāciju.

Lai turpinātu, izmantojiet norādīto saiti:
https://example-login-check.com",phishing
Paroles derīguma termiņš,"Jūsu kontā konstatēta aizdomīga aktivitāte. Lai aizsargātu kontu, veiciet paroles pārbaudi.",phishing
Konta drošības brīdinājums,"Jūsu parole drīzumā zaudēs derīgumu. Lai saglabātu piekļuvi kontam, ievadiet pašreizējo paroli un izveidojiet jaunu.

Lūdzu, rīkojieties pēc iespējas ātrāk.",phishing
Atjauniniet savu paroli,"Drošības apsvērumu dēļ nepieciešams apstiprināt paroli.

Lai turpinātu, izmantojiet norādīto saiti:
https://t.me/fast_work",phishing
Konta drošības brīdinājums,"Jūsu parole drīzumā zaudēs derīgumu. Lai saglabātu piekļuvi kontam, ievadiet pašreizējo paroli un izveidojiet jaunu.

Lai turpinātu, izmantojiet norādīto saiti:
https://example-login-check.com",phishing
Atjauniniet savu paroli,"Drošības apsvērumu dēļ nepieciešams apstiprināt paroli.

Lūdzu, rīkojieties pēc iespējas ātrāk.",phishing
Paroles derīguma termiņš,Drošības apsvērumu dēļ nepieciešams apstiprināt paroli.,phishing
Konta drošības brīdinājums,"Jūsu parole drīzumā zaudēs derīgumu. Lai saglabātu piekļuvi kontam, ievadiet pašreizējo paroli un izveidojiet jaunu.

Lai turpinātu, izmantojiet norādīto saiti:
https://t.me/earn_money_lv",phishing
Nepieciešama paroles maiņa,"Jūsu kontā konstatēta aizdomīga aktivitāte. Lai aizsargātu kontu, veiciet paroles pārbaudi.",phishing
Nepieciešama paroles maiņa,"Drošības apsvērumu dēļ nepieciešams apstiprināt paroli.

Lai turpinātu, izmantojiet norādīto saiti:
https://t.me/darbs_online

Lūdzu, rīkojieties pēc iespējas ātrāk.",phishing
Atjauniniet savu paroli,"Jūsu parole drīzumā zaudēs derīgumu. Lai saglabātu piekļuvi kontam, ievadiet pašreizējo paroli un izveidojiet jaunu.

Lai turpinātu, izmantojiet norādīto saiti:
https://delivery-confirmation.example",phishing
Nepieciešama paroles maiņa,"Jūsu parole drīzumā zaudēs derīgumu. Lai saglabātu piekļuvi kontam, ievadiet pašreizējo paroli un izveidojiet jaunu.

Lūdzu, rīkojieties pēc iespējas ātrāk.",phishing
Paroles derīguma termiņš,"Jūsu parole drīzumā zaudēs derīgumu. Lai saglabātu piekļuvi kontam, ievadiet pašreizējo paroli un izveidojiet jaunu.

Lai turpinātu, izmantojiet norādīto saiti:
https://delivery-confirmation.example",phishing
Nepieciešama paroles maiņa,"Jūsu parole drīzumā zaudēs derīgumu. Lai saglabātu piekļuvi kontam, ievadiet pašreizējo paroli un izveidojiet jaunu.

Lai turpinātu, izmantojiet norādīto saiti:
https://example-login-check.com",phishing
Paroles derīguma termiņš,"Jūsu kontā konstatēta aizdomīga aktivitāte. Lai aizsargātu kontu, veiciet paroles pārbaudi.

Lai turpinātu, izmantojiet norādīto saiti:
https://t.me/fast_work",phishing
Konta drošības brīdinājums,"Drošības apsvērumu dēļ nepieciešams apstiprināt paroli.

Lai turpinātu, izmantojiet norādīto saiti:
https://t.me/earn_money_lv

Lūdzu, rīkojieties pēc iespējas ātrāk.",phishing
Nepieciešama paroles maiņa,"Jūsu parole drīzumā zaudēs derīgumu. Lai saglabātu piekļuvi kontam, ievadiet pašreizējo paroli un izveidojiet jaunu.

Lai turpinātu, izmantojiet norādīto saiti:
https://t.me/darbs_online",phishing
Konta drošības brīdinājums,"Jūsu parole drīzumā zaudēs derīgumu. Lai saglabātu piekļuvi kontam, ievadiet pašreizējo paroli un izveidojiet jaunu.",phishing
Paroles derīguma termiņš,"Drošības apsvērumu dēļ nepieciešams apstiprināt paroli.

Lūdzu, rīkojieties pēc iespējas ātrāk.",phishing
Paroles derīguma termiņš,"Drošības apsvērumu dēļ nepieciešams apstiprināt paroli.

Lai turpinātu, izmantojiet norādīto saiti:
https://delivery-confirmation.example",phishing
Konta drošības brīdinājums,"Jūsu parole drīzumā zaudēs derīgumu. Lai saglabātu piekļuvi kontam, ievadiet pašreizējo paroli un izveidojiet jaunu.

Lai turpinātu, izmantojiet norādīto saiti:
https://account-security-check.com

Lūdzu, rīkojieties pēc iespējas ātrāk.",phishing
Atjauniniet savu paroli,"Jūsu kontā konstatēta aizdomīga aktivitāte. Lai aizsargātu kontu, veiciet paroles pārbaudi.

Lai turpinātu, izmantojiet norādīto saiti:
https://delivery-confirmation.example",phishing
Atjauniniet savu paroli,"Jūsu parole drīzumā zaudēs derīgumu. Lai saglabātu piekļuvi kontam, ievadiet pašreizējo paroli un izveidojiet jaunu.

Lai turpinātu, izmantojiet norādīto saiti:
https://payment-verification.example",phishing
Paroles derīguma termiņš,"Drošības apsvērumu dēļ nepieciešams apstiprināt paroli.

Lai turpinātu, izmantojiet norādīto saiti:
https://payment-verification.example

Lūdzu, rīkojieties pēc iespējas ātrāk.",phishing
Nepieciešama paroles maiņa,"Drošības apsvērumu dēļ nepieciešams apstiprināt paroli.

Lai turpinātu, izmantojiet norādīto saiti:
https://delivery-confirmation.example

Lūdzu, rīkojieties pēc iespējas ātrāk.",phishing
Paroles derīguma termiņš,"Drošības apsvērumu dēļ nepieciešams apstiprināt paroli.

Lai turpinātu, izmantojiet norādīto saiti:
https://example-login-check.com",phishing
Nepieciešama paroles maiņa,Drošības apsvērumu dēļ nepieciešams apstiprināt paroli.,phishing
Paroles derīguma termiņš,"Jūsu kontā konstatēta aizdomīga aktivitāte. Lai aizsargātu kontu, veiciet paroles pārbaudi.

Lai turpinātu, izmantojiet norādīto saiti:
https://example-login-check.com",phishing
Atjauniniet savu paroli,"Jūsu kontā konstatēta aizdomīga aktivitāte. Lai aizsargātu kontu, veiciet paroles pārbaudi.

Lai turpinātu, izmantojiet norādīto saiti:
https://t.me/darbs_online

Lūdzu, rīkojieties pēc iespējas ātrāk.",phishing
Konta drošības brīdinājums,"Drošības apsvērumu dēļ nepieciešams apstiprināt paroli.

Lai turpinātu, izmantojiet norādīto saiti:
https://delivery-confirmation.example",phishing
Nepieciešama paroles maiņa,"Drošības apsvērumu dēļ nepieciešams apstiprināt paroli.

Lai turpinātu, izmantojiet norādīto saiti:
https://delivery-confirmation.example",phishing
Konta drošības brīdinājums,"Jūsu kontā konstatēta aizdomīga aktivitāte. Lai aizsargātu kontu, veiciet paroles pārbaudi.

Lūdzu, rīkojieties pēc iespējas ātrāk.",phishing
Paroles derīguma termiņš,"Jūsu parole drīzumā zaudēs derīgumu. Lai saglabātu piekļuvi kontam, ievadiet pašreizējo paroli un izveidojiet jaunu.

Lai turpinātu, izmantojiet norādīto saiti:
https://example-login-check.com

Lūdzu, rīkojieties pēc iespējas ātrāk.",phishing
Atjauniniet savu paroli,"Jūsu parole drīzumā zaudēs derīgumu. Lai saglabātu piekļuvi kontam, ievadiet pašreizējo paroli un izveidojiet jaunu.

Lai turpinātu, izmantojiet norādīto saiti:
https://account-security-check.com",phishing
Nepieciešama paroles maiņa,"Jūsu parole drīzumā zaudēs derīgumu. Lai saglabātu piekļuvi kontam, ievadiet pašreizējo paroli un izveidojiet jaunu.

Lai turpinātu, izmantojiet norādīto saiti:
https://t.me/fast_work",phishing
Konta drošības brīdinājums,"Drošības apsvērumu dēļ nepieciešams apstiprināt paroli.

Lai turpinātu, izmantojiet norādīto saiti:
https://account-security-check.com

Lūdzu, rīkojieties pēc iespējas ātrāk.",phishing
Atjauniniet savu paroli,"Jūsu kontā konstatēta aizdomīga aktivitāte. Lai aizsargātu kontu, veiciet paroles pārbaudi.

Lai turpinātu, izmantojiet norādīto saiti:
https://t.me/earn_money_lv

Lūdzu, rīkojieties pēc iespējas ātrāk.",phishing
Paroles derīguma termiņš,"Jūsu kontā konstatēta aizdomīga aktivitāte. Lai aizsargātu kontu, veiciet paroles pārbaudi.

Lai turpinātu, izmantojiet norādīto saiti:
https://t.me/earn_money_lv

Lūdzu, rīkojieties pēc iespējas ātrāk.",phishing
Atjauniniet savu paroli,"Drošības apsvērumu dēļ nepieciešams apstiprināt paroli.

Lai turpinātu, izmantojiet norādīto saiti:
https://account-security-check.com

Lūdzu, rīkojieties pēc iespējas ātrāk.",phishing
Konta drošības brīdinājums,"Jūsu kontā konstatēta aizdomīga aktivitāte. Lai aizsargātu kontu, veiciet paroles pārbaudi.

Lai turpinātu, izmantojiet norādīto saiti:
https://account-security-check.com

Lūdzu, rīkojieties pēc iespējas ātrāk.",phishing
Nepieciešama paroles maiņa,"Jūsu parole drīzumā zaudēs derīgumu. Lai saglabātu piekļuvi kontam, ievadiet pašreizējo paroli un izveidojiet jaunu.

Lai turpinātu, izmantojiet norādīto saiti:
https://payment-verification.example

Lūdzu, rīkojieties pēc iespējas ātrāk.",phishing
Atjauniniet savu paroli,"Jūsu kontā konstatēta aizdomīga aktivitāte. Lai aizsargātu kontu, veiciet paroles pārbaudi.

Lai turpinātu, izmantojiet norādīto saiti:
https://t.me/darbs_online",phishing
Konta drošības brīdinājums,"Jūsu kontā konstatēta aizdomīga aktivitāte. Lai aizsargātu kontu, veiciet paroles pārbaudi.

Lai turpinātu, izmantojiet norādīto saiti:
https://t.me/darbs_online",phishing
Konta drošības brīdinājums,Drošības apsvērumu dēļ nepieciešams apstiprināt paroli.,phishing
Atjauniniet savu paroli,"Drošības apsvērumu dēļ nepieciešams apstiprināt paroli.

Lai turpinātu, izmantojiet norādīto saiti:
https://t.me/darbs_online",phishing
Atjauniniet savu paroli,"Jūsu parole drīzumā zaudēs derīgumu. Lai saglabātu piekļuvi kontam, ievadiet pašreizējo paroli un izveidojiet jaunu.

Lūdzu, rīkojieties pēc iespējas ātrāk.",phishing
Nepieciešama paroles maiņa,"Drošības apsvērumu dēļ nepieciešams apstiprināt paroli.

Lūdzu, rīkojieties pēc iespējas ātrāk.",phishing
Konta drošības brīdinājums,"Jūsu kontā konstatēta aizdomīga aktivitāte. Lai aizsargātu kontu, veiciet paroles pārbaudi.

Lai turpinātu, izmantojiet norādīto saiti:
https://example-login-check.com",phishing
Atjauniniet savu paroli,"Jūsu parole drīzumā zaudēs derīgumu. Lai saglabātu piekļuvi kontam, ievadiet pašreizējo paroli un izveidojiet jaunu.

Lai turpinātu, izmantojiet norādīto saiti:
https://payment-verification.example

Lūdzu, rīkojieties pēc iespējas ātrāk.",phishing
Paroles derīguma termiņš,"Jūsu kontā konstatēta aizdomīga aktivitāte. Lai aizsargātu kontu, veiciet paroles pārbaudi.

Lai turpinātu, izmantojiet norādīto saiti:
https://t.me/fast_work

Lūdzu, rīkojieties pēc iespējas ātrāk.",phishing
Atjauniniet savu paroli,Drošības apsvērumu dēļ nepieciešams apstiprināt paroli.,phishing
Konta drošības brīdinājums,"Jūsu parole drīzumā zaudēs derīgumu. Lai saglabātu piekļuvi kontam, ievadiet pašreizējo paroli un izveidojiet jaunu.

Lai turpinātu, izmantojiet norādīto saiti:
https://delivery-confirmation.example",phishing
Konta drošības brīdinājums,"Jūsu parole drīzumā zaudēs derīgumu. Lai saglabātu piekļuvi kontam, ievadiet pašreizējo paroli un izveidojiet jaunu.

Lai turpinātu, izmantojiet norādīto saiti:
https://account-security-check.com",phishing
Atjauniniet savu paroli,"Jūsu kontā konstatēta aizdomīga aktivitāte. Lai aizsargātu kontu, veiciet paroles pārbaudi.

Lūdzu, rīkojieties pēc iespējas ātrāk.",phishing
Konta drošības brīdinājums,"Jūsu kontā konstatēta aizdomīga aktivitāte. Lai aizsargātu kontu, veiciet paroles pārbaudi.

Lai turpinātu, izmantojiet norādīto saiti:
https://payment-verification.example

Lūdzu, rīkojieties pēc iespējas ātrāk.",phishing
Paroles derīguma termiņš,"Jūsu kontā konstatēta aizdomīga aktivitāte. Lai aizsargātu kontu, veiciet paroles pārbaudi.

Lūdzu, rīkojieties pēc iespējas ātrāk.",phishing
Atjauniniet savu paroli,"Jūsu kontā konstatēta aizdomīga aktivitāte. Lai aizsargātu kontu, veiciet paroles pārbaudi.

Lai turpinātu, izmantojiet norādīto saiti:
https://delivery-confirmation.example

Lūdzu, rīkojieties pēc iespējas ātrāk.",phishing
Konta drošības brīdinājums,"Jūsu kontā konstatēta aizdomīga aktivitāte. Lai aizsargātu kontu, veiciet paroles pārbaudi.",phishing
Nepieciešama paroles maiņa,"Drošības apsvērumu dēļ nepieciešams apstiprināt paroli.

Lai turpinātu, izmantojiet norādīto saiti:
https://t.me/fast_work

Lūdzu, rīkojieties pēc iespējas ātrāk.",phishing
Konta drošības brīdinājums,"Drošības apsvērumu dēļ nepieciešams apstiprināt paroli.

Lai turpinātu, izmantojiet norādīto saiti:
https://t.me/earn_money_lv",phishing
Paroles derīguma termiņš,"Drošības apsvērumu dēļ nepieciešams apstiprināt paroli.

Lai turpinātu, izmantojiet norādīto saiti:
https://t.me/darbs_online

Lūdzu, rīkojieties pēc iespējas ātrāk.",phishing
Atjauniniet savu paroli,"Jūsu parole drīzumā zaudēs derīgumu. Lai saglabātu piekļuvi kontam, ievadiet pašreizējo paroli un izveidojiet jaunu.

Lai turpinātu, izmantojiet norādīto saiti:
https://t.me/earn_money_lv",phishing
Nepieciešama paroles maiņa,"Jūsu parole drīzumā zaudēs derīgumu. Lai saglabātu piekļuvi kontam, ievadiet pašreizējo paroli un izveidojiet jaunu.",phishing
Konta drošības brīdinājums,"Jūsu kontā konstatēta aizdomīga aktivitāte. Lai aizsargātu kontu, veiciet paroles pārbaudi.

Lai turpinātu, izmantojiet norādīto saiti:
https://t.me/fast_work",phishing
Nepieciešama paroles maiņa,"Jūsu kontā konstatēta aizdomīga aktivitāte. Lai aizsargātu kontu, veiciet paroles pārbaudi.

Lai turpinātu, izmantojiet norādīto saiti:
https://t.me/earn_money_lv",phishing
Paroles derīguma termiņš,"Drošības apsvērumu dēļ nepieciešams apstiprināt paroli.

Lai turpinātu, izmantojiet norādīto saiti:
https://t.me/fast_work

Lūdzu, rīkojieties pēc iespējas ātrāk.",phishing
Nepieciešama paroles maiņa,"Drošības apsvērumu dēļ nepieciešams apstiprināt paroli.

Lai turpinātu, izmantojiet norādīto saiti:
https://payment-verification.example

Lūdzu, rīkojieties pēc iespējas ātrāk.",phishing
Atjauniniet savu paroli,"Drošības apsvērumu dēļ nepieciešams apstiprināt paroli.

Lai turpinātu, izmantojiet norādīto saiti:
https://payment-verification.example",phishing
Paroles derīguma termiņš,"Drošības apsvērumu dēļ nepieciešams apstiprināt paroli.

Lai turpinātu, izmantojiet norādīto saiti:
https://account-security-check.com

Lūdzu, rīkojieties pēc iespējas ātrāk.",phishing
Aicinām saņemt balvu,"Jums ir piešķirta naudas balva. Lai pārskaitītu naudu, nepieciešams ievadīt bankas informāciju.

Lai turpinātu, izmantojiet norādīto saiti:
https://t.me/darbs_online

Lūdzu, rīkojieties pēc iespējas ātrāk.",phishing
Apsveicam! Jūs esat laimējis,"Jūsu balva ir rezervēta. Lai to saņemtu, aizpildiet reģistrācijas formu.

Lai turpinātu, izmantojiet norādīto saiti:
https://t.me/earn_money_lv",phishing
Aicinām saņemt balvu,"Apsveicam! Jūs esat izvēlēts īpašai balvai. Lai saņemtu balvu, apstipriniet savus datus.

Lai turpinātu, izmantojiet norādīto saiti:
https://account-security-check.com",phishing
Apsveicam! Jūs esat laimējis,"Apsveicam! Jūs esat izvēlēts īpašai balvai. Lai saņemtu balvu, apstipriniet savus datus.

Lai turpinātu, izmantojiet norādīto saiti:
https://delivery-confirmation.example

Lūdzu, rīkojieties pēc iespējas ātrāk.",phishing
Jūs esat izvēlēts,"Jums ir piešķirta naudas balva. Lai pārskaitītu naudu, nepieciešams ievadīt bankas informāciju.

Lai turpinātu, izmantojiet norādīto saiti:
https://account-security-check.com",phishing
Jūsu balva ir gatava,"Jūsu balva ir rezervēta. Lai to saņemtu, aizpildiet reģistrācijas formu.

Lūdzu, rīkojieties pēc iespējas ātrāk.",phishing
Jūs esat izvēlēts,"Jums ir piešķirta naudas balva. Lai pārskaitītu naudu, nepieciešams ievadīt bankas informāciju.

Lai turpinātu, izmantojiet norādīto saiti:
https://t.me/earn_money_lv",phishing
Jūs esat izvēlēts,"Jums ir piešķirta naudas balva. Lai pārskaitītu naudu, nepieciešams ievadīt bankas informāciju.

Lai turpinātu, izmantojiet norādīto saiti:
https://example-login-check.com",phishing
Aicinām saņemt balvu,"Jūsu balva ir rezervēta. Lai to saņemtu, aizpildiet reģistrācijas formu.

Lai turpinātu, izmantojiet norādīto saiti:
https://example-login-check.com",phishing
Apsveicam! Jūs esat laimējis,"Jums ir piešķirta naudas balva. Lai pārskaitītu naudu, nepieciešams ievadīt bankas informāciju.

Lai turpinātu, izmantojiet norādīto saiti:
https://delivery-confirmation.example",phishing
Jūsu balva ir gatava,"Jums ir piešķirta naudas balva. Lai pārskaitītu naudu, nepieciešams ievadīt bankas informāciju.

Lai turpinātu, izmantojiet norādīto saiti:
https://example-login-check.com

Lūdzu, rīkojieties pēc iespējas ātrāk.",phishing
Jūs esat izvēlēts,"Apsveicam! Jūs esat izvēlēts īpašai balvai. Lai saņemtu balvu, apstipriniet savus datus.

Lūdzu, rīkojieties pēc iespējas ātrāk.",phishing
Apsveicam! Jūs esat laimējis,"Apsveicam! Jūs esat izvēlēts īpašai balvai. Lai saņemtu balvu, apstipriniet savus datus.

Lai turpinātu, izmantojiet norādīto saiti:
https://t.me/earn_money_lv",phishing
Jūs esat izvēlēts,"Jums ir piešķirta naudas balva. Lai pārskaitītu naudu, nepieciešams ievadīt bankas informāciju.

Lai turpinātu, izmantojiet norādīto saiti:
https://delivery-confirmation.example

Lūdzu, rīkojieties pēc iespējas ātrāk.",phishing
Jūsu balva ir gatava,"Jums ir piešķirta naudas balva. Lai pārskaitītu naudu, nepieciešams ievadīt bankas informāciju.

Lai turpinātu, izmantojiet norādīto saiti:
https://delivery-confirmation.example",phishing
Jūs esat izvēlēts,"Jūsu balva ir rezervēta. Lai to saņemtu, aizpildiet reģistrācijas formu.",phishing
Aicinām saņemt balvu,"Jums ir piešķirta naudas balva. Lai pārskaitītu naudu, nepieciešams ievadīt bankas informāciju.

Lai turpinātu, izmantojiet norādīto saiti:
https://payment-verification.example",phishing
Aicinām saņemt balvu,"Jums ir piešķirta naudas balva. Lai pārskaitītu naudu, nepieciešams ievadīt bankas informāciju.

Lai turpinātu, izmantojiet norādīto saiti:
https://t.me/fast_work

Lūdzu, rīkojieties pēc iespējas ātrāk.",phishing
Aicinām saņemt balvu,"Apsveicam! Jūs esat izvēlēts īpašai balvai. Lai saņemtu balvu, apstipriniet savus datus.",phishing
Aicinām saņemt balvu,"Jums ir piešķirta naudas balva. Lai pārskaitītu naudu, nepieciešams ievadīt bankas informāciju.

Lai turpinātu, izmantojiet norādīto saiti:
https://delivery-confirmation.example",phishing
Jūs esat izvēlēts,"Jūsu balva ir rezervēta. Lai to saņemtu, aizpildiet reģistrācijas formu.

Lai turpinātu, izmantojiet norādīto saiti:
https://payment-verification.example",phishing
Aicinām saņemt balvu,"Apsveicam! Jūs esat izvēlēts īpašai balvai. Lai saņemtu balvu, apstipriniet savus datus.

Lai turpinātu, izmantojiet norādīto saiti:
https://account-security-check.com

Lūdzu, rīkojieties pēc iespējas ātrāk.",phishing
Aicinām saņemt balvu,"Apsveicam! Jūs esat izvēlēts īpašai balvai. Lai saņemtu balvu, apstipriniet savus datus.

Lai turpinātu, izmantojiet norādīto saiti:
https://delivery-confirmation.example

Lūdzu, rīkojieties pēc iespējas ātrāk.",phishing
Jūs esat izvēlēts,"Jums ir piešķirta naudas balva. Lai pārskaitītu naudu, nepieciešams ievadīt bankas informāciju.

Lai turpinātu, izmantojiet norādīto saiti:
https://example-login-check.com

Lūdzu, rīkojieties pēc iespējas ātrāk.",phishing
Jūsu balva ir gatava,"Apsveicam! Jūs esat izvēlēts īpašai balvai. Lai saņemtu balvu, apstipriniet savus datus.

Lai turpinātu, izmantojiet norādīto saiti:
https://account-security-check.com

Lūdzu, rīkojieties pēc iespējas ātrāk.",phishing
Jūsu balva ir gatava,"Apsveicam! Jūs esat izvēlēts īpašai balvai. Lai saņemtu balvu, apstipriniet savus datus.

Lai turpinātu, izmantojiet norādīto saiti:
https://t.me/earn_money_lv",phishing
Apsveicam! Jūs esat laimējis,"Jums ir piešķirta naudas balva. Lai pārskaitītu naudu, nepieciešams ievadīt bankas informāciju.

Lūdzu, rīkojieties pēc iespējas ātrāk.",phishing
Jūsu balva ir gatava,"Jūsu balva ir rezervēta. Lai to saņemtu, aizpildiet reģistrācijas formu.

Lai turpinātu, izmantojiet norādīto saiti:
https://example-login-check.com",phishing
Jūsu balva ir gatava,"Jūsu balva ir rezervēta. Lai to saņemtu, aizpildiet reģistrācijas formu.

Lai turpinātu, izmantojiet norādīto saiti:
https://delivery-confirmation.example

Lūdzu, rīkojieties pēc iespējas ātrāk.",phishing
Apsveicam! Jūs esat laimējis,"Jums ir piešķirta naudas balva. Lai pārskaitītu naudu, nepieciešams ievadīt bankas informāciju.

Lai turpinātu, izmantojiet norādīto saiti:
https://account-security-check.com",phishing
Apsveicam! Jūs esat laimējis,"Apsveicam! Jūs esat izvēlēts īpašai balvai. Lai saņemtu balvu, apstipriniet savus datus.

Lai turpinātu, izmantojiet norādīto saiti:
https://payment-verification.example

Lūdzu, rīkojieties pēc iespējas ātrāk.",phishing
Apsveicam! Jūs esat laimējis,"Jūsu balva ir rezervēta. Lai to saņemtu, aizpildiet reģistrācijas formu.

Lūdzu, rīkojieties pēc iespējas ātrāk.",phishing
Aicinām saņemt balvu,"Jūsu balva ir rezervēta. Lai to saņemtu, aizpildiet reģistrācijas formu.

Lai turpinātu, izmantojiet norādīto saiti:
https://delivery-confirmation.example",phishing
Jūs esat izvēlēts,"Apsveicam! Jūs esat izvēlēts īpašai balvai. Lai saņemtu balvu, apstipriniet savus datus.",phishing
Jūsu balva ir gatava,"Apsveicam! Jūs esat izvēlēts īpašai balvai. Lai saņemtu balvu, apstipriniet savus datus.

Lai turpinātu, izmantojiet norādīto saiti:
https://delivery-confirmation.example",phishing
Aicinām saņemt balvu,"Jums ir piešķirta naudas balva. Lai pārskaitītu naudu, nepieciešams ievadīt bankas informāciju.

Lai turpinātu, izmantojiet norādīto saiti:
https://delivery-confirmation.example

Lūdzu, rīkojieties pēc iespējas ātrāk.",phishing
Jūs esat izvēlēts,"Jūsu balva ir rezervēta. Lai to saņemtu, aizpildiet reģistrācijas formu.

Lai turpinātu, izmantojiet norādīto saiti:
https://t.me/darbs_online",phishing
Apsveicam! Jūs esat laimējis,"Apsveicam! Jūs esat izvēlēts īpašai balvai. Lai saņemtu balvu, apstipriniet savus datus.",phishing
Jūsu balva ir gatava,"Apsveicam! Jūs esat izvēlēts īpašai balvai. Lai saņemtu balvu, apstipriniet savus datus.

Lai turpinātu, izmantojiet norādīto saiti:
https://t.me/fast_work",phishing
Apsveicam! Jūs esat laimējis,"Jūsu balva ir rezervēta. Lai to saņemtu, aizpildiet reģistrācijas formu.

Lai turpinātu, izmantojiet norādīto saiti:
https://example-login-check.com",phishing
Aicinām saņemt balvu,"Jums ir piešķirta naudas balva. Lai pārskaitītu naudu, nepieciešams ievadīt bankas informāciju.

Lai turpinātu, izmantojiet norādīto saiti:
https://t.me/earn_money_lv

Lūdzu, rīkojieties pēc iespējas ātrāk.",phishing
Jūsu balva ir gatava,"Apsveicam! Jūs esat izvēlēts īpašai balvai. Lai saņemtu balvu, apstipriniet savus datus.",phishing
Jūs esat izvēlēts,"Jums ir piešķirta naudas balva. Lai pārskaitītu naudu, nepieciešams ievadīt bankas informāciju.

Lūdzu, rīkojieties pēc iespējas ātrāk.",phishing
Jūs esat izvēlēts,"Jums ir piešķirta naudas balva. Lai pārskaitītu naudu, nepieciešams ievadīt bankas informāciju.",phishing
Jūsu balva ir gatava,"Jums ir piešķirta naudas balva. Lai pārskaitītu naudu, nepieciešams ievadīt bankas informāciju.",phishing
Apsveicam! Jūs esat laimējis,"Jums ir piešķirta naudas balva. Lai pārskaitītu naudu, nepieciešams ievadīt bankas informāciju.

Lai turpinātu, izmantojiet norādīto saiti:
https://delivery-confirmation.example

Lūdzu, rīkojieties pēc iespējas ātrāk.",phishing
Jūsu balva ir gatava,"Jums ir piešķirta naudas balva. Lai pārskaitītu naudu, nepieciešams ievadīt bankas informāciju.

Lai turpinātu, izmantojiet norādīto saiti:
https://t.me/fast_work

Lūdzu, rīkojieties pēc iespējas ātrāk.",phishing
Jūs esat izvēlēts,"Apsveicam! Jūs esat izvēlēts īpašai balvai. Lai saņemtu balvu, apstipriniet savus datus.

Lai turpinātu, izmantojiet norādīto saiti:
https://delivery-confirmation.example",phishing
Apsveicam! Jūs esat laimējis,"Jums ir piešķirta naudas balva. Lai pārskaitītu naudu, nepieciešams ievadīt bankas informāciju.

Lai turpinātu, izmantojiet norādīto saiti:
https://t.me/darbs_online",phishing
Jūs esat izvēlēts,"Jūsu balva ir rezervēta. Lai to saņemtu, aizpildiet reģistrācijas formu.

Lai turpinātu, izmantojiet norādīto saiti:
https://account-security-check.com",phishing
Aicinām saņemt balvu,"Jums ir piešķirta naudas balva. Lai pārskaitītu naudu, nepieciešams ievadīt bankas informāciju.

Lai turpinātu, izmantojiet norādīto saiti:
https://t.me/earn_money_lv",phishing
Apsveicam! Jūs esat laimējis,"Jums ir piešķirta naudas balva. Lai pārskaitītu naudu, nepieciešams ievadīt bankas informāciju.",phishing
Apsveicam! Jūs esat laimējis,"Jūsu balva ir rezervēta. Lai to saņemtu, aizpildiet reģistrācijas formu.

Lai turpinātu, izmantojiet norādīto saiti:
https://example-login-check.com

Lūdzu, rīkojieties pēc iespējas ātrāk.",phishing
Jūs esat izvēlēts,"Jūsu balva ir rezervēta. Lai to saņemtu, aizpildiet reģistrācijas formu.

Lūdzu, rīkojieties pēc iespējas ātrāk.",phishing
Jūs esat izvēlēts,"Jūsu balva ir rezervēta. Lai to saņemtu, aizpildiet reģistrācijas formu.

Lai turpinātu, izmantojiet norādīto saiti:
https://delivery-confirmation.example",phishing
Jūsu balva ir gatava,"Jums ir piešķirta naudas balva. Lai pārskaitītu naudu, nepieciešams ievadīt bankas informāciju.

Lūdzu, rīkojieties pēc iespējas ātrāk.",phishing
Jūs esat izvēlēts,"Jums ir piešķirta naudas balva. Lai pārskaitītu naudu, nepieciešams ievadīt bankas informāciju.

Lai turpinātu, izmantojiet norādīto saiti:
https://t.me/fast_work",phishing
Apsveicam! Jūs esat laimējis,"Jūsu balva ir rezervēta. Lai to saņemtu, aizpildiet reģistrācijas formu.

Lai turpinātu, izmantojiet norādīto saiti:
https://delivery-confirmation.example",phishing
Jūs esat izvēlēts,"Apsveicam! Jūs esat izvēlēts īpašai balvai. Lai saņemtu balvu, apstipriniet savus datus.

Lai turpinātu, izmantojiet norādīto saiti:
https://t.me/earn_money_lv

Lūdzu, rīkojieties pēc iespējas ātrāk.",phishing
Apsveicam! Jūs esat laimējis,"Apsveicam! Jūs esat izvēlēts īpašai balvai. Lai saņemtu balvu, apstipriniet savus datus.

Lai turpinātu, izmantojiet norādīto saiti:
https://t.me/darbs_online",phishing
Jūs esat izvēlēts,"Jums ir piešķirta naudas balva. Lai pārskaitītu naudu, nepieciešams ievadīt bankas informāciju.

Lai turpinātu, izmantojiet norādīto saiti:
https://payment-verification.example

Lūdzu, rīkojieties pēc iespējas ātrāk.",phishing
Apsveicam! Jūs esat laimējis,"Jūsu balva ir rezervēta. Lai to saņemtu, aizpildiet reģistrācijas formu.

Lai turpinātu, izmantojiet norādīto saiti:
https://account-security-check.com

Lūdzu, rīkojieties pēc iespējas ātrāk.",phishing
Apsveicam! Jūs esat laimējis,"Apsveicam! Jūs esat izvēlēts īpašai balvai. Lai saņemtu balvu, apstipriniet savus datus.

Lai turpinātu, izmantojiet norādīto saiti:
https://t.me/earn_money_lv

Lūdzu, rīkojieties pēc iespējas ātrāk.",phishing
Jūsu balva ir gatava,"Jūsu balva ir rezervēta. Lai to saņemtu, aizpildiet reģistrācijas formu.",phishing
Jūsu balva ir gatava,"Jūsu balva ir rezervēta. Lai to saņemtu, aizpildiet reģistrācijas formu.

Lai turpinātu, izmantojiet norādīto saiti:
https://t.me/darbs_online",phishing
Jūsu balva ir gatava,"Jums ir piešķirta naudas balva. Lai pārskaitītu naudu, nepieciešams ievadīt bankas informāciju.

Lai turpinātu, izmantojiet norādīto saiti:
https://account-security-check.com",phishing
Nepieciešama profila pārbaude,"Jūsu profils ir saņēmis drošības brīdinājumu. Nekavējoties veiciet pārbaudi, izmantojot norādīto saiti.

Lai turpinātu, izmantojiet norādīto saiti:
https://example-login-check.com

Lūdzu, rīkojieties pēc iespējas ātrāk.",phishing
Nepieciešama profila pārbaude,"Esam konstatējuši aizdomīgu darbību jūsu profilā. Lai izvairītos no konta bloķēšanas, apstipriniet savu identitāti.

Lūdzu, rīkojieties pēc iespējas ātrāk.",phishing
Svarīgs paziņojums par jūsu profilu,"Jūsu profils ir saņēmis drošības brīdinājumu. Nekavējoties veiciet pārbaudi, izmantojot norādīto saiti.",phishing
Nepieciešama profila pārbaude,"Ja identitāte netiks apstiprināta, jūsu konts var tikt deaktivizēts.

Lai turpinātu, izmantojiet norādīto saiti:
https://example-login-check.com

Lūdzu, rīkojieties pēc iespējas ātrāk.",phishing
Svarīgs paziņojums par jūsu profilu,"Jūsu profils ir saņēmis drošības brīdinājumu. Nekavējoties veiciet pārbaudi, izmantojot norādīto saiti.

Lai turpinātu, izmantojiet norādīto saiti:
https://example-login-check.com",phishing
Jūsu konts tiks bloķēts,"Ja identitāte netiks apstiprināta, jūsu konts var tikt deaktivizēts.

Lai turpinātu, izmantojiet norādīto saiti:
https://t.me/fast_work

Lūdzu, rīkojieties pēc iespējas ātrāk.",phishing
Nepieciešama profila pārbaude,"Ja identitāte netiks apstiprināta, jūsu konts var tikt deaktivizēts.

Lai turpinātu, izmantojiet norādīto saiti:
https://t.me/darbs_online",phishing
Svarīgs paziņojums par jūsu profilu,"Ja identitāte netiks apstiprināta, jūsu konts var tikt deaktivizēts.

Lai turpinātu, izmantojiet norādīto saiti:
https://account-security-check.com

Lūdzu, rīkojieties pēc iespējas ātrāk.",phishing
Svarīgs paziņojums par jūsu profilu,"Jūsu profils ir saņēmis drošības brīdinājumu. Nekavējoties veiciet pārbaudi, izmantojot norādīto saiti.

Lai turpinātu, izmantojiet norādīto saiti:
https://t.me/darbs_online

Lūdzu, rīkojieties pēc iespējas ātrāk.",phishing
Svarīgs paziņojums par jūsu profilu,"Ja identitāte netiks apstiprināta, jūsu konts var tikt deaktivizēts.

Lai turpinātu, izmantojiet norādīto saiti:
https://payment-verification.example",phishing
Svarīgs paziņojums par jūsu profilu,"Ja identitāte netiks apstiprināta, jūsu konts var tikt deaktivizēts.

Lai turpinātu, izmantojiet norādīto saiti:
https://t.me/fast_work

Lūdzu, rīkojieties pēc iespējas ātrāk.",phishing
Svarīgs paziņojums par jūsu profilu,"Ja identitāte netiks apstiprināta, jūsu konts var tikt deaktivizēts.

Lai turpinātu, izmantojiet norādīto saiti:
https://t.me/earn_money_lv

Lūdzu, rīkojieties pēc iespējas ātrāk.",phishing
Konta drošības brīdinājums,"Jūsu profils ir saņēmis drošības brīdinājumu. Nekavējoties veiciet pārbaudi, izmantojot norādīto saiti.

Lai turpinātu, izmantojiet norādīto saiti:
https://account-security-check.com",phishing
Nepieciešama profila pārbaude,"Esam konstatējuši aizdomīgu darbību jūsu profilā. Lai izvairītos no konta bloķēšanas, apstipriniet savu identitāti.",phishing
Konta drošības brīdinājums,"Esam konstatējuši aizdomīgu darbību jūsu profilā. Lai izvairītos no konta bloķēšanas, apstipriniet savu identitāti.

Lai turpinātu, izmantojiet norādīto saiti:
https://example-login-check.com

Lūdzu, rīkojieties pēc iespējas ātrāk.",phishing
Svarīgs paziņojums par jūsu profilu,"Ja identitāte netiks apstiprināta, jūsu konts var tikt deaktivizēts.

Lai turpinātu, izmantojiet norādīto saiti:
https://t.me/earn_money_lv",phishing
Nepieciešama profila pārbaude,"Jūsu profils ir saņēmis drošības brīdinājumu. Nekavējoties veiciet pārbaudi, izmantojot norādīto saiti.

Lai turpinātu, izmantojiet norādīto saiti:
https://t.me/earn_money_lv

Lūdzu, rīkojieties pēc iespējas ātrāk.",phishing
Svarīgs paziņojums par jūsu profilu,"Jūsu profils ir saņēmis drošības brīdinājumu. Nekavējoties veiciet pārbaudi, izmantojot norādīto saiti.

Lai turpinātu, izmantojiet norādīto saiti:
https://delivery-confirmation.example

Lūdzu, rīkojieties pēc iespējas ātrāk.",phishing
Nepieciešama profila pārbaude,"Ja identitāte netiks apstiprināta, jūsu konts var tikt deaktivizēts.

Lai turpinātu, izmantojiet norādīto saiti:
https://example-login-check.com",phishing
Konta drošības brīdinājums,"Esam konstatējuši aizdomīgu darbību jūsu profilā. Lai izvairītos no konta bloķēšanas, apstipriniet savu identitāti.

Lai turpinātu, izmantojiet norādīto saiti:
https://account-security-check.com",phishing
Jūsu konts tiks bloķēts,"Ja identitāte netiks apstiprināta, jūsu konts var tikt deaktivizēts.

Lai turpinātu, izmantojiet norādīto saiti:
https://payment-verification.example

Lūdzu, rīkojieties pēc iespējas ātrāk.",phishing
Jūsu konts tiks bloķēts,"Esam konstatējuši aizdomīgu darbību jūsu profilā. Lai izvairītos no konta bloķēšanas, apstipriniet savu identitāti.

Lai turpinātu, izmantojiet norādīto saiti:
https://payment-verification.example",phishing
Jūsu konts tiks bloķēts,"Ja identitāte netiks apstiprināta, jūsu konts var tikt deaktivizēts.

Lai turpinātu, izmantojiet norādīto saiti:
https://t.me/fast_work",phishing
Konta drošības brīdinājums,"Esam konstatējuši aizdomīgu darbību jūsu profilā. Lai izvairītos no konta bloķēšanas, apstipriniet savu identitāti.

Lai turpinātu, izmantojiet norādīto saiti:
https://delivery-confirmation.example",phishing
Nepieciešama profila pārbaude,"Esam konstatējuši aizdomīgu darbību jūsu profilā. Lai izvairītos no konta bloķēšanas, apstipriniet savu identitāti.

Lai turpinātu, izmantojiet norādīto saiti:
https://delivery-confirmation.example

Lūdzu, rīkojieties pēc iespējas ātrāk.",phishing
Svarīgs paziņojums par jūsu profilu,"Esam konstatējuši aizdomīgu darbību jūsu profilā. Lai izvairītos no konta bloķēšanas, apstipriniet savu identitāti.",phishing
Svarīgs paziņojums par jūsu profilu,"Esam konstatējuši aizdomīgu darbību jūsu profilā. Lai izvairītos no konta bloķēšanas, apstipriniet savu identitāti.

Lai turpinātu, izmantojiet norādīto saiti:
https://t.me/earn_money_lv",phishing
Konta drošības brīdinājums,"Jūsu profils ir saņēmis drošības brīdinājumu. Nekavējoties veiciet pārbaudi, izmantojot norādīto saiti.

Lai turpinātu, izmantojiet norādīto saiti:
https://example-login-check.com",phishing
Svarīgs paziņojums par jūsu profilu,"Ja identitāte netiks apstiprināta, jūsu konts var tikt deaktivizēts.

Lai turpinātu, izmantojiet norādīto saiti:
https://delivery-confirmation.example",phishing
Jūsu konts tiks bloķēts,"Ja identitāte netiks apstiprināta, jūsu konts var tikt deaktivizēts.",phishing
Jūsu konts tiks bloķēts,"Esam konstatējuši aizdomīgu darbību jūsu profilā. Lai izvairītos no konta bloķēšanas, apstipriniet savu identitāti.

Lai turpinātu, izmantojiet norādīto saiti:
https://example-login-check.com",phishing
Nepieciešama profila pārbaude,"Ja identitāte netiks apstiprināta, jūsu konts var tikt deaktivizēts.",phishing
Jūsu konts tiks bloķēts,"Ja identitāte netiks apstiprināta, jūsu konts var tikt deaktivizēts.

Lūdzu, rīkojieties pēc iespējas ātrāk.",phishing
Nepieciešama profila pārbaude,"Jūsu profils ir saņēmis drošības brīdinājumu. Nekavējoties veiciet pārbaudi, izmantojot norādīto saiti.

Lai turpinātu, izmantojiet norādīto saiti:
https://t.me/darbs_online",phishing
Konta drošības brīdinājums,"Ja identitāte netiks apstiprināta, jūsu konts var tikt deaktivizēts.

Lai turpinātu, izmantojiet norādīto saiti:
https://t.me/darbs_online

Lūdzu, rīkojieties pēc iespējas ātrāk.",phishing
Konta drošības brīdinājums,"Esam konstatējuši aizdomīgu darbību jūsu profilā. Lai izvairītos no konta bloķēšanas, apstipriniet savu identitāti.",phishing
Nepieciešama profila pārbaude,"Esam konstatējuši aizdomīgu darbību jūsu profilā. Lai izvairītos no konta bloķēšanas, apstipriniet savu identitāti.

Lai turpinātu, izmantojiet norādīto saiti:
https://account-security-check.com

Lūdzu, rīkojieties pēc iespējas ātrāk.",phishing
Nepieciešama profila pārbaude,"Ja identitāte netiks apstiprināta, jūsu konts var tikt deaktivizēts.

Lūdzu, rīkojieties pēc iespējas ātrāk.",phishing
Svarīgs paziņojums par jūsu profilu,"Ja identitāte netiks apstiprināta, jūsu konts var tikt deaktivizēts.

Lai turpinātu, izmantojiet norādīto saiti:
https://account-security-check.com",phishing
Konta drošības brīdinājums,"Esam konstatējuši aizdomīgu darbību jūsu profilā. Lai izvairītos no konta bloķēšanas, apstipriniet savu identitāti.

Lai turpinātu, izmantojiet norādīto saiti:
https://t.me/fast_work",phishing
Konta drošības brīdinājums,"Ja identitāte netiks apstiprināta, jūsu konts var tikt deaktivizēts.",phishing
Nepieciešama profila pārbaude,"Jūsu profils ir saņēmis drošības brīdinājumu. Nekavējoties veiciet pārbaudi, izmantojot norādīto saiti.

Lai turpinātu, izmantojiet norādīto saiti:
https://t.me/earn_money_lv",phishing
Nepieciešama profila pārbaude,"Jūsu profils ir saņēmis drošības brīdinājumu. Nekavējoties veiciet pārbaudi, izmantojot norādīto saiti.

Lai turpinātu, izmantojiet norādīto saiti:
https://account-security-check.com",phishing
Konta drošības brīdinājums,"Esam konstatējuši aizdomīgu darbību jūsu profilā. Lai izvairītos no konta bloķēšanas, apstipriniet savu identitāti.

Lai turpinātu, izmantojiet norādīto saiti:
https://t.me/darbs_online

Lūdzu, rīkojieties pēc iespējas ātrāk.",phishing
Nepieciešama profila pārbaude,"Jūsu profils ir saņēmis drošības brīdinājumu. Nekavējoties veiciet pārbaudi, izmantojot norādīto saiti.

Lai turpinātu, izmantojiet norādīto saiti:
https://t.me/darbs_online

Lūdzu, rīkojieties pēc iespējas ātrāk.",phishing
Konta drošības brīdinājums,"Jūsu profils ir saņēmis drošības brīdinājumu. Nekavējoties veiciet pārbaudi, izmantojot norādīto saiti.

Lai turpinātu, izmantojiet norādīto saiti:
https://t.me/earn_money_lv

Lūdzu, rīkojieties pēc iespējas ātrāk.",phishing
Jūsu konts tiks bloķēts,"Esam konstatējuši aizdomīgu darbību jūsu profilā. Lai izvairītos no konta bloķēšanas, apstipriniet savu identitāti.

Lai turpinātu, izmantojiet norādīto saiti:
https://account-security-check.com",phishing
Nepieciešama profila pārbaude,"Esam konstatējuši aizdomīgu darbību jūsu profilā. Lai izvairītos no konta bloķēšanas, apstipriniet savu identitāti.

Lai turpinātu, izmantojiet norādīto saiti:
https://t.me/earn_money_lv",phishing
Konta drošības brīdinājums,"Jūsu profils ir saņēmis drošības brīdinājumu. Nekavējoties veiciet pārbaudi, izmantojot norādīto saiti.

Lai turpinātu, izmantojiet norādīto saiti:
https://example-login-check.com

Lūdzu, rīkojieties pēc iespējas ātrāk.",phishing
Svarīgs paziņojums par jūsu profilu,"Ja identitāte netiks apstiprināta, jūsu konts var tikt deaktivizēts.

Lai turpinātu, izmantojiet norādīto saiti:
https://delivery-confirmation.example

Lūdzu, rīkojieties pēc iespējas ātrāk.",phishing
Svarīgs paziņojums par jūsu profilu,"Jūsu profils ir saņēmis drošības brīdinājumu. Nekavējoties veiciet pārbaudi, izmantojot norādīto saiti.

Lai turpinātu, izmantojiet norādīto saiti:
https://example-login-check.com

Lūdzu, rīkojieties pēc iespējas ātrāk.",phishing
Svarīgs paziņojums par jūsu profilu,"Jūsu profils ir saņēmis drošības brīdinājumu. Nekavējoties veiciet pārbaudi, izmantojot norādīto saiti.

Lai turpinātu, izmantojiet norādīto saiti:
https://t.me/earn_money_lv",phishing
Jūsu konts tiks bloķēts,"Jūsu profils ir saņēmis drošības brīdinājumu. Nekavējoties veiciet pārbaudi, izmantojot norādīto saiti.

Lai turpinātu, izmantojiet norādīto saiti:
https://t.me/fast_work",phishing
Konta drošības brīdinājums,"Esam konstatējuši aizdomīgu darbību jūsu profilā. Lai izvairītos no konta bloķēšanas, apstipriniet savu identitāti.

Lūdzu, rīkojieties pēc iespējas ātrāk.",phishing
Nepieciešama profila pārbaude,"Jūsu profils ir saņēmis drošības brīdinājumu. Nekavējoties veiciet pārbaudi, izmantojot norādīto saiti.

Lai turpinātu, izmantojiet norādīto saiti:
https://example-login-check.com",phishing
Konta drošības brīdinājums,"Ja identitāte netiks apstiprināta, jūsu konts var tikt deaktivizēts.

Lai turpinātu, izmantojiet norādīto saiti:
https://example-login-check.com",phishing
Svarīgs paziņojums par jūsu profilu,"Jūsu profils ir saņēmis drošības brīdinājumu. Nekavējoties veiciet pārbaudi, izmantojot norādīto saiti.

Lai turpinātu, izmantojiet norādīto saiti:
https://payment-verification.example",phishing
Svarīgs paziņojums par jūsu profilu,"Ja identitāte netiks apstiprināta, jūsu konts var tikt deaktivizēts.

Lūdzu, rīkojieties pēc iespējas ātrāk.",phishing
Nepieciešama profila pārbaude,"Ja identitāte netiks apstiprināta, jūsu konts var tikt deaktivizēts.

Lai turpinātu, izmantojiet norādīto saiti:
https://payment-verification.example

Lūdzu, rīkojieties pēc iespējas ātrāk.",phishing
Svarīgs paziņojums par jūsu profilu,"Jūsu profils ir saņēmis drošības brīdinājumu. Nekavējoties veiciet pārbaudi, izmantojot norādīto saiti.

Lai turpinātu, izmantojiet norādīto saiti:
https://delivery-confirmation.example",phishing
Nepieciešama profila pārbaude,"Esam konstatējuši aizdomīgu darbību jūsu profilā. Lai izvairītos no konta bloķēšanas, apstipriniet savu identitāti.

Lai turpinātu, izmantojiet norādīto saiti:
https://account-security-check.com",phishing
Nepieciešama profila pārbaude,"Ja identitāte netiks apstiprināta, jūsu konts var tikt deaktivizēts.

Lai turpinātu, izmantojiet norādīto saiti:
https://payment-verification.example",phishing
Jūsu konts tiks bloķēts,"Jūsu profils ir saņēmis drošības brīdinājumu. Nekavējoties veiciet pārbaudi, izmantojot norādīto saiti.

Lai turpinātu, izmantojiet norādīto saiti:
https://payment-verification.example",phishing
Jūsu konts tiks bloķēts,"Esam konstatējuši aizdomīgu darbību jūsu profilā. Lai izvairītos no konta bloķēšanas, apstipriniet savu identitāti.",phishing
Konta drošības brīdinājums,"Esam konstatējuši aizdomīgu darbību jūsu profilā. Lai izvairītos no konta bloķēšanas, apstipriniet savu identitāti.

Lai turpinātu, izmantojiet norādīto saiti:
https://t.me/darbs_online",phishing
Nepieciešama profila pārbaude,"Jūsu profils ir saņēmis drošības brīdinājumu. Nekavējoties veiciet pārbaudi, izmantojot norādīto saiti.",phishing
Svarīga drošības pārbaude,"Jūsu personas dati ir jāatjauno. Izmantojiet norādīto saiti, lai aizpildītu pārbaudes formu.

Lūdzu, rīkojieties pēc iespējas ātrāk.",phishing
Apstipriniet savus personas datus,"Jūsu personas dati ir jāatjauno. Izmantojiet norādīto saiti, lai aizpildītu pārbaudes formu.

Lai turpinātu, izmantojiet norādīto saiti:
https://example-login-check.com",phishing
Datu atjaunošana,"Jūsu personas dati ir jāatjauno. Izmantojiet norādīto saiti, lai aizpildītu pārbaudes formu.

Lai turpinātu, izmantojiet norādīto saiti:
https://example-login-check.com",phishing
Datu atjaunošana,"Jūsu personas dati ir jāatjauno. Izmantojiet norādīto saiti, lai aizpildītu pārbaudes formu.

Lai turpinātu, izmantojiet norādīto saiti:
https://t.me/darbs_online",phishing
Nepieciešama identitātes pārbaude,"Lai turpinātu izmantot pakalpojumu, nepieciešams apstiprināt vārdu, personas kodu un kontaktinformāciju.",phishing
Apstipriniet savus personas datus,"Drošības pārbaudes laikā nepieciešams ievadīt pieprasīto personisko informāciju.

Lai turpinātu, izmantojiet norādīto saiti:
https://t.me/fast_work",phishing
Svarīga drošības pārbaude,"Drošības pārbaudes laikā nepieciešams ievadīt pieprasīto personisko informāciju.

Lai turpinātu, izmantojiet norādīto saiti:
https://example-login-check.com

Lūdzu, rīkojieties pēc iespējas ātrāk.",phishing
Datu atjaunošana,"Drošības pārbaudes laikā nepieciešams ievadīt pieprasīto personisko informāciju.

Lai turpinātu, izmantojiet norādīto saiti:
https://delivery-confirmation.example",phishing
Datu atjaunošana,"Lai turpinātu izmantot pakalpojumu, nepieciešams apstiprināt vārdu, personas kodu un kontaktinformāciju.

Lai turpinātu, izmantojiet norādīto saiti:
https://t.me/fast_work",phishing
Datu atjaunošana,"Jūsu personas dati ir jāatjauno. Izmantojiet norādīto saiti, lai aizpildītu pārbaudes formu.

Lai turpinātu, izmantojiet norādīto saiti:
https://t.me/fast_work

Lūdzu, rīkojieties pēc iespējas ātrāk.",phishing
Nepieciešama identitātes pārbaude,"Drošības pārbaudes laikā nepieciešams ievadīt pieprasīto personisko informāciju.

Lai turpinātu, izmantojiet norādīto saiti:
https://payment-verification.example",phishing
Svarīga drošības pārbaude,"Jūsu personas dati ir jāatjauno. Izmantojiet norādīto saiti, lai aizpildītu pārbaudes formu.

Lai turpinātu, izmantojiet norādīto saiti:
https://t.me/darbs_online

Lūdzu, rīkojieties pēc iespējas ātrāk.",phishing
Datu atjaunošana,"Drošības pārbaudes laikā nepieciešams ievadīt pieprasīto personisko informāciju.

Lūdzu, rīkojieties pēc iespējas ātrāk.",phishing
Datu atjaunošana,"Drošības pārbaudes laikā nepieciešams ievadīt pieprasīto personisko informāciju.

Lai turpinātu, izmantojiet norādīto saiti:
https://t.me/darbs_online

Lūdzu, rīkojieties pēc iespējas ātrāk.",phishing
Svarīga drošības pārbaude,"Drošības pārbaudes laikā nepieciešams ievadīt pieprasīto personisko informāciju.

Lai turpinātu, izmantojiet norādīto saiti:
https://delivery-confirmation.example

Lūdzu, rīkojieties pēc iespējas ātrāk.",phishing
Nepieciešama identitātes pārbaude,"Lai turpinātu izmantot pakalpojumu, nepieciešams apstiprināt vārdu, personas kodu un kontaktinformāciju.

Lai turpinātu, izmantojiet norādīto saiti:
https://t.me/fast_work

Lūdzu, rīkojieties pēc iespējas ātrāk.",phishing
Apstipriniet savus personas datus,"Drošības pārbaudes laikā nepieciešams ievadīt pieprasīto personisko informāciju.

Lai turpinātu, izmantojiet norādīto saiti:
https://account-security-check.com

Lūdzu, rīkojieties pēc iespējas ātrāk.",phishing
Datu atjaunošana,"Jūsu personas dati ir jāatjauno. Izmantojiet norādīto saiti, lai aizpildītu pārbaudes formu.

Lai turpinātu, izmantojiet norādīto saiti:
https://delivery-confirmation.example",phishing
Apstipriniet savus personas datus,"Drošības pārbaudes laikā nepieciešams ievadīt pieprasīto personisko informāciju.

Lai turpinātu, izmantojiet norādīto saiti:
https://t.me/earn_money_lv

Lūdzu, rīkojieties pēc iespējas ātrāk.",phishing
Svarīga drošības pārbaude,"Jūsu personas dati ir jāatjauno. Izmantojiet norādīto saiti, lai aizpildītu pārbaudes formu.

Lai turpinātu, izmantojiet norādīto saiti:
https://payment-verification.example

Lūdzu, rīkojieties pēc iespējas ātrāk.",phishing
Nepieciešama identitātes pārbaude,"Jūsu personas dati ir jāatjauno. Izmantojiet norādīto saiti, lai aizpildītu pārbaudes formu.

Lai turpinātu, izmantojiet norādīto saiti:
https://payment-verification.example

Lūdzu, rīkojieties pēc iespējas ātrāk.",phishing
Datu atjaunošana,"Jūsu personas dati ir jāatjauno. Izmantojiet norādīto saiti, lai aizpildītu pārbaudes formu.

Lai turpinātu, izmantojiet norādīto saiti:
https://account-security-check.com

Lūdzu, rīkojieties pēc iespējas ātrāk.",phishing
Apstipriniet savus personas datus,"Jūsu personas dati ir jāatjauno. Izmantojiet norādīto saiti, lai aizpildītu pārbaudes formu.

Lai turpinātu, izmantojiet norādīto saiti:
https://t.me/fast_work",phishing
Apstipriniet savus personas datus,"Jūsu personas dati ir jāatjauno. Izmantojiet norādīto saiti, lai aizpildītu pārbaudes formu.

Lai turpinātu, izmantojiet norādīto saiti:
https://payment-verification.example",phishing
Svarīga drošības pārbaude,"Drošības pārbaudes laikā nepieciešams ievadīt pieprasīto personisko informāciju.

Lūdzu, rīkojieties pēc iespējas ātrāk.",phishing
Datu atjaunošana,"Drošības pārbaudes laikā nepieciešams ievadīt pieprasīto personisko informāciju.

Lai turpinātu, izmantojiet norādīto saiti:
https://example-login-check.com

Lūdzu, rīkojieties pēc iespējas ātrāk.",phishing
Apstipriniet savus personas datus,"Jūsu personas dati ir jāatjauno. Izmantojiet norādīto saiti, lai aizpildītu pārbaudes formu.

Lūdzu, rīkojieties pēc iespējas ātrāk.",phishing
Nepieciešama identitātes pārbaude,"Lai turpinātu izmantot pakalpojumu, nepieciešams apstiprināt vārdu, personas kodu un kontaktinformāciju.

Lai turpinātu, izmantojiet norādīto saiti:
https://delivery-confirmation.example",phishing
Apstipriniet savus personas datus,"Lai turpinātu izmantot pakalpojumu, nepieciešams apstiprināt vārdu, personas kodu un kontaktinformāciju.",phishing
Svarīga drošības pārbaude,"Drošības pārbaudes laikā nepieciešams ievadīt pieprasīto personisko informāciju.

Lai turpinātu, izmantojiet norādīto saiti:
https://account-security-check.com

Lūdzu, rīkojieties pēc iespējas ātrāk.",phishing
Svarīga drošības pārbaude,"Jūsu personas dati ir jāatjauno. Izmantojiet norādīto saiti, lai aizpildītu pārbaudes formu.

Lai turpinātu, izmantojiet norādīto saiti:
https://payment-verification.example",phishing
Nepieciešama identitātes pārbaude,"Jūsu personas dati ir jāatjauno. Izmantojiet norādīto saiti, lai aizpildītu pārbaudes formu.

Lūdzu, rīkojieties pēc iespējas ātrāk.",phishing
Apstipriniet savus personas datus,"Lai turpinātu izmantot pakalpojumu, nepieciešams apstiprināt vārdu, personas kodu un kontaktinformāciju.

Lai turpinātu, izmantojiet norādīto saiti:
https://t.me/earn_money_lv",phishing
Datu atjaunošana,"Jūsu personas dati ir jāatjauno. Izmantojiet norādīto saiti, lai aizpildītu pārbaudes formu.

Lai turpinātu, izmantojiet norādīto saiti:
https://delivery-confirmation.example

Lūdzu, rīkojieties pēc iespējas ātrāk.",phishing
Nepieciešama identitātes pārbaude,"Jūsu personas dati ir jāatjauno. Izmantojiet norādīto saiti, lai aizpildītu pārbaudes formu.

Lai turpinātu, izmantojiet norādīto saiti:
https://t.me/earn_money_lv",phishing
Nepieciešama identitātes pārbaude,"Drošības pārbaudes laikā nepieciešams ievadīt pieprasīto personisko informāciju.

Lai turpinātu, izmantojiet norādīto saiti:
https://example-login-check.com",phishing
Svarīga drošības pārbaude,"Lai turpinātu izmantot pakalpojumu, nepieciešams apstiprināt vārdu, personas kodu un kontaktinformāciju.

Lūdzu, rīkojieties pēc iespējas ātrāk.",phishing
Datu atjaunošana,"Lai turpinātu izmantot pakalpojumu, nepieciešams apstiprināt vārdu, personas kodu un kontaktinformāciju.

Lai turpinātu, izmantojiet norādīto saiti:
https://t.me/earn_money_lv",phishing
Svarīga drošības pārbaude,"Drošības pārbaudes laikā nepieciešams ievadīt pieprasīto personisko informāciju.

Lai turpinātu, izmantojiet norādīto saiti:
https://account-security-check.com",phishing
Datu atjaunošana,"Lai turpinātu izmantot pakalpojumu, nepieciešams apstiprināt vārdu, personas kodu un kontaktinformāciju.

Lai turpinātu, izmantojiet norādīto saiti:
https://payment-verification.example

Lūdzu, rīkojieties pēc iespējas ātrāk.",phishing
Datu atjaunošana,"Lai turpinātu izmantot pakalpojumu, nepieciešams apstiprināt vārdu, personas kodu un kontaktinformāciju.",phishing
Apstipriniet savus personas datus,"Drošības pārbaudes laikā nepieciešams ievadīt pieprasīto personisko informāciju.

Lai turpinātu, izmantojiet norādīto saiti:
https://payment-verification.example",phishing
Svarīga drošības pārbaude,"Lai turpinātu izmantot pakalpojumu, nepieciešams apstiprināt vārdu, personas kodu un kontaktinformāciju.

Lai turpinātu, izmantojiet norādīto saiti:
https://t.me/earn_money_lv

Lūdzu, rīkojieties pēc iespējas ātrāk.",phishing
Apstipriniet savus personas datus,"Jūsu personas dati ir jāatjauno. Izmantojiet norādīto saiti, lai aizpildītu pārbaudes formu.

Lai turpinātu, izmantojiet norādīto saiti:
https://delivery-confirmation.example

Lūdzu, rīkojieties pēc iespējas ātrāk.",phishing
Apstipriniet savus personas datus,"Jūsu personas dati ir jāatjauno. Izmantojiet norādīto saiti, lai aizpildītu pārbaudes formu.

Lai turpinātu, izmantojiet norādīto saiti:
https://account-security-check.com

Lūdzu, rīkojieties pēc iespējas ātrāk.",phishing
Nepieciešama identitātes pārbaude,"Drošības pārbaudes laikā nepieciešams ievadīt pieprasīto personisko informāciju.

Lūdzu, rīkojieties pēc iespējas ātrāk.",phishing
Apstipriniet savus personas datus,"Drošības pārbaudes laikā nepieciešams ievadīt pieprasīto personisko informāciju.

Lūdzu, rīkojieties pēc iespējas ātrāk.",phishing
Nepieciešama identitātes pārbaude,"Drošības pārbaudes laikā nepieciešams ievadīt pieprasīto personisko informāciju.

Lai turpinātu, izmantojiet norādīto saiti:
https://example-login-check.com

Lūdzu, rīkojieties pēc iespējas ātrāk.",phishing
Apstipriniet savus personas datus,"Drošības pārbaudes laikā nepieciešams ievadīt pieprasīto personisko informāciju.

Lai turpinātu, izmantojiet norādīto saiti:
https://example-login-check.com",phishing
Datu atjaunošana,"Lai turpinātu izmantot pakalpojumu, nepieciešams apstiprināt vārdu, personas kodu un kontaktinformāciju.

Lai turpinātu, izmantojiet norādīto saiti:
https://t.me/darbs_online

Lūdzu, rīkojieties pēc iespējas ātrāk.",phishing
Nepieciešama identitātes pārbaude,"Drošības pārbaudes laikā nepieciešams ievadīt pieprasīto personisko informāciju.

Lai turpinātu, izmantojiet norādīto saiti:
https://t.me/earn_money_lv",phishing
Svarīga drošības pārbaude,"Lai turpinātu izmantot pakalpojumu, nepieciešams apstiprināt vārdu, personas kodu un kontaktinformāciju.

Lai turpinātu, izmantojiet norādīto saiti:
https://delivery-confirmation.example

Lūdzu, rīkojieties pēc iespējas ātrāk.",phishing
Svarīga drošības pārbaude,"Drošības pārbaudes laikā nepieciešams ievadīt pieprasīto personisko informāciju.

Lai turpinātu, izmantojiet norādīto saiti:
https://payment-verification.example",phishing
Svarīga drošības pārbaude,"Lai turpinātu izmantot pakalpojumu, nepieciešams apstiprināt vārdu, personas kodu un kontaktinformāciju.

Lai turpinātu, izmantojiet norādīto saiti:
https://account-security-check.com

Lūdzu, rīkojieties pēc iespējas ātrāk.",phishing
Datu atjaunošana,"Jūsu personas dati ir jāatjauno. Izmantojiet norādīto saiti, lai aizpildītu pārbaudes formu.

Lai turpinātu, izmantojiet norādīto saiti:
https://payment-verification.example",phishing
Datu atjaunošana,"Jūsu personas dati ir jāatjauno. Izmantojiet norādīto saiti, lai aizpildītu pārbaudes formu.

Lai turpinātu, izmantojiet norādīto saiti:
https://t.me/fast_work",phishing
Nepieciešama identitātes pārbaude,"Lai turpinātu izmantot pakalpojumu, nepieciešams apstiprināt vārdu, personas kodu un kontaktinformāciju.

Lai turpinātu, izmantojiet norādīto saiti:
https://t.me/darbs_online

Lūdzu, rīkojieties pēc iespējas ātrāk.",phishing
Nepieciešama identitātes pārbaude,"Lai turpinātu izmantot pakalpojumu, nepieciešams apstiprināt vārdu, personas kodu un kontaktinformāciju.

Lūdzu, rīkojieties pēc iespējas ātrāk.",phishing
Datu atjaunošana,"Lai turpinātu izmantot pakalpojumu, nepieciešams apstiprināt vārdu, personas kodu un kontaktinformāciju.

Lai turpinātu, izmantojiet norādīto saiti:
https://account-security-check.com",phishing
Svarīga drošības pārbaude,"Lai turpinātu izmantot pakalpojumu, nepieciešams apstiprināt vārdu, personas kodu un kontaktinformāciju.

Lai turpinātu, izmantojiet norādīto saiti:
https://account-security-check.com",phishing
Apstipriniet savus personas datus,"Drošības pārbaudes laikā nepieciešams ievadīt pieprasīto personisko informāciju.

Lai turpinātu, izmantojiet norādīto saiti:
https://account-security-check.com",phishing
Nepieciešama identitātes pārbaude,"Jūsu personas dati ir jāatjauno. Izmantojiet norādīto saiti, lai aizpildītu pārbaudes formu.

Lai turpinātu, izmantojiet norādīto saiti:
https://delivery-confirmation.example",phishing
Apstipriniet savus personas datus,"Lai turpinātu izmantot pakalpojumu, nepieciešams apstiprināt vārdu, personas kodu un kontaktinformāciju.

Lai turpinātu, izmantojiet norādīto saiti:
https://example-login-check.com

Lūdzu, rīkojieties pēc iespējas ātrāk.",phishing
Īpaša investīciju iespēja,"Mūsu eksperti palīdzēs jums ātri palielināt ienākumus ar kriptovalūtu. Reģistrējieties, izmantojot saiti.

Lai turpinātu, izmantojiet norādīto saiti:
https://delivery-confirmation.example",phishing
Īpaša investīciju iespēja,"Izmantojiet mūsu sistēmu un nopelniet līdz pat 500 eiro dienā. Lai sāktu, veiciet sākotnējo iemaksu.

Lai turpinātu, izmantojiet norādīto saiti:
https://delivery-confirmation.example

Lūdzu, rīkojieties pēc iespējas ātrāk.",phishing
Ekskluzīva peļņas iespēja,"Mūsu eksperti palīdzēs jums ātri palielināt ienākumus ar kriptovalūtu. Reģistrējieties, izmantojot saiti.

Lai turpinātu, izmantojiet norādīto saiti:
https://payment-verification.example",phishing
Kriptovalūtas investīciju piedāvājums,"Izmantojiet mūsu sistēmu un nopelniet līdz pat 500 eiro dienā. Lai sāktu, veiciet sākotnējo iemaksu.

Lai turpinātu, izmantojiet norādīto saiti:
https://delivery-confirmation.example",phishing
Kriptovalūtas investīciju piedāvājums,Ekskluzīva investīciju iespēja ar garantētu peļņu. Vietu skaits ir ierobežots.,phishing
Īpaša investīciju iespēja,"Mūsu eksperti palīdzēs jums ātri palielināt ienākumus ar kriptovalūtu. Reģistrējieties, izmantojot saiti.

Lūdzu, rīkojieties pēc iespējas ātrāk.",phishing
Īpaša investīciju iespēja,"Mūsu eksperti palīdzēs jums ātri palielināt ienākumus ar kriptovalūtu. Reģistrējieties, izmantojot saiti.

Lai turpinātu, izmantojiet norādīto saiti:
https://account-security-check.com",phishing
Ekskluzīva peļņas iespēja,"Mūsu eksperti palīdzēs jums ātri palielināt ienākumus ar kriptovalūtu. Reģistrējieties, izmantojot saiti.

Lai turpinātu, izmantojiet norādīto saiti:
https://t.me/darbs_online",phishing
Palieliniet savus ienākumus,"Mūsu eksperti palīdzēs jums ātri palielināt ienākumus ar kriptovalūtu. Reģistrējieties, izmantojot saiti.

Lai turpinātu, izmantojiet norādīto saiti:
https://payment-verification.example

Lūdzu, rīkojieties pēc iespējas ātrāk.",phishing
Īpaša investīciju iespēja,"Izmantojiet mūsu sistēmu un nopelniet līdz pat 500 eiro dienā. Lai sāktu, veiciet sākotnējo iemaksu.

Lai turpinātu, izmantojiet norādīto saiti:
https://t.me/darbs_online

Lūdzu, rīkojieties pēc iespējas ātrāk.",phishing
Īpaša investīciju iespēja,"Izmantojiet mūsu sistēmu un nopelniet līdz pat 500 eiro dienā. Lai sāktu, veiciet sākotnējo iemaksu.

Lai turpinātu, izmantojiet norādīto saiti:
https://t.me/earn_money_lv

Lūdzu, rīkojieties pēc iespējas ātrāk.",phishing
Palieliniet savus ienākumus,"Izmantojiet mūsu sistēmu un nopelniet līdz pat 500 eiro dienā. Lai sāktu, veiciet sākotnējo iemaksu.",phishing
Ekskluzīva peļņas iespēja,"Izmantojiet mūsu sistēmu un nopelniet līdz pat 500 eiro dienā. Lai sāktu, veiciet sākotnējo iemaksu.

Lai turpinātu, izmantojiet norādīto saiti:
https://example-login-check.com",phishing
Kriptovalūtas investīciju piedāvājums,"Mūsu eksperti palīdzēs jums ātri palielināt ienākumus ar kriptovalūtu. Reģistrējieties, izmantojot saiti.",phishing
Īpaša investīciju iespēja,"Ekskluzīva investīciju iespēja ar garantētu peļņu. Vietu skaits ir ierobežots.

Lai turpinātu, izmantojiet norādīto saiti:
https://t.me/darbs_online

Lūdzu, rīkojieties pēc iespējas ātrāk.",phishing
Īpaša investīciju iespēja,"Mūsu eksperti palīdzēs jums ātri palielināt ienākumus ar kriptovalūtu. Reģistrējieties, izmantojot saiti.

Lai turpinātu, izmantojiet norādīto saiti:
https://example-login-check.com",phishing
Kriptovalūtas investīciju piedāvājums,"Mūsu eksperti palīdzēs jums ātri palielināt ienākumus ar kriptovalūtu. Reģistrējieties, izmantojot saiti.

Lai turpinātu, izmantojiet norādīto saiti:
https://example-login-check.com

Lūdzu, rīkojieties pēc iespējas ātrāk.",phishing
Palieliniet savus ienākumus,"Mūsu eksperti palīdzēs jums ātri palielināt ienākumus ar kriptovalūtu. Reģistrējieties, izmantojot saiti.

Lai turpinātu, izmantojiet norādīto saiti:
https://t.me/earn_money_lv",phishing
Palieliniet savus ienākumus,"Mūsu eksperti palīdzēs jums ātri palielināt ienākumus ar kriptovalūtu. Reģistrējieties, izmantojot saiti.

Lai turpinātu, izmantojiet norādīto saiti:
https://example-login-check.com",phishing
Palieliniet savus ienākumus,Ekskluzīva investīciju iespēja ar garantētu peļņu. Vietu skaits ir ierobežots.,phishing
Palieliniet savus ienākumus,"Izmantojiet mūsu sistēmu un nopelniet līdz pat 500 eiro dienā. Lai sāktu, veiciet sākotnējo iemaksu.

Lai turpinātu, izmantojiet norādīto saiti:
https://example-login-check.com

Lūdzu, rīkojieties pēc iespējas ātrāk.",phishing
Kriptovalūtas investīciju piedāvājums,"Izmantojiet mūsu sistēmu un nopelniet līdz pat 500 eiro dienā. Lai sāktu, veiciet sākotnējo iemaksu.

Lūdzu, rīkojieties pēc iespējas ātrāk.",phishing
Kriptovalūtas investīciju piedāvājums,"Izmantojiet mūsu sistēmu un nopelniet līdz pat 500 eiro dienā. Lai sāktu, veiciet sākotnējo iemaksu.

Lai turpinātu, izmantojiet norādīto saiti:
https://t.me/fast_work",phishing
Palieliniet savus ienākumus,"Ekskluzīva investīciju iespēja ar garantētu peļņu. Vietu skaits ir ierobežots.

Lai turpinātu, izmantojiet norādīto saiti:
https://t.me/earn_money_lv",phishing
Īpaša investīciju iespēja,"Ekskluzīva investīciju iespēja ar garantētu peļņu. Vietu skaits ir ierobežots.

Lai turpinātu, izmantojiet norādīto saiti:
https://t.me/fast_work",phishing
Ekskluzīva peļņas iespēja,"Izmantojiet mūsu sistēmu un nopelniet līdz pat 500 eiro dienā. Lai sāktu, veiciet sākotnējo iemaksu.

Lai turpinātu, izmantojiet norādīto saiti:
https://t.me/darbs_online",phishing
Palieliniet savus ienākumus,"Izmantojiet mūsu sistēmu un nopelniet līdz pat 500 eiro dienā. Lai sāktu, veiciet sākotnējo iemaksu.

Lai turpinātu, izmantojiet norādīto saiti:
https://payment-verification.example

Lūdzu, rīkojieties pēc iespējas ātrāk.",phishing
Ekskluzīva peļņas iespēja,"Ekskluzīva investīciju iespēja ar garantētu peļņu. Vietu skaits ir ierobežots.

Lūdzu, rīkojieties pēc iespējas ātrāk.",phishing
Ekskluzīva peļņas iespēja,"Mūsu eksperti palīdzēs jums ātri palielināt ienākumus ar kriptovalūtu. Reģistrējieties, izmantojot saiti.

Lai turpinātu, izmantojiet norādīto saiti:
https://t.me/fast_work

Lūdzu, rīkojieties pēc iespējas ātrāk.",phishing
Īpaša investīciju iespēja,"Izmantojiet mūsu sistēmu un nopelniet līdz pat 500 eiro dienā. Lai sāktu, veiciet sākotnējo iemaksu.

Lai turpinātu, izmantojiet norādīto saiti:
https://example-login-check.com",phishing
Ekskluzīva peļņas iespēja,"Izmantojiet mūsu sistēmu un nopelniet līdz pat 500 eiro dienā. Lai sāktu, veiciet sākotnējo iemaksu.

Lai turpinātu, izmantojiet norādīto saiti:
https://payment-verification.example

Lūdzu, rīkojieties pēc iespējas ātrāk.",phishing
Kriptovalūtas investīciju piedāvājums,"Mūsu eksperti palīdzēs jums ātri palielināt ienākumus ar kriptovalūtu. Reģistrējieties, izmantojot saiti.

Lai turpinātu, izmantojiet norādīto saiti:
https://t.me/darbs_online

Lūdzu, rīkojieties pēc iespējas ātrāk.",phishing
Kriptovalūtas investīciju piedāvājums,"Ekskluzīva investīciju iespēja ar garantētu peļņu. Vietu skaits ir ierobežots.

Lai turpinātu, izmantojiet norādīto saiti:
https://t.me/darbs_online

Lūdzu, rīkojieties pēc iespējas ātrāk.",phishing
Ekskluzīva peļņas iespēja,"Ekskluzīva investīciju iespēja ar garantētu peļņu. Vietu skaits ir ierobežots.

Lai turpinātu, izmantojiet norādīto saiti:
https://t.me/earn_money_lv

Lūdzu, rīkojieties pēc iespējas ātrāk.",phishing
Palieliniet savus ienākumus,"Izmantojiet mūsu sistēmu un nopelniet līdz pat 500 eiro dienā. Lai sāktu, veiciet sākotnējo iemaksu.

Lai turpinātu, izmantojiet norādīto saiti:
https://payment-verification.example",phishing
Īpaša investīciju iespēja,"Izmantojiet mūsu sistēmu un nopelniet līdz pat 500 eiro dienā. Lai sāktu, veiciet sākotnējo iemaksu.

Lai turpinātu, izmantojiet norādīto saiti:
https://payment-verification.example",phishing
Palieliniet savus ienākumus,"Izmantojiet mūsu sistēmu un nopelniet līdz pat 500 eiro dienā. Lai sāktu, veiciet sākotnējo iemaksu.

Lūdzu, rīkojieties pēc iespējas ātrāk.",phishing
Īpaša investīciju iespēja,"Ekskluzīva investīciju iespēja ar garantētu peļņu. Vietu skaits ir ierobežots.

Lai turpinātu, izmantojiet norādīto saiti:
https://payment-verification.example

Lūdzu, rīkojieties pēc iespējas ātrāk.",phishing
Īpaša investīciju iespēja,"Izmantojiet mūsu sistēmu un nopelniet līdz pat 500 eiro dienā. Lai sāktu, veiciet sākotnējo iemaksu.",phishing
Kriptovalūtas investīciju piedāvājums,"Izmantojiet mūsu sistēmu un nopelniet līdz pat 500 eiro dienā. Lai sāktu, veiciet sākotnējo iemaksu.

Lai turpinātu, izmantojiet norādīto saiti:
https://example-login-check.com

Lūdzu, rīkojieties pēc iespējas ātrāk.",phishing
Ekskluzīva peļņas iespēja,"Ekskluzīva investīciju iespēja ar garantētu peļņu. Vietu skaits ir ierobežots.

Lai turpinātu, izmantojiet norādīto saiti:
https://t.me/darbs_online

Lūdzu, rīkojieties pēc iespējas ātrāk.",phishing
Ekskluzīva peļņas iespēja,"Izmantojiet mūsu sistēmu un nopelniet līdz pat 500 eiro dienā. Lai sāktu, veiciet sākotnējo iemaksu.

Lai turpinātu, izmantojiet norādīto saiti:
https://t.me/fast_work

Lūdzu, rīkojieties pēc iespējas ātrāk.",phishing
Ekskluzīva peļņas iespēja,"Izmantojiet mūsu sistēmu un nopelniet līdz pat 500 eiro dienā. Lai sāktu, veiciet sākotnējo iemaksu.

Lai turpinātu, izmantojiet norādīto saiti:
https://account-security-check.com",phishing
Kriptovalūtas investīciju piedāvājums,"Mūsu eksperti palīdzēs jums ātri palielināt ienākumus ar kriptovalūtu. Reģistrējieties, izmantojot saiti.

Lai turpinātu, izmantojiet norādīto saiti:
https://account-security-check.com",phishing
Īpaša investīciju iespēja,"Mūsu eksperti palīdzēs jums ātri palielināt ienākumus ar kriptovalūtu. Reģistrējieties, izmantojot saiti.

Lai turpinātu, izmantojiet norādīto saiti:
https://example-login-check.com

Lūdzu, rīkojieties pēc iespējas ātrāk.",phishing
Ekskluzīva peļņas iespēja,"Mūsu eksperti palīdzēs jums ātri palielināt ienākumus ar kriptovalūtu. Reģistrējieties, izmantojot saiti.",phishing
Ekskluzīva peļņas iespēja,"Mūsu eksperti palīdzēs jums ātri palielināt ienākumus ar kriptovalūtu. Reģistrējieties, izmantojot saiti.

Lai turpinātu, izmantojiet norādīto saiti:
https://t.me/earn_money_lv",phishing
Palieliniet savus ienākumus,"Izmantojiet mūsu sistēmu un nopelniet līdz pat 500 eiro dienā. Lai sāktu, veiciet sākotnējo iemaksu.

Lai turpinātu, izmantojiet norādīto saiti:
https://delivery-confirmation.example

Lūdzu, rīkojieties pēc iespējas ātrāk.",phishing
Īpaša investīciju iespēja,"Izmantojiet mūsu sistēmu un nopelniet līdz pat 500 eiro dienā. Lai sāktu, veiciet sākotnējo iemaksu.

Lai turpinātu, izmantojiet norādīto saiti:
https://payment-verification.example

Lūdzu, rīkojieties pēc iespējas ātrāk.",phishing
Palieliniet savus ienākumus,"Izmantojiet mūsu sistēmu un nopelniet līdz pat 500 eiro dienā. Lai sāktu, veiciet sākotnējo iemaksu.

Lai turpinātu, izmantojiet norādīto saiti:
https://t.me/earn_money_lv",phishing
Kriptovalūtas investīciju piedāvājums,"Ekskluzīva investīciju iespēja ar garantētu peļņu. Vietu skaits ir ierobežots.

Lai turpinātu, izmantojiet norādīto saiti:
https://delivery-confirmation.example

Lūdzu, rīkojieties pēc iespējas ātrāk.",phishing
Ekskluzīva peļņas iespēja,"Ekskluzīva investīciju iespēja ar garantētu peļņu. Vietu skaits ir ierobežots.

Lai turpinātu, izmantojiet norādīto saiti:
https://example-login-check.com

Lūdzu, rīkojieties pēc iespējas ātrāk.",phishing
Īpaša investīciju iespēja,"Izmantojiet mūsu sistēmu un nopelniet līdz pat 500 eiro dienā. Lai sāktu, veiciet sākotnējo iemaksu.

Lai turpinātu, izmantojiet norādīto saiti:
https://t.me/darbs_online",phishing
Palieliniet savus ienākumus,"Mūsu eksperti palīdzēs jums ātri palielināt ienākumus ar kriptovalūtu. Reģistrējieties, izmantojot saiti.

Lai turpinātu, izmantojiet norādīto saiti:
https://payment-verification.example",phishing
Kriptovalūtas investīciju piedāvājums,"Izmantojiet mūsu sistēmu un nopelniet līdz pat 500 eiro dienā. Lai sāktu, veiciet sākotnējo iemaksu.

Lai turpinātu, izmantojiet norādīto saiti:
https://account-security-check.com",phishing
Īpaša investīciju iespēja,"Mūsu eksperti palīdzēs jums ātri palielināt ienākumus ar kriptovalūtu. Reģistrējieties, izmantojot saiti.

Lai turpinātu, izmantojiet norādīto saiti:
https://delivery-confirmation.example

Lūdzu, rīkojieties pēc iespējas ātrāk.",phishing
Īpaša investīciju iespēja,"Mūsu eksperti palīdzēs jums ātri palielināt ienākumus ar kriptovalūtu. Reģistrējieties, izmantojot saiti.

Lai turpinātu, izmantojiet norādīto saiti:
https://t.me/fast_work",phishing
Ekskluzīva peļņas iespēja,Ekskluzīva investīciju iespēja ar garantētu peļņu. Vietu skaits ir ierobežots.,phishing
Kriptovalūtas investīciju piedāvājums,"Izmantojiet mūsu sistēmu un nopelniet līdz pat 500 eiro dienā. Lai sāktu, veiciet sākotnējo iemaksu.

Lai turpinātu, izmantojiet norādīto saiti:
https://payment-verification.example

Lūdzu, rīkojieties pēc iespējas ātrāk.",phishing
Kriptovalūtas investīciju piedāvājums,"Ekskluzīva investīciju iespēja ar garantētu peļņu. Vietu skaits ir ierobežots.

Lai turpinātu, izmantojiet norādīto saiti:
https://t.me/fast_work

Lūdzu, rīkojieties pēc iespējas ātrāk.",phishing
Īpaša investīciju iespēja,"Ekskluzīva investīciju iespēja ar garantētu peļņu. Vietu skaits ir ierobežots.

Lūdzu, rīkojieties pēc iespējas ātrāk.",phishing
Palieliniet savus ienākumus,"Ekskluzīva investīciju iespēja ar garantētu peļņu. Vietu skaits ir ierobežots.

Lai turpinātu, izmantojiet norādīto saiti:
https://example-login-check.com

Lūdzu, rīkojieties pēc iespējas ātrāk.",phishing
Īpaša investīciju iespēja,"Ekskluzīva investīciju iespēja ar garantētu peļņu. Vietu skaits ir ierobežots.

Lai turpinātu, izmantojiet norādīto saiti:
https://delivery-confirmation.example",phishing
Ekskluzīva peļņas iespēja,"Izmantojiet mūsu sistēmu un nopelniet līdz pat 500 eiro dienā. Lai sāktu, veiciet sākotnējo iemaksu.

Lai turpinātu, izmantojiet norādīto saiti:
https://t.me/fast_work",phishing
Pēdējais brīdinājums,"Ja nepieciešamā darbība netiks veikta 24 stundu laikā, jūsu konts tiks bloķēts.

Lūdzu, rīkojieties pēc iespējas ātrāk.",phishing
Pēdējais brīdinājums,Šī ir pēdējā iespēja apstiprināt jūsu kontu. Rīkojieties nekavējoties.,phishing
Steidzams paziņojums,"Šī ir pēdējā iespēja apstiprināt jūsu kontu. Rīkojieties nekavējoties.

Lai turpinātu, izmantojiet norādīto saiti:
https://payment-verification.example",phishing
Svarīgi! Nepieciešama tūlītēja rīcība,"Šī ir pēdējā iespēja apstiprināt jūsu kontu. Rīkojieties nekavējoties.

Lai turpinātu, izmantojiet norādīto saiti:
https://t.me/darbs_online

Lūdzu, rīkojieties pēc iespējas ātrāk.",phishing
Steidzams paziņojums,"Ja nepieciešamā darbība netiks veikta 24 stundu laikā, jūsu konts tiks bloķēts.

Lai turpinātu, izmantojiet norādīto saiti:
https://t.me/darbs_online",phishing
NEKAVĒJOTIES RĪKOJIETIES,"Ja nepieciešamā darbība netiks veikta 24 stundu laikā, jūsu konts tiks bloķēts.

Lai turpinātu, izmantojiet norādīto saiti:
https://account-security-check.com",phishing
NEKAVĒJOTIES RĪKOJIETIES,"Ja nepieciešamā darbība netiks veikta 24 stundu laikā, jūsu konts tiks bloķēts.

Lūdzu, rīkojieties pēc iespējas ātrāk.",phishing
Pēdējais brīdinājums,"Šī ir pēdējā iespēja apstiprināt jūsu kontu. Rīkojieties nekavējoties.

Lai turpinātu, izmantojiet norādīto saiti:
https://t.me/earn_money_lv

Lūdzu, rīkojieties pēc iespējas ātrāk.",phishing
Steidzams paziņojums,"Ja nepieciešamā darbība netiks veikta 24 stundu laikā, jūsu konts tiks bloķēts.

Lai turpinātu, izmantojiet norādīto saiti:
https://delivery-confirmation.example",phishing
Svarīgi! Nepieciešama tūlītēja rīcība,"Lūdzu, nekavējoties veiciet pārbaudi, lai nezaudētu piekļuvi pakalpojumam.

Lai turpinātu, izmantojiet norādīto saiti:
https://t.me/fast_work

Lūdzu, rīkojieties pēc iespējas ātrāk.",phishing
Pēdējais brīdinājums,"Lūdzu, nekavējoties veiciet pārbaudi, lai nezaudētu piekļuvi pakalpojumam.

Lai turpinātu, izmantojiet norādīto saiti:
https://example-login-check.com

Lūdzu, rīkojieties pēc iespējas ātrāk.",phishing
Svarīgi! Nepieciešama tūlītēja rīcība,"Šī ir pēdējā iespēja apstiprināt jūsu kontu. Rīkojieties nekavējoties.

Lai turpinātu, izmantojiet norādīto saiti:
https://t.me/earn_money_lv",phishing
Pēdējais brīdinājums,"Šī ir pēdējā iespēja apstiprināt jūsu kontu. Rīkojieties nekavējoties.

Lai turpinātu, izmantojiet norādīto saiti:
https://t.me/fast_work

Lūdzu, rīkojieties pēc iespējas ātrāk.",phishing
Pēdējais brīdinājums,"Ja nepieciešamā darbība netiks veikta 24 stundu laikā, jūsu konts tiks bloķēts.

Lai turpinātu, izmantojiet norādīto saiti:
https://delivery-confirmation.example

Lūdzu, rīkojieties pēc iespējas ātrāk.",phishing
Pēdējais brīdinājums,"Šī ir pēdējā iespēja apstiprināt jūsu kontu. Rīkojieties nekavējoties.

Lai turpinātu, izmantojiet norādīto saiti:
https://example-login-check.com

Lūdzu, rīkojieties pēc iespējas ātrāk.",phishing
Svarīgi! Nepieciešama tūlītēja rīcība,"Lūdzu, nekavējoties veiciet pārbaudi, lai nezaudētu piekļuvi pakalpojumam.

Lai turpinātu, izmantojiet norādīto saiti:
https://payment-verification.example",phishing
NEKAVĒJOTIES RĪKOJIETIES,"Šī ir pēdējā iespēja apstiprināt jūsu kontu. Rīkojieties nekavējoties.

Lai turpinātu, izmantojiet norādīto saiti:
https://payment-verification.example",phishing
Steidzams paziņojums,"Lūdzu, nekavējoties veiciet pārbaudi, lai nezaudētu piekļuvi pakalpojumam.

Lai turpinātu, izmantojiet norādīto saiti:
https://example-login-check.com",phishing
Pēdējais brīdinājums,"Lūdzu, nekavējoties veiciet pārbaudi, lai nezaudētu piekļuvi pakalpojumam.

Lai turpinātu, izmantojiet norādīto saiti:
https://example-login-check.com",phishing
Steidzams paziņojums,"Ja nepieciešamā darbība netiks veikta 24 stundu laikā, jūsu konts tiks bloķēts.

Lai turpinātu, izmantojiet norādīto saiti:
https://example-login-check.com",phishing
NEKAVĒJOTIES RĪKOJIETIES,"Lūdzu, nekavējoties veiciet pārbaudi, lai nezaudētu piekļuvi pakalpojumam.

Lai turpinātu, izmantojiet norādīto saiti:
https://account-security-check.com",phishing
Steidzams paziņojums,Šī ir pēdējā iespēja apstiprināt jūsu kontu. Rīkojieties nekavējoties.,phishing
Steidzams paziņojums,"Šī ir pēdējā iespēja apstiprināt jūsu kontu. Rīkojieties nekavējoties.

Lūdzu, rīkojieties pēc iespējas ātrāk.",phishing
Steidzams paziņojums,"Lūdzu, nekavējoties veiciet pārbaudi, lai nezaudētu piekļuvi pakalpojumam.

Lai turpinātu, izmantojiet norādīto saiti:
https://delivery-confirmation.example",phishing
NEKAVĒJOTIES RĪKOJIETIES,"Šī ir pēdējā iespēja apstiprināt jūsu kontu. Rīkojieties nekavējoties.

Lai turpinātu, izmantojiet norādīto saiti:
https://example-login-check.com",phishing
Svarīgi! Nepieciešama tūlītēja rīcība,"Lūdzu, nekavējoties veiciet pārbaudi, lai nezaudētu piekļuvi pakalpojumam.

Lai turpinātu, izmantojiet norādīto saiti:
https://payment-verification.example

Lūdzu, rīkojieties pēc iespējas ātrāk.",phishing
Pēdējais brīdinājums,"Šī ir pēdējā iespēja apstiprināt jūsu kontu. Rīkojieties nekavējoties.

Lai turpinātu, izmantojiet norādīto saiti:
https://t.me/fast_work",phishing
NEKAVĒJOTIES RĪKOJIETIES,"Šī ir pēdējā iespēja apstiprināt jūsu kontu. Rīkojieties nekavējoties.

Lai turpinātu, izmantojiet norādīto saiti:
https://t.me/darbs_online",phishing
Svarīgi! Nepieciešama tūlītēja rīcība,"Ja nepieciešamā darbība netiks veikta 24 stundu laikā, jūsu konts tiks bloķēts.

Lai turpinātu, izmantojiet norādīto saiti:
https://delivery-confirmation.example",phishing
Pēdējais brīdinājums,"Šī ir pēdējā iespēja apstiprināt jūsu kontu. Rīkojieties nekavējoties.

Lai turpinātu, izmantojiet norādīto saiti:
https://t.me/earn_money_lv",phishing
NEKAVĒJOTIES RĪKOJIETIES,"Lūdzu, nekavējoties veiciet pārbaudi, lai nezaudētu piekļuvi pakalpojumam.

Lai turpinātu, izmantojiet norādīto saiti:
https://t.me/earn_money_lv",phishing
Svarīgi! Nepieciešama tūlītēja rīcība,"Ja nepieciešamā darbība netiks veikta 24 stundu laikā, jūsu konts tiks bloķēts.",phishing
Steidzams paziņojums,"Šī ir pēdējā iespēja apstiprināt jūsu kontu. Rīkojieties nekavējoties.

Lai turpinātu, izmantojiet norādīto saiti:
https://delivery-confirmation.example",phishing
Svarīgi! Nepieciešama tūlītēja rīcība,"Ja nepieciešamā darbība netiks veikta 24 stundu laikā, jūsu konts tiks bloķēts.

Lai turpinātu, izmantojiet norādīto saiti:
https://account-security-check.com",phishing
Steidzams paziņojums,"Ja nepieciešamā darbība netiks veikta 24 stundu laikā, jūsu konts tiks bloķēts.

Lai turpinātu, izmantojiet norādīto saiti:
https://payment-verification.example",phishing
Pēdējais brīdinājums,"Lūdzu, nekavējoties veiciet pārbaudi, lai nezaudētu piekļuvi pakalpojumam.",phishing
Steidzams paziņojums,"Šī ir pēdējā iespēja apstiprināt jūsu kontu. Rīkojieties nekavējoties.

Lai turpinātu, izmantojiet norādīto saiti:
https://account-security-check.com",phishing
NEKAVĒJOTIES RĪKOJIETIES,"Šī ir pēdējā iespēja apstiprināt jūsu kontu. Rīkojieties nekavējoties.

Lai turpinātu, izmantojiet norādīto saiti:
https://payment-verification.example

Lūdzu, rīkojieties pēc iespējas ātrāk.",phishing
Svarīgi! Nepieciešama tūlītēja rīcība,"Ja nepieciešamā darbība netiks veikta 24 stundu laikā, jūsu konts tiks bloķēts.

Lai turpinātu, izmantojiet norādīto saiti:
https://t.me/earn_money_lv",phishing
NEKAVĒJOTIES RĪKOJIETIES,"Ja nepieciešamā darbība netiks veikta 24 stundu laikā, jūsu konts tiks bloķēts.

Lai turpinātu, izmantojiet norādīto saiti:
https://t.me/darbs_online

Lūdzu, rīkojieties pēc iespējas ātrāk.",phishing
Steidzams paziņojums,"Šī ir pēdējā iespēja apstiprināt jūsu kontu. Rīkojieties nekavējoties.

Lai turpinātu, izmantojiet norādīto saiti:
https://delivery-confirmation.example

Lūdzu, rīkojieties pēc iespējas ātrāk.",phishing
Pēdējais brīdinājums,"Lūdzu, nekavējoties veiciet pārbaudi, lai nezaudētu piekļuvi pakalpojumam.

Lai turpinātu, izmantojiet norādīto saiti:
https://payment-verification.example",phishing
NEKAVĒJOTIES RĪKOJIETIES,"Ja nepieciešamā darbība netiks veikta 24 stundu laikā, jūsu konts tiks bloķēts.",phishing
Pēdējais brīdinājums,"Ja nepieciešamā darbība netiks veikta 24 stundu laikā, jūsu konts tiks bloķēts.

Lai turpinātu, izmantojiet norādīto saiti:
https://t.me/earn_money_lv",phishing
Pēdējais brīdinājums,"Lūdzu, nekavējoties veiciet pārbaudi, lai nezaudētu piekļuvi pakalpojumam.

Lai turpinātu, izmantojiet norādīto saiti:
https://account-security-check.com",phishing
Svarīgi! Nepieciešama tūlītēja rīcība,"Lūdzu, nekavējoties veiciet pārbaudi, lai nezaudētu piekļuvi pakalpojumam.

Lai turpinātu, izmantojiet norādīto saiti:
https://account-security-check.com

Lūdzu, rīkojieties pēc iespējas ātrāk.",phishing
NEKAVĒJOTIES RĪKOJIETIES,"Ja nepieciešamā darbība netiks veikta 24 stundu laikā, jūsu konts tiks bloķēts.

Lai turpinātu, izmantojiet norādīto saiti:
https://t.me/earn_money_lv",phishing
Svarīgi! Nepieciešama tūlītēja rīcība,"Ja nepieciešamā darbība netiks veikta 24 stundu laikā, jūsu konts tiks bloķēts.

Lai turpinātu, izmantojiet norādīto saiti:
https://delivery-confirmation.example

Lūdzu, rīkojieties pēc iespējas ātrāk.",phishing
Steidzams paziņojums,"Lūdzu, nekavējoties veiciet pārbaudi, lai nezaudētu piekļuvi pakalpojumam.",phishing
Pēdējais brīdinājums,"Lūdzu, nekavējoties veiciet pārbaudi, lai nezaudētu piekļuvi pakalpojumam.

Lai turpinātu, izmantojiet norādīto saiti:
https://t.me/fast_work",phishing
Pēdējais brīdinājums,"Ja nepieciešamā darbība netiks veikta 24 stundu laikā, jūsu konts tiks bloķēts.

Lai turpinātu, izmantojiet norādīto saiti:
https://example-login-check.com",phishing
Svarīgi! Nepieciešama tūlītēja rīcība,"Lūdzu, nekavējoties veiciet pārbaudi, lai nezaudētu piekļuvi pakalpojumam.

Lai turpinātu, izmantojiet norādīto saiti:
https://delivery-confirmation.example",phishing
Pēdējais brīdinājums,"Lūdzu, nekavējoties veiciet pārbaudi, lai nezaudētu piekļuvi pakalpojumam.

Lai turpinātu, izmantojiet norādīto saiti:
https://t.me/earn_money_lv",phishing
Steidzams paziņojums,"Ja nepieciešamā darbība netiks veikta 24 stundu laikā, jūsu konts tiks bloķēts.

Lai turpinātu, izmantojiet norādīto saiti:
https://t.me/fast_work",phishing
Steidzams paziņojums,"Ja nepieciešamā darbība netiks veikta 24 stundu laikā, jūsu konts tiks bloķēts.

Lai turpinātu, izmantojiet norādīto saiti:
https://payment-verification.example

Lūdzu, rīkojieties pēc iespējas ātrāk.",phishing
NEKAVĒJOTIES RĪKOJIETIES,"Ja nepieciešamā darbība netiks veikta 24 stundu laikā, jūsu konts tiks bloķēts.

Lai turpinātu, izmantojiet norādīto saiti:
https://delivery-confirmation.example",phishing
Pēdējais brīdinājums,"Lūdzu, nekavējoties veiciet pārbaudi, lai nezaudētu piekļuvi pakalpojumam.

Lai turpinātu, izmantojiet norādīto saiti:
https://t.me/darbs_online",phishing
Pēdējais brīdinājums,"Šī ir pēdējā iespēja apstiprināt jūsu kontu. Rīkojieties nekavējoties.

Lai turpinātu, izmantojiet norādīto saiti:
https://delivery-confirmation.example

Lūdzu, rīkojieties pēc iespējas ātrāk.",phishing
NEKAVĒJOTIES RĪKOJIETIES,"Ja nepieciešamā darbība netiks veikta 24 stundu laikā, jūsu konts tiks bloķēts.

Lai turpinātu, izmantojiet norādīto saiti:
https://t.me/fast_work

Lūdzu, rīkojieties pēc iespējas ātrāk.",phishing
NEKAVĒJOTIES RĪKOJIETIES,"Šī ir pēdējā iespēja apstiprināt jūsu kontu. Rīkojieties nekavējoties.

Lai turpinātu, izmantojiet norādīto saiti:
https://t.me/fast_work",phishing
NEKAVĒJOTIES RĪKOJIETIES,"Šī ir pēdējā iespēja apstiprināt jūsu kontu. Rīkojieties nekavējoties.

Lai turpinātu, izmantojiet norādīto saiti:
https://delivery-confirmation.example",phishing
Pēdējais brīdinājums,"Ja nepieciešamā darbība netiks veikta 24 stundu laikā, jūsu konts tiks bloķēts.

Lai turpinātu, izmantojiet norādīto saiti:
https://t.me/darbs_online",phishing
Svarīgi! Nepieciešama tūlītēja rīcība,Šī ir pēdējā iespēja apstiprināt jūsu kontu. Rīkojieties nekavējoties.,phishing
