subject,message,label
Dokumentu nosūtīšana,"Sveiki, kolēģi!

Pasākuma sākums paredzēts plkst. 10.00. Pielikumā nosūtām informāciju par plānoto pasākumu. Informācija par jaunumiem ir pieejama mūsu mājaslapā. Lūdzu, iepazīstieties ar pievienotajiem dokumentiem.

Ar cieņu,
Klientu apkalpošanas nodaļa.",normal
Informācija par pasākumu,"Sveiki, visiem!

Atgādinām par rīt plānoto tikšanos. Informācija par jaunumiem ir pieejama mūsu mājaslapā. Informācija tiks papildināta, ja būs nepieciešamas izmaiņas. Nodarbība notiks ierastajā laikā. Jūsu pasūtījums ir sagatavots un tiks nosūtīts tuvākajās dienās. Piegāde ir plānota tuvāko trīs darba dienu laikā. Vēlamies informēt, ka mūsu tikšanās notiks nākamajā nedēļā.

Veiksmīgu dienu!
Mūsu komanda.",normal
Nedēļas jaunumi,"Sveiki, Jāni!

Mēs vēlamies precizēt dažas detaļas par mūsu sadarbību. Piegāde ir plānota tuvāko trīs darba dienu laikā. Jūsu rezervācija ir veiksmīgi apstiprināta.

Ar cieņu,
Administrācija.",normal
Jaunā darba kārtība,"Labdien, kolēģi!

Jūsu rezervācija ir veiksmīgi apstiprināta. Mēs vēlamies precizēt dažas detaļas par mūsu sadarbību. Ja jums ir jautājumi, varat sazināties ar mūsu klientu apkalpošanas nodaļu.

Lai jauka diena!
Mūsu komanda.",normal
Rezervācijas apstiprinājums,"Labdien, Anna!

Atgādinām, ka pasākums notiks piektdien. Pasākuma sākums paredzēts plkst. 10.00. Lūdzu, informējiet mūs, ja nevarēsiet piedalīties. Jūsu pasūtījums ir sagatavots un tiks nosūtīts tuvākajās dienās. Mēs nosūtīsim papildu informāciju pēc tikšanās. Pasākuma dalībniekiem būs pieejami visi nepieciešamie materiāli.

Lai jauka diena!
Mūsu komanda.",normal
Aptauja par pakalpojumu,"Sveiki, kolēģi!

Ja jums ir jautājumi, varat sazināties ar mūsu klientu apkalpošanas nodaļu. Papildu informāciju varat saņemt, sazinoties ar mums. Sanāksmes laikā pārrunāsim aktuālos jautājumus. Piegāde ir plānota tuvāko trīs darba dienu laikā.

Ar cieņu,
Skolas administrācija.",normal
Mēneša pārskats,"Sveiki, kolēģi!

Informācija par darba grafiku ir pievienota šim ziņojumam. Mēs nosūtīsim papildu informāciju pēc tikšanās. Informācija par jaunumiem ir pieejama mūsu mājaslapā. Jūsu rezervācija ir veiksmīgi apstiprināta. Paldies, ka izmantojat mūsu pakalpojumus. Lūdzu, dodiet mums ziņu, ja nepieciešams mainīt tikšanās laiku.

Paldies!
Klientu serviss.",normal
Atgādinājums par tikšanos,"Labdien!

Tikšanās laiks ir saskaņots ar visiem dalībniekiem. Paldies par jūsu iepriekšējo atbildi. Mēs novērtējam jūsu atsauksmes un ieteikumus. Pasākuma dalībniekiem būs pieejami visi nepieciešamie materiāli.

Paldies!
Klientu serviss.",normal
Rezervācijas apstiprinājums,"Sveiki, komanda!

Papildu informāciju varat saņemt, sazinoties ar mums. Dokumenti būs pieejami arī klātienes tikšanās laikā. Pasākuma dalībniekiem būs pieejami visi nepieciešamie materiāli. Jūsu pasūtījums ir sagatavots un tiks nosūtīts tuvākajās dienās. Mēs novērtējam jūsu atsauksmes un ieteikumus.

Veiksmīgu dienu!
Mūsu komanda.",normal
Informācija klientiem,"Labdien, Anna!

Paldies, ka izmantojat mūsu pakalpojumus. Nodarbība notiks ierastajā laikā. Informācija tiks papildināta, ja būs nepieciešamas izmaiņas. Mēs vēlamies precizēt dažas detaļas par mūsu sadarbību. Lūdzu, informējiet mūs, ja nevarēsiet piedalīties. Pasākuma sākums paredzēts plkst. 10.00. Papildu informāciju varat saņemt, sazinoties ar mums.

Ar cieņu,
Projektu komanda.",normal
Jaunā darba kārtība,"Sveiki, Jāni!

Jūsu pasūtījums ir sagatavots un tiks nosūtīts tuvākajās dienās. Vēlamies informēt, ka mūsu tikšanās notiks nākamajā nedēļā. Mēs vēlamies precizēt dažas detaļas par mūsu sadarbību. Mēs priecāsimies saņemt jūsu komentārus. Lūdzu, iepazīstieties ar pievienotajiem dokumentiem. Piegāde ir plānota tuvāko trīs darba dienu laikā. Paldies, ka izmantojat mūsu pakalpojumus.

Ar cieņu,
Administrācija.",normal
Mēneša pārskats,"Labdien, kolēģi!

Lūdzu, saglabājiet šo ziņojumu turpmākai atsaucei. Papildu informāciju varat saņemt, sazinoties ar mums. Informācija par jaunumiem ir pieejama mūsu mājaslapā. Jūsu rezervācija ir veiksmīgi apstiprināta. Tikšanās laiks ir saskaņots ar visiem dalībniekiem. Paldies, ka izmantojat mūsu pakalpojumus.

Ar cieņu,
Projektu komanda.",normal
Pasākuma programma,"Sveiki, komanda!

Jūsu pasūtījums ir sagatavots un tiks nosūtīts tuvākajās dienās. Vēlamies informēt, ka mūsu tikšanās notiks nākamajā nedēļā. Papildu informāciju varat saņemt, sazinoties ar mums. Informācija tiks papildināta, ja būs nepieciešamas izmaiņas.

Paldies!
Klientu serviss.",normal
Jaunā darba kārtība,"Sveiki, komanda!

Pasākuma sākums paredzēts plkst. 10.00. Mēs vēlamies precizēt dažas detaļas par mūsu sadarbību. Paldies, ka izmantojat mūsu pakalpojumus.

Ar cieņu,
Administrācija.",normal
Pateicība par sadarbību,"Labdien, skolēni!

Informācija par darba grafiku ir pievienota šim ziņojumam. Atgādinām, ka pasākums notiks piektdien. Mēs nosūtīsim papildu informāciju pēc tikšanās. Informācija tiks papildināta, ja būs nepieciešamas izmaiņas.

Ar cieņu,
Projektu komanda.",normal
Informācija par nodarbību,"Labdien!

Jūsu rezervācija ir veiksmīgi apstiprināta. Mēs vēlamies precizēt dažas detaļas par mūsu sadarbību. Paldies par jūsu laiku un atsaucību. Mēs priecāsimies saņemt jūsu komentārus. Pielikumā nosūtām informāciju par plānoto pasākumu. Darba grafiks nākamajai nedēļai ir sagatavots. Mēs novērtējam jūsu atsauksmes un ieteikumus.

Veiksmīgu dienu!
Mūsu komanda.",normal
Bibliotēkas atgādinājums,"Sveiki, visiem!

Piegāde ir plānota tuvāko trīs darba dienu laikā. Pasākuma dalībniekiem būs pieejami visi nepieciešamie materiāli. Ja nepieciešams, varam vienoties par citu laiku.

Lai jauka diena!
Mūsu komanda.",normal
Mācību materiāli,"Labdien, skolēni!

Pasākuma dalībniekiem būs pieejami visi nepieciešamie materiāli. Papildu informāciju varat saņemt, sazinoties ar mums. Paldies par jūsu laiku un atsaucību. Tikšanās laiks ir saskaņots ar visiem dalībniekiem. Paldies par jūsu iepriekšējo atbildi. Atgādinām, ka pasākums notiks piektdien. Atgādinām par rīt plānoto tikšanos.

Paldies par sadarbību!
Uzņēmuma komanda.",normal
Piegādes datums,"Sveiki, Jāni!

Lūdzu, iepazīstieties ar pievienotajiem dokumentiem. Informācija par darba grafiku ir pievienota šim ziņojumam. Pasākuma dalībniekiem būs pieejami visi nepieciešamie materiāli. Mēs nosūtīsim papildu informāciju pēc tikšanās. Šonedēļ esam sagatavojuši vairākus jaunumus. Jūsu pasūtījums ir sagatavots un tiks nosūtīts tuvākajās dienās.

Ar cieņu,
Projektu komanda.",normal
Pateicība par sadarbību,"Sveiki, visiem!

Mēs vēlamies precizēt dažas detaļas par mūsu sadarbību. Atgādinām, ka pasākums notiks piektdien. Pielikumā nosūtām informāciju par plānoto pasākumu. Mēs nosūtīsim papildu informāciju pēc tikšanās.

Veiksmīgu dienu!
Mūsu komanda.",normal
Rēķins par pakalpojumu,"Labdien, Anna!

Darba grafiks nākamajai nedēļai ir sagatavots. Informācija par darba grafiku ir pievienota šim ziņojumam. Pasākuma sākums paredzēts plkst. 10.00. Lūdzu, iepazīstieties ar pievienotajiem dokumentiem.

Ar cieņu,
Projektu komanda.",normal
Informācija par pasākumu,"Sveiki, komanda!

Paldies par jūsu laiku un atsaucību. Paldies, ka izmantojat mūsu pakalpojumus. Mēs nosūtīsim papildu informāciju pēc tikšanās. Ja jums ir jautājumi, varat sazināties ar mūsu klientu apkalpošanas nodaļu. Vēlamies informēt, ka mūsu tikšanās notiks nākamajā nedēļā.

Ar cieņu,
Administrācija.",normal
Darba grafiks,"Sveiki, visiem!

Aptauja aizņems tikai dažas minūtes. Lūdzu, saglabājiet šo ziņojumu turpmākai atsaucei. Informācija par darba grafiku ir pievienota šim ziņojumam. Papildu informāciju varat saņemt, sazinoties ar mums. Paldies par jūsu laiku un atsaucību. Lūdzu, iepazīstieties ar pievienotajiem dokumentiem. Lūdzu, informējiet mūs, ja nevarēsiet piedalīties.

Ar cieņu,
Projektu komanda.",normal
Dokumentu nosūtīšana,"Sveiki!

Mēs novērtējam jūsu atsauksmes un ieteikumus. Lūdzu, dodiet mums ziņu, ja nepieciešams mainīt tikšanās laiku. Tikšanās laiks ir saskaņots ar visiem dalībniekiem.

Ar cieņu,
Skolas administrācija.",normal
Tikšanās laika maiņa,"Labdien, skolēni!

Atgādinām, ka pasākums notiks piektdien. Pasākuma sākums paredzēts plkst. 10.00. Šonedēļ esam sagatavojuši vairākus jaunumus. Mēs priecāsimies saņemt jūsu komentārus. Sanāksmes laikā pārrunāsim aktuālos jautājumus. Aptauja aizņems tikai dažas minūtes.

Veiksmīgu dienu!
Mūsu komanda.",normal
Piegādes datums,"Sveiki, Jāni!

Darba grafiks nākamajai nedēļai ir sagatavots. Lūdzu, informējiet mūs, ja nevarēsiet piedalīties. Paldies par jūsu laiku un atsaucību. Jūsu rezervācija ir veiksmīgi apstiprināta. Nodarbība notiks ierastajā laikā. Papildu informāciju varat saņemt, sazinoties ar mums.

Lai jauka diena!
Mūsu komanda.",normal
Jaunumi uzņēmumā,"Sveiki, kolēģi!

Tikšanās laiks ir saskaņots ar visiem dalībniekiem. Mēs vēlamies precizēt dažas detaļas par mūsu sadarbību. Mēs nosūtīsim papildu informāciju pēc tikšanās. Pasākuma sākums paredzēts plkst. 10.00. Darba grafiks nākamajai nedēļai ir sagatavots. Paldies par jūsu iepriekšējo atbildi.

Lai jauka diena!
Mūsu komanda.",normal
Mācību materiāli,"Labdien, cienījamie klienti!

Atgādinām, ka pasākums notiks piektdien. Mēs vēlamies precizēt dažas detaļas par mūsu sadarbību. Informācija tiks papildināta, ja būs nepieciešamas izmaiņas. Informācija par darba grafiku ir pievienota šim ziņojumam. Šonedēļ esam sagatavojuši vairākus jaunumus. Nākamajā mēnesī tiks veiktas nelielas izmaiņas darba kārtībā.

Ar cieņu,
Skolas administrācija.",normal
Piegādes informācija,"Labdien, kolēģi!

Mēs novērtējam jūsu atsauksmes un ieteikumus. Tikšanās laiks ir saskaņots ar visiem dalībniekiem. Ja nepieciešams, varam vienoties par citu laiku. Informācija par darba grafiku ir pievienota šim ziņojumam. Mēs nosūtīsim papildu informāciju pēc tikšanās.

Paldies par sadarbību!
Uzņēmuma komanda.",normal
Semināra programma,"Sveiki, visiem!

Paldies par jūsu iepriekšējo atbildi. Aptauja aizņems tikai dažas minūtes. Paldies, ka izmantojat mūsu pakalpojumus. Informācija par jaunumiem ir pieejama mūsu mājaslapā. Lūdzu, iepazīstieties ar pievienotajiem dokumentiem.

Ar cieņu,
Klientu apkalpošanas nodaļa.",normal
Komandas sapulce,"Sveiki, visiem!

Mēs priecāsimies saņemt jūsu komentārus. Pielikumā nosūtām informāciju par plānoto pasākumu. Tikšanās laiks ir saskaņots ar visiem dalībniekiem. Sanāksmes laikā pārrunāsim aktuālos jautājumus.

Ar cieņu,
Skolas administrācija.",normal
Dokumentu nosūtīšana,"Labdien, Anna!

Lūdzu, dodiet mums ziņu, ja nepieciešams mainīt tikšanās laiku. Lūdzu, iepazīstieties ar pievienotajiem dokumentiem. Aptauja aizņems tikai dažas minūtes. Paldies par jūsu iepriekšējo atbildi. Informācija par jaunumiem ir pieejama mūsu mājaslapā. Informācija tiks papildināta, ja būs nepieciešamas izmaiņas.

Ar cieņu,
Skolas administrācija.",normal
Aptauja par pakalpojumu,"Sveiki, visiem!

Ja nepieciešams, varam vienoties par citu laiku. Pasākuma sākums paredzēts plkst. 10.00. Lūdzu, iepazīstieties ar pievienotajiem dokumentiem.

Ar cieņu,
Administrācija.",normal
Tikšanās par projektu,"Labdien, kolēģi!

Sanāksmes laikā pārrunāsim aktuālos jautājumus. Vēlamies informēt, ka mūsu tikšanās notiks nākamajā nedēļā. Mēs nosūtīsim papildu informāciju pēc tikšanās. Pasākuma dalībniekiem būs pieejami visi nepieciešamie materiāli.

Ar cieņu,
Klientu apkalpošanas nodaļa.",normal
Mēneša pārskats,"Sveiki, visiem!

Mēs priecāsimies saņemt jūsu komentārus. Šonedēļ esam sagatavojuši vairākus jaunumus. Aptauja aizņems tikai dažas minūtes. Ja jums ir jautājumi, varat sazināties ar mūsu klientu apkalpošanas nodaļu.

Veiksmīgu dienu!
Mūsu komanda.",normal
Piegādes informācija,"Sveiki, visiem!

Lūdzu, informējiet mūs, ja nevarēsiet piedalīties. Atgādinām, ka pasākums notiks piektdien. Informācija par jaunumiem ir pieejama mūsu mājaslapā. Atgādinām par rīt plānoto tikšanos. Tikšanās laiks ir saskaņots ar visiem dalībniekiem. Ja jums ir jautājumi, varat sazināties ar mūsu klientu apkalpošanas nodaļu.

Ar cieņu,
Administrācija.",normal
Aptauja par pakalpojumu,"Sveiki, kolēģi!

Tikšanās laiks ir saskaņots ar visiem dalībniekiem. Jūsu rezervācija ir veiksmīgi apstiprināta. Informācija par darba grafiku ir pievienota šim ziņojumam. Ja jums ir jautājumi, varat sazināties ar mūsu klientu apkalpošanas nodaļu. Informācija tiks papildināta, ja būs nepieciešamas izmaiņas. Lūdzu, informējiet mūs, ja nevarēsiet piedalīties.

Ar cieņu,
Skolas administrācija.",normal
Mēneša pārskats,"Labdien, skolēni!

Piegāde ir plānota tuvāko trīs darba dienu laikā. Dokumenti būs pieejami arī klātienes tikšanās laikā. Lūdzu, saglabājiet šo ziņojumu turpmākai atsaucei.

Ar cieņu,
Administrācija.",normal
Informācija klientiem,"Sveiki, visiem!

Mēs vēlamies precizēt dažas detaļas par mūsu sadarbību. Atgādinām par rīt plānoto tikšanos. Jūsu pasūtījums ir sagatavots un tiks nosūtīts tuvākajās dienās. Lūdzu, iepazīstieties ar pievienotajiem dokumentiem. Nākamajā mēnesī tiks veiktas nelielas izmaiņas darba kārtībā.

Veiksmīgu dienu!
Mūsu komanda.",normal
Pasūtījuma statuss,"Labdien, cienījamie klienti!

Piegāde ir plānota tuvāko trīs darba dienu laikā. Jūsu pasūtījums ir sagatavots un tiks nosūtīts tuvākajās dienās. Ja jums ir jautājumi, varat sazināties ar mūsu klientu apkalpošanas nodaļu. Atgādinām, ka pasākums notiks piektdien. Informācija par darba grafiku ir pievienota šim ziņojumam. Pasākuma dalībniekiem būs pieejami visi nepieciešamie materiāli. Paldies par jūsu laiku un atsaucību.

Paldies par sadarbību!
Uzņēmuma komanda.",normal
Jaunā darba kārtība,"Labdien, cienījamie klienti!

Mēs vēlamies precizēt dažas detaļas par mūsu sadarbību. Atgādinām, ka pasākums notiks piektdien. Ja jums ir jautājumi, varat sazināties ar mūsu klientu apkalpošanas nodaļu. Šonedēļ esam sagatavojuši vairākus jaunumus. Paldies par jūsu iepriekšējo atbildi. Nākamajā mēnesī tiks veiktas nelielas izmaiņas darba kārtībā. Aptauja aizņems tikai dažas minūtes.

Paldies!
Klientu serviss.",normal
Informācija par nodarbību,"Labdien, skolēni!

Dokumenti būs pieejami arī klātienes tikšanās laikā. Darba grafiks nākamajai nedēļai ir sagatavots. Vēlamies informēt, ka mūsu tikšanās notiks nākamajā nedēļā. Jūsu rezervācija ir veiksmīgi apstiprināta. Mēs novērtējam jūsu atsauksmes un ieteikumus. Mēs vēlamies precizēt dažas detaļas par mūsu sadarbību. Sanāksmes laikā pārrunāsim aktuālos jautājumus.

Veiksmīgu dienu!
Mūsu komanda.",normal
Nedēļas jaunumi,"Labdien, skolēni!

Papildu informāciju varat saņemt, sazinoties ar mums. Nodarbība notiks ierastajā laikā. Ja nepieciešams, varam vienoties par citu laiku. Vēlamies informēt, ka mūsu tikšanās notiks nākamajā nedēļā. Mēs priecāsimies saņemt jūsu komentārus. Darba grafiks nākamajai nedēļai ir sagatavots.

Veiksmīgu dienu!
Mūsu komanda.",normal
Bibliotēkas atgādinājums,"Sveiki!

Pasākuma dalībniekiem būs pieejami visi nepieciešamie materiāli. Vēlamies informēt, ka mūsu tikšanās notiks nākamajā nedēļā. Pielikumā nosūtām informāciju par plānoto pasākumu. Aptauja aizņems tikai dažas minūtes.

Ar cieņu,
Projektu komanda.",normal
Tikšanās laika maiņa,"Labdien, kolēģi!

Vēlamies informēt, ka mūsu tikšanās notiks nākamajā nedēļā. Jūsu rezervācija ir veiksmīgi apstiprināta. Mēs nosūtīsim papildu informāciju pēc tikšanās. Lūdzu, iepazīstieties ar pievienotajiem dokumentiem.

Veiksmīgu dienu!
Mūsu komanda.",normal
Rēķins par pakalpojumu,"Labdien, Anna!

Informācija par darba grafiku ir pievienota šim ziņojumam. Pielikumā nosūtām informāciju par plānoto pasākumu. Sanāksmes laikā pārrunāsim aktuālos jautājumus.

Ar cieņu,
Klientu apkalpošanas nodaļa.",normal
Bibliotēkas atgādinājums,"Sveiki, kolēģi!

Mēs nosūtīsim papildu informāciju pēc tikšanās. Mēs novērtējam jūsu atsauksmes un ieteikumus. Jūsu pasūtījums ir sagatavots un tiks nosūtīts tuvākajās dienās. Vēlamies informēt, ka mūsu tikšanās notiks nākamajā nedēļā. Lūdzu, dodiet mums ziņu, ja nepieciešams mainīt tikšanās laiku. Darba grafiks nākamajai nedēļai ir sagatavots. Aptauja aizņems tikai dažas minūtes.

Ar cieņu,
Klientu apkalpošanas nodaļa.",normal
Tikšanās par projektu,"Sveiki, komanda!

Atgādinām, ka pasākums notiks piektdien. Pasākuma dalībniekiem būs pieejami visi nepieciešamie materiāli. Ja nepieciešams, varam vienoties par citu laiku. Mēs vēlamies precizēt dažas detaļas par mūsu sadarbību. Nodarbība notiks ierastajā laikā. Papildu informāciju varat saņemt, sazinoties ar mums.

Ar cieņu,
Projektu komanda.",normal
Informācija par nodarbību,"Labdien, cienījamie klienti!

Ja nepieciešams, varam vienoties par citu laiku. Dokumenti būs pieejami arī klātienes tikšanās laikā. Paldies, ka izmantojat mūsu pakalpojumus. Mēs vēlamies precizēt dažas detaļas par mūsu sadarbību. Paldies par jūsu laiku un atsaucību. Vēlamies informēt, ka mūsu tikšanās notiks nākamajā nedēļā. Atgādinām par rīt plānoto tikšanos.

Ar cieņu,
Klientu apkalpošanas nodaļa.",normal
Darba grafiks,"Labdien, cienījamie klienti!

Informācija par darba grafiku ir pievienota šim ziņojumam. Papildu informāciju varat saņemt, sazinoties ar mums. Sanāksmes laikā pārrunāsim aktuālos jautājumus. Lūdzu, iepazīstieties ar pievienotajiem dokumentiem. Paldies par jūsu laiku un atsaucību. Ja nepieciešams, varam vienoties par citu laiku.

Ar cieņu,
Klientu apkalpošanas nodaļa.",normal
Rēķins par pakalpojumu,"Sveiki, komanda!

Papildu informāciju varat saņemt, sazinoties ar mums. Informācija tiks papildināta, ja būs nepieciešamas izmaiņas. Mēs nosūtīsim papildu informāciju pēc tikšanās. Paldies, ka izmantojat mūsu pakalpojumus. Paldies par jūsu laiku un atsaucību. Dokumenti būs pieejami arī klātienes tikšanās laikā. Pasākuma sākums paredzēts plkst. 10.00.

Paldies!
Klientu serviss.",normal
Pasūtījuma statuss,"Labdien, Anna!

Atgādinām, ka pasākums notiks piektdien. Pasākuma sākums paredzēts plkst. 10.00. Aptauja aizņems tikai dažas minūtes.

Paldies par sadarbību!
Uzņēmuma komanda.",normal
Pasūtījuma statuss,"Sveiki, visiem!

Informācija par jaunumiem ir pieejama mūsu mājaslapā. Paldies, ka izmantojat mūsu pakalpojumus. Paldies par jūsu iepriekšējo atbildi. Pasākuma dalībniekiem būs pieejami visi nepieciešamie materiāli. Lūdzu, saglabājiet šo ziņojumu turpmākai atsaucei. Vēlamies informēt, ka mūsu tikšanās notiks nākamajā nedēļā. Dokumenti būs pieejami arī klātienes tikšanās laikā.

Paldies par sadarbību!
Uzņēmuma komanda.",normal
Informācija par pasākumu,"Labdien, kolēģi!

Mēs vēlamies precizēt dažas detaļas par mūsu sadarbību. Sanāksmes laikā pārrunāsim aktuālos jautājumus. Lūdzu, iepazīstieties ar pievienotajiem dokumentiem. Vēlamies informēt, ka mūsu tikšanās notiks nākamajā nedēļā. Paldies par jūsu laiku un atsaucību.

Lai jauka diena!
Mūsu komanda.",normal
Informācija klientiem,"Labdien, Anna!

Informācija par darba grafiku ir pievienota šim ziņojumam. Paldies, ka izmantojat mūsu pakalpojumus. Atgādinām, ka pasākums notiks piektdien. Piegāde ir plānota tuvāko trīs darba dienu laikā.

Ar cieņu,
Projektu komanda.",normal
Bibliotēkas atgādinājums,"Sveiki, visiem!

Piegāde ir plānota tuvāko trīs darba dienu laikā. Darba grafiks nākamajai nedēļai ir sagatavots. Ja nepieciešams, varam vienoties par citu laiku. Atgādinām, ka pasākums notiks piektdien.

Veiksmīgu dienu!
Mūsu komanda.",normal
Atvaļinājuma plāns,"Sveiki, kolēģi!

Mēs novērtējam jūsu atsauksmes un ieteikumus. Atgādinām, ka pasākums notiks piektdien. Lūdzu, dodiet mums ziņu, ja nepieciešams mainīt tikšanās laiku.

Paldies par sadarbību!
Uzņēmuma komanda.",normal
Mācību materiāli,"Labdien, skolēni!

Paldies par jūsu iepriekšējo atbildi. Informācija par jaunumiem ir pieejama mūsu mājaslapā. Paldies, ka izmantojat mūsu pakalpojumus. Pasākuma dalībniekiem būs pieejami visi nepieciešamie materiāli. Lūdzu, informējiet mūs, ja nevarēsiet piedalīties. Pielikumā nosūtām informāciju par plānoto pasākumu. Ja nepieciešams, varam vienoties par citu laiku.

Ar cieņu,
Skolas administrācija.",normal
Informācija par pasākumu,"Labdien, Anna!

Nodarbība notiks ierastajā laikā. Paldies par jūsu iepriekšējo atbildi. Pielikumā nosūtām informāciju par plānoto pasākumu. Ja jums ir jautājumi, varat sazināties ar mūsu klientu apkalpošanas nodaļu. Pasākuma dalībniekiem būs pieejami visi nepieciešamie materiāli.

Ar cieņu,
Administrācija.",normal
Piegādes datums,"Labdien, cienījamie klienti!

Papildu informāciju varat saņemt, sazinoties ar mums. Mēs nosūtīsim papildu informāciju pēc tikšanās. Tikšanās laiks ir saskaņots ar visiem dalībniekiem. Paldies par jūsu laiku un atsaucību.

Lai jauka diena!
Mūsu komanda.",normal
Atvaļinājuma plāns,"Labdien, cienījamie klienti!

Lūdzu, iepazīstieties ar pievienotajiem dokumentiem. Nākamajā mēnesī tiks veiktas nelielas izmaiņas darba kārtībā. Paldies par jūsu iepriekšējo atbildi.

Ar cieņu,
Skolas administrācija.",normal
Informācija par nodarbību,"Labdien, skolēni!

Informācija par jaunumiem ir pieejama mūsu mājaslapā. Paldies par jūsu iepriekšējo atbildi. Mēs priecāsimies saņemt jūsu komentārus. Atgādinām, ka pasākums notiks piektdien.

Ar cieņu,
Administrācija.",normal
Tikšanās laika maiņa,"Sveiki!

Aptauja aizņems tikai dažas minūtes. Lūdzu, iepazīstieties ar pievienotajiem dokumentiem. Mēs novērtējam jūsu atsauksmes un ieteikumus. Pasākuma dalībniekiem būs pieejami visi nepieciešamie materiāli.

Ar cieņu,
Administrācija.",normal
Tikšanās par projektu,"Sveiki, komanda!

Pielikumā nosūtām informāciju par plānoto pasākumu. Informācija tiks papildināta, ja būs nepieciešamas izmaiņas. Mēs novērtējam jūsu atsauksmes un ieteikumus.

Paldies!
Klientu serviss.",normal
Tikšanās par projektu,"Labdien, kolēģi!

Atgādinām par rīt plānoto tikšanos. Papildu informāciju varat saņemt, sazinoties ar mums. Mēs priecāsimies saņemt jūsu komentārus. Ja nepieciešams, varam vienoties par citu laiku.

Paldies par sadarbību!
Uzņēmuma komanda.",normal
Tikšanās laika maiņa,"Labdien, skolēni!

Mēs novērtējam jūsu atsauksmes un ieteikumus. Lūdzu, saglabājiet šo ziņojumu turpmākai atsaucei. Informācija par jaunumiem ir pieejama mūsu mājaslapā. Nākamajā mēnesī tiks veiktas nelielas izmaiņas darba kārtībā.

Ar cieņu,
Skolas administrācija.",normal
Aptauja par pakalpojumu,"Labdien, skolēni!

Dokumenti būs pieejami arī klātienes tikšanās laikā. Paldies par jūsu laiku un atsaucību. Ja jums ir jautājumi, varat sazināties ar mūsu klientu apkalpošanas nodaļu.

Paldies par sadarbību!
Uzņēmuma komanda.",normal
Atvaļinājuma plāns,"Labdien, Anna!

Pasākuma dalībniekiem būs pieejami visi nepieciešamie materiāli. Dokumenti būs pieejami arī klātienes tikšanās laikā. Aptauja aizņems tikai dažas minūtes. Informācija tiks papildināta, ja būs nepieciešamas izmaiņas. Pielikumā nosūtām informāciju par plānoto pasākumu. Jūsu rezervācija ir veiksmīgi apstiprināta. Informācija par jaunumiem ir pieejama mūsu mājaslapā.

Veiksmīgu dienu!
Mūsu komanda.",normal
Tikšanās par projektu,"Sveiki, kolēģi!

Šonedēļ esam sagatavojuši vairākus jaunumus. Pielikumā nosūtām informāciju par plānoto pasākumu. Papildu informāciju varat saņemt, sazinoties ar mums. Darba grafiks nākamajai nedēļai ir sagatavots.

Veiksmīgu dienu!
Mūsu komanda.",normal
Pasūtījuma statuss,"Sveiki, visiem!

Jūsu pasūtījums ir sagatavots un tiks nosūtīts tuvākajās dienās. Aptauja aizņems tikai dažas minūtes. Dokumenti būs pieejami arī klātienes tikšanās laikā. Pielikumā nosūtām informāciju par plānoto pasākumu.

Paldies!
Klientu serviss.",normal
Semināra programma,"Sveiki, Jāni!

Nākamajā mēnesī tiks veiktas nelielas izmaiņas darba kārtībā. Šonedēļ esam sagatavojuši vairākus jaunumus. Informācija par darba grafiku ir pievienota šim ziņojumam. Jūsu pasūtījums ir sagatavots un tiks nosūtīts tuvākajās dienās. Pielikumā nosūtām informāciju par plānoto pasākumu. Lūdzu, informējiet mūs, ja nevarēsiet piedalīties.

Paldies!
Klientu serviss.",normal
Piegādes informācija,"Labdien, kolēģi!

Papildu informāciju varat saņemt, sazinoties ar mums. Lūdzu, informējiet mūs, ja nevarēsiet piedalīties. Ja jums ir jautājumi, varat sazināties ar mūsu klientu apkalpošanas nodaļu. Tikšanās laiks ir saskaņots ar visiem dalībniekiem. Darba grafiks nākamajai nedēļai ir sagatavots. Mēs priecāsimies saņemt jūsu komentārus.

Lai jauka diena!
Mūsu komanda.",normal
Jaunā darba kārtība,"Sveiki!

Sanāksmes laikā pārrunāsim aktuālos jautājumus. Jūsu rezervācija ir veiksmīgi apstiprināta. Papildu informāciju varat saņemt, sazinoties ar mums. Piegāde ir plānota tuvāko trīs darba dienu laikā.

Veiksmīgu dienu!
Mūsu komanda.",normal
Piegādes informācija,"Sveiki!

Atgādinām, ka pasākums notiks piektdien. Nākamajā mēnesī tiks veiktas nelielas izmaiņas darba kārtībā. Dokumenti būs pieejami arī klātienes tikšanās laikā. Mēs priecāsimies saņemt jūsu komentārus. Piegāde ir plānota tuvāko trīs darba dienu laikā. Pielikumā nosūtām informāciju par plānoto pasākumu.

Lai jauka diena!
Mūsu komanda.",normal
Rezervācijas apstiprinājums,"Sveiki, komanda!

Mēs novērtējam jūsu atsauksmes un ieteikumus. Informācija par jaunumiem ir pieejama mūsu mājaslapā. Vēlamies informēt, ka mūsu tikšanās notiks nākamajā nedēļā. Nodarbība notiks ierastajā laikā. Mēs vēlamies precizēt dažas detaļas par mūsu sadarbību. Lūdzu, saglabājiet šo ziņojumu turpmākai atsaucei.

Ar cieņu,
Skolas administrācija.",normal
Pasākuma programma,"Sveiki, visiem!

Lūdzu, saglabājiet šo ziņojumu turpmākai atsaucei. Ja jums ir jautājumi, varat sazināties ar mūsu klientu apkalpošanas nodaļu. Atgādinām, ka pasākums notiks piektdien. Informācija par darba grafiku ir pievienota šim ziņojumam. Lūdzu, iepazīstieties ar pievienotajiem dokumentiem.

Paldies par sadarbību!
Uzņēmuma komanda.",normal
Pasākuma programma,"Labdien!

Informācija par darba grafiku ir pievienota šim ziņojumam. Piegāde ir plānota tuvāko trīs darba dienu laikā. Informācija tiks papildināta, ja būs nepieciešamas izmaiņas. Mēs nosūtīsim papildu informāciju pēc tikšanās. Lūdzu, dodiet mums ziņu, ja nepieciešams mainīt tikšanās laiku. Sanāksmes laikā pārrunāsim aktuālos jautājumus.

Ar cieņu,
Klientu apkalpošanas nodaļa.",normal
Pasākuma programma,"Sveiki, Jāni!

Mēs novērtējam jūsu atsauksmes un ieteikumus. Mēs vēlamies precizēt dažas detaļas par mūsu sadarbību. Vēlamies informēt, ka mūsu tikšanās notiks nākamajā nedēļā. Paldies par jūsu laiku un atsaucību.

Veiksmīgu dienu!
Mūsu komanda.",normal
Rezervācijas apstiprinājums,"Labdien!

Jūsu pasūtījums ir sagatavots un tiks nosūtīts tuvākajās dienās. Mēs vēlamies precizēt dažas detaļas par mūsu sadarbību. Nodarbība notiks ierastajā laikā. Dokumenti būs pieejami arī klātienes tikšanās laikā.

Veiksmīgu dienu!
Mūsu komanda.",normal
Komandas sapulce,"Labdien, kolēģi!

Piegāde ir plānota tuvāko trīs darba dienu laikā. Tikšanās laiks ir saskaņots ar visiem dalībniekiem. Nākamajā mēnesī tiks veiktas nelielas izmaiņas darba kārtībā. Mēs vēlamies precizēt dažas detaļas par mūsu sadarbību. Šonedēļ esam sagatavojuši vairākus jaunumus. Ja jums ir jautājumi, varat sazināties ar mūsu klientu apkalpošanas nodaļu.

Paldies!
Klientu serviss.",normal
Mācību materiāli,"Sveiki, Jāni!

Ja nepieciešams, varam vienoties par citu laiku. Lūdzu, saglabājiet šo ziņojumu turpmākai atsaucei. Informācija par jaunumiem ir pieejama mūsu mājaslapā. Informācija tiks papildināta, ja būs nepieciešamas izmaiņas. Paldies, ka izmantojat mūsu pakalpojumus. Pasākuma sākums paredzēts plkst. 10.00. Aptauja aizņems tikai dažas minūtes.

Ar cieņu,
Projektu komanda.",normal
Piegādes informācija,"Labdien, skolēni!

Jūsu pasūtījums ir sagatavots un tiks nosūtīts tuvākajās dienās. Pielikumā nosūtām informāciju par plānoto pasākumu. Jūsu rezervācija ir veiksmīgi apstiprināta. Mēs nosūtīsim papildu informāciju pēc tikšanās. Mēs novērtējam jūsu atsauksmes un ieteikumus.

Ar cieņu,
Administrācija.",normal
Pasākuma programma,"Sveiki, komanda!

Mēs priecāsimies saņemt jūsu komentārus. Lūdzu, dodiet mums ziņu, ja nepieciešams mainīt tikšanās laiku. Atgādinām par rīt plānoto tikšanos.

Ar cieņu,
Skolas administrācija.",normal
Informācija par nodarbību,"Sveiki, visiem!

Tikšanās laiks ir saskaņots ar visiem dalībniekiem. Pielikumā nosūtām informāciju par plānoto pasākumu. Vēlamies informēt, ka mūsu tikšanās notiks nākamajā nedēļā. Jūsu pasūtījums ir sagatavots un tiks nosūtīts tuvākajās dienās. Informācija par jaunumiem ir pieejama mūsu mājaslapā.

Paldies par sadarbību!
Uzņēmuma komanda.",normal
Darba grafiks,"Sveiki, kolēģi!

Lūdzu, iepazīstieties ar pievienotajiem dokumentiem. Lūdzu, dodiet mums ziņu, ja nepieciešams mainīt tikšanās laiku. Piegāde ir plānota tuvāko trīs darba dienu laikā. Lūdzu, saglabājiet šo ziņojumu turpmākai atsaucei. Mēs priecāsimies saņemt jūsu komentārus.

Ar cieņu,
Klientu apkalpošanas nodaļa.",normal
Jaunumi uzņēmumā,"Sveiki, Jāni!

Paldies par jūsu iepriekšējo atbildi. Lūdzu, saglabājiet šo ziņojumu turpmākai atsaucei. Vēlamies informēt, ka mūsu tikšanās notiks nākamajā nedēļā. Informācija tiks papildināta, ja būs nepieciešamas izmaiņas. Atgādinām par rīt plānoto tikšanos.

Lai jauka diena!
Mūsu komanda.",normal
Pasūtījuma statuss,"Sveiki, komanda!

Aptauja aizņems tikai dažas minūtes. Tikšanās laiks ir saskaņots ar visiem dalībniekiem. Mēs nosūtīsim papildu informāciju pēc tikšanās. Lūdzu, saglabājiet šo ziņojumu turpmākai atsaucei. Atgādinām, ka pasākums notiks piektdien. Pasākuma dalībniekiem būs pieejami visi nepieciešamie materiāli. Piegāde ir plānota tuvāko trīs darba dienu laikā.

Ar cieņu,
Administrācija.",normal
Nedēļas jaunumi,"Labdien, kolēģi!

Nākamajā mēnesī tiks veiktas nelielas izmaiņas darba kārtībā. Informācija par jaunumiem ir pieejama mūsu mājaslapā. Lūdzu, informējiet mūs, ja nevarēsiet piedalīties. Pasākuma sākums paredzēts plkst. 10.00. Informācija par darba grafiku ir pievienota šim ziņojumam.

Ar cieņu,
Administrācija.",normal
Pasākuma programma,"Sveiki!

Pasākuma dalībniekiem būs pieejami visi nepieciešamie materiāli. Paldies, ka izmantojat mūsu pakalpojumus. Atgādinām par rīt plānoto tikšanos. Lūdzu, saglabājiet šo ziņojumu turpmākai atsaucei. Dokumenti būs pieejami arī klātienes tikšanās laikā. Aptauja aizņems tikai dažas minūtes.

Paldies par sadarbību!
Uzņēmuma komanda.",normal
Semināra programma,"Sveiki!

Lūdzu, saglabājiet šo ziņojumu turpmākai atsaucei. Informācija par jaunumiem ir pieejama mūsu mājaslapā. Jūsu rezervācija ir veiksmīgi apstiprināta.

Paldies!
Klientu serviss.",normal
Rēķins par pakalpojumu,"Labdien, kolēģi!

Mēs nosūtīsim papildu informāciju pēc tikšanās. Darba grafiks nākamajai nedēļai ir sagatavots. Mēs vēlamies precizēt dažas detaļas par mūsu sadarbību. Dokumenti būs pieejami arī klātienes tikšanās laikā. Lūdzu, iepazīstieties ar pievienotajiem dokumentiem.

Paldies par sadarbību!
Uzņēmuma komanda.",normal
Piegādes datums,"Labdien!

Informācija tiks papildināta, ja būs nepieciešamas izmaiņas. Paldies par jūsu iepriekšējo atbildi. Paldies par jūsu laiku un atsaucību. Ja jums ir jautājumi, varat sazināties ar mūsu klientu apkalpošanas nodaļu. Piegāde ir plānota tuvāko trīs darba dienu laikā.

Paldies par sadarbību!
Uzņēmuma komanda.",normal
Informācija klientiem,"Labdien, cienījamie klienti!

Pielikumā nosūtām informāciju par plānoto pasākumu. Tikšanās laiks ir saskaņots ar visiem dalībniekiem. Jūsu pasūtījums ir sagatavots un tiks nosūtīts tuvākajās dienās. Ja jums ir jautājumi, varat sazināties ar mūsu klientu apkalpošanas nodaļu. Dokumenti būs pieejami arī klātienes tikšanās laikā. Mēs novērtējam jūsu atsauksmes un ieteikumus.

Paldies!
Klientu serviss.",normal
Pasākuma programma,"Labdien, kolēģi!

Dokumenti būs pieejami arī klātienes tikšanās laikā. Paldies par jūsu iepriekšējo atbildi. Mēs novērtējam jūsu atsauksmes un ieteikumus.

Ar cieņu,
Administrācija.",normal
Piegādes informācija,"Labdien, cienījamie klienti!

Aptauja aizņems tikai dažas minūtes. Sanāksmes laikā pārrunāsim aktuālos jautājumus. Jūsu rezervācija ir veiksmīgi apstiprināta. Ja nepieciešams, varam vienoties par citu laiku.

Paldies par sadarbību!
Uzņēmuma komanda.",normal
Piegādes informācija,"Sveiki, kolēģi!

Tikšanās laiks ir saskaņots ar visiem dalībniekiem. Lūdzu, dodiet mums ziņu, ja nepieciešams mainīt tikšanās laiku. Pielikumā nosūtām informāciju par plānoto pasākumu.

Ar cieņu,
Projektu komanda.",normal
Pasūtījuma statuss,"Sveiki!

Lūdzu, saglabājiet šo ziņojumu turpmākai atsaucei. Paldies par jūsu laiku un atsaucību. Paldies par jūsu iepriekšējo atbildi. Atgādinām, ka pasākums notiks piektdien. Lūdzu, informējiet mūs, ja nevarēsiet piedalīties.

Ar cieņu,
Administrācija.",normal
Darba grafiks,"Sveiki!

Informācija par darba grafiku ir pievienota šim ziņojumam. Ja nepieciešams, varam vienoties par citu laiku. Lūdzu, iepazīstieties ar pievienotajiem dokumentiem.

Ar cieņu,
Skolas administrācija.",normal
Darba grafiks,"Sveiki, komanda!

Paldies, ka izmantojat mūsu pakalpojumus. Sanāksmes laikā pārrunāsim aktuālos jautājumus. Jūsu pasūtījums ir sagatavots un tiks nosūtīts tuvākajās dienās.

Ar cieņu,
Skolas administrācija.",normal
Darba grafiks,"Labdien, skolēni!

Jūsu rezervācija ir veiksmīgi apstiprināta. Informācija par darba grafiku ir pievienota šim ziņojumam. Mēs priecāsimies saņemt jūsu komentārus.

Ar cieņu,
Klientu apkalpošanas nodaļa.",normal
Nedēļas jaunumi,"Sveiki!

Jūsu pasūtījums ir sagatavots un tiks nosūtīts tuvākajās dienās. Jūsu rezervācija ir veiksmīgi apstiprināta. Mēs priecāsimies saņemt jūsu komentārus. Lūdzu, dodiet mums ziņu, ja nepieciešams mainīt tikšanās laiku.

Ar cieņu,
Administrācija.",normal
Piegādes informācija,"Sveiki!

Lūdzu, iepazīstieties ar pievienotajiem dokumentiem. Mēs nosūtīsim papildu informāciju pēc tikšanās. Mēs novērtējam jūsu atsauksmes un ieteikumus. Lūdzu, informējiet mūs, ja nevarēsiet piedalīties. Jūsu pasūtījums ir sagatavots un tiks nosūtīts tuvākajās dienās. Darba grafiks nākamajai nedēļai ir sagatavots.

Ar cieņu,
Skolas administrācija.",normal
Mēneša pārskats,"Sveiki, kolēģi!

Informācija par jaunumiem ir pieejama mūsu mājaslapā. Jūsu rezervācija ir veiksmīgi apstiprināta. Mēs nosūtīsim papildu informāciju pēc tikšanās. Tikšanās laiks ir saskaņots ar visiem dalībniekiem.

Ar cieņu,
Administrācija.",normal
Rezervācijas apstiprinājums,"Sveiki, visiem!

Nodarbība notiks ierastajā laikā. Jūsu pasūtījums ir sagatavots un tiks nosūtīts tuvākajās dienās. Pasākuma dalībniekiem būs pieejami visi nepieciešamie materiāli. Pielikumā nosūtām informāciju par plānoto pasākumu. Dokumenti būs pieejami arī klātienes tikšanās laikā. Lūdzu, informējiet mūs, ja nevarēsiet piedalīties. Vēlamies informēt, ka mūsu tikšanās notiks nākamajā nedēļā.

Ar cieņu,
Projektu komanda.",normal
Piegādes informācija,"Labdien, kolēģi!

Papildu informāciju varat saņemt, sazinoties ar mums. Mēs vēlamies precizēt dažas detaļas par mūsu sadarbību. Lūdzu, informējiet mūs, ja nevarēsiet piedalīties. Darba grafiks nākamajai nedēļai ir sagatavots. Informācija par jaunumiem ir pieejama mūsu mājaslapā. Ja jums ir jautājumi, varat sazināties ar mūsu klientu apkalpošanas nodaļu. Paldies par jūsu laiku un atsaucību.

Paldies!
Klientu serviss.",normal
Jaunā darba kārtība,"Labdien, Anna!

Nodarbība notiks ierastajā laikā. Jūsu pasūtījums ir sagatavots un tiks nosūtīts tuvākajās dienās. Ja nepieciešams, varam vienoties par citu laiku. Ja jums ir jautājumi, varat sazināties ar mūsu klientu apkalpošanas nodaļu. Papildu informāciju varat saņemt, sazinoties ar mums.

Paldies par sadarbību!
Uzņēmuma komanda.",normal
Komandas sapulce,"Labdien, skolēni!

Piegāde ir plānota tuvāko trīs darba dienu laikā. Nodarbība notiks ierastajā laikā. Jūsu rezervācija ir veiksmīgi apstiprināta. Paldies par jūsu iepriekšējo atbildi. Paldies, ka izmantojat mūsu pakalpojumus.

Lai jauka diena!
Mūsu komanda.",normal
Informācija par pasākumu,"Sveiki, visiem!

Informācija par darba grafiku ir pievienota šim ziņojumam. Papildu informāciju varat saņemt, sazinoties ar mums. Pasākuma dalībniekiem būs pieejami visi nepieciešamie materiāli. Atgādinām, ka pasākums notiks piektdien. Ja jums ir jautājumi, varat sazināties ar mūsu klientu apkalpošanas nodaļu.

Ar cieņu,
Administrācija.",normal
Bibliotēkas atgādinājums,"Sveiki, Jāni!

Dokumenti būs pieejami arī klātienes tikšanās laikā. Mēs novērtējam jūsu atsauksmes un ieteikumus. Papildu informāciju varat saņemt, sazinoties ar mums. Lūdzu, saglabājiet šo ziņojumu turpmākai atsaucei. Informācija par jaunumiem ir pieejama mūsu mājaslapā.

Ar cieņu,
Administrācija.",normal
Atgādinājums par tikšanos,"Labdien, cienījamie klienti!

Paldies par jūsu iepriekšējo atbildi. Lūdzu, informējiet mūs, ja nevarēsiet piedalīties. Sanāksmes laikā pārrunāsim aktuālos jautājumus. Informācija par jaunumiem ir pieejama mūsu mājaslapā. Atgādinām, ka pasākums notiks piektdien.

Ar cieņu,
Projektu komanda.",normal
Mācību materiāli,"Labdien, skolēni!

Pasākuma sākums paredzēts plkst. 10.00. Jūsu rezervācija ir veiksmīgi apstiprināta. Nākamajā mēnesī tiks veiktas nelielas izmaiņas darba kārtībā.

Veiksmīgu dienu!
Mūsu komanda.",normal
Dokumentu nosūtīšana,"Sveiki, komanda!

Jūsu rezervācija ir veiksmīgi apstiprināta. Tikšanās laiks ir saskaņots ar visiem dalībniekiem. Paldies, ka izmantojat mūsu pakalpojumus. Ja nepieciešams, varam vienoties par citu laiku. Mēs nosūtīsim papildu informāciju pēc tikšanās.

Lai jauka diena!
Mūsu komanda.",normal
Informācija klientiem,"Sveiki!

Jūsu rezervācija ir veiksmīgi apstiprināta. Paldies par jūsu laiku un atsaucību. Piegāde ir plānota tuvāko trīs darba dienu laikā. Atgādinām par rīt plānoto tikšanos.

Ar cieņu,
Skolas administrācija.",normal
Pasūtījuma statuss,"Labdien!

Nodarbība notiks ierastajā laikā. Vēlamies informēt, ka mūsu tikšanās notiks nākamajā nedēļā. Atgādinām par rīt plānoto tikšanos. Informācija tiks papildināta, ja būs nepieciešamas izmaiņas. Aptauja aizņems tikai dažas minūtes. Mēs vēlamies precizēt dažas detaļas par mūsu sadarbību. Sanāksmes laikā pārrunāsim aktuālos jautājumus.

Veiksmīgu dienu!
Mūsu komanda.",normal
Rezervācijas apstiprinājums,"Sveiki, kolēģi!

Nodarbība notiks ierastajā laikā. Vēlamies informēt, ka mūsu tikšanās notiks nākamajā nedēļā. Paldies par jūsu laiku un atsaucību.

Paldies!
Klientu serviss.",normal
Piegādes informācija,"Sveiki, komanda!

Ja nepieciešams, varam vienoties par citu laiku. Jūsu rezervācija ir veiksmīgi apstiprināta. Informācija par jaunumiem ir pieejama mūsu mājaslapā. Jūsu pasūtījums ir sagatavots un tiks nosūtīts tuvākajās dienās. Atgādinām, ka pasākums notiks piektdien.

Ar cieņu,
Klientu apkalpošanas nodaļa.",normal
Dokumentu nosūtīšana,"Sveiki, visiem!

Lūdzu, saglabājiet šo ziņojumu turpmākai atsaucei. Papildu informāciju varat saņemt, sazinoties ar mums. Darba grafiks nākamajai nedēļai ir sagatavots. Mēs nosūtīsim papildu informāciju pēc tikšanās. Paldies, ka izmantojat mūsu pakalpojumus. Sanāksmes laikā pārrunāsim aktuālos jautājumus.

Paldies!
Klientu serviss.",normal
Mēneša pārskats,"Labdien, Anna!

Mēs novērtējam jūsu atsauksmes un ieteikumus. Piegāde ir plānota tuvāko trīs darba dienu laikā. Informācija par jaunumiem ir pieejama mūsu mājaslapā. Paldies par jūsu laiku un atsaucību.

Ar cieņu,
Administrācija.",normal
Atvaļinājuma plāns,"Labdien!

Lūdzu, iepazīstieties ar pievienotajiem dokumentiem. Lūdzu, informējiet mūs, ja nevarēsiet piedalīties. Papildu informāciju varat saņemt, sazinoties ar mums. Šonedēļ esam sagatavojuši vairākus jaunumus. Nākamajā mēnesī tiks veiktas nelielas izmaiņas darba kārtībā. Darba grafiks nākamajai nedēļai ir sagatavots. Atgādinām par rīt plānoto tikšanos.

Ar cieņu,
Projektu komanda.",normal
Komandas sapulce,"Labdien, Anna!

Paldies par jūsu iepriekšējo atbildi. Mēs vēlamies precizēt dažas detaļas par mūsu sadarbību. Informācija par jaunumiem ir pieejama mūsu mājaslapā. Tikšanās laiks ir saskaņots ar visiem dalībniekiem. Informācija tiks papildināta, ja būs nepieciešamas izmaiņas.

Ar cieņu,
Administrācija.",normal
Rezervācijas apstiprinājums,"Labdien, kolēģi!

Mēs nosūtīsim papildu informāciju pēc tikšanās. Informācija tiks papildināta, ja būs nepieciešamas izmaiņas. Atgādinām, ka pasākums notiks piektdien. Sanāksmes laikā pārrunāsim aktuālos jautājumus. Mēs vēlamies precizēt dažas detaļas par mūsu sadarbību.

Paldies!
Klientu serviss.",normal
Semināra programma,"Sveiki!

Informācija par jaunumiem ir pieejama mūsu mājaslapā. Lūdzu, informējiet mūs, ja nevarēsiet piedalīties. Dokumenti būs pieejami arī klātienes tikšanās laikā. Ja nepieciešams, varam vienoties par citu laiku. Paldies, ka izmantojat mūsu pakalpojumus. Vēlamies informēt, ka mūsu tikšanās notiks nākamajā nedēļā.

Ar cieņu,
Projektu komanda.",normal
Informācija par pasākumu,"Labdien, kolēģi!

Lūdzu, saglabājiet šo ziņojumu turpmākai atsaucei. Dokumenti būs pieejami arī klātienes tikšanās laikā. Pasākuma sākums paredzēts plkst. 10.00.

Paldies par sadarbību!
Uzņēmuma komanda.",normal
Aptauja par pakalpojumu,"Sveiki, Jāni!

Lūdzu, saglabājiet šo ziņojumu turpmākai atsaucei. Paldies par jūsu iepriekšējo atbildi. Šonedēļ esam sagatavojuši vairākus jaunumus. Lūdzu, informējiet mūs, ja nevarēsiet piedalīties. Piegāde ir plānota tuvāko trīs darba dienu laikā.

Ar cieņu,
Klientu apkalpošanas nodaļa.",normal
Rezervācijas apstiprinājums,"Labdien, skolēni!

Piegāde ir plānota tuvāko trīs darba dienu laikā. Dokumenti būs pieejami arī klātienes tikšanās laikā. Mēs priecāsimies saņemt jūsu komentārus.

Paldies!
Klientu serviss.",normal
Atgādinājums par tikšanos,"Sveiki!

Jūsu rezervācija ir veiksmīgi apstiprināta. Mēs priecāsimies saņemt jūsu komentārus. Pielikumā nosūtām informāciju par plānoto pasākumu. Ja jums ir jautājumi, varat sazināties ar mūsu klientu apkalpošanas nodaļu. Pasākuma dalībniekiem būs pieejami visi nepieciešamie materiāli. Sanāksmes laikā pārrunāsim aktuālos jautājumus.

Paldies!
Klientu serviss.",normal
Pasūtījuma statuss,"Sveiki, Jāni!

Atgādinām par rīt plānoto tikšanos. Lūdzu, saglabājiet šo ziņojumu turpmākai atsaucei. Piegāde ir plānota tuvāko trīs darba dienu laikā.

Ar cieņu,
Projektu komanda.",normal
Rezervācijas apstiprinājums,"Sveiki!

Lūdzu, informējiet mūs, ja nevarēsiet piedalīties. Jūsu pasūtījums ir sagatavots un tiks nosūtīts tuvākajās dienās. Ja jums ir jautājumi, varat sazināties ar mūsu klientu apkalpošanas nodaļu. Informācija tiks papildināta, ja būs nepieciešamas izmaiņas. Mēs priecāsimies saņemt jūsu komentārus. Tikšanās laiks ir saskaņots ar visiem dalībniekiem.

Lai jauka diena!
Mūsu komanda.",normal
Pasākuma programma,"Labdien, skolēni!

Tikšanās laiks ir saskaņots ar visiem dalībniekiem. Papildu informāciju varat saņemt, sazinoties ar mums. Lūdzu, dodiet mums ziņu, ja nepieciešams mainīt tikšanās laiku. Ja jums ir jautājumi, varat sazināties ar mūsu klientu apkalpošanas nodaļu. Šonedēļ esam sagatavojuši vairākus jaunumus.

Paldies!
Klientu serviss.",normal
Semināra programma,"Sveiki!

Jūsu pasūtījums ir sagatavots un tiks nosūtīts tuvākajās dienās. Lūdzu, dodiet mums ziņu, ja nepieciešams mainīt tikšanās laiku. Nākamajā mēnesī tiks veiktas nelielas izmaiņas darba kārtībā.

Ar cieņu,
Klientu apkalpošanas nodaļa.",normal
Pasākuma programma,"Labdien!

Sanāksmes laikā pārrunāsim aktuālos jautājumus. Mēs priecāsimies saņemt jūsu komentārus. Jūsu pasūtījums ir sagatavots un tiks nosūtīts tuvākajās dienās. Nākamajā mēnesī tiks veiktas nelielas izmaiņas darba kārtībā. Informācija tiks papildināta, ja būs nepieciešamas izmaiņas. Paldies par jūsu iepriekšējo atbildi.

Ar cieņu,
Skolas administrācija.",normal
Piegādes datums,"Labdien, Anna!

Ja jums ir jautājumi, varat sazināties ar mūsu klientu apkalpošanas nodaļu. Paldies, ka izmantojat mūsu pakalpojumus. Lūdzu, iepazīstieties ar pievienotajiem dokumentiem. Mēs vēlamies precizēt dažas detaļas par mūsu sadarbību. Lūdzu, dodiet mums ziņu, ja nepieciešams mainīt tikšanās laiku. Piegāde ir plānota tuvāko trīs darba dienu laikā. Mēs priecāsimies saņemt jūsu komentārus.

Lai jauka diena!
Mūsu komanda.",normal
Nedēļas jaunumi,"Sveiki, visiem!

Lūdzu, saglabājiet šo ziņojumu turpmākai atsaucei. Mēs vēlamies precizēt dažas detaļas par mūsu sadarbību. Lūdzu, informējiet mūs, ja nevarēsiet piedalīties. Šonedēļ esam sagatavojuši vairākus jaunumus. Paldies, ka izmantojat mūsu pakalpojumus.

Ar cieņu,
Klientu apkalpošanas nodaļa.",normal
Informācija par nodarbību,"Labdien!

Pasākuma dalībniekiem būs pieejami visi nepieciešamie materiāli. Jūsu pasūtījums ir sagatavots un tiks nosūtīts tuvākajās dienās. Tikšanās laiks ir saskaņots ar visiem dalībniekiem. Paldies, ka izmantojat mūsu pakalpojumus. Jūsu rezervācija ir veiksmīgi apstiprināta.

Veiksmīgu dienu!
Mūsu komanda.",normal
Dokumentu nosūtīšana,"Sveiki, kolēģi!

Atgādinām, ka pasākums notiks piektdien. Lūdzu, saglabājiet šo ziņojumu turpmākai atsaucei. Pasākuma sākums paredzēts plkst. 10.00. Mēs priecāsimies saņemt jūsu komentārus. Lūdzu, dodiet mums ziņu, ja nepieciešams mainīt tikšanās laiku. Lūdzu, iepazīstieties ar pievienotajiem dokumentiem. Vēlamies informēt, ka mūsu tikšanās notiks nākamajā nedēļā.

Paldies par sadarbību!
Uzņēmuma komanda.",normal
Pateicība par sadarbību,"Sveiki, komanda!

Lūdzu, dodiet mums ziņu, ja nepieciešams mainīt tikšanās laiku. Mēs priecāsimies saņemt jūsu komentārus. Informācija par darba grafiku ir pievienota šim ziņojumam. Šonedēļ esam sagatavojuši vairākus jaunumus. Jūsu rezervācija ir veiksmīgi apstiprināta. Vēlamies informēt, ka mūsu tikšanās notiks nākamajā nedēļā.

Ar cieņu,
Klientu apkalpošanas nodaļa.",normal
Pasākuma programma,"Sveiki, Jāni!

Pielikumā nosūtām informāciju par plānoto pasākumu. Informācija tiks papildināta, ja būs nepieciešamas izmaiņas. Ja nepieciešams, varam vienoties par citu laiku. Mēs vēlamies precizēt dažas detaļas par mūsu sadarbību. Nodarbība notiks ierastajā laikā. Nākamajā mēnesī tiks veiktas nelielas izmaiņas darba kārtībā.

Ar cieņu,
Klientu apkalpošanas nodaļa.",normal
Bibliotēkas atgādinājums,"Sveiki, visiem!

Informācija par darba grafiku ir pievienota šim ziņojumam. Lūdzu, informējiet mūs, ja nevarēsiet piedalīties. Lūdzu, dodiet mums ziņu, ja nepieciešams mainīt tikšanās laiku. Jūsu pasūtījums ir sagatavots un tiks nosūtīts tuvākajās dienās. Vēlamies informēt, ka mūsu tikšanās notiks nākamajā nedēļā. Paldies par jūsu iepriekšējo atbildi. Atgādinām par rīt plānoto tikšanos.

Ar cieņu,
Skolas administrācija.",normal
Komandas sapulce,"Sveiki, kolēģi!

Paldies, ka izmantojat mūsu pakalpojumus. Informācija par jaunumiem ir pieejama mūsu mājaslapā. Ja jums ir jautājumi, varat sazināties ar mūsu klientu apkalpošanas nodaļu. Jūsu pasūtījums ir sagatavots un tiks nosūtīts tuvākajās dienās. Tikšanās laiks ir saskaņots ar visiem dalībniekiem. Atgādinām, ka pasākums notiks piektdien.

Lai jauka diena!
Mūsu komanda.",normal
Darba grafiks,"Labdien, cienījamie klienti!

Atgādinām, ka pasākums notiks piektdien. Informācija tiks papildināta, ja būs nepieciešamas izmaiņas. Aptauja aizņems tikai dažas minūtes. Tikšanās laiks ir saskaņots ar visiem dalībniekiem. Nodarbība notiks ierastajā laikā. Mēs vēlamies precizēt dažas detaļas par mūsu sadarbību. Informācija par jaunumiem ir pieejama mūsu mājaslapā.

Lai jauka diena!
Mūsu komanda.",normal
Informācija par pasākumu,"Sveiki, visiem!

Darba grafiks nākamajai nedēļai ir sagatavots. Ja jums ir jautājumi, varat sazināties ar mūsu klientu apkalpošanas nodaļu. Paldies par jūsu laiku un atsaucību. Mēs priecāsimies saņemt jūsu komentārus. Piegāde ir plānota tuvāko trīs darba dienu laikā. Mēs novērtējam jūsu atsauksmes un ieteikumus.

Paldies par sadarbību!
Uzņēmuma komanda.",normal
Atvaļinājuma plāns,"Sveiki, kolēģi!

Ja jums ir jautājumi, varat sazināties ar mūsu klientu apkalpošanas nodaļu. Mēs novērtējam jūsu atsauksmes un ieteikumus. Piegāde ir plānota tuvāko trīs darba dienu laikā. Jūsu rezervācija ir veiksmīgi apstiprināta. Lūdzu, dodiet mums ziņu, ja nepieciešams mainīt tikšanās laiku. Paldies par jūsu laiku un atsaucību.

Veiksmīgu dienu!
Mūsu komanda.",normal
Bibliotēkas atgādinājums,"Labdien, kolēģi!

Informācija par darba grafiku ir pievienota šim ziņojumam. Ja nepieciešams, varam vienoties par citu laiku. Aptauja aizņems tikai dažas minūtes. Pielikumā nosūtām informāciju par plānoto pasākumu. Informācija par jaunumiem ir pieejama mūsu mājaslapā.

Ar cieņu,
Skolas administrācija.",normal
Rēķins par pakalpojumu,"Sveiki, komanda!

Ja jums ir jautājumi, varat sazināties ar mūsu klientu apkalpošanas nodaļu. Tikšanās laiks ir saskaņots ar visiem dalībniekiem. Sanāksmes laikā pārrunāsim aktuālos jautājumus. Informācija par darba grafiku ir pievienota šim ziņojumam. Ja nepieciešams, varam vienoties par citu laiku. Dokumenti būs pieejami arī klātienes tikšanās laikā.

Veiksmīgu dienu!
Mūsu komanda.",normal
Tikšanās par projektu,"Sveiki, komanda!

Dokumenti būs pieejami arī klātienes tikšanās laikā. Nodarbība notiks ierastajā laikā. Šonedēļ esam sagatavojuši vairākus jaunumus.

Ar cieņu,
Skolas administrācija.",normal
Rezervācijas apstiprinājums,"Labdien, cienījamie klienti!

Lūdzu, saglabājiet šo ziņojumu turpmākai atsaucei. Mēs nosūtīsim papildu informāciju pēc tikšanās. Ja jums ir jautājumi, varat sazināties ar mūsu klientu apkalpošanas nodaļu. Informācija tiks papildināta, ja būs nepieciešamas izmaiņas. Aptauja aizņems tikai dažas minūtes. Mēs priecāsimies saņemt jūsu komentārus. Dokumenti būs pieejami arī klātienes tikšanās laikā.

Ar cieņu,
Klientu apkalpošanas nodaļa.",normal
Aptauja par pakalpojumu,"Labdien, kolēģi!

Ja nepieciešams, varam vienoties par citu laiku. Nākamajā mēnesī tiks veiktas nelielas izmaiņas darba kārtībā. Atgādinām, ka pasākums notiks piektdien. Mēs novērtējam jūsu atsauksmes un ieteikumus. Piegāde ir plānota tuvāko trīs darba dienu laikā. Paldies par jūsu iepriekšējo atbildi.

Veiksmīgu dienu!
Mūsu komanda.",normal
Atvaļinājuma plāns,"Labdien, skolēni!

Informācija par jaunumiem ir pieejama mūsu mājaslapā. Mēs nosūtīsim papildu informāciju pēc tikšanās. Aptauja aizņems tikai dažas minūtes. Papildu informāciju varat saņemt, sazinoties ar mums. Nodarbība notiks ierastajā laikā. Jūsu rezervācija ir veiksmīgi apstiprināta. Jūsu pasūtījums ir sagatavots un tiks nosūtīts tuvākajās dienās.

Ar cieņu,
Administrācija.",normal
Darba grafiks,"Labdien, cienījamie klienti!

Paldies par jūsu laiku un atsaucību. Atgādinām, ka pasākums notiks piektdien. Nodarbība notiks ierastajā laikā. Paldies, ka izmantojat mūsu pakalpojumus. Ja jums ir jautājumi, varat sazināties ar mūsu klientu apkalpošanas nodaļu. Atgādinām par rīt plānoto tikšanos.

Paldies!
Klientu serviss.",normal
Komandas sapulce,"Sveiki, kolēģi!

Informācija par jaunumiem ir pieejama mūsu mājaslapā. Paldies, ka izmantojat mūsu pakalpojumus. Papildu informāciju varat saņemt, sazinoties ar mums. Atgādinām, ka pasākums notiks piektdien. Pasākuma sākums paredzēts plkst. 10.00. Lūdzu, iepazīstieties ar pievienotajiem dokumentiem. Aptauja aizņems tikai dažas minūtes.

Veiksmīgu dienu!
Mūsu komanda.",normal
Komandas sapulce,"Sveiki, komanda!

Mēs priecāsimies saņemt jūsu komentārus. Mēs novērtējam jūsu atsauksmes un ieteikumus. Aptauja aizņems tikai dažas minūtes. Ja nepieciešams, varam vienoties par citu laiku. Jūsu pasūtījums ir sagatavots un tiks nosūtīts tuvākajās dienās.

Ar cieņu,
Projektu komanda.",normal
Rēķins par pakalpojumu,"Labdien!

Šonedēļ esam sagatavojuši vairākus jaunumus. Aptauja aizņems tikai dažas minūtes. Vēlamies informēt, ka mūsu tikšanās notiks nākamajā nedēļā. Paldies par jūsu laiku un atsaucību. Jūsu pasūtījums ir sagatavots un tiks nosūtīts tuvākajās dienās.

Ar cieņu,
Projektu komanda.",normal
Tikšanās par projektu,"Labdien!

Aptauja aizņems tikai dažas minūtes. Piegāde ir plānota tuvāko trīs darba dienu laikā. Informācija tiks papildināta, ja būs nepieciešamas izmaiņas. Šonedēļ esam sagatavojuši vairākus jaunumus. Lūdzu, informējiet mūs, ja nevarēsiet piedalīties.

Ar cieņu,
Administrācija.",normal
Rezervācijas apstiprinājums,"Labdien, cienījamie klienti!

Informācija par darba grafiku ir pievienota šim ziņojumam. Lūdzu, dodiet mums ziņu, ja nepieciešams mainīt tikšanās laiku. Pasākuma dalībniekiem būs pieejami visi nepieciešamie materiāli. Paldies, ka izmantojat mūsu pakalpojumus. Informācija tiks papildināta, ja būs nepieciešamas izmaiņas.

Paldies par sadarbību!
Uzņēmuma komanda.",normal
Pasūtījuma statuss,"Labdien, kolēģi!

Nākamajā mēnesī tiks veiktas nelielas izmaiņas darba kārtībā. Sanāksmes laikā pārrunāsim aktuālos jautājumus. Piegāde ir plānota tuvāko trīs darba dienu laikā. Darba grafiks nākamajai nedēļai ir sagatavots.

Paldies!
Klientu serviss.",normal
Piegādes datums,"Sveiki, visiem!

Šonedēļ esam sagatavojuši vairākus jaunumus. Papildu informāciju varat saņemt, sazinoties ar mums. Ja jums ir jautājumi, varat sazināties ar mūsu klientu apkalpošanas nodaļu. Nodarbība notiks ierastajā laikā. Lūdzu, iepazīstieties ar pievienotajiem dokumentiem.

Ar cieņu,
Administrācija.",normal
Jaunā darba kārtība,"Labdien, kolēģi!

Informācija par darba grafiku ir pievienota šim ziņojumam. Informācija tiks papildināta, ja būs nepieciešamas izmaiņas. Lūdzu, informējiet mūs, ja nevarēsiet piedalīties.

Ar cieņu,
Klientu apkalpošanas nodaļa.",normal
Pasūtījuma statuss,"Sveiki, kolēģi!

Tikšanās laiks ir saskaņots ar visiem dalībniekiem. Lūdzu, dodiet mums ziņu, ja nepieciešams mainīt tikšanās laiku. Ja nepieciešams, varam vienoties par citu laiku. Pasākuma sākums paredzēts plkst. 10.00. Mēs novērtējam jūsu atsauksmes un ieteikumus.

Veiksmīgu dienu!
Mūsu komanda.",normal
Atgādinājums par tikšanos,"Sveiki, visiem!

Paldies par jūsu iepriekšējo atbildi. Mēs vēlamies precizēt dažas detaļas par mūsu sadarbību. Paldies, ka izmantojat mūsu pakalpojumus. Dokumenti būs pieejami arī klātienes tikšanās laikā.

Ar cieņu,
Projektu komanda.",normal
Mācību materiāli,"Sveiki, visiem!

Lūdzu, iepazīstieties ar pievienotajiem dokumentiem. Nākamajā mēnesī tiks veiktas nelielas izmaiņas darba kārtībā. Informācija par darba grafiku ir pievienota šim ziņojumam. Ja jums ir jautājumi, varat sazināties ar mūsu klientu apkalpošanas nodaļu. Jūsu pasūtījums ir sagatavots un tiks nosūtīts tuvākajās dienās. Vēlamies informēt, ka mūsu tikšanās notiks nākamajā nedēļā.

Lai jauka diena!
Mūsu komanda.",normal
Atgādinājums par tikšanos,"Labdien, Anna!

Mēs priecāsimies saņemt jūsu komentārus. Paldies par jūsu iepriekšējo atbildi. Lūdzu, informējiet mūs, ja nevarēsiet piedalīties. Ja jums ir jautājumi, varat sazināties ar mūsu klientu apkalpošanas nodaļu. Atgādinām par rīt plānoto tikšanos. Nodarbība notiks ierastajā laikā.

Paldies par sadarbību!
Uzņēmuma komanda.",normal
Dokumentu nosūtīšana,"Labdien, skolēni!

Mēs novērtējam jūsu atsauksmes un ieteikumus. Atgādinām par rīt plānoto tikšanos. Lūdzu, saglabājiet šo ziņojumu turpmākai atsaucei. Ja jums ir jautājumi, varat sazināties ar mūsu klientu apkalpošanas nodaļu. Paldies par jūsu iepriekšējo atbildi.

Paldies!
Klientu serviss.",normal
Piegādes datums,"Labdien, skolēni!

Pielikumā nosūtām informāciju par plānoto pasākumu. Informācija par darba grafiku ir pievienota šim ziņojumam. Dokumenti būs pieejami arī klātienes tikšanās laikā. Papildu informāciju varat saņemt, sazinoties ar mums. Mēs novērtējam jūsu atsauksmes un ieteikumus.

Paldies par sadarbību!
Uzņēmuma komanda.",normal
Pasākuma programma,"Labdien, kolēģi!

Jūsu pasūtījums ir sagatavots un tiks nosūtīts tuvākajās dienās. Pasākuma dalībniekiem būs pieejami visi nepieciešamie materiāli. Informācija par jaunumiem ir pieejama mūsu mājaslapā.

Paldies par sadarbību!
Uzņēmuma komanda.",normal
Pateicība par sadarbību,"Labdien, skolēni!

Mēs nosūtīsim papildu informāciju pēc tikšanās. Vēlamies informēt, ka mūsu tikšanās notiks nākamajā nedēļā. Jūsu rezervācija ir veiksmīgi apstiprināta. Papildu informāciju varat saņemt, sazinoties ar mums. Lūdzu, informējiet mūs, ja nevarēsiet piedalīties. Paldies, ka izmantojat mūsu pakalpojumus. Mēs novērtējam jūsu atsauksmes un ieteikumus.

Paldies!
Klientu serviss.",normal
Pasūtījuma statuss,"Labdien, kolēģi!

Atgādinām, ka pasākums notiks piektdien. Nākamajā mēnesī tiks veiktas nelielas izmaiņas darba kārtībā. Mēs vēlamies precizēt dažas detaļas par mūsu sadarbību. Lūdzu, saglabājiet šo ziņojumu turpmākai atsaucei. Paldies par jūsu iepriekšējo atbildi.

Paldies par sadarbību!
Uzņēmuma komanda.",normal
Atgādinājums par tikšanos,"Labdien, skolēni!

Jūsu rezervācija ir veiksmīgi apstiprināta. Papildu informāciju varat saņemt, sazinoties ar mums. Informācija par jaunumiem ir pieejama mūsu mājaslapā.

Ar cieņu,
Klientu apkalpošanas nodaļa.",normal
Tikšanās par projektu,"Sveiki, kolēģi!

Paldies par jūsu laiku un atsaucību. Paldies par jūsu iepriekšējo atbildi. Informācija par darba grafiku ir pievienota šim ziņojumam. Tikšanās laiks ir saskaņots ar visiem dalībniekiem.

Paldies par sadarbību!
Uzņēmuma komanda.",normal
Mēneša pārskats,"Sveiki, komanda!

Pielikumā nosūtām informāciju par plānoto pasākumu. Informācija tiks papildināta, ja būs nepieciešamas izmaiņas. Aptauja aizņems tikai dažas minūtes. Nodarbība notiks ierastajā laikā. Pasākuma sākums paredzēts plkst. 10.00. Piegāde ir plānota tuvāko trīs darba dienu laikā.

Paldies par sadarbību!
Uzņēmuma komanda.",normal
Atvaļinājuma plāns,"Labdien, skolēni!

Informācija par jaunumiem ir pieejama mūsu mājaslapā. Nodarbība notiks ierastajā laikā. Darba grafiks nākamajai nedēļai ir sagatavots. Jūsu pasūtījums ir sagatavots un tiks nosūtīts tuvākajās dienās. Šonedēļ esam sagatavojuši vairākus jaunumus. Mēs priecāsimies saņemt jūsu komentārus.

Ar cieņu,
Projektu komanda.",normal
Darba grafiks,"Labdien, skolēni!

Pasākuma dalībniekiem būs pieejami visi nepieciešamie materiāli. Piegāde ir plānota tuvāko trīs darba dienu laikā. Aptauja aizņems tikai dažas minūtes. Šonedēļ esam sagatavojuši vairākus jaunumus. Vēlamies informēt, ka mūsu tikšanās notiks nākamajā nedēļā. Paldies par jūsu iepriekšējo atbildi. Paldies par jūsu laiku un atsaucību.

Lai jauka diena!
Mūsu komanda.",normal
Darba grafiks,"Sveiki!

Jūsu rezervācija ir veiksmīgi apstiprināta. Informācija par darba grafiku ir pievienota šim ziņojumam. Darba grafiks nākamajai nedēļai ir sagatavots. Sanāksmes laikā pārrunāsim aktuālos jautājumus.

Ar cieņu,
Klientu apkalpošanas nodaļa.",normal
Rezervācijas apstiprinājums,"Labdien, cienījamie klienti!

Jūsu rezervācija ir veiksmīgi apstiprināta. Lūdzu, dodiet mums ziņu, ja nepieciešams mainīt tikšanās laiku. Piegāde ir plānota tuvāko trīs darba dienu laikā. Jūsu pasūtījums ir sagatavots un tiks nosūtīts tuvākajās dienās. Informācija par darba grafiku ir pievienota šim ziņojumam. Atgādinām par rīt plānoto tikšanos. Informācija tiks papildināta, ja būs nepieciešamas izmaiņas.

Veiksmīgu dienu!
Mūsu komanda.",normal
Rēķins par pakalpojumu,"Sveiki, Jāni!

Paldies par jūsu laiku un atsaucību. Dokumenti būs pieejami arī klātienes tikšanās laikā. Sanāksmes laikā pārrunāsim aktuālos jautājumus. Mēs vēlamies precizēt dažas detaļas par mūsu sadarbību.

Ar cieņu,
Skolas administrācija.",normal
Bibliotēkas atgādinājums,"Labdien!

Šonedēļ esam sagatavojuši vairākus jaunumus. Paldies par jūsu iepriekšējo atbildi. Pasākuma sākums paredzēts plkst. 10.00. Atgādinām, ka pasākums notiks piektdien.

Lai jauka diena!
Mūsu komanda.",normal
Tikšanās laika maiņa,"Sveiki, kolēģi!

Informācija tiks papildināta, ja būs nepieciešamas izmaiņas. Lūdzu, dodiet mums ziņu, ja nepieciešams mainīt tikšanās laiku. Šonedēļ esam sagatavojuši vairākus jaunumus.

Ar cieņu,
Administrācija.",normal
Darba grafiks,"Labdien, kolēģi!

Informācija par jaunumiem ir pieejama mūsu mājaslapā. Papildu informāciju varat saņemt, sazinoties ar mums. Jūsu rezervācija ir veiksmīgi apstiprināta. Nākamajā mēnesī tiks veiktas nelielas izmaiņas darba kārtībā. Piegāde ir plānota tuvāko trīs darba dienu laikā. Paldies par jūsu laiku un atsaucību.

Ar cieņu,
Administrācija.",normal
Pasūtījuma statuss,"Labdien, cienījamie klienti!

Dokumenti būs pieejami arī klātienes tikšanās laikā. Informācija par darba grafiku ir pievienota šim ziņojumam. Paldies, ka izmantojat mūsu pakalpojumus. Ja jums ir jautājumi, varat sazināties ar mūsu klientu apkalpošanas nodaļu. Atgādinām, ka pasākums notiks piektdien.

Paldies!
Klientu serviss.",normal
Informācija par pasākumu,"Sveiki, Jāni!

Lūdzu, informējiet mūs, ja nevarēsiet piedalīties. Lūdzu, saglabājiet šo ziņojumu turpmākai atsaucei. Mēs nosūtīsim papildu informāciju pēc tikšanās. Pasākuma sākums paredzēts plkst. 10.00. Šonedēļ esam sagatavojuši vairākus jaunumus.

Paldies!
Klientu serviss.",normal
Informācija par nodarbību,"Sveiki!

Informācija par jaunumiem ir pieejama mūsu mājaslapā. Dokumenti būs pieejami arī klātienes tikšanās laikā. Mēs priecāsimies saņemt jūsu komentārus. Darba grafiks nākamajai nedēļai ir sagatavots. Sanāksmes laikā pārrunāsim aktuālos jautājumus. Atgādinām par rīt plānoto tikšanos.

Ar cieņu,
Administrācija.",normal
Rēķins par pakalpojumu,"Labdien!

Papildu informāciju varat saņemt, sazinoties ar mums. Nodarbība notiks ierastajā laikā. Piegāde ir plānota tuvāko trīs darba dienu laikā. Pasākuma dalībniekiem būs pieejami visi nepieciešamie materiāli. Pielikumā nosūtām informāciju par plānoto pasākumu.

Ar cieņu,
Administrācija.",normal
Komandas sapulce,"Sveiki, visiem!

Atgādinām, ka pasākums notiks piektdien. Jūsu pasūtījums ir sagatavots un tiks nosūtīts tuvākajās dienās. Paldies par jūsu iepriekšējo atbildi. Mēs nosūtīsim papildu informāciju pēc tikšanās. Ja nepieciešams, varam vienoties par citu laiku.

Lai jauka diena!
Mūsu komanda.",normal
Mēneša pārskats,"Sveiki!

Jūsu rezervācija ir veiksmīgi apstiprināta. Pasākuma sākums paredzēts plkst. 10.00. Vēlamies informēt, ka mūsu tikšanās notiks nākamajā nedēļā. Atgādinām par rīt plānoto tikšanos. Paldies par jūsu laiku un atsaucību. Mēs priecāsimies saņemt jūsu komentārus.

Ar cieņu,
Projektu komanda.",normal
Mācību materiāli,"Sveiki, kolēģi!

Mēs vēlamies precizēt dažas detaļas par mūsu sadarbību. Mēs nosūtīsim papildu informāciju pēc tikšanās. Paldies, ka izmantojat mūsu pakalpojumus. Tikšanās laiks ir saskaņots ar visiem dalībniekiem. Ja nepieciešams, varam vienoties par citu laiku. Informācija par jaunumiem ir pieejama mūsu mājaslapā. Mēs novērtējam jūsu atsauksmes un ieteikumus.

Ar cieņu,
Projektu komanda.",normal
Piegādes datums,"Labdien, Anna!

Piegāde ir plānota tuvāko trīs darba dienu laikā. Ja nepieciešams, varam vienoties par citu laiku. Mēs nosūtīsim papildu informāciju pēc tikšanās. Nākamajā mēnesī tiks veiktas nelielas izmaiņas darba kārtībā. Mēs priecāsimies saņemt jūsu komentārus.

Ar cieņu,
Klientu apkalpošanas nodaļa.",normal
Aptauja par pakalpojumu,"Sveiki, kolēģi!

Lūdzu, iepazīstieties ar pievienotajiem dokumentiem. Pielikumā nosūtām informāciju par plānoto pasākumu. Tikšanās laiks ir saskaņots ar visiem dalībniekiem. Informācija tiks papildināta, ja būs nepieciešamas izmaiņas.

Paldies!
Klientu serviss.",normal
Dokumentu nosūtīšana,"Labdien!

Mēs novērtējam jūsu atsauksmes un ieteikumus. Piegāde ir plānota tuvāko trīs darba dienu laikā. Mēs nosūtīsim papildu informāciju pēc tikšanās. Darba grafiks nākamajai nedēļai ir sagatavots.

Ar cieņu,
Projektu komanda.",normal
Mēneša pārskats,"Sveiki, visiem!

Atgādinām par rīt plānoto tikšanos. Papildu informāciju varat saņemt, sazinoties ar mums. Jūsu rezervācija ir veiksmīgi apstiprināta.

Paldies par sadarbību!
Uzņēmuma komanda.",normal
Dokumentu nosūtīšana,"Labdien, Anna!

Nākamajā mēnesī tiks veiktas nelielas izmaiņas darba kārtībā. Mēs vēlamies precizēt dažas detaļas par mūsu sadarbību. Vēlamies informēt, ka mūsu tikšanās notiks nākamajā nedēļā.

Paldies!
Klientu serviss.",normal
Rezervācijas apstiprinājums,"Sveiki, komanda!

Informācija par darba grafiku ir pievienota šim ziņojumam. Lūdzu, dodiet mums ziņu, ja nepieciešams mainīt tikšanās laiku. Informācija par jaunumiem ir pieejama mūsu mājaslapā. Atgādinām par rīt plānoto tikšanos. Nodarbība notiks ierastajā laikā. Mēs nosūtīsim papildu informāciju pēc tikšanās.

Ar cieņu,
Projektu komanda.",normal
Piegādes datums,"Labdien, kolēģi!

Piegāde ir plānota tuvāko trīs darba dienu laikā. Paldies par jūsu laiku un atsaucību. Sanāksmes laikā pārrunāsim aktuālos jautājumus. Jūsu pasūtījums ir sagatavots un tiks nosūtīts tuvākajās dienās. Nākamajā mēnesī tiks veiktas nelielas izmaiņas darba kārtībā. Paldies, ka izmantojat mūsu pakalpojumus.

Ar cieņu,
Klientu apkalpošanas nodaļa.",normal
Atgādinājums par tikšanos,"Sveiki, kolēģi!

Atgādinām, ka pasākums notiks piektdien. Ja nepieciešams, varam vienoties par citu laiku. Lūdzu, informējiet mūs, ja nevarēsiet piedalīties. Lūdzu, saglabājiet šo ziņojumu turpmākai atsaucei. Mēs priecāsimies saņemt jūsu komentārus. Mēs nosūtīsim papildu informāciju pēc tikšanās. Pielikumā nosūtām informāciju par plānoto pasākumu.

Ar cieņu,
Klientu apkalpošanas nodaļa.",normal
Informācija par pasākumu,"Sveiki, Jāni!

Aptauja aizņems tikai dažas minūtes. Nākamajā mēnesī tiks veiktas nelielas izmaiņas darba kārtībā. Sanāksmes laikā pārrunāsim aktuālos jautājumus. Vēlamies informēt, ka mūsu tikšanās notiks nākamajā nedēļā. Informācija par jaunumiem ir pieejama mūsu mājaslapā. Lūdzu, informējiet mūs, ja nevarēsiet piedalīties. Papildu informāciju varat saņemt, sazinoties ar mums.

Paldies par sadarbību!
Uzņēmuma komanda.",normal
Rezervācijas apstiprinājums,"Sveiki, kolēģi!

Lūdzu, saglabājiet šo ziņojumu turpmākai atsaucei. Jūsu pasūtījums ir sagatavots un tiks nosūtīts tuvākajās dienās. Nākamajā mēnesī tiks veiktas nelielas izmaiņas darba kārtībā. Informācija par jaunumiem ir pieejama mūsu mājaslapā. Atgādinām, ka pasākums notiks piektdien. Lūdzu, informējiet mūs, ja nevarēsiet piedalīties. Lūdzu, dodiet mums ziņu, ja nepieciešams mainīt tikšanās laiku.

Paldies!
Klientu serviss.",normal
Bibliotēkas atgādinājums,"Labdien, skolēni!

Lūdzu, saglabājiet šo ziņojumu turpmākai atsaucei. Paldies par jūsu iepriekšējo atbildi. Aptauja aizņems tikai dažas minūtes. Ja nepieciešams, varam vienoties par citu laiku. Paldies par jūsu laiku un atsaucību. Piegāde ir plānota tuvāko trīs darba dienu laikā.

Paldies!
Klientu serviss.",normal
Pateicība par sadarbību,"Sveiki, kolēģi!

Mēs priecāsimies saņemt jūsu komentārus. Jūsu pasūtījums ir sagatavots un tiks nosūtīts tuvākajās dienās. Piegāde ir plānota tuvāko trīs darba dienu laikā. Sanāksmes laikā pārrunāsim aktuālos jautājumus. Informācija tiks papildināta, ja būs nepieciešamas izmaiņas. Pasākuma dalībniekiem būs pieejami visi nepieciešamie materiāli.

Paldies!
Klientu serviss.",normal
Pateicība par sadarbību,"Sveiki, kolēģi!

Mēs novērtējam jūsu atsauksmes un ieteikumus. Tikšanās laiks ir saskaņots ar visiem dalībniekiem. Lūdzu, iepazīstieties ar pievienotajiem dokumentiem. Informācija par jaunumiem ir pieejama mūsu mājaslapā.

Veiksmīgu dienu!
Mūsu komanda.",normal
Pateicība par sadarbību,"Labdien, skolēni!

Atgādinām par rīt plānoto tikšanos. Informācija par darba grafiku ir pievienota šim ziņojumam. Piegāde ir plānota tuvāko trīs darba dienu laikā.

Ar cieņu,
Skolas administrācija.",normal
Tikšanās laika maiņa,"Labdien!

Paldies par jūsu laiku un atsaucību. Pasākuma dalībniekiem būs pieejami visi nepieciešamie materiāli. Sanāksmes laikā pārrunāsim aktuālos jautājumus. Paldies, ka izmantojat mūsu pakalpojumus.

Lai jauka diena!
Mūsu komanda.",normal
Informācija klientiem,"Labdien, Anna!

Informācija tiks papildināta, ja būs nepieciešamas izmaiņas. Dokumenti būs pieejami arī klātienes tikšanās laikā. Jūsu rezervācija ir veiksmīgi apstiprināta. Lūdzu, saglabājiet šo ziņojumu turpmākai atsaucei. Mēs priecāsimies saņemt jūsu komentārus.

Ar cieņu,
Klientu apkalpošanas nodaļa.",normal
Darba grafiks,"Sveiki, kolēģi!

Jūsu pasūtījums ir sagatavots un tiks nosūtīts tuvākajās dienās. Mēs novērtējam jūsu atsauksmes un ieteikumus. Tikšanās laiks ir saskaņots ar visiem dalībniekiem. Pasākuma sākums paredzēts plkst. 10.00.

Lai jauka diena!
Mūsu komanda.",normal
Darba grafiks,"Labdien, kolēģi!

Nākamajā mēnesī tiks veiktas nelielas izmaiņas darba kārtībā. Informācija par darba grafiku ir pievienota šim ziņojumam. Nodarbība notiks ierastajā laikā. Piegāde ir plānota tuvāko trīs darba dienu laikā. Sanāksmes laikā pārrunāsim aktuālos jautājumus. Atgādinām, ka pasākums notiks piektdien.

Paldies!
Klientu serviss.",normal
Aptauja par pakalpojumu,"Labdien!

Ja nepieciešams, varam vienoties par citu laiku. Papildu informāciju varat saņemt, sazinoties ar mums. Atgādinām par rīt plānoto tikšanos. Mēs novērtējam jūsu atsauksmes un ieteikumus. Paldies par jūsu iepriekšējo atbildi. Mēs vēlamies precizēt dažas detaļas par mūsu sadarbību.

Veiksmīgu dienu!
Mūsu komanda.",normal
Nedēļas jaunumi,"Sveiki, kolēģi!

Nākamajā mēnesī tiks veiktas nelielas izmaiņas darba kārtībā. Aptauja aizņems tikai dažas minūtes. Jūsu pasūtījums ir sagatavots un tiks nosūtīts tuvākajās dienās.

Ar cieņu,
Klientu apkalpošanas nodaļa.",normal
Jaunā darba kārtība,"Labdien, Anna!

Nodarbība notiks ierastajā laikā. Ja nepieciešams, varam vienoties par citu laiku. Mēs vēlamies precizēt dažas detaļas par mūsu sadarbību. Paldies par jūsu laiku un atsaucību. Informācija par jaunumiem ir pieejama mūsu mājaslapā.

Ar cieņu,
Skolas administrācija.",normal
Nedēļas jaunumi,"Sveiki, Jāni!

Darba grafiks nākamajai nedēļai ir sagatavots. Vēlamies informēt, ka mūsu tikšanās notiks nākamajā nedēļā. Jūsu rezervācija ir veiksmīgi apstiprināta. Pasākuma sākums paredzēts plkst. 10.00. Tikšanās laiks ir saskaņots ar visiem dalībniekiem.

Ar cieņu,
Projektu komanda.",normal
Bibliotēkas atgādinājums,"Sveiki!

Mēs novērtējam jūsu atsauksmes un ieteikumus. Lūdzu, saglabājiet šo ziņojumu turpmākai atsaucei. Jūsu rezervācija ir veiksmīgi apstiprināta. Šonedēļ esam sagatavojuši vairākus jaunumus. Atgādinām, ka pasākums notiks piektdien. Dokumenti būs pieejami arī klātienes tikšanās laikā. Nākamajā mēnesī tiks veiktas nelielas izmaiņas darba kārtībā.

Ar cieņu,
Administrācija.",normal
Mācību materiāli,"Sveiki, visiem!

Paldies par jūsu laiku un atsaucību. Šonedēļ esam sagatavojuši vairākus jaunumus. Papildu informāciju varat saņemt, sazinoties ar mums. Vēlamies informēt, ka mūsu tikšanās notiks nākamajā nedēļā. Mēs vēlamies precizēt dažas detaļas par mūsu sadarbību. Jūsu pasūtījums ir sagatavots un tiks nosūtīts tuvākajās dienās. Lūdzu, dodiet mums ziņu, ja nepieciešams mainīt tikšanās laiku.

Paldies par sadarbību!
Uzņēmuma komanda.",normal
Rezervācijas apstiprinājums,"Labdien, skolēni!

Lūdzu, informējiet mūs, ja nevarēsiet piedalīties. Šonedēļ esam sagatavojuši vairākus jaunumus. Piegāde ir plānota tuvāko trīs darba dienu laikā. Jūsu pasūtījums ir sagatavots un tiks nosūtīts tuvākajās dienās. Mēs vēlamies precizēt dažas detaļas par mūsu sadarbību. Mēs priecāsimies saņemt jūsu komentārus. Darba grafiks nākamajai nedēļai ir sagatavots.

Ar cieņu,
Skolas administrācija.",normal
Mācību materiāli,"Labdien, cienījamie klienti!

Aptauja aizņems tikai dažas minūtes. Ja jums ir jautājumi, varat sazināties ar mūsu klientu apkalpošanas nodaļu. Nodarbība notiks ierastajā laikā. Jūsu pasūtījums ir sagatavots un tiks nosūtīts tuvākajās dienās. Pielikumā nosūtām informāciju par plānoto pasākumu. Lūdzu, iepazīstieties ar pievienotajiem dokumentiem.

Ar cieņu,
Projektu komanda.",normal
Piegādes datums,"Sveiki!

Tikšanās laiks ir saskaņots ar visiem dalībniekiem. Vēlamies informēt, ka mūsu tikšanās notiks nākamajā nedēļā. Paldies par jūsu laiku un atsaucību. Lūdzu, saglabājiet šo ziņojumu turpmākai atsaucei. Lūdzu, iepazīstieties ar pievienotajiem dokumentiem. Ja jums ir jautājumi, varat sazināties ar mūsu klientu apkalpošanas nodaļu.

Ar cieņu,
Klientu apkalpošanas nodaļa.",normal
Dokumentu nosūtīšana,"Sveiki, kolēģi!

Lūdzu, dodiet mums ziņu, ja nepieciešams mainīt tikšanās laiku. Paldies par jūsu iepriekšējo atbildi. Atgādinām par rīt plānoto tikšanos. Nodarbība notiks ierastajā laikā. Pasākuma dalībniekiem būs pieejami visi nepieciešamie materiāli.

Ar cieņu,
Klientu apkalpošanas nodaļa.",normal
Pateicība par sadarbību,"Sveiki, kolēģi!

Pasākuma dalībniekiem būs pieejami visi nepieciešamie materiāli. Jūsu pasūtījums ir sagatavots un tiks nosūtīts tuvākajās dienās. Informācija par jaunumiem ir pieejama mūsu mājaslapā. Atgādinām par rīt plānoto tikšanos. Nodarbība notiks ierastajā laikā.

Ar cieņu,
Klientu apkalpošanas nodaļa.",normal
Mēneša pārskats,"Labdien, Anna!

Ja jums ir jautājumi, varat sazināties ar mūsu klientu apkalpošanas nodaļu. Vēlamies informēt, ka mūsu tikšanās notiks nākamajā nedēļā. Nodarbība notiks ierastajā laikā. Mēs novērtējam jūsu atsauksmes un ieteikumus. Lūdzu, informējiet mūs, ja nevarēsiet piedalīties. Mēs priecāsimies saņemt jūsu komentārus. Papildu informāciju varat saņemt, sazinoties ar mums.

Ar cieņu,
Skolas administrācija.",normal
Informācija par pasākumu,"Labdien!

Atgādinām, ka pasākums notiks piektdien. Lūdzu, informējiet mūs, ja nevarēsiet piedalīties. Mēs vēlamies precizēt dažas detaļas par mūsu sadarbību.

Paldies!
Klientu serviss.",normal
Mācību materiāli,"Sveiki, kolēģi!

Informācija par darba grafiku ir pievienota šim ziņojumam. Lūdzu, iepazīstieties ar pievienotajiem dokumentiem. Jūsu pasūtījums ir sagatavots un tiks nosūtīts tuvākajās dienās. Lūdzu, dodiet mums ziņu, ja nepieciešams mainīt tikšanās laiku. Piegāde ir plānota tuvāko trīs darba dienu laikā. Mēs vēlamies precizēt dažas detaļas par mūsu sadarbību. Paldies par jūsu laiku un atsaucību.

Ar cieņu,
Skolas administrācija.",normal
Rezervācijas apstiprinājums,"Sveiki!

Paldies, ka izmantojat mūsu pakalpojumus. Mēs novērtējam jūsu atsauksmes un ieteikumus. Mēs vēlamies precizēt dažas detaļas par mūsu sadarbību. Jūsu pasūtījums ir sagatavots un tiks nosūtīts tuvākajās dienās.

Lai jauka diena!
Mūsu komanda.",normal
Rezervācijas apstiprinājums,"Sveiki, Jāni!

Paldies par jūsu laiku un atsaucību. Lūdzu, dodiet mums ziņu, ja nepieciešams mainīt tikšanās laiku. Lūdzu, informējiet mūs, ja nevarēsiet piedalīties. Vēlamies informēt, ka mūsu tikšanās notiks nākamajā nedēļā. Lūdzu, iepazīstieties ar pievienotajiem dokumentiem.

Ar cieņu,
Administrācija.",normal
Mēneša pārskats,"Sveiki, kolēģi!

Papildu informāciju varat saņemt, sazinoties ar mums. Paldies par jūsu iepriekšējo atbildi. Paldies, ka izmantojat mūsu pakalpojumus.

Veiksmīgu dienu!
Mūsu komanda.",normal
Rezervācijas apstiprinājums,"Sveiki, visiem!

Informācija tiks papildināta, ja būs nepieciešamas izmaiņas. Nākamajā mēnesī tiks veiktas nelielas izmaiņas darba kārtībā. Atgādinām, ka pasākums notiks piektdien. Lūdzu, informējiet mūs, ja nevarēsiet piedalīties.

Veiksmīgu dienu!
Mūsu komanda.",normal
Piegādes informācija,"Sveiki, kolēģi!

Mēs vēlamies precizēt dažas detaļas par mūsu sadarbību. Pielikumā nosūtām informāciju par plānoto pasākumu. Jūsu rezervācija ir veiksmīgi apstiprināta. Atgādinām par rīt plānoto tikšanos.

Paldies par sadarbību!
Uzņēmuma komanda.",normal
Informācija par nodarbību,"Labdien!

Paldies par jūsu laiku un atsaucību. Lūdzu, informējiet mūs, ja nevarēsiet piedalīties. Papildu informāciju varat saņemt, sazinoties ar mums.

Paldies par sadarbību!
Uzņēmuma komanda.",normal
Atgādinājums par tikšanos,"Labdien, skolēni!

Ja jums ir jautājumi, varat sazināties ar mūsu klientu apkalpošanas nodaļu. Mēs vēlamies precizēt dažas detaļas par mūsu sadarbību. Lūdzu, dodiet mums ziņu, ja nepieciešams mainīt tikšanās laiku. Pielikumā nosūtām informāciju par plānoto pasākumu. Sanāksmes laikā pārrunāsim aktuālos jautājumus. Paldies par jūsu iepriekšējo atbildi.

Ar cieņu,
Skolas administrācija.",normal
Jaunumi uzņēmumā,"Sveiki!

Mēs nosūtīsim papildu informāciju pēc tikšanās. Lūdzu, iepazīstieties ar pievienotajiem dokumentiem. Lūdzu, saglabājiet šo ziņojumu turpmākai atsaucei. Informācija par jaunumiem ir pieejama mūsu mājaslapā. Lūdzu, dodiet mums ziņu, ja nepieciešams mainīt tikšanās laiku.

Paldies par sadarbību!
Uzņēmuma komanda.",normal
Informācija klientiem,"Sveiki, komanda!

Tikšanās laiks ir saskaņots ar visiem dalībniekiem. Mēs novērtējam jūsu atsauksmes un ieteikumus. Vēlamies informēt, ka mūsu tikšanās notiks nākamajā nedēļā. Informācija par darba grafiku ir pievienota šim ziņojumam.

Ar cieņu,
Skolas administrācija.",normal
Nedēļas jaunumi,"Sveiki, visiem!

Pasākuma sākums paredzēts plkst. 10.00. Pielikumā nosūtām informāciju par plānoto pasākumu. Vēlamies informēt, ka mūsu tikšanās notiks nākamajā nedēļā. Lūdzu, saglabājiet šo ziņojumu turpmākai atsaucei. Šonedēļ esam sagatavojuši vairākus jaunumus.

Veiksmīgu dienu!
Mūsu komanda.",normal
Atgādinājums par tikšanos,"Labdien, kolēģi!

Lūdzu, iepazīstieties ar pievienotajiem dokumentiem. Pasākuma dalībniekiem būs pieejami visi nepieciešamie materiāli. Pasākuma sākums paredzēts plkst. 10.00. Mēs priecāsimies saņemt jūsu komentārus. Jūsu rezervācija ir veiksmīgi apstiprināta. Paldies par jūsu laiku un atsaucību. Pielikumā nosūtām informāciju par plānoto pasākumu.

Ar cieņu,
Skolas administrācija.",normal
Atgādinājums par tikšanos,"Labdien, cienījamie klienti!

Papildu informāciju varat saņemt, sazinoties ar mums. Mēs vēlamies precizēt dažas detaļas par mūsu sadarbību. Pasākuma dalībniekiem būs pieejami visi nepieciešamie materiāli. Šonedēļ esam sagatavojuši vairākus jaunumus. Pasākuma sākums paredzēts plkst. 10.00. Mēs novērtējam jūsu atsauksmes un ieteikumus.

Veiksmīgu dienu!
Mūsu komanda.",normal
Tikšanās par projektu,"Sveiki!

Informācija par jaunumiem ir pieejama mūsu mājaslapā. Sanāksmes laikā pārrunāsim aktuālos jautājumus. Ja nepieciešams, varam vienoties par citu laiku. Pasākuma sākums paredzēts plkst. 10.00. Lūdzu, saglabājiet šo ziņojumu turpmākai atsaucei. Darba grafiks nākamajai nedēļai ir sagatavots. Paldies par jūsu iepriekšējo atbildi.

Ar cieņu,
Projektu komanda.",normal
Informācija par nodarbību,"Sveiki, komanda!

Aptauja aizņems tikai dažas minūtes. Paldies, ka izmantojat mūsu pakalpojumus. Šonedēļ esam sagatavojuši vairākus jaunumus. Lūdzu, saglabājiet šo ziņojumu turpmākai atsaucei. Lūdzu, dodiet mums ziņu, ja nepieciešams mainīt tikšanās laiku. Piegāde ir plānota tuvāko trīs darba dienu laikā. Pielikumā nosūtām informāciju par plānoto pasākumu.

Ar cieņu,
Skolas administrācija.",normal
Mācību materiāli,"Sveiki, kolēģi!

Šonedēļ esam sagatavojuši vairākus jaunumus. Atgādinām par rīt plānoto tikšanos. Jūsu pasūtījums ir sagatavots un tiks nosūtīts tuvākajās dienās. Mēs novērtējam jūsu atsauksmes un ieteikumus. Ja jums ir jautājumi, varat sazināties ar mūsu klientu apkalpošanas nodaļu.

Veiksmīgu dienu!
Mūsu komanda.",normal
Rēķins par pakalpojumu,"Sveiki, visiem!

Paldies par jūsu iepriekšējo atbildi. Mēs novērtējam jūsu atsauksmes un ieteikumus. Dokumenti būs pieejami arī klātienes tikšanās laikā.

Lai jauka diena!
Mūsu komanda.",normal
Tikšanās par projektu,"Labdien, kolēģi!

Lūdzu, iepazīstieties ar pievienotajiem dokumentiem. Nodarbība notiks ierastajā laikā. Atgādinām par rīt plānoto tikšanos.

Lai jauka diena!
Mūsu komanda.",normal
Bibliotēkas atgādinājums,"Sveiki!

Piegāde ir plānota tuvāko trīs darba dienu laikā. Informācija par darba grafiku ir pievienota šim ziņojumam. Pasākuma sākums paredzēts plkst. 10.00. Lūdzu, saglabājiet šo ziņojumu turpmākai atsaucei. Nodarbība notiks ierastajā laikā.

Ar cieņu,
Skolas administrācija.",normal
Aptauja par pakalpojumu,"Labdien, kolēģi!

Informācija tiks papildināta, ja būs nepieciešamas izmaiņas. Šonedēļ esam sagatavojuši vairākus jaunumus. Paldies, ka izmantojat mūsu pakalpojumus.

Ar cieņu,
Skolas administrācija.",normal
Aptauja par pakalpojumu,"Labdien, skolēni!

Atgādinām, ka pasākums notiks piektdien. Papildu informāciju varat saņemt, sazinoties ar mums. Lūdzu, iepazīstieties ar pievienotajiem dokumentiem. Pasākuma dalībniekiem būs pieejami visi nepieciešamie materiāli.

Ar cieņu,
Klientu apkalpošanas nodaļa.",normal
Informācija par nodarbību,"Sveiki!

Lūdzu, iepazīstieties ar pievienotajiem dokumentiem. Piegāde ir plānota tuvāko trīs darba dienu laikā. Lūdzu, dodiet mums ziņu, ja nepieciešams mainīt tikšanās laiku. Paldies par jūsu laiku un atsaucību. Informācija par darba grafiku ir pievienota šim ziņojumam. Dokumenti būs pieejami arī klātienes tikšanās laikā. Mēs novērtējam jūsu atsauksmes un ieteikumus.

Paldies par sadarbību!
Uzņēmuma komanda.",normal
Tikšanās par projektu,"Labdien, kolēģi!

Dokumenti būs pieejami arī klātienes tikšanās laikā. Vēlamies informēt, ka mūsu tikšanās notiks nākamajā nedēļā. Atgādinām par rīt plānoto tikšanos.

Paldies!
Klientu serviss.",normal
Mācību materiāli,"Sveiki, kolēģi!

Lūdzu, saglabājiet šo ziņojumu turpmākai atsaucei. Paldies par jūsu laiku un atsaucību. Darba grafiks nākamajai nedēļai ir sagatavots. Informācija tiks papildināta, ja būs nepieciešamas izmaiņas.

Veiksmīgu dienu!
Mūsu komanda.",normal
Rēķins par pakalpojumu,"Labdien, cienījamie klienti!

Papildu informāciju varat saņemt, sazinoties ar mums. Šonedēļ esam sagatavojuši vairākus jaunumus. Nākamajā mēnesī tiks veiktas nelielas izmaiņas darba kārtībā.

Ar cieņu,
Administrācija.",normal
Aptauja par pakalpojumu,"Labdien!

Sanāksmes laikā pārrunāsim aktuālos jautājumus. Pasākuma sākums paredzēts plkst. 10.00. Mēs priecāsimies saņemt jūsu komentārus.

Veiksmīgu dienu!
Mūsu komanda.",normal
Dokumentu nosūtīšana,"Labdien, kolēģi!

Informācija tiks papildināta, ja būs nepieciešamas izmaiņas. Lūdzu, saglabājiet šo ziņojumu turpmākai atsaucei. Mēs nosūtīsim papildu informāciju pēc tikšanās. Darba grafiks nākamajai nedēļai ir sagatavots.

Ar cieņu,
Projektu komanda.",normal
Bibliotēkas atgādinājums,"Labdien, Anna!

Informācija par darba grafiku ir pievienota šim ziņojumam. Lūdzu, saglabājiet šo ziņojumu turpmākai atsaucei. Mēs novērtējam jūsu atsauksmes un ieteikumus. Papildu informāciju varat saņemt, sazinoties ar mums. Mēs vēlamies precizēt dažas detaļas par mūsu sadarbību. Lūdzu, iepazīstieties ar pievienotajiem dokumentiem.

Paldies par sadarbību!
Uzņēmuma komanda.",normal
Semināra programma,"Labdien, Anna!

Lūdzu, informējiet mūs, ja nevarēsiet piedalīties. Mēs novērtējam jūsu atsauksmes un ieteikumus. Informācija par darba grafiku ir pievienota šim ziņojumam. Darba grafiks nākamajai nedēļai ir sagatavots. Tikšanās laiks ir saskaņots ar visiem dalībniekiem.

Ar cieņu,
Projektu komanda.",normal
Mēneša pārskats,"Sveiki!

Pasākuma sākums paredzēts plkst. 10.00. Atgādinām, ka pasākums notiks piektdien. Informācija tiks papildināta, ja būs nepieciešamas izmaiņas. Tikšanās laiks ir saskaņots ar visiem dalībniekiem.

Veiksmīgu dienu!
Mūsu komanda.",normal
Pateicība par sadarbību,"Sveiki, komanda!

Ja jums ir jautājumi, varat sazināties ar mūsu klientu apkalpošanas nodaļu. Aptauja aizņems tikai dažas minūtes. Ja nepieciešams, varam vienoties par citu laiku. Paldies par jūsu laiku un atsaucību. Jūsu pasūtījums ir sagatavots un tiks nosūtīts tuvākajās dienās. Šonedēļ esam sagatavojuši vairākus jaunumus. Atgādinām, ka pasākums notiks piektdien.

Ar cieņu,
Projektu komanda.",normal
Mēneša pārskats,"Sveiki, Jāni!

Mēs vēlamies precizēt dažas detaļas par mūsu sadarbību. Papildu informāciju varat saņemt, sazinoties ar mums. Sanāksmes laikā pārrunāsim aktuālos jautājumus. Nodarbība notiks ierastajā laikā. Ja jums ir jautājumi, varat sazināties ar mūsu klientu apkalpošanas nodaļu.

Paldies!
Klientu serviss.",normal
Atvaļinājuma plāns,"Sveiki, Jāni!

Paldies par jūsu iepriekšējo atbildi. Mēs vēlamies precizēt dažas detaļas par mūsu sadarbību. Pasākuma sākums paredzēts plkst. 10.00. Nodarbība notiks ierastajā laikā. Šonedēļ esam sagatavojuši vairākus jaunumus. Atgādinām, ka pasākums notiks piektdien.

Paldies!
Klientu serviss.",normal
Piegādes datums,"Labdien, skolēni!

Darba grafiks nākamajai nedēļai ir sagatavots. Jūsu pasūtījums ir sagatavots un tiks nosūtīts tuvākajās dienās. Lūdzu, iepazīstieties ar pievienotajiem dokumentiem. Mēs nosūtīsim papildu informāciju pēc tikšanās.

Ar cieņu,
Klientu apkalpošanas nodaļa.",normal
Rezervācijas apstiprinājums,"Sveiki, visiem!

Mēs vēlamies precizēt dažas detaļas par mūsu sadarbību. Lūdzu, informējiet mūs, ja nevarēsiet piedalīties. Nodarbība notiks ierastajā laikā.

Paldies par sadarbību!
Uzņēmuma komanda.",normal
Informācija par nodarbību,"Sveiki, komanda!

Šonedēļ esam sagatavojuši vairākus jaunumus. Mēs vēlamies precizēt dažas detaļas par mūsu sadarbību. Lūdzu, dodiet mums ziņu, ja nepieciešams mainīt tikšanās laiku. Pielikumā nosūtām informāciju par plānoto pasākumu. Papildu informāciju varat saņemt, sazinoties ar mums. Tikšanās laiks ir saskaņots ar visiem dalībniekiem. Informācija par jaunumiem ir pieejama mūsu mājaslapā.

Ar cieņu,
Klientu apkalpošanas nodaļa.",normal
Darba grafiks,"Labdien!

Dokumenti būs pieejami arī klātienes tikšanās laikā. Nākamajā mēnesī tiks veiktas nelielas izmaiņas darba kārtībā. Lūdzu, iepazīstieties ar pievienotajiem dokumentiem. Mēs novērtējam jūsu atsauksmes un ieteikumus. Paldies, ka izmantojat mūsu pakalpojumus. Pielikumā nosūtām informāciju par plānoto pasākumu.

Paldies!
Klientu serviss.",normal
Tikšanās par projektu,"Labdien, cienījamie klienti!

Mēs priecāsimies saņemt jūsu komentārus. Tikšanās laiks ir saskaņots ar visiem dalībniekiem. Darba grafiks nākamajai nedēļai ir sagatavots. Šonedēļ esam sagatavojuši vairākus jaunumus. Ja nepieciešams, varam vienoties par citu laiku.

Veiksmīgu dienu!
Mūsu komanda.",normal
Komandas sapulce,"Sveiki!

Ja nepieciešams, varam vienoties par citu laiku. Lūdzu, iepazīstieties ar pievienotajiem dokumentiem. Paldies, ka izmantojat mūsu pakalpojumus. Lūdzu, saglabājiet šo ziņojumu turpmākai atsaucei.

Ar cieņu,
Administrācija.",normal
Nedēļas jaunumi,"Sveiki, Jāni!

Tikšanās laiks ir saskaņots ar visiem dalībniekiem. Informācija par darba grafiku ir pievienota šim ziņojumam. Mēs novērtējam jūsu atsauksmes un ieteikumus.

Paldies!
Klientu serviss.",normal
Pasākuma programma,"Sveiki, visiem!

Darba grafiks nākamajai nedēļai ir sagatavots. Pasākuma dalībniekiem būs pieejami visi nepieciešamie materiāli. Mēs novērtējam jūsu atsauksmes un ieteikumus.

Ar cieņu,
Projektu komanda.",normal
Pasūtījuma statuss,"Labdien, skolēni!

Pielikumā nosūtām informāciju par plānoto pasākumu. Papildu informāciju varat saņemt, sazinoties ar mums. Atgādinām, ka pasākums notiks piektdien. Mēs novērtējam jūsu atsauksmes un ieteikumus. Lūdzu, informējiet mūs, ja nevarēsiet piedalīties. Ja jums ir jautājumi, varat sazināties ar mūsu klientu apkalpošanas nodaļu. Informācija par jaunumiem ir pieejama mūsu mājaslapā.

Ar cieņu,
Skolas administrācija.",normal
Mēneša pārskats,"Sveiki, Jāni!

Lūdzu, saglabājiet šo ziņojumu turpmākai atsaucei. Paldies, ka izmantojat mūsu pakalpojumus. Ja jums ir jautājumi, varat sazināties ar mūsu klientu apkalpošanas nodaļu. Lūdzu, dodiet mums ziņu, ja nepieciešams mainīt tikšanās laiku. Aptauja aizņems tikai dažas minūtes. Pasākuma sākums paredzēts plkst. 10.00.

Ar cieņu,
Klientu apkalpošanas nodaļa.",normal
Jaunā darba kārtība,"Sveiki, komanda!

Ja jums ir jautājumi, varat sazināties ar mūsu klientu apkalpošanas nodaļu. Mēs vēlamies precizēt dažas detaļas par mūsu sadarbību. Atgādinām par rīt plānoto tikšanos. Mēs nosūtīsim papildu informāciju pēc tikšanās. Informācija par jaunumiem ir pieejama mūsu mājaslapā.

Ar cieņu,
Skolas administrācija.",normal
Dokumentu nosūtīšana,"Labdien, Anna!

Informācija tiks papildināta, ja būs nepieciešamas izmaiņas. Tikšanās laiks ir saskaņots ar visiem dalībniekiem. Darba grafiks nākamajai nedēļai ir sagatavots. Jūsu rezervācija ir veiksmīgi apstiprināta. Sanāksmes laikā pārrunāsim aktuālos jautājumus.

Paldies par sadarbību!
Uzņēmuma komanda.",normal
Mācību materiāli,"Labdien, kolēģi!

Ja nepieciešams, varam vienoties par citu laiku. Informācija par darba grafiku ir pievienota šim ziņojumam. Mēs priecāsimies saņemt jūsu komentārus. Nākamajā mēnesī tiks veiktas nelielas izmaiņas darba kārtībā. Atgādinām par rīt plānoto tikšanos. Pasākuma sākums paredzēts plkst. 10.00. Nodarbība notiks ierastajā laikā.

Ar cieņu,
Administrācija.",normal
Atvaļinājuma plāns,"Sveiki, komanda!

Lūdzu, dodiet mums ziņu, ja nepieciešams mainīt tikšanās laiku. Ja nepieciešams, varam vienoties par citu laiku. Pielikumā nosūtām informāciju par plānoto pasākumu. Mēs vēlamies precizēt dažas detaļas par mūsu sadarbību. Tikšanās laiks ir saskaņots ar visiem dalībniekiem.

Paldies par sadarbību!
Uzņēmuma komanda.",normal
Atgādinājums par tikšanos,"Labdien, kolēģi!

Pasākuma dalībniekiem būs pieejami visi nepieciešamie materiāli. Atgādinām par rīt plānoto tikšanos. Piegāde ir plānota tuvāko trīs darba dienu laikā. Mēs nosūtīsim papildu informāciju pēc tikšanās. Lūdzu, saglabājiet šo ziņojumu turpmākai atsaucei.

Ar cieņu,
Klientu apkalpošanas nodaļa.",normal
Bibliotēkas atgādinājums,"Labdien, skolēni!

Lūdzu, informējiet mūs, ja nevarēsiet piedalīties. Mēs vēlamies precizēt dažas detaļas par mūsu sadarbību. Lūdzu, iepazīstieties ar pievienotajiem dokumentiem. Mēs priecāsimies saņemt jūsu komentārus. Aptauja aizņems tikai dažas minūtes. Pasākuma sākums paredzēts plkst. 10.00.

Veiksmīgu dienu!
Mūsu komanda.",normal
Komandas sapulce,"Labdien, cienījamie klienti!

Pielikumā nosūtām informāciju par plānoto pasākumu. Paldies, ka izmantojat mūsu pakalpojumus. Paldies par jūsu laiku un atsaucību. Darba grafiks nākamajai nedēļai ir sagatavots. Informācija par darba grafiku ir pievienota šim ziņojumam.

Paldies par sadarbību!
Uzņēmuma komanda.",normal
Tikšanās laika maiņa,"Labdien, skolēni!

Mēs novērtējam jūsu atsauksmes un ieteikumus. Dokumenti būs pieejami arī klātienes tikšanās laikā. Atgādinām par rīt plānoto tikšanos. Tikšanās laiks ir saskaņots ar visiem dalībniekiem.

Ar cieņu,
Administrācija.",normal
Aptauja par pakalpojumu,"Labdien!

Informācija tiks papildināta, ja būs nepieciešamas izmaiņas. Atgādinām par rīt plānoto tikšanos. Lūdzu, dodiet mums ziņu, ja nepieciešams mainīt tikšanās laiku. Aptauja aizņems tikai dažas minūtes. Paldies par jūsu iepriekšējo atbildi. Pasākuma dalībniekiem būs pieejami visi nepieciešamie materiāli.

Ar cieņu,
Klientu apkalpošanas nodaļa.",normal
Informācija klientiem,"Sveiki, komanda!

Pielikumā nosūtām informāciju par plānoto pasākumu. Tikšanās laiks ir saskaņots ar visiem dalībniekiem. Paldies par jūsu iepriekšējo atbildi. Mēs vēlamies precizēt dažas detaļas par mūsu sadarbību. Ja nepieciešams, varam vienoties par citu laiku.

Paldies par sadarbību!
Uzņēmuma komanda.",normal
Tikšanās laika maiņa,"Sveiki, kolēģi!

Nodarbība notiks ierastajā laikā. Lūdzu, saglabājiet šo ziņojumu turpmākai atsaucei. Piegāde ir plānota tuvāko trīs darba dienu laikā. Paldies par jūsu iepriekšējo atbildi. Dokumenti būs pieejami arī klātienes tikšanās laikā.

Lai jauka diena!
Mūsu komanda.",normal
Jaunumi uzņēmumā,"Labdien, Anna!

Aptauja aizņems tikai dažas minūtes. Jūsu rezervācija ir veiksmīgi apstiprināta. Nodarbība notiks ierastajā laikā. Jūsu pasūtījums ir sagatavots un tiks nosūtīts tuvākajās dienās. Informācija tiks papildināta, ja būs nepieciešamas izmaiņas. Atgādinām, ka pasākums notiks piektdien. Lūdzu, iepazīstieties ar pievienotajiem dokumentiem.

Paldies!
Klientu serviss.",normal
Atvaļinājuma plāns,"Labdien!

Paldies par jūsu iepriekšējo atbildi. Šonedēļ esam sagatavojuši vairākus jaunumus. Mēs novērtējam jūsu atsauksmes un ieteikumus. Nākamajā mēnesī tiks veiktas nelielas izmaiņas darba kārtībā. Dokumenti būs pieejami arī klātienes tikšanās laikā. Lūdzu, informējiet mūs, ja nevarēsiet piedalīties. Informācija par jaunumiem ir pieejama mūsu mājaslapā.

Ar cieņu,
Administrācija.",normal
Semināra programma,"Labdien, kolēģi!

Lūdzu, dodiet mums ziņu, ja nepieciešams mainīt tikšanās laiku. Sanāksmes laikā pārrunāsim aktuālos jautājumus. Nākamajā mēnesī tiks veiktas nelielas izmaiņas darba kārtībā. Mēs novērtējam jūsu atsauksmes un ieteikumus. Piegāde ir plānota tuvāko trīs darba dienu laikā.

Lai jauka diena!
Mūsu komanda.",normal
Piegādes datums,"Labdien, kolēģi!

Paldies, ka izmantojat mūsu pakalpojumus. Atgādinām par rīt plānoto tikšanos. Informācija par jaunumiem ir pieejama mūsu mājaslapā.

Ar cieņu,
Projektu komanda.",normal
Jaunā darba kārtība,"Labdien!

Šonedēļ esam sagatavojuši vairākus jaunumus. Mēs novērtējam jūsu atsauksmes un ieteikumus. Sanāksmes laikā pārrunāsim aktuālos jautājumus. Darba grafiks nākamajai nedēļai ir sagatavots. Paldies par jūsu iepriekšējo atbildi.

Ar cieņu,
Klientu apkalpošanas nodaļa.",normal
Jaunumi uzņēmumā,"Labdien, Anna!

Informācija tiks papildināta, ja būs nepieciešamas izmaiņas. Lūdzu, iepazīstieties ar pievienotajiem dokumentiem. Piegāde ir plānota tuvāko trīs darba dienu laikā. Informācija par jaunumiem ir pieejama mūsu mājaslapā. Paldies par jūsu laiku un atsaucību. Pielikumā nosūtām informāciju par plānoto pasākumu.

Ar cieņu,
Projektu komanda.",normal
Atgādinājums par tikšanos,"Labdien, kolēģi!

Atgādinām par rīt plānoto tikšanos. Jūsu pasūtījums ir sagatavots un tiks nosūtīts tuvākajās dienās. Aptauja aizņems tikai dažas minūtes.

Ar cieņu,
Skolas administrācija.",normal
Pasūtījuma statuss,"Labdien, skolēni!

Lūdzu, dodiet mums ziņu, ja nepieciešams mainīt tikšanās laiku. Paldies par jūsu iepriekšējo atbildi. Atgādinām par rīt plānoto tikšanos.

Veiksmīgu dienu!
Mūsu komanda.",normal
Jaunumi uzņēmumā,"Sveiki!

Paldies par jūsu iepriekšējo atbildi. Darba grafiks nākamajai nedēļai ir sagatavots. Nākamajā mēnesī tiks veiktas nelielas izmaiņas darba kārtībā. Aptauja aizņems tikai dažas minūtes. Mēs novērtējam jūsu atsauksmes un ieteikumus. Atgādinām par rīt plānoto tikšanos.

Paldies par sadarbību!
Uzņēmuma komanda.",normal
Nedēļas jaunumi,"Sveiki, komanda!

Sanāksmes laikā pārrunāsim aktuālos jautājumus. Paldies par jūsu iepriekšējo atbildi. Aptauja aizņems tikai dažas minūtes. Šonedēļ esam sagatavojuši vairākus jaunumus. Lūdzu, iepazīstieties ar pievienotajiem dokumentiem.

Veiksmīgu dienu!
Mūsu komanda.",normal
Piegādes informācija,"Labdien, cienījamie klienti!

Ja nepieciešams, varam vienoties par citu laiku. Darba grafiks nākamajai nedēļai ir sagatavots. Informācija par jaunumiem ir pieejama mūsu mājaslapā. Lūdzu, informējiet mūs, ja nevarēsiet piedalīties. Paldies par jūsu laiku un atsaucību.

Veiksmīgu dienu!
Mūsu komanda.",normal
Jaunumi uzņēmumā,"Labdien, kolēģi!

Darba grafiks nākamajai nedēļai ir sagatavots. Dokumenti būs pieejami arī klātienes tikšanās laikā. Pasākuma dalībniekiem būs pieejami visi nepieciešamie materiāli. Informācija par darba grafiku ir pievienota šim ziņojumam. Pasākuma sākums paredzēts plkst. 10.00. Jūsu rezervācija ir veiksmīgi apstiprināta. Paldies par jūsu iepriekšējo atbildi.

Paldies!
Klientu serviss.",normal
Informācija klientiem,"Sveiki, komanda!

Informācija par jaunumiem ir pieejama mūsu mājaslapā. Šonedēļ esam sagatavojuši vairākus jaunumus. Ja nepieciešams, varam vienoties par citu laiku. Nodarbība notiks ierastajā laikā.

Lai jauka diena!
Mūsu komanda.",normal
Rezervācijas apstiprinājums,"Sveiki, kolēģi!

Piegāde ir plānota tuvāko trīs darba dienu laikā. Mēs vēlamies precizēt dažas detaļas par mūsu sadarbību. Aptauja aizņems tikai dažas minūtes.

Ar cieņu,
Skolas administrācija.",normal
Rēķins par pakalpojumu,"Sveiki, Jāni!

Nodarbība notiks ierastajā laikā. Informācija par darba grafiku ir pievienota šim ziņojumam. Lūdzu, iepazīstieties ar pievienotajiem dokumentiem. Ja nepieciešams, varam vienoties par citu laiku. Lūdzu, informējiet mūs, ja nevarēsiet piedalīties.

Ar cieņu,
Projektu komanda.",normal
Bibliotēkas atgādinājums,"Sveiki, kolēģi!

Pasākuma sākums paredzēts plkst. 10.00. Papildu informāciju varat saņemt, sazinoties ar mums. Atgādinām, ka pasākums notiks piektdien. Darba grafiks nākamajai nedēļai ir sagatavots.

Veiksmīgu dienu!
Mūsu komanda.",normal
Mācību materiāli,"Labdien, skolēni!

Pasākuma dalībniekiem būs pieejami visi nepieciešamie materiāli. Šonedēļ esam sagatavojuši vairākus jaunumus. Jūsu rezervācija ir veiksmīgi apstiprināta. Lūdzu, saglabājiet šo ziņojumu turpmākai atsaucei. Mēs priecāsimies saņemt jūsu komentārus. Atgādinām, ka pasākums notiks piektdien.

Paldies par sadarbību!
Uzņēmuma komanda.",normal
Pasūtījuma statuss,"Labdien!

Ja nepieciešams, varam vienoties par citu laiku. Jūsu rezervācija ir veiksmīgi apstiprināta. Pasākuma sākums paredzēts plkst. 10.00. Paldies, ka izmantojat mūsu pakalpojumus.

Ar cieņu,
Skolas administrācija.",normal
Pasūtījuma statuss,"Labdien, skolēni!

Nākamajā mēnesī tiks veiktas nelielas izmaiņas darba kārtībā. Informācija tiks papildināta, ja būs nepieciešamas izmaiņas. Mēs vēlamies precizēt dažas detaļas par mūsu sadarbību. Jūsu rezervācija ir veiksmīgi apstiprināta. Lūdzu, iepazīstieties ar pievienotajiem dokumentiem.

Paldies!
Klientu serviss.",normal
Mācību materiāli,"Sveiki!

Pielikumā nosūtām informāciju par plānoto pasākumu. Paldies par jūsu laiku un atsaucību. Mēs novērtējam jūsu atsauksmes un ieteikumus. Ja nepieciešams, varam vienoties par citu laiku. Vēlamies informēt, ka mūsu tikšanās notiks nākamajā nedēļā. Aptauja aizņems tikai dažas minūtes.

Ar cieņu,
Administrācija.",normal
Rezervācijas apstiprinājums,"Labdien, skolēni!

Papildu informāciju varat saņemt, sazinoties ar mums. Sanāksmes laikā pārrunāsim aktuālos jautājumus. Lūdzu, dodiet mums ziņu, ja nepieciešams mainīt tikšanās laiku. Informācija par darba grafiku ir pievienota šim ziņojumam. Pielikumā nosūtām informāciju par plānoto pasākumu. Jūsu rezervācija ir veiksmīgi apstiprināta. Mēs vēlamies precizēt dažas detaļas par mūsu sadarbību.

Ar cieņu,
Projektu komanda.",normal
Darba grafiks,"Labdien, skolēni!

Pasākuma sākums paredzēts plkst. 10.00. Jūsu pasūtījums ir sagatavots un tiks nosūtīts tuvākajās dienās. Ja jums ir jautājumi, varat sazināties ar mūsu klientu apkalpošanas nodaļu.

Paldies par sadarbību!
Uzņēmuma komanda.",normal
Informācija par nodarbību,"Sveiki, kolēģi!

Pielikumā nosūtām informāciju par plānoto pasākumu. Paldies par jūsu iepriekšējo atbildi. Informācija tiks papildināta, ja būs nepieciešamas izmaiņas. Mēs vēlamies precizēt dažas detaļas par mūsu sadarbību. Vēlamies informēt, ka mūsu tikšanās notiks nākamajā nedēļā.

Ar cieņu,
Klientu apkalpošanas nodaļa.",normal
Tikšanās par projektu,"Labdien, skolēni!

Paldies par jūsu laiku un atsaucību. Pielikumā nosūtām informāciju par plānoto pasākumu. Lūdzu, dodiet mums ziņu, ja nepieciešams mainīt tikšanās laiku. Jūsu rezervācija ir veiksmīgi apstiprināta.

Lai jauka diena!
Mūsu komanda.",normal
Jaunumi uzņēmumā,"Sveiki, visiem!

Dokumenti būs pieejami arī klātienes tikšanās laikā. Ja nepieciešams, varam vienoties par citu laiku. Mēs nosūtīsim papildu informāciju pēc tikšanās. Piegāde ir plānota tuvāko trīs darba dienu laikā.

Ar cieņu,
Klientu apkalpošanas nodaļa.",normal
Komandas sapulce,"Labdien, Anna!

Ja nepieciešams, varam vienoties par citu laiku. Šonedēļ esam sagatavojuši vairākus jaunumus. Paldies, ka izmantojat mūsu pakalpojumus. Vēlamies informēt, ka mūsu tikšanās notiks nākamajā nedēļā. Tikšanās laiks ir saskaņots ar visiem dalībniekiem. Pielikumā nosūtām informāciju par plānoto pasākumu.

Veiksmīgu dienu!
Mūsu komanda.",normal
Atvaļinājuma plāns,"Sveiki, Jāni!

Atgādinām, ka pasākums notiks piektdien. Lūdzu, iepazīstieties ar pievienotajiem dokumentiem. Sanāksmes laikā pārrunāsim aktuālos jautājumus.

Paldies par sadarbību!
Uzņēmuma komanda.",normal
Dokumentu nosūtīšana,"Labdien, cienījamie klienti!

Lūdzu, dodiet mums ziņu, ja nepieciešams mainīt tikšanās laiku. Ja nepieciešams, varam vienoties par citu laiku. Pasākuma dalībniekiem būs pieejami visi nepieciešamie materiāli. Informācija par jaunumiem ir pieejama mūsu mājaslapā. Pasākuma sākums paredzēts plkst. 10.00. Lūdzu, saglabājiet šo ziņojumu turpmākai atsaucei.

Ar cieņu,
Skolas administrācija.",normal
Pasākuma programma,"Sveiki, komanda!

Mēs priecāsimies saņemt jūsu komentārus. Aptauja aizņems tikai dažas minūtes. Informācija par jaunumiem ir pieejama mūsu mājaslapā. Pasākuma dalībniekiem būs pieejami visi nepieciešamie materiāli. Pielikumā nosūtām informāciju par plānoto pasākumu. Lūdzu, dodiet mums ziņu, ja nepieciešams mainīt tikšanās laiku. Vēlamies informēt, ka mūsu tikšanās notiks nākamajā nedēļā.

Ar cieņu,
Skolas administrācija.",normal
Semināra programma,"Sveiki, kolēģi!

Atgādinām, ka pasākums notiks piektdien. Aptauja aizņems tikai dažas minūtes. Pielikumā nosūtām informāciju par plānoto pasākumu. Informācija par jaunumiem ir pieejama mūsu mājaslapā. Nodarbība notiks ierastajā laikā. Pasākuma sākums paredzēts plkst. 10.00.

Lai jauka diena!
Mūsu komanda.",normal
Jaunumi uzņēmumā,"Labdien!

Papildu informāciju varat saņemt, sazinoties ar mums. Paldies, ka izmantojat mūsu pakalpojumus. Paldies par jūsu iepriekšējo atbildi. Mēs novērtējam jūsu atsauksmes un ieteikumus.

Ar cieņu,
Skolas administrācija.",normal
Atgādinājums par tikšanos,"Labdien, Anna!

Paldies par jūsu laiku un atsaucību. Mēs priecāsimies saņemt jūsu komentārus. Pielikumā nosūtām informāciju par plānoto pasākumu. Mēs nosūtīsim papildu informāciju pēc tikšanās.

Lai jauka diena!
Mūsu komanda.",normal
Tikšanās par projektu,"Labdien, skolēni!

Ja nepieciešams, varam vienoties par citu laiku. Piegāde ir plānota tuvāko trīs darba dienu laikā. Ja jums ir jautājumi, varat sazināties ar mūsu klientu apkalpošanas nodaļu. Paldies par jūsu laiku un atsaucību. Jūsu rezervācija ir veiksmīgi apstiprināta. Aptauja aizņems tikai dažas minūtes.

Paldies par sadarbību!
Uzņēmuma komanda.",normal
Pasūtījuma statuss,"Labdien, cienījamie klienti!

Paldies, ka izmantojat mūsu pakalpojumus. Papildu informāciju varat saņemt, sazinoties ar mums. Ja jums ir jautājumi, varat sazināties ar mūsu klientu apkalpošanas nodaļu.

Paldies par sadarbību!
Uzņēmuma komanda.",normal
Mācību materiāli,"Labdien, skolēni!

Mēs novērtējam jūsu atsauksmes un ieteikumus. Vēlamies informēt, ka mūsu tikšanās notiks nākamajā nedēļā. Atgādinām, ka pasākums notiks piektdien.

Ar cieņu,
Administrācija.",normal
Jaunā darba kārtība,"Sveiki!

Pasākuma sākums paredzēts plkst. 10.00. Vēlamies informēt, ka mūsu tikšanās notiks nākamajā nedēļā. Informācija par jaunumiem ir pieejama mūsu mājaslapā. Aptauja aizņems tikai dažas minūtes. Mēs vēlamies precizēt dažas detaļas par mūsu sadarbību. Ja nepieciešams, varam vienoties par citu laiku. Paldies par jūsu laiku un atsaucību.

Ar cieņu,
Administrācija.",normal
Komandas sapulce,"Labdien, cienījamie klienti!

Paldies, ka izmantojat mūsu pakalpojumus. Šonedēļ esam sagatavojuši vairākus jaunumus. Informācija tiks papildināta, ja būs nepieciešamas izmaiņas. Jūsu rezervācija ir veiksmīgi apstiprināta. Mēs priecāsimies saņemt jūsu komentārus. Aptauja aizņems tikai dažas minūtes.

Ar cieņu,
Projektu komanda.",normal
Tikšanās par projektu,"Labdien, cienījamie klienti!

Piegāde ir plānota tuvāko trīs darba dienu laikā. Vēlamies informēt, ka mūsu tikšanās notiks nākamajā nedēļā. Jūsu pasūtījums ir sagatavots un tiks nosūtīts tuvākajās dienās. Dokumenti būs pieejami arī klātienes tikšanās laikā.

Ar cieņu,
Skolas administrācija.",normal
Pateicība par sadarbību,"Labdien, cienījamie klienti!

Mēs vēlamies precizēt dažas detaļas par mūsu sadarbību. Darba grafiks nākamajai nedēļai ir sagatavots. Atgādinām par rīt plānoto tikšanos.

Ar cieņu,
Skolas administrācija.",normal
Rēķins par pakalpojumu,"Labdien, Anna!

Pasākuma dalībniekiem būs pieejami visi nepieciešamie materiāli. Paldies, ka izmantojat mūsu pakalpojumus. Informācija par jaunumiem ir pieejama mūsu mājaslapā. Ja jums ir jautājumi, varat sazināties ar mūsu klientu apkalpošanas nodaļu. Pasākuma sākums paredzēts plkst. 10.00.

Ar cieņu,
Administrācija.",normal
Komandas sapulce,"Sveiki, komanda!

Nodarbība notiks ierastajā laikā. Paldies par jūsu iepriekšējo atbildi. Darba grafiks nākamajai nedēļai ir sagatavots.

Veiksmīgu dienu!
Mūsu komanda.",normal
Bibliotēkas atgādinājums,"Sveiki, komanda!

Mēs priecāsimies saņemt jūsu komentārus. Darba grafiks nākamajai nedēļai ir sagatavots. Lūdzu, iepazīstieties ar pievienotajiem dokumentiem. Informācija par jaunumiem ir pieejama mūsu mājaslapā.

Ar cieņu,
Projektu komanda.",normal
Rēķins par pakalpojumu,"Labdien, skolēni!

Dokumenti būs pieejami arī klātienes tikšanās laikā. Nodarbība notiks ierastajā laikā. Atgādinām, ka pasākums notiks piektdien. Aptauja aizņems tikai dažas minūtes. Pasākuma dalībniekiem būs pieejami visi nepieciešamie materiāli.

Ar cieņu,
Skolas administrācija.",normal
Aptauja par pakalpojumu,"Sveiki, Jāni!

Paldies, ka izmantojat mūsu pakalpojumus. Šonedēļ esam sagatavojuši vairākus jaunumus. Informācija tiks papildināta, ja būs nepieciešamas izmaiņas. Nākamajā mēnesī tiks veiktas nelielas izmaiņas darba kārtībā.

Paldies!
Klientu serviss.",normal
Jaunumi uzņēmumā,"Sveiki, komanda!

Lūdzu, informējiet mūs, ja nevarēsiet piedalīties. Pasākuma sākums paredzēts plkst. 10.00. Atgādinām, ka pasākums notiks piektdien.

Paldies par sadarbību!
Uzņēmuma komanda.",normal
Tikšanās laika maiņa,"Labdien, Anna!

Tikšanās laiks ir saskaņots ar visiem dalībniekiem. Jūsu pasūtījums ir sagatavots un tiks nosūtīts tuvākajās dienās. Paldies par jūsu iepriekšējo atbildi. Nodarbība notiks ierastajā laikā. Informācija par jaunumiem ir pieejama mūsu mājaslapā. Mēs novērtējam jūsu atsauksmes un ieteikumus.

Ar cieņu,
Administrācija.",normal
Tikšanās par projektu,"Labdien, skolēni!

Ja jums ir jautājumi, varat sazināties ar mūsu klientu apkalpošanas nodaļu. Darba grafiks nākamajai nedēļai ir sagatavots. Ja nepieciešams, varam vienoties par citu laiku. Mēs nosūtīsim papildu informāciju pēc tikšanās. Nodarbība notiks ierastajā laikā. Lūdzu, iepazīstieties ar pievienotajiem dokumentiem.

Ar cieņu,
Klientu apkalpošanas nodaļa.",normal
Mēneša pārskats,"Sveiki!

Jūsu pasūtījums ir sagatavots un tiks nosūtīts tuvākajās dienās. Aptauja aizņems tikai dažas minūtes. Informācija par darba grafiku ir pievienota šim ziņojumam. Atgādinām, ka pasākums notiks piektdien. Vēlamies informēt, ka mūsu tikšanās notiks nākamajā nedēļā. Piegāde ir plānota tuvāko trīs darba dienu laikā. Paldies, ka izmantojat mūsu pakalpojumus.

Ar cieņu,
Skolas administrācija.",normal
Atvaļinājuma plāns,"Sveiki, visiem!

Sanāksmes laikā pārrunāsim aktuālos jautājumus. Lūdzu, saglabājiet šo ziņojumu turpmākai atsaucei. Mēs novērtējam jūsu atsauksmes un ieteikumus. Mēs vēlamies precizēt dažas detaļas par mūsu sadarbību. Aptauja aizņems tikai dažas minūtes.

Ar cieņu,
Klientu apkalpošanas nodaļa.",normal
Mēneša pārskats,"Sveiki, visiem!

Darba grafiks nākamajai nedēļai ir sagatavots. Paldies par jūsu laiku un atsaucību. Mēs novērtējam jūsu atsauksmes un ieteikumus. Lūdzu, dodiet mums ziņu, ja nepieciešams mainīt tikšanās laiku. Jūsu pasūtījums ir sagatavots un tiks nosūtīts tuvākajās dienās. Pasākuma sākums paredzēts plkst. 10.00.

Veiksmīgu dienu!
Mūsu komanda.",normal
Atgādinājums par tikšanos,"Labdien!

Nākamajā mēnesī tiks veiktas nelielas izmaiņas darba kārtībā. Piegāde ir plānota tuvāko trīs darba dienu laikā. Sanāksmes laikā pārrunāsim aktuālos jautājumus. Jūsu rezervācija ir veiksmīgi apstiprināta.

Paldies par sadarbību!
Uzņēmuma komanda.",normal
Aptauja par pakalpojumu,"Sveiki, visiem!

Sanāksmes laikā pārrunāsim aktuālos jautājumus. Piegāde ir plānota tuvāko trīs darba dienu laikā. Šonedēļ esam sagatavojuši vairākus jaunumus. Lūdzu, iepazīstieties ar pievienotajiem dokumentiem. Atgādinām, ka pasākums notiks piektdien.

Ar cieņu,
Projektu komanda.",normal
Darba grafiks,"Sveiki!

Lūdzu, informējiet mūs, ja nevarēsiet piedalīties. Mēs vēlamies precizēt dažas detaļas par mūsu sadarbību. Pasākuma dalībniekiem būs pieejami visi nepieciešamie materiāli. Vēlamies informēt, ka mūsu tikšanās notiks nākamajā nedēļā.

Paldies!
Klientu serviss.",normal
Semināra programma,"Sveiki, kolēģi!

Piegāde ir plānota tuvāko trīs darba dienu laikā. Atgādinām, ka pasākums notiks piektdien. Mēs priecāsimies saņemt jūsu komentārus. Paldies par jūsu iepriekšējo atbildi.

Ar cieņu,
Projektu komanda.",normal
Semināra programma,"Labdien, kolēģi!

Piegāde ir plānota tuvāko trīs darba dienu laikā. Mēs vēlamies precizēt dažas detaļas par mūsu sadarbību. Informācija par darba grafiku ir pievienota šim ziņojumam.

Ar cieņu,
Klientu apkalpošanas nodaļa.",normal
Atvaļinājuma plāns,"Sveiki, visiem!

Dokumenti būs pieejami arī klātienes tikšanās laikā. Mēs nosūtīsim papildu informāciju pēc tikšanās. Tikšanās laiks ir saskaņots ar visiem dalībniekiem. Atgādinām, ka pasākums notiks piektdien. Pasākuma sākums paredzēts plkst. 10.00. Mēs vēlamies precizēt dažas detaļas par mūsu sadarbību. Informācija tiks papildināta, ja būs nepieciešamas izmaiņas.

Veiksmīgu dienu!
Mūsu komanda.",normal
Aptauja par pakalpojumu,"Sveiki!

Atgādinām par rīt plānoto tikšanos. Piegāde ir plānota tuvāko trīs darba dienu laikā. Atgādinām, ka pasākums notiks piektdien. Vēlamies informēt, ka mūsu tikšanās notiks nākamajā nedēļā. Papildu informāciju varat saņemt, sazinoties ar mums. Mēs priecāsimies saņemt jūsu komentārus. Ja nepieciešams, varam vienoties par citu laiku.

Ar cieņu,
Projektu komanda.",normal
Bibliotēkas atgādinājums,"Labdien, Anna!

Lūdzu, saglabājiet šo ziņojumu turpmākai atsaucei. Lūdzu, iepazīstieties ar pievienotajiem dokumentiem. Mēs nosūtīsim papildu informāciju pēc tikšanās. Šonedēļ esam sagatavojuši vairākus jaunumus. Lūdzu, dodiet mums ziņu, ja nepieciešams mainīt tikšanās laiku. Ja nepieciešams, varam vienoties par citu laiku.

Ar cieņu,
Klientu apkalpošanas nodaļa.",normal
Aptauja par pakalpojumu,"Labdien, skolēni!

Nākamajā mēnesī tiks veiktas nelielas izmaiņas darba kārtībā. Paldies par jūsu laiku un atsaucību. Atgādinām, ka pasākums notiks piektdien. Nodarbība notiks ierastajā laikā. Piegāde ir plānota tuvāko trīs darba dienu laikā. Tikšanās laiks ir saskaņots ar visiem dalībniekiem.

Ar cieņu,
Klientu apkalpošanas nodaļa.",normal
Pasūtījuma statuss,"Labdien!

Nākamajā mēnesī tiks veiktas nelielas izmaiņas darba kārtībā. Atgādinām par rīt plānoto tikšanos. Jūsu rezervācija ir veiksmīgi apstiprināta. Pielikumā nosūtām informāciju par plānoto pasākumu.

Ar cieņu,
Administrācija.",normal
Jaunumi uzņēmumā,"Sveiki, komanda!

Mēs priecāsimies saņemt jūsu komentārus. Dokumenti būs pieejami arī klātienes tikšanās laikā. Nākamajā mēnesī tiks veiktas nelielas izmaiņas darba kārtībā. Atgādinām, ka pasākums notiks piektdien. Jūsu pasūtījums ir sagatavots un tiks nosūtīts tuvākajās dienās. Vēlamies informēt, ka mūsu tikšanās notiks nākamajā nedēļā. Mēs nosūtīsim papildu informāciju pēc tikšanās.

Ar cieņu,
Klientu apkalpošanas nodaļa.",normal
Informācija klientiem,"Labdien, skolēni!

Lūdzu, iepazīstieties ar pievienotajiem dokumentiem. Šonedēļ esam sagatavojuši vairākus jaunumus. Nākamajā mēnesī tiks veiktas nelielas izmaiņas darba kārtībā.

Veiksmīgu dienu!
Mūsu komanda.",normal
Mācību materiāli,"Sveiki, Jāni!

Papildu informāciju varat saņemt, sazinoties ar mums. Pielikumā nosūtām informāciju par plānoto pasākumu. Jūsu rezervācija ir veiksmīgi apstiprināta. Lūdzu, dodiet mums ziņu, ja nepieciešams mainīt tikšanās laiku. Atgādinām, ka pasākums notiks piektdien.

Ar cieņu,
Klientu apkalpošanas nodaļa.",normal
Pateicība par sadarbību,"Labdien, Anna!

Ja nepieciešams, varam vienoties par citu laiku. Nodarbība notiks ierastajā laikā. Informācija par jaunumiem ir pieejama mūsu mājaslapā.

Paldies par sadarbību!
Uzņēmuma komanda.",normal
Informācija par nodarbību,"Labdien, kolēģi!

Lūdzu, saglabājiet šo ziņojumu turpmākai atsaucei. Darba grafiks nākamajai nedēļai ir sagatavots. Vēlamies informēt, ka mūsu tikšanās notiks nākamajā nedēļā.

Ar cieņu,
Klientu apkalpošanas nodaļa.",normal
Piegādes informācija,"Labdien!

Ja nepieciešams, varam vienoties par citu laiku. Lūdzu, dodiet mums ziņu, ja nepieciešams mainīt tikšanās laiku. Dokumenti būs pieejami arī klātienes tikšanās laikā.

Ar cieņu,
Klientu apkalpošanas nodaļa.",normal
Aptauja par pakalpojumu,"Sveiki, visiem!

Mēs nosūtīsim papildu informāciju pēc tikšanās. Mēs novērtējam jūsu atsauksmes un ieteikumus. Nodarbība notiks ierastajā laikā. Mēs vēlamies precizēt dažas detaļas par mūsu sadarbību.

Ar cieņu,
Skolas administrācija.",normal
Jaunumi uzņēmumā,"Labdien, kolēģi!

Informācija tiks papildināta, ja būs nepieciešamas izmaiņas. Ja jums ir jautājumi, varat sazināties ar mūsu klientu apkalpošanas nodaļu. Lūdzu, iepazīstieties ar pievienotajiem dokumentiem. Nākamajā mēnesī tiks veiktas nelielas izmaiņas darba kārtībā. Pasākuma sākums paredzēts plkst. 10.00.

Paldies par sadarbību!
Uzņēmuma komanda.",normal
Bibliotēkas atgādinājums,"Labdien, kolēģi!

Atgādinām, ka pasākums notiks piektdien. Paldies par jūsu iepriekšējo atbildi. Mēs nosūtīsim papildu informāciju pēc tikšanās.

Paldies par sadarbību!
Uzņēmuma komanda.",normal
Informācija par pasākumu,"Labdien!

Mēs vēlamies precizēt dažas detaļas par mūsu sadarbību. Pasākuma sākums paredzēts plkst. 10.00. Dokumenti būs pieejami arī klātienes tikšanās laikā.

Paldies!
Klientu serviss.",normal
Mēneša pārskats,"Sveiki, kolēģi!

Paldies par jūsu laiku un atsaucību. Tikšanās laiks ir saskaņots ar visiem dalībniekiem. Dokumenti būs pieejami arī klātienes tikšanās laikā.

Lai jauka diena!
Mūsu komanda.",normal
Dokumentu nosūtīšana,"Labdien, skolēni!

Dokumenti būs pieejami arī klātienes tikšanās laikā. Nodarbība notiks ierastajā laikā. Mēs novērtējam jūsu atsauksmes un ieteikumus. Aptauja aizņems tikai dažas minūtes.

Veiksmīgu dienu!
Mūsu komanda.",normal
Atvaļinājuma plāns,"Sveiki, Jāni!

Ja nepieciešams, varam vienoties par citu laiku. Piegāde ir plānota tuvāko trīs darba dienu laikā. Paldies par jūsu laiku un atsaucību. Informācija par darba grafiku ir pievienota šim ziņojumam.

Lai jauka diena!
Mūsu komanda.",normal
Darba grafiks,"Sveiki!

Papildu informāciju varat saņemt, sazinoties ar mums. Aptauja aizņems tikai dažas minūtes. Mēs nosūtīsim papildu informāciju pēc tikšanās. Lūdzu, dodiet mums ziņu, ja nepieciešams mainīt tikšanās laiku. Ja nepieciešams, varam vienoties par citu laiku. Vēlamies informēt, ka mūsu tikšanās notiks nākamajā nedēļā. Mēs vēlamies precizēt dažas detaļas par mūsu sadarbību.

Ar cieņu,
Projektu komanda.",normal
Semināra programma,"Labdien, cienījamie klienti!

Pielikumā nosūtām informāciju par plānoto pasākumu. Pasākuma dalībniekiem būs pieejami visi nepieciešamie materiāli. Šonedēļ esam sagatavojuši vairākus jaunumus. Lūdzu, dodiet mums ziņu, ja nepieciešams mainīt tikšanās laiku. Piegāde ir plānota tuvāko trīs darba dienu laikā. Tikšanās laiks ir saskaņots ar visiem dalībniekiem.

Veiksmīgu dienu!
Mūsu komanda.",normal
Informācija klientiem,"Sveiki, komanda!

Jūsu pasūtījums ir sagatavots un tiks nosūtīts tuvākajās dienās. Atgādinām par rīt plānoto tikšanos. Pielikumā nosūtām informāciju par plānoto pasākumu.

Ar cieņu,
Projektu komanda.",normal
Bibliotēkas atgādinājums,"Labdien, skolēni!

Mēs vēlamies precizēt dažas detaļas par mūsu sadarbību. Jūsu rezervācija ir veiksmīgi apstiprināta. Pasākuma dalībniekiem būs pieejami visi nepieciešamie materiāli. Pielikumā nosūtām informāciju par plānoto pasākumu. Nākamajā mēnesī tiks veiktas nelielas izmaiņas darba kārtībā. Informācija par darba grafiku ir pievienota šim ziņojumam. Pasākuma sākums paredzēts plkst. 10.00.

Paldies par sadarbību!
Uzņēmuma komanda.",normal
Semināra programma,"Labdien, Anna!

Nodarbība notiks ierastajā laikā. Informācija par jaunumiem ir pieejama mūsu mājaslapā. Paldies par jūsu iepriekšējo atbildi. Paldies, ka izmantojat mūsu pakalpojumus. Ja nepieciešams, varam vienoties par citu laiku. Nākamajā mēnesī tiks veiktas nelielas izmaiņas darba kārtībā.

Ar cieņu,
Projektu komanda.",normal
Pateicība par sadarbību,"Labdien, Anna!

Aptauja aizņems tikai dažas minūtes. Pasākuma dalībniekiem būs pieejami visi nepieciešamie materiāli. Darba grafiks nākamajai nedēļai ir sagatavots. Tikšanās laiks ir saskaņots ar visiem dalībniekiem. Atgādinām par rīt plānoto tikšanos. Pasākuma sākums paredzēts plkst. 10.00. Nodarbība notiks ierastajā laikā.

Paldies par sadarbību!
Uzņēmuma komanda.",normal
Komandas sapulce,"Labdien!

Pielikumā nosūtām informāciju par plānoto pasākumu. Piegāde ir plānota tuvāko trīs darba dienu laikā. Tikšanās laiks ir saskaņots ar visiem dalībniekiem. Lūdzu, dodiet mums ziņu, ja nepieciešams mainīt tikšanās laiku.

Ar cieņu,
Skolas administrācija.",normal
Komandas sapulce,"Labdien!

Nodarbība notiks ierastajā laikā. Mēs priecāsimies saņemt jūsu komentārus. Informācija par darba grafiku ir pievienota šim ziņojumam.

Ar cieņu,
Skolas administrācija.",normal
Nedēļas jaunumi,"Sveiki, Jāni!

Ja nepieciešams, varam vienoties par citu laiku. Lūdzu, saglabājiet šo ziņojumu turpmākai atsaucei. Informācija par darba grafiku ir pievienota šim ziņojumam. Atgādinām par rīt plānoto tikšanos.

Lai jauka diena!
Mūsu komanda.",normal
Atvaļinājuma plāns,"Labdien, cienījamie klienti!

Lūdzu, informējiet mūs, ja nevarēsiet piedalīties. Informācija par darba grafiku ir pievienota šim ziņojumam. Informācija par jaunumiem ir pieejama mūsu mājaslapā. Mēs novērtējam jūsu atsauksmes un ieteikumus. Lūdzu, iepazīstieties ar pievienotajiem dokumentiem.

Ar cieņu,
Skolas administrācija.",normal
Semināra programma,"Labdien, Anna!

Pasākuma sākums paredzēts plkst. 10.00. Mēs priecāsimies saņemt jūsu komentārus. Papildu informāciju varat saņemt, sazinoties ar mums. Atgādinām, ka pasākums notiks piektdien.

Ar cieņu,
Administrācija.",normal
Rēķins par pakalpojumu,"Sveiki!

Lūdzu, iepazīstieties ar pievienotajiem dokumentiem. Lūdzu, informējiet mūs, ja nevarēsiet piedalīties. Lūdzu, saglabājiet šo ziņojumu turpmākai atsaucei. Paldies, ka izmantojat mūsu pakalpojumus.

Ar cieņu,
Projektu komanda.",normal
Rēķins par pakalpojumu,"Labdien, skolēni!

Lūdzu, iepazīstieties ar pievienotajiem dokumentiem. Atgādinām par rīt plānoto tikšanos. Pielikumā nosūtām informāciju par plānoto pasākumu.

Ar cieņu,
Administrācija.",normal
Jaunumi uzņēmumā,"Sveiki, komanda!

Mēs nosūtīsim papildu informāciju pēc tikšanās. Vēlamies informēt, ka mūsu tikšanās notiks nākamajā nedēļā. Mēs vēlamies precizēt dažas detaļas par mūsu sadarbību. Ja nepieciešams, varam vienoties par citu laiku. Nākamajā mēnesī tiks veiktas nelielas izmaiņas darba kārtībā. Lūdzu, informējiet mūs, ja nevarēsiet piedalīties.

Paldies!
Klientu serviss.",normal
Rēķins par pakalpojumu,"Sveiki, visiem!

Paldies par jūsu iepriekšējo atbildi. Jūsu rezervācija ir veiksmīgi apstiprināta. Piegāde ir plānota tuvāko trīs darba dienu laikā. Pasākuma dalībniekiem būs pieejami visi nepieciešamie materiāli. Lūdzu, dodiet mums ziņu, ja nepieciešams mainīt tikšanās laiku. Dokumenti būs pieejami arī klātienes tikšanās laikā. Mēs novērtējam jūsu atsauksmes un ieteikumus.

Ar cieņu,
Administrācija.",normal
Pateicība par sadarbību,"Sveiki, komanda!

Šonedēļ esam sagatavojuši vairākus jaunumus. Informācija par jaunumiem ir pieejama mūsu mājaslapā. Darba grafiks nākamajai nedēļai ir sagatavots. Informācija tiks papildināta, ja būs nepieciešamas izmaiņas.

Ar cieņu,
Projektu komanda.",normal
Pasākuma programma,"Sveiki!

Informācija tiks papildināta, ja būs nepieciešamas izmaiņas. Atgādinām, ka pasākums notiks piektdien. Jūsu rezervācija ir veiksmīgi apstiprināta. Informācija par jaunumiem ir pieejama mūsu mājaslapā. Atgādinām par rīt plānoto tikšanos. Lūdzu, informējiet mūs, ja nevarēsiet piedalīties.

Ar cieņu,
Skolas administrācija.",normal
Jaunā darba kārtība,"Sveiki, komanda!

Aptauja aizņems tikai dažas minūtes. Darba grafiks nākamajai nedēļai ir sagatavots. Mēs priecāsimies saņemt jūsu komentārus. Tikšanās laiks ir saskaņots ar visiem dalībniekiem. Sanāksmes laikā pārrunāsim aktuālos jautājumus. Mēs vēlamies precizēt dažas detaļas par mūsu sadarbību. Pasākuma sākums paredzēts plkst. 10.00.

Paldies!
Klientu serviss.",normal
Tikšanās laika maiņa,"Sveiki, kolēģi!

Darba grafiks nākamajai nedēļai ir sagatavots. Ja jums ir jautājumi, varat sazināties ar mūsu klientu apkalpošanas nodaļu. Vēlamies informēt, ka mūsu tikšanās notiks nākamajā nedēļā. Lūdzu, iepazīstieties ar pievienotajiem dokumentiem. Nodarbība notiks ierastajā laikā.

Ar cieņu,
Klientu apkalpošanas nodaļa.",normal
Informācija klientiem,"Labdien, skolēni!

Nākamajā mēnesī tiks veiktas nelielas izmaiņas darba kārtībā. Dokumenti būs pieejami arī klātienes tikšanās laikā. Vēlamies informēt, ka mūsu tikšanās notiks nākamajā nedēļā. Mēs vēlamies precizēt dažas detaļas par mūsu sadarbību.

Ar cieņu,
Projektu komanda.",normal
Dokumentu nosūtīšana,"Sveiki!

Atgādinām, ka pasākums notiks piektdien. Ja jums ir jautājumi, varat sazināties ar mūsu klientu apkalpošanas nodaļu. Lūdzu, dodiet mums ziņu, ja nepieciešams mainīt tikšanās laiku. Atgādinām par rīt plānoto tikšanos. Mēs novērtējam jūsu atsauksmes un ieteikumus. Nākamajā mēnesī tiks veiktas nelielas izmaiņas darba kārtībā. Informācija par darba grafiku ir pievienota šim ziņojumam.

Paldies!
Klientu serviss.",normal
Informācija par pasākumu,"Labdien, Anna!

Šonedēļ esam sagatavojuši vairākus jaunumus. Informācija tiks papildināta, ja būs nepieciešamas izmaiņas. Jūsu rezervācija ir veiksmīgi apstiprināta. Nodarbība notiks ierastajā laikā. Papildu informāciju varat saņemt, sazinoties ar mums. Paldies par jūsu iepriekšējo atbildi.

Veiksmīgu dienu!
Mūsu komanda.",normal
Aptauja par pakalpojumu,"Labdien, cienījamie klienti!

Pasākuma sākums paredzēts plkst. 10.00. Atgādinām par rīt plānoto tikšanos. Lūdzu, saglabājiet šo ziņojumu turpmākai atsaucei. Piegāde ir plānota tuvāko trīs darba dienu laikā.

Ar cieņu,
Klientu apkalpošanas nodaļa.",normal
Darba grafiks,"Sveiki!

Paldies, ka izmantojat mūsu pakalpojumus. Šonedēļ esam sagatavojuši vairākus jaunumus. Atgādinām par rīt plānoto tikšanos. Nākamajā mēnesī tiks veiktas nelielas izmaiņas darba kārtībā. Mēs priecāsimies saņemt jūsu komentārus. Lūdzu, dodiet mums ziņu, ja nepieciešams mainīt tikšanās laiku.

Ar cieņu,
Projektu komanda.",normal
Pateicība par sadarbību,"Sveiki, visiem!

Lūdzu, iepazīstieties ar pievienotajiem dokumentiem. Dokumenti būs pieejami arī klātienes tikšanās laikā. Nodarbība notiks ierastajā laikā.

Ar cieņu,
Projektu komanda.",normal
Piegādes datums,"Labdien, skolēni!

Atgādinām, ka pasākums notiks piektdien. Lūdzu, saglabājiet šo ziņojumu turpmākai atsaucei. Jūsu rezervācija ir veiksmīgi apstiprināta. Pasākuma sākums paredzēts plkst. 10.00. Darba grafiks nākamajai nedēļai ir sagatavots. Aptauja aizņems tikai dažas minūtes.

Lai jauka diena!
Mūsu komanda.",normal
Darba grafiks,"Labdien, skolēni!

Ja jums ir jautājumi, varat sazināties ar mūsu klientu apkalpošanas nodaļu. Jūsu rezervācija ir veiksmīgi apstiprināta. Jūsu pasūtījums ir sagatavots un tiks nosūtīts tuvākajās dienās. Šonedēļ esam sagatavojuši vairākus jaunumus. Darba grafiks nākamajai nedēļai ir sagatavots. Pasākuma sākums paredzēts plkst. 10.00. Paldies par jūsu laiku un atsaucību.

Ar cieņu,
Skolas administrācija.",normal
Informācija par pasākumu,"Sveiki, visiem!

Lūdzu, informējiet mūs, ja nevarēsiet piedalīties. Tikšanās laiks ir saskaņots ar visiem dalībniekiem. Papildu informāciju varat saņemt, sazinoties ar mums.

Ar cieņu,
Projektu komanda.",normal
Pateicība par sadarbību,"Sveiki, komanda!

Paldies par jūsu iepriekšējo atbildi. Darba grafiks nākamajai nedēļai ir sagatavots. Atgādinām, ka pasākums notiks piektdien. Lūdzu, iepazīstieties ar pievienotajiem dokumentiem. Ja jums ir jautājumi, varat sazināties ar mūsu klientu apkalpošanas nodaļu. Lūdzu, saglabājiet šo ziņojumu turpmākai atsaucei.

Ar cieņu,
Administrācija.",normal
Dokumentu nosūtīšana,"Labdien, skolēni!

Mēs vēlamies precizēt dažas detaļas par mūsu sadarbību. Lūdzu, dodiet mums ziņu, ja nepieciešams mainīt tikšanās laiku. Sanāksmes laikā pārrunāsim aktuālos jautājumus. Pasākuma dalībniekiem būs pieejami visi nepieciešamie materiāli. Ja nepieciešams, varam vienoties par citu laiku. Nodarbība notiks ierastajā laikā. Informācija par jaunumiem ir pieejama mūsu mājaslapā.

Ar cieņu,
Skolas administrācija.",normal
Informācija klientiem,"Labdien!

Informācija par jaunumiem ir pieejama mūsu mājaslapā. Atgādinām par rīt plānoto tikšanos. Mēs novērtējam jūsu atsauksmes un ieteikumus. Ja jums ir jautājumi, varat sazināties ar mūsu klientu apkalpošanas nodaļu. Paldies, ka izmantojat mūsu pakalpojumus. Dokumenti būs pieejami arī klātienes tikšanās laikā. Aptauja aizņems tikai dažas minūtes.

Ar cieņu,
Projektu komanda.",normal
Pasūtījuma statuss,"Labdien, skolēni!

Dokumenti būs pieejami arī klātienes tikšanās laikā. Lūdzu, informējiet mūs, ja nevarēsiet piedalīties. Pasākuma sākums paredzēts plkst. 10.00. Aptauja aizņems tikai dažas minūtes. Vēlamies informēt, ka mūsu tikšanās notiks nākamajā nedēļā.

Veiksmīgu dienu!
Mūsu komanda.",normal
Semināra programma,"Labdien, skolēni!

Darba grafiks nākamajai nedēļai ir sagatavots. Atgādinām, ka pasākums notiks piektdien. Informācija par darba grafiku ir pievienota šim ziņojumam. Dokumenti būs pieejami arī klātienes tikšanās laikā. Papildu informāciju varat saņemt, sazinoties ar mums. Jūsu rezervācija ir veiksmīgi apstiprināta.

Ar cieņu,
Skolas administrācija.",normal
Mācību materiāli,"Labdien, Anna!

Mēs priecāsimies saņemt jūsu komentārus. Jūsu rezervācija ir veiksmīgi apstiprināta. Jūsu pasūtījums ir sagatavots un tiks nosūtīts tuvākajās dienās. Nodarbība notiks ierastajā laikā. Paldies par jūsu laiku un atsaucību.

Ar cieņu,
Klientu apkalpošanas nodaļa.",normal
Bibliotēkas atgādinājums,"Sveiki, kolēģi!

Paldies, ka izmantojat mūsu pakalpojumus. Nākamajā mēnesī tiks veiktas nelielas izmaiņas darba kārtībā. Piegāde ir plānota tuvāko trīs darba dienu laikā. Paldies par jūsu laiku un atsaucību. Mēs vēlamies precizēt dažas detaļas par mūsu sadarbību. Paldies par jūsu iepriekšējo atbildi. Lūdzu, iepazīstieties ar pievienotajiem dokumentiem.

Veiksmīgu dienu!
Mūsu komanda.",normal
Semināra programma,"Labdien, cienījamie klienti!

Papildu informāciju varat saņemt, sazinoties ar mums. Paldies, ka izmantojat mūsu pakalpojumus. Mēs vēlamies precizēt dažas detaļas par mūsu sadarbību. Pasākuma dalībniekiem būs pieejami visi nepieciešamie materiāli. Paldies par jūsu laiku un atsaucību. Tikšanās laiks ir saskaņots ar visiem dalībniekiem.

Ar cieņu,
Administrācija.",normal
Piegādes informācija,"Sveiki, kolēģi!

Informācija par darba grafiku ir pievienota šim ziņojumam. Atgādinām, ka pasākums notiks piektdien. Sanāksmes laikā pārrunāsim aktuālos jautājumus. Informācija tiks papildināta, ja būs nepieciešamas izmaiņas. Lūdzu, informējiet mūs, ja nevarēsiet piedalīties. Šonedēļ esam sagatavojuši vairākus jaunumus. Informācija par jaunumiem ir pieejama mūsu mājaslapā.

Ar cieņu,
Skolas administrācija.",normal
Bibliotēkas atgādinājums,"Labdien, Anna!

Sanāksmes laikā pārrunāsim aktuālos jautājumus. Lūdzu, dodiet mums ziņu, ja nepieciešams mainīt tikšanās laiku. Dokumenti būs pieejami arī klātienes tikšanās laikā. Informācija par darba grafiku ir pievienota šim ziņojumam. Informācija tiks papildināta, ja būs nepieciešamas izmaiņas. Lūdzu, informējiet mūs, ja nevarēsiet piedalīties. Jūsu pasūtījums ir sagatavots un tiks nosūtīts tuvākajās dienās.

Ar cieņu,
Klientu apkalpošanas nodaļa.",normal
Piegādes datums,"Labdien, kolēģi!

Dokumenti būs pieejami arī klātienes tikšanās laikā. Mēs priecāsimies saņemt jūsu komentārus. Informācija par darba grafiku ir pievienota šim ziņojumam. Jūsu pasūtījums ir sagatavots un tiks nosūtīts tuvākajās dienās. Atgādinām, ka pasākums notiks piektdien. Vēlamies informēt, ka mūsu tikšanās notiks nākamajā nedēļā. Mēs vēlamies precizēt dažas detaļas par mūsu sadarbību.

Veiksmīgu dienu!
Mūsu komanda.",normal
Piegādes datums,"Sveiki, kolēģi!

Mēs vēlamies precizēt dažas detaļas par mūsu sadarbību. Nākamajā mēnesī tiks veiktas nelielas izmaiņas darba kārtībā. Tikšanās laiks ir saskaņots ar visiem dalībniekiem.

Ar cieņu,
Klientu apkalpošanas nodaļa.",normal
Pateicība par sadarbību,"Sveiki, komanda!

Atgādinām par rīt plānoto tikšanos. Paldies, ka izmantojat mūsu pakalpojumus. Atgādinām, ka pasākums notiks piektdien. Paldies par jūsu laiku un atsaucību. Nodarbība notiks ierastajā laikā. Darba grafiks nākamajai nedēļai ir sagatavots.

Ar cieņu,
Administrācija.",normal
Komandas sapulce,"Sveiki!

Mēs nosūtīsim papildu informāciju pēc tikšanās. Jūsu pasūtījums ir sagatavots un tiks nosūtīts tuvākajās dienās. Atgādinām par rīt plānoto tikšanos. Tikšanās laiks ir saskaņots ar visiem dalībniekiem. Pielikumā nosūtām informāciju par plānoto pasākumu.

Ar cieņu,
Skolas administrācija.",normal
Piegādes datums,"Labdien!

Atgādinām, ka pasākums notiks piektdien. Lūdzu, saglabājiet šo ziņojumu turpmākai atsaucei. Ja jums ir jautājumi, varat sazināties ar mūsu klientu apkalpošanas nodaļu. Mēs priecāsimies saņemt jūsu komentārus. Šonedēļ esam sagatavojuši vairākus jaunumus. Jūsu rezervācija ir veiksmīgi apstiprināta.

Veiksmīgu dienu!
Mūsu komanda.",normal
Semināra programma,"Labdien, cienījamie klienti!

Lūdzu, iepazīstieties ar pievienotajiem dokumentiem. Nodarbība notiks ierastajā laikā. Mēs priecāsimies saņemt jūsu komentārus. Šonedēļ esam sagatavojuši vairākus jaunumus.

Ar cieņu,
Klientu apkalpošanas nodaļa.",normal
Piegādes informācija,"Sveiki, visiem!

Darba grafiks nākamajai nedēļai ir sagatavots. Dokumenti būs pieejami arī klātienes tikšanās laikā. Sanāksmes laikā pārrunāsim aktuālos jautājumus. Paldies par jūsu iepriekšējo atbildi. Šonedēļ esam sagatavojuši vairākus jaunumus. Pasākuma dalībniekiem būs pieejami visi nepieciešamie materiāli. Lūdzu, dodiet mums ziņu, ja nepieciešams mainīt tikšanās laiku.

Veiksmīgu dienu!
Mūsu komanda.",normal
Mēneša pārskats,"Labdien!

Informācija tiks papildināta, ja būs nepieciešamas izmaiņas. Aptauja aizņems tikai dažas minūtes. Ja nepieciešams, varam vienoties par citu laiku. Lūdzu, informējiet mūs, ja nevarēsiet piedalīties.

Lai jauka diena!
Mūsu komanda.",normal
Rēķins par pakalpojumu,"Sveiki, visiem!

Nodarbība notiks ierastajā laikā. Vēlamies informēt, ka mūsu tikšanās notiks nākamajā nedēļā. Jūsu pasūtījums ir sagatavots un tiks nosūtīts tuvākajās dienās.

Veiksmīgu dienu!
Mūsu komanda.",normal
Aptauja par pakalpojumu,"Labdien, cienījamie klienti!

Pasākuma sākums paredzēts plkst. 10.00. Pielikumā nosūtām informāciju par plānoto pasākumu. Piegāde ir plānota tuvāko trīs darba dienu laikā. Mēs vēlamies precizēt dažas detaļas par mūsu sadarbību.

Veiksmīgu dienu!
Mūsu komanda.",normal
Atvaļinājuma plāns,"Sveiki, komanda!

Jūsu rezervācija ir veiksmīgi apstiprināta. Ja jums ir jautājumi, varat sazināties ar mūsu klientu apkalpošanas nodaļu. Mēs novērtējam jūsu atsauksmes un ieteikumus. Lūdzu, dodiet mums ziņu, ja nepieciešams mainīt tikšanās laiku. Jūsu pasūtījums ir sagatavots un tiks nosūtīts tuvākajās dienās. Mēs nosūtīsim papildu informāciju pēc tikšanās. Lūdzu, saglabājiet šo ziņojumu turpmākai atsaucei.

Paldies!
Klientu serviss.",normal
Informācija klientiem,"Sveiki, komanda!

Informācija par darba grafiku ir pievienota šim ziņojumam. Lūdzu, iepazīstieties ar pievienotajiem dokumentiem. Mēs priecāsimies saņemt jūsu komentārus.

Ar cieņu,
Projektu komanda.",normal
Informācija par pasākumu,"Sveiki, visiem!

Pielikumā nosūtām informāciju par plānoto pasākumu. Paldies par jūsu iepriekšējo atbildi. Tikšanās laiks ir saskaņots ar visiem dalībniekiem. Atgādinām par rīt plānoto tikšanos.

Lai jauka diena!
Mūsu komanda.",normal
Komandas sapulce,"Labdien, cienījamie klienti!

Lūdzu, iepazīstieties ar pievienotajiem dokumentiem. Tikšanās laiks ir saskaņots ar visiem dalībniekiem. Mēs vēlamies precizēt dažas detaļas par mūsu sadarbību. Informācija par darba grafiku ir pievienota šim ziņojumam. Informācija par jaunumiem ir pieejama mūsu mājaslapā. Lūdzu, informējiet mūs, ja nevarēsiet piedalīties. Informācija tiks papildināta, ja būs nepieciešamas izmaiņas.

Paldies par sadarbību!
Uzņēmuma komanda.",normal
Rēķins par pakalpojumu,"Sveiki!

Nākamajā mēnesī tiks veiktas nelielas izmaiņas darba kārtībā. Paldies par jūsu laiku un atsaucību. Paldies, ka izmantojat mūsu pakalpojumus. Informācija par darba grafiku ir pievienota šim ziņojumam. Sanāksmes laikā pārrunāsim aktuālos jautājumus. Lūdzu, saglabājiet šo ziņojumu turpmākai atsaucei.

Ar cieņu,
Skolas administrācija.",normal
Nedēļas jaunumi,"Labdien!

Informācija par jaunumiem ir pieejama mūsu mājaslapā. Nākamajā mēnesī tiks veiktas nelielas izmaiņas darba kārtībā. Atgādinām, ka pasākums notiks piektdien. Paldies par jūsu laiku un atsaucību. Mēs nosūtīsim papildu informāciju pēc tikšanās. Aptauja aizņems tikai dažas minūtes. Šonedēļ esam sagatavojuši vairākus jaunumus.

Paldies!
Klientu serviss.",normal
Aptauja par pakalpojumu,"Sveiki, Jāni!

Lūdzu, dodiet mums ziņu, ja nepieciešams mainīt tikšanās laiku. Pasākuma sākums paredzēts plkst. 10.00. Ja jums ir jautājumi, varat sazināties ar mūsu klientu apkalpošanas nodaļu. Lūdzu, iepazīstieties ar pievienotajiem dokumentiem.

Paldies par sadarbību!
Uzņēmuma komanda.",normal
Pasūtījuma statuss,"Labdien!

Piegāde ir plānota tuvāko trīs darba dienu laikā. Vēlamies informēt, ka mūsu tikšanās notiks nākamajā nedēļā. Lūdzu, iepazīstieties ar pievienotajiem dokumentiem. Lūdzu, informējiet mūs, ja nevarēsiet piedalīties. Pasākuma sākums paredzēts plkst. 10.00. Pielikumā nosūtām informāciju par plānoto pasākumu.

Ar cieņu,
Administrācija.",normal
Mācību materiāli,"Labdien!

Mēs novērtējam jūsu atsauksmes un ieteikumus. Lūdzu, dodiet mums ziņu, ja nepieciešams mainīt tikšanās laiku. Informācija par jaunumiem ir pieejama mūsu mājaslapā. Atgādinām, ka pasākums notiks piektdien. Piegāde ir plānota tuvāko trīs darba dienu laikā. Jūsu pasūtījums ir sagatavots un tiks nosūtīts tuvākajās dienās.

Ar cieņu,
Skolas administrācija.",normal
Rezervācijas apstiprinājums,"Sveiki, Jāni!

Mēs nosūtīsim papildu informāciju pēc tikšanās. Atgādinām, ka pasākums notiks piektdien. Sanāksmes laikā pārrunāsim aktuālos jautājumus. Tikšanās laiks ir saskaņots ar visiem dalībniekiem. Lūdzu, iepazīstieties ar pievienotajiem dokumentiem. Mēs novērtējam jūsu atsauksmes un ieteikumus.

Ar cieņu,
Skolas administrācija.",normal
Piegādes informācija,"Labdien, skolēni!

Jūsu pasūtījums ir sagatavots un tiks nosūtīts tuvākajās dienās. Lūdzu, iepazīstieties ar pievienotajiem dokumentiem. Paldies par jūsu laiku un atsaucību. Piegāde ir plānota tuvāko trīs darba dienu laikā. Informācija par darba grafiku ir pievienota šim ziņojumam. Dokumenti būs pieejami arī klātienes tikšanās laikā. Nākamajā mēnesī tiks veiktas nelielas izmaiņas darba kārtībā.

Ar cieņu,
Klientu apkalpošanas nodaļa.",normal
Mēneša pārskats,"Sveiki, kolēģi!

Darba grafiks nākamajai nedēļai ir sagatavots. Lūdzu, saglabājiet šo ziņojumu turpmākai atsaucei. Mēs novērtējam jūsu atsauksmes un ieteikumus. Papildu informāciju varat saņemt, sazinoties ar mums. Vēlamies informēt, ka mūsu tikšanās notiks nākamajā nedēļā.

Ar cieņu,
Projektu komanda.",normal
Pasākuma programma,"Sveiki, komanda!

Vēlamies informēt, ka mūsu tikšanās notiks nākamajā nedēļā. Lūdzu, saglabājiet šo ziņojumu turpmākai atsaucei. Lūdzu, dodiet mums ziņu, ja nepieciešams mainīt tikšanās laiku.

Ar cieņu,
Projektu komanda.",normal
Mēneša pārskats,"Labdien, kolēģi!

Lūdzu, iepazīstieties ar pievienotajiem dokumentiem. Tikšanās laiks ir saskaņots ar visiem dalībniekiem. Atgādinām par rīt plānoto tikšanos. Aptauja aizņems tikai dažas minūtes. Ja jums ir jautājumi, varat sazināties ar mūsu klientu apkalpošanas nodaļu.

Paldies par sadarbību!
Uzņēmuma komanda.",normal
Informācija par pasākumu,"Labdien, Anna!

Pasākuma sākums paredzēts plkst. 10.00. Tikšanās laiks ir saskaņots ar visiem dalībniekiem. Paldies par jūsu iepriekšējo atbildi. Vēlamies informēt, ka mūsu tikšanās notiks nākamajā nedēļā.

Ar cieņu,
Projektu komanda.",normal
Mēneša pārskats,"Labdien, kolēģi!

Lūdzu, iepazīstieties ar pievienotajiem dokumentiem. Sanāksmes laikā pārrunāsim aktuālos jautājumus. Darba grafiks nākamajai nedēļai ir sagatavots. Informācija par darba grafiku ir pievienota šim ziņojumam. Papildu informāciju varat saņemt, sazinoties ar mums. Pasākuma dalībniekiem būs pieejami visi nepieciešamie materiāli. Lūdzu, dodiet mums ziņu, ja nepieciešams mainīt tikšanās laiku.

Veiksmīgu dienu!
Mūsu komanda.",normal
Dokumentu nosūtīšana,"Labdien, Anna!

Tikšanās laiks ir saskaņots ar visiem dalībniekiem. Dokumenti būs pieejami arī klātienes tikšanās laikā. Paldies par jūsu laiku un atsaucību. Paldies, ka izmantojat mūsu pakalpojumus. Piegāde ir plānota tuvāko trīs darba dienu laikā. Šonedēļ esam sagatavojuši vairākus jaunumus.

Ar cieņu,
Administrācija.",normal
Aptauja par pakalpojumu,"Sveiki, Jāni!

Pielikumā nosūtām informāciju par plānoto pasākumu. Pasākuma sākums paredzēts plkst. 10.00. Lūdzu, iepazīstieties ar pievienotajiem dokumentiem. Šonedēļ esam sagatavojuši vairākus jaunumus. Jūsu rezervācija ir veiksmīgi apstiprināta.

Ar cieņu,
Projektu komanda.",normal
Jaunā darba kārtība,"Labdien, kolēģi!

Pasākuma sākums paredzēts plkst. 10.00. Lūdzu, dodiet mums ziņu, ja nepieciešams mainīt tikšanās laiku. Lūdzu, informējiet mūs, ja nevarēsiet piedalīties. Sanāksmes laikā pārrunāsim aktuālos jautājumus.

Ar cieņu,
Klientu apkalpošanas nodaļa.",normal
Rēķins par pakalpojumu,"Labdien, skolēni!

Darba grafiks nākamajai nedēļai ir sagatavots. Dokumenti būs pieejami arī klātienes tikšanās laikā. Pasākuma dalībniekiem būs pieejami visi nepieciešamie materiāli. Ja jums ir jautājumi, varat sazināties ar mūsu klientu apkalpošanas nodaļu. Ja nepieciešams, varam vienoties par citu laiku. Mēs nosūtīsim papildu informāciju pēc tikšanās.

Ar cieņu,
Projektu komanda.",normal
Rezervācijas apstiprinājums,"Labdien, skolēni!

Lūdzu, dodiet mums ziņu, ja nepieciešams mainīt tikšanās laiku. Nodarbība notiks ierastajā laikā. Pielikumā nosūtām informāciju par plānoto pasākumu.

Paldies par sadarbību!
Uzņēmuma komanda.",normal
Dokumentu nosūtīšana,"Labdien, skolēni!

Pasākuma dalībniekiem būs pieejami visi nepieciešamie materiāli. Sanāksmes laikā pārrunāsim aktuālos jautājumus. Nākamajā mēnesī tiks veiktas nelielas izmaiņas darba kārtībā. Informācija par jaunumiem ir pieejama mūsu mājaslapā.

Paldies!
Klientu serviss.",normal
Pasūtījuma statuss,"Labdien, cienījamie klienti!

Vēlamies informēt, ka mūsu tikšanās notiks nākamajā nedēļā. Jūsu rezervācija ir veiksmīgi apstiprināta. Mēs novērtējam jūsu atsauksmes un ieteikumus.

Veiksmīgu dienu!
Mūsu komanda.",normal
Atvaļinājuma plāns,"Sveiki, visiem!

Pielikumā nosūtām informāciju par plānoto pasākumu. Informācija tiks papildināta, ja būs nepieciešamas izmaiņas. Aptauja aizņems tikai dažas minūtes. Atgādinām par rīt plānoto tikšanos.

Ar cieņu,
Skolas administrācija.",normal
Piegādes informācija,"Sveiki!

Piegāde ir plānota tuvāko trīs darba dienu laikā. Lūdzu, informējiet mūs, ja nevarēsiet piedalīties. Mēs novērtējam jūsu atsauksmes un ieteikumus. Jūsu rezervācija ir veiksmīgi apstiprināta. Mēs vēlamies precizēt dažas detaļas par mūsu sadarbību. Atgādinām par rīt plānoto tikšanos.

Ar cieņu,
Projektu komanda.",normal
Informācija klientiem,"Labdien, Anna!

Nākamajā mēnesī tiks veiktas nelielas izmaiņas darba kārtībā. Dokumenti būs pieejami arī klātienes tikšanās laikā. Lūdzu, informējiet mūs, ja nevarēsiet piedalīties. Sanāksmes laikā pārrunāsim aktuālos jautājumus.

Lai jauka diena!
Mūsu komanda.",normal
Tikšanās laika maiņa,"Labdien, kolēģi!

Ja jums ir jautājumi, varat sazināties ar mūsu klientu apkalpošanas nodaļu. Pasākuma dalībniekiem būs pieejami visi nepieciešamie materiāli. Paldies, ka izmantojat mūsu pakalpojumus.

Paldies!
Klientu serviss.",normal
Tikšanās par projektu,"Sveiki!

Tikšanās laiks ir saskaņots ar visiem dalībniekiem. Atgādinām par rīt plānoto tikšanos. Ja jums ir jautājumi, varat sazināties ar mūsu klientu apkalpošanas nodaļu.

Ar cieņu,
Skolas administrācija.",normal
Aptauja par pakalpojumu,"Labdien, cienījamie klienti!

Mēs vēlamies precizēt dažas detaļas par mūsu sadarbību. Mēs novērtējam jūsu atsauksmes un ieteikumus. Lūdzu, saglabājiet šo ziņojumu turpmākai atsaucei. Paldies, ka izmantojat mūsu pakalpojumus. Informācija par jaunumiem ir pieejama mūsu mājaslapā. Informācija tiks papildināta, ja būs nepieciešamas izmaiņas.

Ar cieņu,
Administrācija.",normal
Aptauja par pakalpojumu,"Labdien, Anna!

Darba grafiks nākamajai nedēļai ir sagatavots. Sanāksmes laikā pārrunāsim aktuālos jautājumus. Mēs vēlamies precizēt dažas detaļas par mūsu sadarbību. Jūsu pasūtījums ir sagatavots un tiks nosūtīts tuvākajās dienās.

Paldies par sadarbību!
Uzņēmuma komanda.",normal
Atvaļinājuma plāns,"Labdien, Anna!

Šonedēļ esam sagatavojuši vairākus jaunumus. Jūsu rezervācija ir veiksmīgi apstiprināta. Papildu informāciju varat saņemt, sazinoties ar mums. Piegāde ir plānota tuvāko trīs darba dienu laikā. Jūsu pasūtījums ir sagatavots un tiks nosūtīts tuvākajās dienās.

Lai jauka diena!
Mūsu komanda.",normal
Tikšanās par projektu,"Labdien, Anna!

Paldies, ka izmantojat mūsu pakalpojumus. Mēs vēlamies precizēt dažas detaļas par mūsu sadarbību. Lūdzu, saglabājiet šo ziņojumu turpmākai atsaucei. Jūsu pasūtījums ir sagatavots un tiks nosūtīts tuvākajās dienās.

Ar cieņu,
Skolas administrācija.",normal
Atvaļinājuma plāns,"Labdien, cienījamie klienti!

Papildu informāciju varat saņemt, sazinoties ar mums. Šonedēļ esam sagatavojuši vairākus jaunumus. Atgādinām, ka pasākums notiks piektdien. Nodarbība notiks ierastajā laikā. Lūdzu, dodiet mums ziņu, ja nepieciešams mainīt tikšanās laiku. Paldies, ka izmantojat mūsu pakalpojumus.

Veiksmīgu dienu!
Mūsu komanda.",normal
Bibliotēkas atgādinājums,"Labdien, skolēni!

Nodarbība notiks ierastajā laikā. Ja nepieciešams, varam vienoties par citu laiku. Vēlamies informēt, ka mūsu tikšanās notiks nākamajā nedēļā. Lūdzu, dodiet mums ziņu, ja nepieciešams mainīt tikšanās laiku.

Paldies par sadarbību!
Uzņēmuma komanda.",normal
Informācija par pasākumu,"Labdien, Anna!

Pasākuma sākums paredzēts plkst. 10.00. Sanāksmes laikā pārrunāsim aktuālos jautājumus. Aptauja aizņems tikai dažas minūtes. Atgādinām par rīt plānoto tikšanos. Informācija par darba grafiku ir pievienota šim ziņojumam.

Lai jauka diena!
Mūsu komanda.",normal
Atvaļinājuma plāns,"Sveiki, kolēģi!

Mēs vēlamies precizēt dažas detaļas par mūsu sadarbību. Darba grafiks nākamajai nedēļai ir sagatavots. Nodarbība notiks ierastajā laikā. Jūsu pasūtījums ir sagatavots un tiks nosūtīts tuvākajās dienās. Mēs priecāsimies saņemt jūsu komentārus.

Ar cieņu,
Skolas administrācija.",normal
Informācija klientiem,"Labdien, Anna!

Pielikumā nosūtām informāciju par plānoto pasākumu. Atgādinām, ka pasākums notiks piektdien. Ja jums ir jautājumi, varat sazināties ar mūsu klientu apkalpošanas nodaļu.

Lai jauka diena!
Mūsu komanda.",normal
Mācību materiāli,"Labdien, skolēni!

Tikšanās laiks ir saskaņots ar visiem dalībniekiem. Piegāde ir plānota tuvāko trīs darba dienu laikā. Mēs priecāsimies saņemt jūsu komentārus.

Veiksmīgu dienu!
Mūsu komanda.",normal
Rēķins par pakalpojumu,"Labdien, Anna!

Mēs priecāsimies saņemt jūsu komentārus. Paldies, ka izmantojat mūsu pakalpojumus. Tikšanās laiks ir saskaņots ar visiem dalībniekiem. Atgādinām, ka pasākums notiks piektdien. Ja jums ir jautājumi, varat sazināties ar mūsu klientu apkalpošanas nodaļu.

Ar cieņu,
Skolas administrācija.",normal
Tikšanās laika maiņa,"Sveiki!

Jūsu pasūtījums ir sagatavots un tiks nosūtīts tuvākajās dienās. Paldies, ka izmantojat mūsu pakalpojumus. Atgādinām, ka pasākums notiks piektdien.

Ar cieņu,
Klientu apkalpošanas nodaļa.",normal
Informācija par nodarbību,"Labdien, skolēni!

Piegāde ir plānota tuvāko trīs darba dienu laikā. Informācija tiks papildināta, ja būs nepieciešamas izmaiņas. Sanāksmes laikā pārrunāsim aktuālos jautājumus. Darba grafiks nākamajai nedēļai ir sagatavots.

Lai jauka diena!
Mūsu komanda.",normal
Semināra programma,"Labdien!

Šonedēļ esam sagatavojuši vairākus jaunumus. Dokumenti būs pieejami arī klātienes tikšanās laikā. Paldies par jūsu laiku un atsaucību. Lūdzu, iepazīstieties ar pievienotajiem dokumentiem. Mēs novērtējam jūsu atsauksmes un ieteikumus. Atgādinām, ka pasākums notiks piektdien. Ja jums ir jautājumi, varat sazināties ar mūsu klientu apkalpošanas nodaļu.

Ar cieņu,
Klientu apkalpošanas nodaļa.",normal
Piegādes datums,"Sveiki, Jāni!

Nodarbība notiks ierastajā laikā. Piegāde ir plānota tuvāko trīs darba dienu laikā. Aptauja aizņems tikai dažas minūtes.

Ar cieņu,
Klientu apkalpošanas nodaļa.",normal
Atgādinājums par tikšanos,"Sveiki, Jāni!

Vēlamies informēt, ka mūsu tikšanās notiks nākamajā nedēļā. Tikšanās laiks ir saskaņots ar visiem dalībniekiem. Atgādinām, ka pasākums notiks piektdien. Pasākuma sākums paredzēts plkst. 10.00.

Paldies!
Klientu serviss.",normal
Komandas sapulce,"Labdien!

Informācija par darba grafiku ir pievienota šim ziņojumam. Mēs novērtējam jūsu atsauksmes un ieteikumus. Paldies par jūsu laiku un atsaucību. Pielikumā nosūtām informāciju par plānoto pasākumu. Šonedēļ esam sagatavojuši vairākus jaunumus. Lūdzu, dodiet mums ziņu, ja nepieciešams mainīt tikšanās laiku.

Paldies!
Klientu serviss.",normal
Piegādes datums,"Labdien, kolēģi!

Atgādinām par rīt plānoto tikšanos. Informācija par jaunumiem ir pieejama mūsu mājaslapā. Lūdzu, dodiet mums ziņu, ja nepieciešams mainīt tikšanās laiku. Darba grafiks nākamajai nedēļai ir sagatavots. Piegāde ir plānota tuvāko trīs darba dienu laikā. Jūsu pasūtījums ir sagatavots un tiks nosūtīts tuvākajās dienās.

Paldies!
Klientu serviss.",normal
Darba grafiks,"Labdien, kolēģi!

Mēs nosūtīsim papildu informāciju pēc tikšanās. Informācija tiks papildināta, ja būs nepieciešamas izmaiņas. Mēs priecāsimies saņemt jūsu komentārus. Nodarbība notiks ierastajā laikā.

Lai jauka diena!
Mūsu komanda.",normal
Piegādes informācija,"Sveiki!

Šonedēļ esam sagatavojuši vairākus jaunumus. Vēlamies informēt, ka mūsu tikšanās notiks nākamajā nedēļā. Tikšanās laiks ir saskaņots ar visiem dalībniekiem. Lūdzu, iepazīstieties ar pievienotajiem dokumentiem. Pasākuma dalībniekiem būs pieejami visi nepieciešamie materiāli.

Ar cieņu,
Skolas administrācija.",normal
Semināra programma,"Labdien, kolēģi!

Mēs novērtējam jūsu atsauksmes un ieteikumus. Paldies par jūsu laiku un atsaucību. Sanāksmes laikā pārrunāsim aktuālos jautājumus. Darba grafiks nākamajai nedēļai ir sagatavots. Informācija par darba grafiku ir pievienota šim ziņojumam. Pasākuma dalībniekiem būs pieejami visi nepieciešamie materiāli.

Ar cieņu,
Klientu apkalpošanas nodaļa.",normal
Mācību materiāli,"Sveiki, kolēģi!

Sanāksmes laikā pārrunāsim aktuālos jautājumus. Lūdzu, dodiet mums ziņu, ja nepieciešams mainīt tikšanās laiku. Lūdzu, iepazīstieties ar pievienotajiem dokumentiem. Mēs novērtējam jūsu atsauksmes un ieteikumus.

Ar cieņu,
Klientu apkalpošanas nodaļa.",normal
Dokumentu nosūtīšana,"Labdien!

Atgādinām par rīt plānoto tikšanos. Jūsu pasūtījums ir sagatavots un tiks nosūtīts tuvākajās dienās. Mēs priecāsimies saņemt jūsu komentārus. Aptauja aizņems tikai dažas minūtes. Lūdzu, informējiet mūs, ja nevarēsiet piedalīties. Ja nepieciešams, varam vienoties par citu laiku.

Ar cieņu,
Administrācija.",normal
Tikšanās laika maiņa,"Sveiki, visiem!

Vēlamies informēt, ka mūsu tikšanās notiks nākamajā nedēļā. Ja nepieciešams, varam vienoties par citu laiku. Nodarbība notiks ierastajā laikā. Pasākuma dalībniekiem būs pieejami visi nepieciešamie materiāli.

Ar cieņu,
Klientu apkalpošanas nodaļa.",normal
Bibliotēkas atgādinājums,"Labdien, kolēģi!

Darba grafiks nākamajai nedēļai ir sagatavots. Piegāde ir plānota tuvāko trīs darba dienu laikā. Paldies, ka izmantojat mūsu pakalpojumus. Nodarbība notiks ierastajā laikā. Šonedēļ esam sagatavojuši vairākus jaunumus. Mēs vēlamies precizēt dažas detaļas par mūsu sadarbību.

Paldies par sadarbību!
Uzņēmuma komanda.",normal
Jaunumi uzņēmumā,"Labdien, cienījamie klienti!

Informācija tiks papildināta, ja būs nepieciešamas izmaiņas. Lūdzu, saglabājiet šo ziņojumu turpmākai atsaucei. Pielikumā nosūtām informāciju par plānoto pasākumu. Paldies, ka izmantojat mūsu pakalpojumus. Jūsu pasūtījums ir sagatavots un tiks nosūtīts tuvākajās dienās. Mēs vēlamies precizēt dažas detaļas par mūsu sadarbību. Vēlamies informēt, ka mūsu tikšanās notiks nākamajā nedēļā.

Paldies!
Klientu serviss.",normal
Informācija klientiem,"Sveiki, Jāni!

Paldies, ka izmantojat mūsu pakalpojumus. Mēs nosūtīsim papildu informāciju pēc tikšanās. Jūsu rezervācija ir veiksmīgi apstiprināta. Nākamajā mēnesī tiks veiktas nelielas izmaiņas darba kārtībā. Lūdzu, informējiet mūs, ja nevarēsiet piedalīties. Sanāksmes laikā pārrunāsim aktuālos jautājumus. Lūdzu, dodiet mums ziņu, ja nepieciešams mainīt tikšanās laiku.

Ar cieņu,
Skolas administrācija.",normal
Informācija par nodarbību,"Sveiki, kolēģi!

Piegāde ir plānota tuvāko trīs darba dienu laikā. Informācija tiks papildināta, ja būs nepieciešamas izmaiņas. Sanāksmes laikā pārrunāsim aktuālos jautājumus.

Ar cieņu,
Skolas administrācija.",normal
Mēneša pārskats,"Sveiki, Jāni!

Mēs priecāsimies saņemt jūsu komentārus. Mēs nosūtīsim papildu informāciju pēc tikšanās. Informācija tiks papildināta, ja būs nepieciešamas izmaiņas. Vēlamies informēt, ka mūsu tikšanās notiks nākamajā nedēļā. Paldies par jūsu iepriekšējo atbildi. Lūdzu, dodiet mums ziņu, ja nepieciešams mainīt tikšanās laiku. Jūsu rezervācija ir veiksmīgi apstiprināta.

Lai jauka diena!
Mūsu komanda.",normal
Semināra programma,"Sveiki, kolēģi!

Ja jums ir jautājumi, varat sazināties ar mūsu klientu apkalpošanas nodaļu. Paldies, ka izmantojat mūsu pakalpojumus. Nākamajā mēnesī tiks veiktas nelielas izmaiņas darba kārtībā.

Paldies par sadarbību!
Uzņēmuma komanda.",normal
Tikšanās laika maiņa,"Labdien!

Lūdzu, dodiet mums ziņu, ja nepieciešams mainīt tikšanās laiku. Ja jums ir jautājumi, varat sazināties ar mūsu klientu apkalpošanas nodaļu. Darba grafiks nākamajai nedēļai ir sagatavots.

Ar cieņu,
Skolas administrācija.",normal
Dokumentu nosūtīšana,"Sveiki!

Ja jums ir jautājumi, varat sazināties ar mūsu klientu apkalpošanas nodaļu. Informācija par darba grafiku ir pievienota šim ziņojumam. Šonedēļ esam sagatavojuši vairākus jaunumus.

Ar cieņu,
Projektu komanda.",normal
Aptauja par pakalpojumu,"Labdien, kolēģi!

Nodarbība notiks ierastajā laikā. Jūsu pasūtījums ir sagatavots un tiks nosūtīts tuvākajās dienās. Piegāde ir plānota tuvāko trīs darba dienu laikā.

Ar cieņu,
Administrācija.",normal
Pateicība par sadarbību,"Sveiki, komanda!

Lūdzu, iepazīstieties ar pievienotajiem dokumentiem. Lūdzu, dodiet mums ziņu, ja nepieciešams mainīt tikšanās laiku. Informācija par jaunumiem ir pieejama mūsu mājaslapā. Nākamajā mēnesī tiks veiktas nelielas izmaiņas darba kārtībā. Aptauja aizņems tikai dažas minūtes. Jūsu rezervācija ir veiksmīgi apstiprināta.

Ar cieņu,
Skolas administrācija.",normal
Jaunumi uzņēmumā,"Sveiki, visiem!

Jūsu pasūtījums ir sagatavots un tiks nosūtīts tuvākajās dienās. Mēs priecāsimies saņemt jūsu komentārus. Nodarbība notiks ierastajā laikā.

Lai jauka diena!
Mūsu komanda.",normal
Piegādes datums,"Sveiki, Jāni!

Lūdzu, saglabājiet šo ziņojumu turpmākai atsaucei. Pielikumā nosūtām informāciju par plānoto pasākumu. Papildu informāciju varat saņemt, sazinoties ar mums. Informācija par jaunumiem ir pieejama mūsu mājaslapā. Informācija par darba grafiku ir pievienota šim ziņojumam.

Veiksmīgu dienu!
Mūsu komanda.",normal
Atvaļinājuma plāns,"Labdien, kolēģi!

Dokumenti būs pieejami arī klātienes tikšanās laikā. Tikšanās laiks ir saskaņots ar visiem dalībniekiem. Ja nepieciešams, varam vienoties par citu laiku.

Ar cieņu,
Administrācija.",normal
Mācību materiāli,"Sveiki, kolēģi!

Informācija par jaunumiem ir pieejama mūsu mājaslapā. Paldies, ka izmantojat mūsu pakalpojumus. Tikšanās laiks ir saskaņots ar visiem dalībniekiem. Mēs nosūtīsim papildu informāciju pēc tikšanās.

Lai jauka diena!
Mūsu komanda.",normal
Mācību materiāli,"Labdien, Anna!

Pielikumā nosūtām informāciju par plānoto pasākumu. Lūdzu, informējiet mūs, ja nevarēsiet piedalīties. Darba grafiks nākamajai nedēļai ir sagatavots.

Ar cieņu,
Administrācija.",normal
Jaunumi uzņēmumā,"Sveiki, visiem!

Mēs vēlamies precizēt dažas detaļas par mūsu sadarbību. Lūdzu, dodiet mums ziņu, ja nepieciešams mainīt tikšanās laiku. Pasākuma dalībniekiem būs pieejami visi nepieciešamie materiāli.

Lai jauka diena!
Mūsu komanda.",normal
Darba grafiks,"Sveiki, kolēģi!

Informācija par darba grafiku ir pievienota šim ziņojumam. Mēs novērtējam jūsu atsauksmes un ieteikumus. Lūdzu, iepazīstieties ar pievienotajiem dokumentiem. Aptauja aizņems tikai dažas minūtes.

Ar cieņu,
Klientu apkalpošanas nodaļa.",normal
Informācija par nodarbību,"Labdien, Anna!

Ja nepieciešams, varam vienoties par citu laiku. Mēs nosūtīsim papildu informāciju pēc tikšanās. Lūdzu, dodiet mums ziņu, ja nepieciešams mainīt tikšanās laiku. Aptauja aizņems tikai dažas minūtes. Šonedēļ esam sagatavojuši vairākus jaunumus. Papildu informāciju varat saņemt, sazinoties ar mums. Informācija par jaunumiem ir pieejama mūsu mājaslapā.

Ar cieņu,
Klientu apkalpošanas nodaļa.",normal
Atgādinājums par tikšanos,"Labdien, kolēģi!

Lūdzu, dodiet mums ziņu, ja nepieciešams mainīt tikšanās laiku. Jūsu rezervācija ir veiksmīgi apstiprināta. Papildu informāciju varat saņemt, sazinoties ar mums. Paldies par jūsu laiku un atsaucību. Dokumenti būs pieejami arī klātienes tikšanās laikā. Piegāde ir plānota tuvāko trīs darba dienu laikā. Ja nepieciešams, varam vienoties par citu laiku.

Veiksmīgu dienu!
Mūsu komanda.",normal
Pasākuma programma,"Labdien, Anna!

Papildu informāciju varat saņemt, sazinoties ar mums. Aptauja aizņems tikai dažas minūtes. Vēlamies informēt, ka mūsu tikšanās notiks nākamajā nedēļā. Nākamajā mēnesī tiks veiktas nelielas izmaiņas darba kārtībā. Pielikumā nosūtām informāciju par plānoto pasākumu. Pasākuma sākums paredzēts plkst. 10.00. Paldies par jūsu laiku un atsaucību.

Ar cieņu,
Klientu apkalpošanas nodaļa.",normal
Piegādes informācija,"Labdien, cienījamie klienti!

Papildu informāciju varat saņemt, sazinoties ar mums. Pasākuma sākums paredzēts plkst. 10.00. Mēs novērtējam jūsu atsauksmes un ieteikumus.

Lai jauka diena!
Mūsu komanda.",normal
Semināra programma,"Labdien, kolēģi!

Vēlamies informēt, ka mūsu tikšanās notiks nākamajā nedēļā. Mēs nosūtīsim papildu informāciju pēc tikšanās. Nodarbība notiks ierastajā laikā. Lūdzu, saglabājiet šo ziņojumu turpmākai atsaucei. Informācija par jaunumiem ir pieejama mūsu mājaslapā. Informācija tiks papildināta, ja būs nepieciešamas izmaiņas. Pasākuma dalībniekiem būs pieejami visi nepieciešamie materiāli.

Ar cieņu,
Klientu apkalpošanas nodaļa.",normal
Komandas sapulce,"Labdien, kolēģi!

Paldies par jūsu iepriekšējo atbildi. Mēs nosūtīsim papildu informāciju pēc tikšanās. Informācija tiks papildināta, ja būs nepieciešamas izmaiņas. Informācija par darba grafiku ir pievienota šim ziņojumam. Lūdzu, iepazīstieties ar pievienotajiem dokumentiem. Jūsu pasūtījums ir sagatavots un tiks nosūtīts tuvākajās dienās. Dokumenti būs pieejami arī klātienes tikšanās laikā.

Ar cieņu,
Skolas administrācija.",normal
Pateicība par sadarbību,"Labdien, cienījamie klienti!

Jūsu pasūtījums ir sagatavots un tiks nosūtīts tuvākajās dienās. Mēs vēlamies precizēt dažas detaļas par mūsu sadarbību. Papildu informāciju varat saņemt, sazinoties ar mums.

Lai jauka diena!
Mūsu komanda.",normal
Informācija klientiem,"Sveiki, visiem!

Informācija par jaunumiem ir pieejama mūsu mājaslapā. Mēs priecāsimies saņemt jūsu komentārus. Mēs novērtējam jūsu atsauksmes un ieteikumus. Aptauja aizņems tikai dažas minūtes.

Veiksmīgu dienu!
Mūsu komanda.",normal
Pateicība par sadarbību,"Labdien, Anna!

Lūdzu, informējiet mūs, ja nevarēsiet piedalīties. Lūdzu, iepazīstieties ar pievienotajiem dokumentiem. Vēlamies informēt, ka mūsu tikšanās notiks nākamajā nedēļā. Paldies par jūsu laiku un atsaucību. Dokumenti būs pieejami arī klātienes tikšanās laikā. Mēs vēlamies precizēt dažas detaļas par mūsu sadarbību.

Paldies par sadarbību!
Uzņēmuma komanda.",normal
Informācija klientiem,"Sveiki, Jāni!

Nākamajā mēnesī tiks veiktas nelielas izmaiņas darba kārtībā. Atgādinām par rīt plānoto tikšanos. Lūdzu, dodiet mums ziņu, ja nepieciešams mainīt tikšanās laiku.

Ar cieņu,
Administrācija.",normal
Pateicība par sadarbību,"Labdien, kolēģi!

Aptauja aizņems tikai dažas minūtes. Ja jums ir jautājumi, varat sazināties ar mūsu klientu apkalpošanas nodaļu. Lūdzu, iepazīstieties ar pievienotajiem dokumentiem. Atgādinām, ka pasākums notiks piektdien. Jūsu pasūtījums ir sagatavots un tiks nosūtīts tuvākajās dienās. Vēlamies informēt, ka mūsu tikšanās notiks nākamajā nedēļā.

Ar cieņu,
Projektu komanda.",normal
Pateicība par sadarbību,"Labdien, cienījamie klienti!

Pasākuma dalībniekiem būs pieejami visi nepieciešamie materiāli. Nodarbība notiks ierastajā laikā. Paldies par jūsu iepriekšējo atbildi. Mēs vēlamies precizēt dažas detaļas par mūsu sadarbību. Tikšanās laiks ir saskaņots ar visiem dalībniekiem. Informācija par jaunumiem ir pieejama mūsu mājaslapā.

Lai jauka diena!
Mūsu komanda.",normal
Informācija par nodarbību,"Sveiki!

Ja nepieciešams, varam vienoties par citu laiku. Vēlamies informēt, ka mūsu tikšanās notiks nākamajā nedēļā. Darba grafiks nākamajai nedēļai ir sagatavots. Informācija par darba grafiku ir pievienota šim ziņojumam. Aptauja aizņems tikai dažas minūtes. Atgādinām, ka pasākums notiks piektdien.

Ar cieņu,
Projektu komanda.",normal
Pasākuma programma,"Sveiki, visiem!

Papildu informāciju varat saņemt, sazinoties ar mums. Mēs vēlamies precizēt dažas detaļas par mūsu sadarbību. Informācija par jaunumiem ir pieejama mūsu mājaslapā. Mēs novērtējam jūsu atsauksmes un ieteikumus. Aptauja aizņems tikai dažas minūtes. Atgādinām, ka pasākums notiks piektdien. Ja nepieciešams, varam vienoties par citu laiku.

Paldies!
Klientu serviss.",normal
Rēķins par pakalpojumu,"Sveiki, komanda!

Jūsu rezervācija ir veiksmīgi apstiprināta. Mēs priecāsimies saņemt jūsu komentārus. Paldies par jūsu laiku un atsaucību. Ja jums ir jautājumi, varat sazināties ar mūsu klientu apkalpošanas nodaļu. Mēs novērtējam jūsu atsauksmes un ieteikumus. Šonedēļ esam sagatavojuši vairākus jaunumus. Nodarbība notiks ierastajā laikā.

Ar cieņu,
Administrācija.",normal
Rēķins par pakalpojumu,"Sveiki, komanda!

Paldies par jūsu iepriekšējo atbildi. Informācija tiks papildināta, ja būs nepieciešamas izmaiņas. Darba grafiks nākamajai nedēļai ir sagatavots. Mēs nosūtīsim papildu informāciju pēc tikšanās.

Ar cieņu,
Administrācija.",normal
Nedēļas jaunumi,"Labdien, skolēni!

Pasākuma dalībniekiem būs pieejami visi nepieciešamie materiāli. Dokumenti būs pieejami arī klātienes tikšanās laikā. Mēs novērtējam jūsu atsauksmes un ieteikumus. Aptauja aizņems tikai dažas minūtes.

Ar cieņu,
Administrācija.",normal
Aptauja par pakalpojumu,"Sveiki!

Atgādinām par rīt plānoto tikšanos. Pasākuma dalībniekiem būs pieejami visi nepieciešamie materiāli. Tikšanās laiks ir saskaņots ar visiem dalībniekiem. Ja jums ir jautājumi, varat sazināties ar mūsu klientu apkalpošanas nodaļu. Paldies par jūsu iepriekšējo atbildi.

Paldies!
Klientu serviss.",normal
Informācija par nodarbību,"Labdien, skolēni!

Lūdzu, informējiet mūs, ja nevarēsiet piedalīties. Lūdzu, dodiet mums ziņu, ja nepieciešams mainīt tikšanās laiku. Nodarbība notiks ierastajā laikā. Mēs novērtējam jūsu atsauksmes un ieteikumus. Pasākuma sākums paredzēts plkst. 10.00. Atgādinām par rīt plānoto tikšanos.

Paldies par sadarbību!
Uzņēmuma komanda.",normal
Pasākuma programma,"Sveiki, komanda!

Jūsu pasūtījums ir sagatavots un tiks nosūtīts tuvākajās dienās. Mēs nosūtīsim papildu informāciju pēc tikšanās. Darba grafiks nākamajai nedēļai ir sagatavots. Nākamajā mēnesī tiks veiktas nelielas izmaiņas darba kārtībā. Jūsu rezervācija ir veiksmīgi apstiprināta. Mēs priecāsimies saņemt jūsu komentārus.

Ar cieņu,
Administrācija.",normal
Informācija klientiem,"Labdien, skolēni!

Mēs novērtējam jūsu atsauksmes un ieteikumus. Pielikumā nosūtām informāciju par plānoto pasākumu. Lūdzu, saglabājiet šo ziņojumu turpmākai atsaucei. Ja nepieciešams, varam vienoties par citu laiku. Jūsu rezervācija ir veiksmīgi apstiprināta. Informācija par jaunumiem ir pieejama mūsu mājaslapā. Paldies par jūsu laiku un atsaucību.

Paldies!
Klientu serviss.",normal
Mēneša pārskats,"Labdien, Anna!

Pielikumā nosūtām informāciju par plānoto pasākumu. Paldies par jūsu laiku un atsaucību. Piegāde ir plānota tuvāko trīs darba dienu laikā. Lūdzu, informējiet mūs, ja nevarēsiet piedalīties. Mēs vēlamies precizēt dažas detaļas par mūsu sadarbību. Mēs nosūtīsim papildu informāciju pēc tikšanās. Paldies, ka izmantojat mūsu pakalpojumus.

Ar cieņu,
Administrācija.",normal
Komandas sapulce,"Labdien, kolēģi!

Paldies par jūsu laiku un atsaucību. Ja nepieciešams, varam vienoties par citu laiku. Dokumenti būs pieejami arī klātienes tikšanās laikā. Piegāde ir plānota tuvāko trīs darba dienu laikā.

Ar cieņu,
Projektu komanda.",normal
Aptauja par pakalpojumu,"Sveiki!

Mēs nosūtīsim papildu informāciju pēc tikšanās. Lūdzu, iepazīstieties ar pievienotajiem dokumentiem. Informācija par darba grafiku ir pievienota šim ziņojumam. Atgādinām, ka pasākums notiks piektdien.

Lai jauka diena!
Mūsu komanda.",normal
Nedēļas jaunumi,"Labdien!

Nodarbība notiks ierastajā laikā. Ja jums ir jautājumi, varat sazināties ar mūsu klientu apkalpošanas nodaļu. Šonedēļ esam sagatavojuši vairākus jaunumus.

Lai jauka diena!
Mūsu komanda.",normal
Pasākuma programma,"Labdien, cienījamie klienti!

Jūsu rezervācija ir veiksmīgi apstiprināta. Tikšanās laiks ir saskaņots ar visiem dalībniekiem. Ja nepieciešams, varam vienoties par citu laiku. Piegāde ir plānota tuvāko trīs darba dienu laikā. Pielikumā nosūtām informāciju par plānoto pasākumu.

Paldies!
Klientu serviss.",normal
Darba grafiks,"Labdien!

Mēs vēlamies precizēt dažas detaļas par mūsu sadarbību. Informācija tiks papildināta, ja būs nepieciešamas izmaiņas. Informācija par darba grafiku ir pievienota šim ziņojumam.

Veiksmīgu dienu!
Mūsu komanda.",normal
Dokumentu nosūtīšana,"Labdien, kolēģi!

Jūsu pasūtījums ir sagatavots un tiks nosūtīts tuvākajās dienās. Papildu informāciju varat saņemt, sazinoties ar mums. Mēs vēlamies precizēt dažas detaļas par mūsu sadarbību. Dokumenti būs pieejami arī klātienes tikšanās laikā. Mēs priecāsimies saņemt jūsu komentārus.

Ar cieņu,
Administrācija.",normal
Informācija par nodarbību,"Labdien, skolēni!

Lūdzu, informējiet mūs, ja nevarēsiet piedalīties. Pielikumā nosūtām informāciju par plānoto pasākumu. Atgādinām, ka pasākums notiks piektdien. Mēs novērtējam jūsu atsauksmes un ieteikumus. Sanāksmes laikā pārrunāsim aktuālos jautājumus. Atgādinām par rīt plānoto tikšanos.

Paldies!
Klientu serviss.",normal
Informācija klientiem,"Sveiki!

Papildu informāciju varat saņemt, sazinoties ar mums. Atgādinām par rīt plānoto tikšanos. Ja jums ir jautājumi, varat sazināties ar mūsu klientu apkalpošanas nodaļu.

Ar cieņu,
Administrācija.",normal
Atvaļinājuma plāns,"Sveiki!

Piegāde ir plānota tuvāko trīs darba dienu laikā. Nodarbība notiks ierastajā laikā. Informācija tiks papildināta, ja būs nepieciešamas izmaiņas. Informācija par darba grafiku ir pievienota šim ziņojumam. Pielikumā nosūtām informāciju par plānoto pasākumu. Dokumenti būs pieejami arī klātienes tikšanās laikā. Paldies par jūsu laiku un atsaucību.

Ar cieņu,
Skolas administrācija.",normal
Jaunā darba kārtība,"Sveiki, visiem!

Pasākuma dalībniekiem būs pieejami visi nepieciešamie materiāli. Lūdzu, iepazīstieties ar pievienotajiem dokumentiem. Sanāksmes laikā pārrunāsim aktuālos jautājumus. Atgādinām par rīt plānoto tikšanos. Mēs priecāsimies saņemt jūsu komentārus. Mēs novērtējam jūsu atsauksmes un ieteikumus. Aptauja aizņems tikai dažas minūtes.

Ar cieņu,
Klientu apkalpošanas nodaļa.",normal
Informācija klientiem,"Sveiki, visiem!

Ja jums ir jautājumi, varat sazināties ar mūsu klientu apkalpošanas nodaļu. Lūdzu, dodiet mums ziņu, ja nepieciešams mainīt tikšanās laiku. Informācija tiks papildināta, ja būs nepieciešamas izmaiņas. Paldies par jūsu laiku un atsaucību. Tikšanās laiks ir saskaņots ar visiem dalībniekiem. Jūsu rezervācija ir veiksmīgi apstiprināta. Aptauja aizņems tikai dažas minūtes.

Ar cieņu,
Projektu komanda.",normal
Piegādes informācija,"Sveiki!

Paldies par jūsu laiku un atsaucību. Paldies par jūsu iepriekšējo atbildi. Paldies, ka izmantojat mūsu pakalpojumus. Mēs priecāsimies saņemt jūsu komentārus. Tikšanās laiks ir saskaņots ar visiem dalībniekiem.

Ar cieņu,
Klientu apkalpošanas nodaļa.",normal
Mācību materiāli,"Labdien!

Pielikumā nosūtām informāciju par plānoto pasākumu. Informācija par darba grafiku ir pievienota šim ziņojumam. Aptauja aizņems tikai dažas minūtes.

Veiksmīgu dienu!
Mūsu komanda.",normal
Bibliotēkas atgādinājums,"Sveiki, komanda!

Informācija par darba grafiku ir pievienota šim ziņojumam. Ja jums ir jautājumi, varat sazināties ar mūsu klientu apkalpošanas nodaļu. Šonedēļ esam sagatavojuši vairākus jaunumus. Mēs novērtējam jūsu atsauksmes un ieteikumus. Piegāde ir plānota tuvāko trīs darba dienu laikā. Paldies par jūsu laiku un atsaucību. Atgādinām, ka pasākums notiks piektdien.

Ar cieņu,
Administrācija.",normal
Bibliotēkas atgādinājums,"Sveiki!

Tikšanās laiks ir saskaņots ar visiem dalībniekiem. Jūsu pasūtījums ir sagatavots un tiks nosūtīts tuvākajās dienās. Nodarbība notiks ierastajā laikā. Pasākuma dalībniekiem būs pieejami visi nepieciešamie materiāli. Nākamajā mēnesī tiks veiktas nelielas izmaiņas darba kārtībā. Ja jums ir jautājumi, varat sazināties ar mūsu klientu apkalpošanas nodaļu.

Ar cieņu,
Administrācija.",normal
Tikšanās laika maiņa,"Sveiki, komanda!

Papildu informāciju varat saņemt, sazinoties ar mums. Lūdzu, saglabājiet šo ziņojumu turpmākai atsaucei. Nodarbība notiks ierastajā laikā. Paldies par jūsu iepriekšējo atbildi. Vēlamies informēt, ka mūsu tikšanās notiks nākamajā nedēļā. Informācija tiks papildināta, ja būs nepieciešamas izmaiņas. Pielikumā nosūtām informāciju par plānoto pasākumu.

Veiksmīgu dienu!
Mūsu komanda.",normal
Komandas sapulce,"Labdien, Anna!

Informācija tiks papildināta, ja būs nepieciešamas izmaiņas. Paldies par jūsu iepriekšējo atbildi. Ja nepieciešams, varam vienoties par citu laiku. Vēlamies informēt, ka mūsu tikšanās notiks nākamajā nedēļā. Nākamajā mēnesī tiks veiktas nelielas izmaiņas darba kārtībā. Darba grafiks nākamajai nedēļai ir sagatavots.

Veiksmīgu dienu!
Mūsu komanda.",normal
Mācību materiāli,"Sveiki, kolēģi!

Mēs novērtējam jūsu atsauksmes un ieteikumus. Informācija par darba grafiku ir pievienota šim ziņojumam. Pasākuma sākums paredzēts plkst. 10.00. Mēs priecāsimies saņemt jūsu komentārus. Jūsu rezervācija ir veiksmīgi apstiprināta. Atgādinām par rīt plānoto tikšanos. Sanāksmes laikā pārrunāsim aktuālos jautājumus.

Ar cieņu,
Projektu komanda.",normal
Piegādes datums,"Sveiki, kolēģi!

Ja nepieciešams, varam vienoties par citu laiku. Pasākuma dalībniekiem būs pieejami visi nepieciešamie materiāli. Piegāde ir plānota tuvāko trīs darba dienu laikā. Ja jums ir jautājumi, varat sazināties ar mūsu klientu apkalpošanas nodaļu. Lūdzu, dodiet mums ziņu, ja nepieciešams mainīt tikšanās laiku. Tikšanās laiks ir saskaņots ar visiem dalībniekiem.

Ar cieņu,
Skolas administrācija.",normal
Atvaļinājuma plāns,"Sveiki, visiem!

Informācija tiks papildināta, ja būs nepieciešamas izmaiņas. Ja jums ir jautājumi, varat sazināties ar mūsu klientu apkalpošanas nodaļu. Jūsu rezervācija ir veiksmīgi apstiprināta. Pasākuma sākums paredzēts plkst. 10.00. Paldies par jūsu laiku un atsaucību.

Veiksmīgu dienu!
Mūsu komanda.",normal
Aptauja par pakalpojumu,"Labdien, kolēģi!

Darba grafiks nākamajai nedēļai ir sagatavots. Informācija tiks papildināta, ja būs nepieciešamas izmaiņas. Mēs vēlamies precizēt dažas detaļas par mūsu sadarbību. Mēs nosūtīsim papildu informāciju pēc tikšanās. Atgādinām, ka pasākums notiks piektdien. Jūsu rezervācija ir veiksmīgi apstiprināta. Nākamajā mēnesī tiks veiktas nelielas izmaiņas darba kārtībā.

Lai jauka diena!
Mūsu komanda.",normal
Pasākuma programma,"Labdien, Anna!

Pielikumā nosūtām informāciju par plānoto pasākumu. Vēlamies informēt, ka mūsu tikšanās notiks nākamajā nedēļā. Paldies par jūsu iepriekšējo atbildi. Dokumenti būs pieejami arī klātienes tikšanās laikā. Šonedēļ esam sagatavojuši vairākus jaunumus. Nodarbība notiks ierastajā laikā. Lūdzu, saglabājiet šo ziņojumu turpmākai atsaucei.

Lai jauka diena!
Mūsu komanda.",normal
Jaunumi uzņēmumā,"Sveiki, visiem!

Vēlamies informēt, ka mūsu tikšanās notiks nākamajā nedēļā. Ja nepieciešams, varam vienoties par citu laiku. Mēs novērtējam jūsu atsauksmes un ieteikumus. Pasākuma sākums paredzēts plkst. 10.00.

Lai jauka diena!
Mūsu komanda.",normal
Atgādinājums par tikšanos,"Sveiki, Jāni!

Mēs vēlamies precizēt dažas detaļas par mūsu sadarbību. Pasākuma dalībniekiem būs pieejami visi nepieciešamie materiāli. Pasākuma sākums paredzēts plkst. 10.00. Jūsu rezervācija ir veiksmīgi apstiprināta. Informācija par darba grafiku ir pievienota šim ziņojumam. Paldies par jūsu laiku un atsaucību.

Paldies par sadarbību!
Uzņēmuma komanda.",normal
Bibliotēkas atgādinājums,"Labdien!

Sanāksmes laikā pārrunāsim aktuālos jautājumus. Mēs vēlamies precizēt dažas detaļas par mūsu sadarbību. Jūsu pasūtījums ir sagatavots un tiks nosūtīts tuvākajās dienās. Atgādinām par rīt plānoto tikšanos.

Ar cieņu,
Skolas administrācija.",normal
Komandas sapulce,"Sveiki, kolēģi!

Paldies, ka izmantojat mūsu pakalpojumus. Tikšanās laiks ir saskaņots ar visiem dalībniekiem. Sanāksmes laikā pārrunāsim aktuālos jautājumus. Pasākuma sākums paredzēts plkst. 10.00. Ja nepieciešams, varam vienoties par citu laiku. Atgādinām par rīt plānoto tikšanos. Nodarbība notiks ierastajā laikā.

Ar cieņu,
Klientu apkalpošanas nodaļa.",normal
Jaunumi uzņēmumā,"Sveiki, Jāni!

Nodarbība notiks ierastajā laikā. Informācija par darba grafiku ir pievienota šim ziņojumam. Informācija tiks papildināta, ja būs nepieciešamas izmaiņas. Darba grafiks nākamajai nedēļai ir sagatavots. Lūdzu, dodiet mums ziņu, ja nepieciešams mainīt tikšanās laiku.

Ar cieņu,
Projektu komanda.",normal
Piegādes datums,"Labdien, skolēni!

Lūdzu, iepazīstieties ar pievienotajiem dokumentiem. Darba grafiks nākamajai nedēļai ir sagatavots. Lūdzu, informējiet mūs, ja nevarēsiet piedalīties. Mēs vēlamies precizēt dažas detaļas par mūsu sadarbību. Pasākuma sākums paredzēts plkst. 10.00. Ja jums ir jautājumi, varat sazināties ar mūsu klientu apkalpošanas nodaļu. Nākamajā mēnesī tiks veiktas nelielas izmaiņas darba kārtībā.

Ar cieņu,
Klientu apkalpošanas nodaļa.",normal
Pasūtījuma statuss,"Labdien, Anna!

Pasākuma dalībniekiem būs pieejami visi nepieciešamie materiāli. Atgādinām, ka pasākums notiks piektdien. Šonedēļ esam sagatavojuši vairākus jaunumus. Nākamajā mēnesī tiks veiktas nelielas izmaiņas darba kārtībā.

Lai jauka diena!
Mūsu komanda.",normal
Mācību materiāli,"Sveiki, komanda!

Nākamajā mēnesī tiks veiktas nelielas izmaiņas darba kārtībā. Informācija par jaunumiem ir pieejama mūsu mājaslapā. Informācija tiks papildināta, ja būs nepieciešamas izmaiņas.

Ar cieņu,
Klientu apkalpošanas nodaļa.",normal
Informācija klientiem,"Sveiki, Jāni!

Informācija par jaunumiem ir pieejama mūsu mājaslapā. Pielikumā nosūtām informāciju par plānoto pasākumu. Šonedēļ esam sagatavojuši vairākus jaunumus. Nākamajā mēnesī tiks veiktas nelielas izmaiņas darba kārtībā. Ja jums ir jautājumi, varat sazināties ar mūsu klientu apkalpošanas nodaļu. Paldies par jūsu laiku un atsaucību.

Ar cieņu,
Projektu komanda.",normal
Jaunā darba kārtība,"Labdien, cienījamie klienti!

Atgādinām, ka pasākums notiks piektdien. Atgādinām par rīt plānoto tikšanos. Paldies, ka izmantojat mūsu pakalpojumus. Lūdzu, iepazīstieties ar pievienotajiem dokumentiem. Informācija par darba grafiku ir pievienota šim ziņojumam. Informācija tiks papildināta, ja būs nepieciešamas izmaiņas.

Ar cieņu,
Klientu apkalpošanas nodaļa.",normal
Informācija par pasākumu,"Labdien, kolēģi!

Paldies, ka izmantojat mūsu pakalpojumus. Jūsu pasūtījums ir sagatavots un tiks nosūtīts tuvākajās dienās. Piegāde ir plānota tuvāko trīs darba dienu laikā. Informācija par jaunumiem ir pieejama mūsu mājaslapā.

Paldies!
Klientu serviss.",normal
Komandas sapulce,"Labdien, Anna!

Pasākuma dalībniekiem būs pieejami visi nepieciešamie materiāli. Informācija tiks papildināta, ja būs nepieciešamas izmaiņas. Lūdzu, iepazīstieties ar pievienotajiem dokumentiem. Paldies par jūsu iepriekšējo atbildi. Mēs vēlamies precizēt dažas detaļas par mūsu sadarbību.

Lai jauka diena!
Mūsu komanda.",normal
Rezervācijas apstiprinājums,"Sveiki, visiem!

Lūdzu, dodiet mums ziņu, ja nepieciešams mainīt tikšanās laiku. Sanāksmes laikā pārrunāsim aktuālos jautājumus. Lūdzu, saglabājiet šo ziņojumu turpmākai atsaucei. Atgādinām, ka pasākums notiks piektdien.

Paldies!
Klientu serviss.",normal
Pateicība par sadarbību,"Sveiki, komanda!

Ja nepieciešams, varam vienoties par citu laiku. Informācija tiks papildināta, ja būs nepieciešamas izmaiņas. Mēs priecāsimies saņemt jūsu komentārus. Paldies, ka izmantojat mūsu pakalpojumus. Informācija par jaunumiem ir pieejama mūsu mājaslapā. Pasākuma dalībniekiem būs pieejami visi nepieciešamie materiāli. Ja jums ir jautājumi, varat sazināties ar mūsu klientu apkalpošanas nodaļu.

Ar cieņu,
Skolas administrācija.",normal
Dokumentu nosūtīšana,"Labdien, kolēģi!

Nodarbība notiks ierastajā laikā. Pasākuma dalībniekiem būs pieejami visi nepieciešamie materiāli. Aptauja aizņems tikai dažas minūtes.

Ar cieņu,
Klientu apkalpošanas nodaļa.",normal
Nedēļas jaunumi,"Labdien, Anna!

Pasākuma sākums paredzēts plkst. 10.00. Papildu informāciju varat saņemt, sazinoties ar mums. Tikšanās laiks ir saskaņots ar visiem dalībniekiem. Sanāksmes laikā pārrunāsim aktuālos jautājumus.

Ar cieņu,
Projektu komanda.",normal
Darba grafiks,"Labdien!

Informācija tiks papildināta, ja būs nepieciešamas izmaiņas. Šonedēļ esam sagatavojuši vairākus jaunumus. Pasākuma sākums paredzēts plkst. 10.00.

Paldies par sadarbību!
Uzņēmuma komanda.",normal
Informācija klientiem,"Labdien!

Darba grafiks nākamajai nedēļai ir sagatavots. Jūsu pasūtījums ir sagatavots un tiks nosūtīts tuvākajās dienās. Paldies, ka izmantojat mūsu pakalpojumus. Ja nepieciešams, varam vienoties par citu laiku. Šonedēļ esam sagatavojuši vairākus jaunumus.

Paldies!
Klientu serviss.",normal
Piegādes informācija,"Labdien, kolēģi!

Pielikumā nosūtām informāciju par plānoto pasākumu. Ja jums ir jautājumi, varat sazināties ar mūsu klientu apkalpošanas nodaļu. Šonedēļ esam sagatavojuši vairākus jaunumus. Lūdzu, dodiet mums ziņu, ja nepieciešams mainīt tikšanās laiku. Pasākuma dalībniekiem būs pieejami visi nepieciešamie materiāli. Darba grafiks nākamajai nedēļai ir sagatavots.

Paldies par sadarbību!
Uzņēmuma komanda.",normal
Piegādes datums,"Sveiki, kolēģi!

Atgādinām, ka pasākums notiks piektdien. Informācija par jaunumiem ir pieejama mūsu mājaslapā. Ja nepieciešams, varam vienoties par citu laiku. Pasākuma dalībniekiem būs pieejami visi nepieciešamie materiāli. Jūsu pasūtījums ir sagatavots un tiks nosūtīts tuvākajās dienās.

Ar cieņu,
Projektu komanda.",normal
Nedēļas jaunumi,"Labdien, skolēni!

Atgādinām par rīt plānoto tikšanos. Lūdzu, iepazīstieties ar pievienotajiem dokumentiem. Mēs novērtējam jūsu atsauksmes un ieteikumus. Jūsu pasūtījums ir sagatavots un tiks nosūtīts tuvākajās dienās. Mēs vēlamies precizēt dažas detaļas par mūsu sadarbību. Lūdzu, saglabājiet šo ziņojumu turpmākai atsaucei.

Veiksmīgu dienu!
Mūsu komanda.",normal
Jaunumi uzņēmumā,"Labdien, skolēni!

Atgādinām, ka pasākums notiks piektdien. Aptauja aizņems tikai dažas minūtes. Informācija par jaunumiem ir pieejama mūsu mājaslapā. Mēs vēlamies precizēt dažas detaļas par mūsu sadarbību. Lūdzu, saglabājiet šo ziņojumu turpmākai atsaucei. Lūdzu, informējiet mūs, ja nevarēsiet piedalīties.

Ar cieņu,
Klientu apkalpošanas nodaļa.",normal
Mācību materiāli,"Labdien!

Lūdzu, iepazīstieties ar pievienotajiem dokumentiem. Ja jums ir jautājumi, varat sazināties ar mūsu klientu apkalpošanas nodaļu. Informācija par jaunumiem ir pieejama mūsu mājaslapā. Šonedēļ esam sagatavojuši vairākus jaunumus.

Ar cieņu,
Projektu komanda.",normal
Komandas sapulce,"Labdien, kolēģi!

Ja nepieciešams, varam vienoties par citu laiku. Ja jums ir jautājumi, varat sazināties ar mūsu klientu apkalpošanas nodaļu. Dokumenti būs pieejami arī klātienes tikšanās laikā. Paldies par jūsu iepriekšējo atbildi. Paldies, ka izmantojat mūsu pakalpojumus. Jūsu pasūtījums ir sagatavots un tiks nosūtīts tuvākajās dienās.

Veiksmīgu dienu!
Mūsu komanda.",normal
Komandas sapulce,"Labdien, kolēģi!

Lūdzu, saglabājiet šo ziņojumu turpmākai atsaucei. Atgādinām, ka pasākums notiks piektdien. Paldies, ka izmantojat mūsu pakalpojumus.

Paldies!
Klientu serviss.",normal
Rezervācijas apstiprinājums,"Labdien, kolēģi!

Nākamajā mēnesī tiks veiktas nelielas izmaiņas darba kārtībā. Jūsu rezervācija ir veiksmīgi apstiprināta. Mēs novērtējam jūsu atsauksmes un ieteikumus.

Veiksmīgu dienu!
Mūsu komanda.",normal
Atvaļinājuma plāns,"Labdien, kolēģi!

Lūdzu, dodiet mums ziņu, ja nepieciešams mainīt tikšanās laiku. Dokumenti būs pieejami arī klātienes tikšanās laikā. Ja jums ir jautājumi, varat sazināties ar mūsu klientu apkalpošanas nodaļu.

Paldies!
Klientu serviss.",normal
Jaunā darba kārtība,"Labdien, skolēni!

Pasākuma sākums paredzēts plkst. 10.00. Pasākuma dalībniekiem būs pieejami visi nepieciešamie materiāli. Šonedēļ esam sagatavojuši vairākus jaunumus. Darba grafiks nākamajai nedēļai ir sagatavots. Dokumenti būs pieejami arī klātienes tikšanās laikā. Papildu informāciju varat saņemt, sazinoties ar mums. Piegāde ir plānota tuvāko trīs darba dienu laikā.

Ar cieņu,
Skolas administrācija.",normal
Mēneša pārskats,"Sveiki!

Mēs priecāsimies saņemt jūsu komentārus. Nākamajā mēnesī tiks veiktas nelielas izmaiņas darba kārtībā. Dokumenti būs pieejami arī klātienes tikšanās laikā. Informācija tiks papildināta, ja būs nepieciešamas izmaiņas. Paldies par jūsu iepriekšējo atbildi.

Veiksmīgu dienu!
Mūsu komanda.",normal
Pasākuma programma,"Sveiki!

Ja jums ir jautājumi, varat sazināties ar mūsu klientu apkalpošanas nodaļu. Paldies, ka izmantojat mūsu pakalpojumus. Mēs vēlamies precizēt dažas detaļas par mūsu sadarbību. Pasākuma dalībniekiem būs pieejami visi nepieciešamie materiāli.

Ar cieņu,
Klientu apkalpošanas nodaļa.",normal
Darba grafiks,"Sveiki, kolēģi!

Vēlamies informēt, ka mūsu tikšanās notiks nākamajā nedēļā. Atgādinām par rīt plānoto tikšanos. Lūdzu, iepazīstieties ar pievienotajiem dokumentiem. Pasākuma dalībniekiem būs pieejami visi nepieciešamie materiāli. Nākamajā mēnesī tiks veiktas nelielas izmaiņas darba kārtībā. Atgādinām, ka pasākums notiks piektdien.

Veiksmīgu dienu!
Mūsu komanda.",normal
Komandas sapulce,"Sveiki, kolēģi!

Informācija par darba grafiku ir pievienota šim ziņojumam. Pielikumā nosūtām informāciju par plānoto pasākumu. Pasākuma dalībniekiem būs pieejami visi nepieciešamie materiāli. Atgādinām par rīt plānoto tikšanos. Lūdzu, informējiet mūs, ja nevarēsiet piedalīties. Mēs novērtējam jūsu atsauksmes un ieteikumus. Paldies par jūsu laiku un atsaucību.

Paldies par sadarbību!
Uzņēmuma komanda.",normal
Informācija par pasākumu,"Sveiki, visiem!

Lūdzu, dodiet mums ziņu, ja nepieciešams mainīt tikšanās laiku. Lūdzu, iepazīstieties ar pievienotajiem dokumentiem. Informācija tiks papildināta, ja būs nepieciešamas izmaiņas. Mēs priecāsimies saņemt jūsu komentārus.

Paldies par sadarbību!
Uzņēmuma komanda.",normal
Tikšanās par projektu,"Sveiki, visiem!

Lūdzu, dodiet mums ziņu, ja nepieciešams mainīt tikšanās laiku. Dokumenti būs pieejami arī klātienes tikšanās laikā. Nākamajā mēnesī tiks veiktas nelielas izmaiņas darba kārtībā.

Ar cieņu,
Skolas administrācija.",normal
Dokumentu nosūtīšana,"Labdien, kolēģi!

Pielikumā nosūtām informāciju par plānoto pasākumu. Nodarbība notiks ierastajā laikā. Atgādinām, ka pasākums notiks piektdien. Darba grafiks nākamajai nedēļai ir sagatavots.

Ar cieņu,
Projektu komanda.",normal
Jaunā darba kārtība,"Sveiki, komanda!

Darba grafiks nākamajai nedēļai ir sagatavots. Paldies par jūsu laiku un atsaucību. Mēs nosūtīsim papildu informāciju pēc tikšanās. Atgādinām par rīt plānoto tikšanos. Paldies par jūsu iepriekšējo atbildi.

Paldies!
Klientu serviss.",normal
Tikšanās par projektu,"Sveiki, komanda!

Nākamajā mēnesī tiks veiktas nelielas izmaiņas darba kārtībā. Atgādinām, ka pasākums notiks piektdien. Jūsu rezervācija ir veiksmīgi apstiprināta. Dokumenti būs pieejami arī klātienes tikšanās laikā.

Paldies!
Klientu serviss.",normal
Tikšanās par projektu,"Sveiki, Jāni!

Lūdzu, iepazīstieties ar pievienotajiem dokumentiem. Mēs priecāsimies saņemt jūsu komentārus. Pasākuma sākums paredzēts plkst. 10.00. Sanāksmes laikā pārrunāsim aktuālos jautājumus. Lūdzu, saglabājiet šo ziņojumu turpmākai atsaucei. Paldies par jūsu laiku un atsaucību.

Lai jauka diena!
Mūsu komanda.",normal
Pateicība par sadarbību,"Labdien, Anna!

Sanāksmes laikā pārrunāsim aktuālos jautājumus. Dokumenti būs pieejami arī klātienes tikšanās laikā. Piegāde ir plānota tuvāko trīs darba dienu laikā.

Ar cieņu,
Projektu komanda.",normal
Piegādes informācija,"Labdien, skolēni!

Papildu informāciju varat saņemt, sazinoties ar mums. Pielikumā nosūtām informāciju par plānoto pasākumu. Informācija tiks papildināta, ja būs nepieciešamas izmaiņas. Tikšanās laiks ir saskaņots ar visiem dalībniekiem.

Paldies!
Klientu serviss.",normal
Dokumentu nosūtīšana,"Labdien!

Dokumenti būs pieejami arī klātienes tikšanās laikā. Atgādinām par rīt plānoto tikšanos. Nākamajā mēnesī tiks veiktas nelielas izmaiņas darba kārtībā. Mēs nosūtīsim papildu informāciju pēc tikšanās.

Ar cieņu,
Klientu apkalpošanas nodaļa.",normal
Jaunumi uzņēmumā,"Labdien!

Lūdzu, iepazīstieties ar pievienotajiem dokumentiem. Mēs nosūtīsim papildu informāciju pēc tikšanās. Darba grafiks nākamajai nedēļai ir sagatavots. Atgādinām, ka pasākums notiks piektdien. Tikšanās laiks ir saskaņots ar visiem dalībniekiem. Šonedēļ esam sagatavojuši vairākus jaunumus. Mēs novērtējam jūsu atsauksmes un ieteikumus.

Paldies!
Klientu serviss.",normal
Mēneša pārskats,"Labdien, cienījamie klienti!

Pasākuma sākums paredzēts plkst. 10.00. Tikšanās laiks ir saskaņots ar visiem dalībniekiem. Šonedēļ esam sagatavojuši vairākus jaunumus. Atgādinām, ka pasākums notiks piektdien. Mēs vēlamies precizēt dažas detaļas par mūsu sadarbību. Informācija tiks papildināta, ja būs nepieciešamas izmaiņas. Jūsu pasūtījums ir sagatavots un tiks nosūtīts tuvākajās dienās.

Paldies!
Klientu serviss.",normal
Atgādinājums par tikšanos,"Labdien!

Papildu informāciju varat saņemt, sazinoties ar mums. Dokumenti būs pieejami arī klātienes tikšanās laikā. Mēs novērtējam jūsu atsauksmes un ieteikumus. Vēlamies informēt, ka mūsu tikšanās notiks nākamajā nedēļā. Aptauja aizņems tikai dažas minūtes. Darba grafiks nākamajai nedēļai ir sagatavots.

Ar cieņu,
Klientu apkalpošanas nodaļa.",normal
Piegādes datums,"Labdien, kolēģi!

Darba grafiks nākamajai nedēļai ir sagatavots. Mēs priecāsimies saņemt jūsu komentārus. Ja jums ir jautājumi, varat sazināties ar mūsu klientu apkalpošanas nodaļu. Šonedēļ esam sagatavojuši vairākus jaunumus. Nodarbība notiks ierastajā laikā. Ja nepieciešams, varam vienoties par citu laiku.

Paldies!
Klientu serviss.",normal
Pateicība par sadarbību,"Sveiki!

Paldies par jūsu iepriekšējo atbildi. Vēlamies informēt, ka mūsu tikšanās notiks nākamajā nedēļā. Jūsu pasūtījums ir sagatavots un tiks nosūtīts tuvākajās dienās.

Ar cieņu,
Administrācija.",normal
Informācija par nodarbību,"Sveiki, Jāni!

Pasākuma sākums paredzēts plkst. 10.00. Mēs nosūtīsim papildu informāciju pēc tikšanās. Tikšanās laiks ir saskaņots ar visiem dalībniekiem. Lūdzu, informējiet mūs, ja nevarēsiet piedalīties. Darba grafiks nākamajai nedēļai ir sagatavots. Informācija tiks papildināta, ja būs nepieciešamas izmaiņas.

Ar cieņu,
Klientu apkalpošanas nodaļa.",normal
Tikšanās par projektu,"Labdien, skolēni!

Atgādinām par rīt plānoto tikšanos. Jūsu rezervācija ir veiksmīgi apstiprināta. Nākamajā mēnesī tiks veiktas nelielas izmaiņas darba kārtībā. Pielikumā nosūtām informāciju par plānoto pasākumu. Lūdzu, saglabājiet šo ziņojumu turpmākai atsaucei. Paldies par jūsu laiku un atsaucību. Darba grafiks nākamajai nedēļai ir sagatavots.

Veiksmīgu dienu!
Mūsu komanda.",normal
Dokumentu nosūtīšana,"Sveiki, Jāni!

Dokumenti būs pieejami arī klātienes tikšanās laikā. Piegāde ir plānota tuvāko trīs darba dienu laikā. Vēlamies informēt, ka mūsu tikšanās notiks nākamajā nedēļā. Ja jums ir jautājumi, varat sazināties ar mūsu klientu apkalpošanas nodaļu. Nodarbība notiks ierastajā laikā. Paldies par jūsu laiku un atsaucību. Mēs nosūtīsim papildu informāciju pēc tikšanās.

Lai jauka diena!
Mūsu komanda.",normal
Pasūtījuma statuss,"Labdien, kolēģi!

Šonedēļ esam sagatavojuši vairākus jaunumus. Darba grafiks nākamajai nedēļai ir sagatavots. Paldies par jūsu laiku un atsaucību. Lūdzu, iepazīstieties ar pievienotajiem dokumentiem. Atgādinām par rīt plānoto tikšanos. Nākamajā mēnesī tiks veiktas nelielas izmaiņas darba kārtībā.

Paldies!
Klientu serviss.",normal
Mēneša pārskats,"Labdien, Anna!

Pielikumā nosūtām informāciju par plānoto pasākumu. Mēs nosūtīsim papildu informāciju pēc tikšanās. Informācija par jaunumiem ir pieejama mūsu mājaslapā. Jūsu pasūtījums ir sagatavots un tiks nosūtīts tuvākajās dienās.

Ar cieņu,
Projektu komanda.",normal
Atgādinājums par tikšanos,"Labdien, Anna!

Lūdzu, saglabājiet šo ziņojumu turpmākai atsaucei. Atgādinām par rīt plānoto tikšanos. Piegāde ir plānota tuvāko trīs darba dienu laikā.

Paldies par sadarbību!
Uzņēmuma komanda.",normal
Pasākuma programma,"Labdien, kolēģi!

Pasākuma sākums paredzēts plkst. 10.00. Vēlamies informēt, ka mūsu tikšanās notiks nākamajā nedēļā. Aptauja aizņems tikai dažas minūtes. Sanāksmes laikā pārrunāsim aktuālos jautājumus. Lūdzu, saglabājiet šo ziņojumu turpmākai atsaucei. Ja jums ir jautājumi, varat sazināties ar mūsu klientu apkalpošanas nodaļu. Paldies, ka izmantojat mūsu pakalpojumus.

Paldies par sadarbību!
Uzņēmuma komanda.",normal
Nedēļas jaunumi,"Labdien, skolēni!

Nākamajā mēnesī tiks veiktas nelielas izmaiņas darba kārtībā. Papildu informāciju varat saņemt, sazinoties ar mums. Tikšanās laiks ir saskaņots ar visiem dalībniekiem. Paldies par jūsu laiku un atsaucību.

Veiksmīgu dienu!
Mūsu komanda.",normal
Mēneša pārskats,"Labdien, Anna!

Atgādinām, ka pasākums notiks piektdien. Lūdzu, saglabājiet šo ziņojumu turpmākai atsaucei. Mēs novērtējam jūsu atsauksmes un ieteikumus. Darba grafiks nākamajai nedēļai ir sagatavots.

Paldies!
Klientu serviss.",normal
Informācija par nodarbību,"Labdien, skolēni!

Piegāde ir plānota tuvāko trīs darba dienu laikā. Pielikumā nosūtām informāciju par plānoto pasākumu. Pasākuma dalībniekiem būs pieejami visi nepieciešamie materiāli. Ja jums ir jautājumi, varat sazināties ar mūsu klientu apkalpošanas nodaļu. Informācija par darba grafiku ir pievienota šim ziņojumam. Pasākuma sākums paredzēts plkst. 10.00. Paldies par jūsu laiku un atsaucību.

Ar cieņu,
Administrācija.",normal
Semināra programma,"Sveiki, komanda!

Pielikumā nosūtām informāciju par plānoto pasākumu. Paldies par jūsu laiku un atsaucību. Mēs nosūtīsim papildu informāciju pēc tikšanās.

Lai jauka diena!
Mūsu komanda.",normal
Atvaļinājuma plāns,"Labdien, kolēģi!

Jūsu rezervācija ir veiksmīgi apstiprināta. Lūdzu, informējiet mūs, ja nevarēsiet piedalīties. Mēs nosūtīsim papildu informāciju pēc tikšanās.

Ar cieņu,
Skolas administrācija.",normal
Dokumentu nosūtīšana,"Labdien, skolēni!

Lūdzu, saglabājiet šo ziņojumu turpmākai atsaucei. Ja jums ir jautājumi, varat sazināties ar mūsu klientu apkalpošanas nodaļu. Ja nepieciešams, varam vienoties par citu laiku. Dokumenti būs pieejami arī klātienes tikšanās laikā. Šonedēļ esam sagatavojuši vairākus jaunumus. Paldies par jūsu iepriekšējo atbildi.

Ar cieņu,
Klientu apkalpošanas nodaļa.",normal
Mēneša pārskats,"Sveiki, komanda!

Jūsu pasūtījums ir sagatavots un tiks nosūtīts tuvākajās dienās. Pielikumā nosūtām informāciju par plānoto pasākumu. Darba grafiks nākamajai nedēļai ir sagatavots.

Ar cieņu,
Skolas administrācija.",normal
Pateicība par sadarbību,"Sveiki, visiem!

Aptauja aizņems tikai dažas minūtes. Jūsu rezervācija ir veiksmīgi apstiprināta. Papildu informāciju varat saņemt, sazinoties ar mums.

Veiksmīgu dienu!
Mūsu komanda.",normal
Informācija klientiem,"Labdien!

Informācija tiks papildināta, ja būs nepieciešamas izmaiņas. Lūdzu, dodiet mums ziņu, ja nepieciešams mainīt tikšanās laiku. Tikšanās laiks ir saskaņots ar visiem dalībniekiem. Mēs novērtējam jūsu atsauksmes un ieteikumus. Ja nepieciešams, varam vienoties par citu laiku.

Ar cieņu,
Projektu komanda.",normal
Nedēļas jaunumi,"Labdien!

Informācija tiks papildināta, ja būs nepieciešamas izmaiņas. Nodarbība notiks ierastajā laikā. Mēs nosūtīsim papildu informāciju pēc tikšanās. Aptauja aizņems tikai dažas minūtes. Ja jums ir jautājumi, varat sazināties ar mūsu klientu apkalpošanas nodaļu. Dokumenti būs pieejami arī klātienes tikšanās laikā. Informācija par jaunumiem ir pieejama mūsu mājaslapā.

Paldies par sadarbību!
Uzņēmuma komanda.",normal
Mēneša pārskats,"Labdien, skolēni!

Mēs priecāsimies saņemt jūsu komentārus. Ja nepieciešams, varam vienoties par citu laiku. Lūdzu, iepazīstieties ar pievienotajiem dokumentiem. Pasākuma dalībniekiem būs pieejami visi nepieciešamie materiāli. Sanāksmes laikā pārrunāsim aktuālos jautājumus. Pielikumā nosūtām informāciju par plānoto pasākumu. Jūsu pasūtījums ir sagatavots un tiks nosūtīts tuvākajās dienās.

Paldies par sadarbību!
Uzņēmuma komanda.",normal
Komandas sapulce,"Sveiki!

Mēs nosūtīsim papildu informāciju pēc tikšanās. Jūsu rezervācija ir veiksmīgi apstiprināta. Atgādinām par rīt plānoto tikšanos. Mēs priecāsimies saņemt jūsu komentārus. Lūdzu, dodiet mums ziņu, ja nepieciešams mainīt tikšanās laiku.

Ar cieņu,
Klientu apkalpošanas nodaļa.",normal
Rēķins par pakalpojumu,"Sveiki, kolēģi!

Tikšanās laiks ir saskaņots ar visiem dalībniekiem. Vēlamies informēt, ka mūsu tikšanās notiks nākamajā nedēļā. Šonedēļ esam sagatavojuši vairākus jaunumus. Aptauja aizņems tikai dažas minūtes.

Paldies!
Klientu serviss.",normal
Atgādinājums par tikšanos,"Labdien, Anna!

Lūdzu, saglabājiet šo ziņojumu turpmākai atsaucei. Informācija tiks papildināta, ja būs nepieciešamas izmaiņas. Vēlamies informēt, ka mūsu tikšanās notiks nākamajā nedēļā.

Paldies!
Klientu serviss.",normal
Komandas sapulce,"Sveiki, komanda!

Nākamajā mēnesī tiks veiktas nelielas izmaiņas darba kārtībā. Mēs vēlamies precizēt dažas detaļas par mūsu sadarbību. Jūsu rezervācija ir veiksmīgi apstiprināta. Lūdzu, informējiet mūs, ja nevarēsiet piedalīties.

Veiksmīgu dienu!
Mūsu komanda.",normal
Komandas sapulce,"Sveiki, Jāni!

Vēlamies informēt, ka mūsu tikšanās notiks nākamajā nedēļā. Lūdzu, iepazīstieties ar pievienotajiem dokumentiem. Pasākuma sākums paredzēts plkst. 10.00. Nodarbība notiks ierastajā laikā. Lūdzu, dodiet mums ziņu, ja nepieciešams mainīt tikšanās laiku.

Veiksmīgu dienu!
Mūsu komanda.",normal
Jaunā darba kārtība,"Sveiki, komanda!

Sanāksmes laikā pārrunāsim aktuālos jautājumus. Mēs nosūtīsim papildu informāciju pēc tikšanās. Informācija par jaunumiem ir pieejama mūsu mājaslapā. Pasākuma dalībniekiem būs pieejami visi nepieciešamie materiāli. Pielikumā nosūtām informāciju par plānoto pasākumu. Lūdzu, iepazīstieties ar pievienotajiem dokumentiem. Lūdzu, saglabājiet šo ziņojumu turpmākai atsaucei.

Paldies!
Klientu serviss.",normal
Dokumentu nosūtīšana,"Labdien, kolēģi!

Pielikumā nosūtām informāciju par plānoto pasākumu. Jūsu pasūtījums ir sagatavots un tiks nosūtīts tuvākajās dienās. Papildu informāciju varat saņemt, sazinoties ar mums. Nākamajā mēnesī tiks veiktas nelielas izmaiņas darba kārtībā.

Ar cieņu,
Klientu apkalpošanas nodaļa.",normal
Mācību materiāli,"Sveiki, kolēģi!

Lūdzu, saglabājiet šo ziņojumu turpmākai atsaucei. Mēs priecāsimies saņemt jūsu komentārus. Mēs nosūtīsim papildu informāciju pēc tikšanās. Atgādinām, ka pasākums notiks piektdien.

Paldies par sadarbību!
Uzņēmuma komanda.",normal
Komandas sapulce,"Labdien!

Atgādinām par rīt plānoto tikšanos. Pasākuma dalībniekiem būs pieejami visi nepieciešamie materiāli. Aptauja aizņems tikai dažas minūtes. Mēs priecāsimies saņemt jūsu komentārus.

Paldies!
Klientu serviss.",normal
Atvaļinājuma plāns,"Labdien, cienījamie klienti!

Atgādinām, ka pasākums notiks piektdien. Paldies par jūsu iepriekšējo atbildi. Tikšanās laiks ir saskaņots ar visiem dalībniekiem. Informācija tiks papildināta, ja būs nepieciešamas izmaiņas.

Paldies!
Klientu serviss.",normal
Komandas sapulce,"Labdien, skolēni!

Šonedēļ esam sagatavojuši vairākus jaunumus. Lūdzu, dodiet mums ziņu, ja nepieciešams mainīt tikšanās laiku. Jūsu pasūtījums ir sagatavots un tiks nosūtīts tuvākajās dienās. Papildu informāciju varat saņemt, sazinoties ar mums. Mēs vēlamies precizēt dažas detaļas par mūsu sadarbību.

Paldies!
Klientu serviss.",normal
Dokumentu nosūtīšana,"Labdien, skolēni!

Aptauja aizņems tikai dažas minūtes. Paldies par jūsu iepriekšējo atbildi. Pielikumā nosūtām informāciju par plānoto pasākumu. Informācija par darba grafiku ir pievienota šim ziņojumam. Atgādinām, ka pasākums notiks piektdien. Paldies par jūsu laiku un atsaucību.

Paldies!
Klientu serviss.",normal
Rēķins par pakalpojumu,"Labdien!

Mēs vēlamies precizēt dažas detaļas par mūsu sadarbību. Aptauja aizņems tikai dažas minūtes. Tikšanās laiks ir saskaņots ar visiem dalībniekiem. Ja jums ir jautājumi, varat sazināties ar mūsu klientu apkalpošanas nodaļu. Lūdzu, saglabājiet šo ziņojumu turpmākai atsaucei. Atgādinām, ka pasākums notiks piektdien. Papildu informāciju varat saņemt, sazinoties ar mums.

Paldies!
Klientu serviss.",normal
Mēneša pārskats,"Labdien, kolēģi!

Lūdzu, dodiet mums ziņu, ja nepieciešams mainīt tikšanās laiku. Nodarbība notiks ierastajā laikā. Informācija par jaunumiem ir pieejama mūsu mājaslapā. Tikšanās laiks ir saskaņots ar visiem dalībniekiem. Pasākuma dalībniekiem būs pieejami visi nepieciešamie materiāli. Mēs novērtējam jūsu atsauksmes un ieteikumus.

Lai jauka diena!
Mūsu komanda.",normal
Mēneša pārskats,"Labdien, cienījamie klienti!

Piegāde ir plānota tuvāko trīs darba dienu laikā. Jūsu pasūtījums ir sagatavots un tiks nosūtīts tuvākajās dienās. Paldies par jūsu iepriekšējo atbildi. Lūdzu, saglabājiet šo ziņojumu turpmākai atsaucei.

Ar cieņu,
Projektu komanda.",normal
Komandas sapulce,"Labdien, skolēni!

Jūsu rezervācija ir veiksmīgi apstiprināta. Mēs novērtējam jūsu atsauksmes un ieteikumus. Ja nepieciešams, varam vienoties par citu laiku. Lūdzu, informējiet mūs, ja nevarēsiet piedalīties.

Paldies!
Klientu serviss.",normal
Rēķins par pakalpojumu,"Labdien, cienījamie klienti!

Darba grafiks nākamajai nedēļai ir sagatavots. Pielikumā nosūtām informāciju par plānoto pasākumu. Mēs vēlamies precizēt dažas detaļas par mūsu sadarbību. Lūdzu, dodiet mums ziņu, ja nepieciešams mainīt tikšanās laiku. Dokumenti būs pieejami arī klātienes tikšanās laikā. Lūdzu, iepazīstieties ar pievienotajiem dokumentiem.

Ar cieņu,
Klientu apkalpošanas nodaļa.",normal
Jaunumi uzņēmumā,"Sveiki, kolēģi!

Pasākuma dalībniekiem būs pieejami visi nepieciešamie materiāli. Lūdzu, saglabājiet šo ziņojumu turpmākai atsaucei. Tikšanās laiks ir saskaņots ar visiem dalībniekiem. Pasākuma sākums paredzēts plkst. 10.00. Papildu informāciju varat saņemt, sazinoties ar mums.

Paldies par sadarbību!
Uzņēmuma komanda.",normal
Atvaļinājuma plāns,"Labdien, skolēni!

Nodarbība notiks ierastajā laikā. Informācija par darba grafiku ir pievienota šim ziņojumam. Aptauja aizņems tikai dažas minūtes. Mēs nosūtīsim papildu informāciju pēc tikšanās. Pielikumā nosūtām informāciju par plānoto pasākumu. Nākamajā mēnesī tiks veiktas nelielas izmaiņas darba kārtībā.

Paldies par sadarbību!
Uzņēmuma komanda.",normal
Atgādinājums par tikšanos,"Sveiki, Jāni!

Darba grafiks nākamajai nedēļai ir sagatavots. Mēs nosūtīsim papildu informāciju pēc tikšanās. Informācija par jaunumiem ir pieejama mūsu mājaslapā. Tikšanās laiks ir saskaņots ar visiem dalībniekiem. Nākamajā mēnesī tiks veiktas nelielas izmaiņas darba kārtībā.

Paldies par sadarbību!
Uzņēmuma komanda.",normal
Bibliotēkas atgādinājums,"Sveiki!

Lūdzu, saglabājiet šo ziņojumu turpmākai atsaucei. Lūdzu, iepazīstieties ar pievienotajiem dokumentiem. Atgādinām, ka pasākums notiks piektdien. Tikšanās laiks ir saskaņots ar visiem dalībniekiem. Darba grafiks nākamajai nedēļai ir sagatavots. Informācija tiks papildināta, ja būs nepieciešamas izmaiņas.

Lai jauka diena!
Mūsu komanda.",normal
Nedēļas jaunumi,"Sveiki!

Vēlamies informēt, ka mūsu tikšanās notiks nākamajā nedēļā. Lūdzu, informējiet mūs, ja nevarēsiet piedalīties. Nodarbība notiks ierastajā laikā. Pasākuma sākums paredzēts plkst. 10.00. Piegāde ir plānota tuvāko trīs darba dienu laikā. Mēs nosūtīsim papildu informāciju pēc tikšanās.

Paldies!
Klientu serviss.",normal
Atvaļinājuma plāns,"Labdien!

Ja nepieciešams, varam vienoties par citu laiku. Mēs nosūtīsim papildu informāciju pēc tikšanās. Mēs priecāsimies saņemt jūsu komentārus. Pielikumā nosūtām informāciju par plānoto pasākumu. Nodarbība notiks ierastajā laikā.

Lai jauka diena!
Mūsu komanda.",normal
Mācību materiāli,"Sveiki, kolēģi!

Paldies par jūsu iepriekšējo atbildi. Aptauja aizņems tikai dažas minūtes. Lūdzu, dodiet mums ziņu, ja nepieciešams mainīt tikšanās laiku.

Paldies par sadarbību!
Uzņēmuma komanda.",normal
Pasūtījuma statuss,"Sveiki, komanda!

Sanāksmes laikā pārrunāsim aktuālos jautājumus. Pielikumā nosūtām informāciju par plānoto pasākumu. Atgādinām par rīt plānoto tikšanos. Ja nepieciešams, varam vienoties par citu laiku. Nākamajā mēnesī tiks veiktas nelielas izmaiņas darba kārtībā. Nodarbība notiks ierastajā laikā. Papildu informāciju varat saņemt, sazinoties ar mums.

Veiksmīgu dienu!
Mūsu komanda.",normal
Mēneša pārskats,"Sveiki, visiem!

Lūdzu, iepazīstieties ar pievienotajiem dokumentiem. Šonedēļ esam sagatavojuši vairākus jaunumus. Pasākuma dalībniekiem būs pieejami visi nepieciešamie materiāli. Darba grafiks nākamajai nedēļai ir sagatavots. Nodarbība notiks ierastajā laikā.

Paldies par sadarbību!
Uzņēmuma komanda.",normal
Tikšanās laika maiņa,"Sveiki!

Informācija tiks papildināta, ja būs nepieciešamas izmaiņas. Ja jums ir jautājumi, varat sazināties ar mūsu klientu apkalpošanas nodaļu. Vēlamies informēt, ka mūsu tikšanās notiks nākamajā nedēļā. Mēs nosūtīsim papildu informāciju pēc tikšanās. Informācija par darba grafiku ir pievienota šim ziņojumam. Paldies par jūsu iepriekšējo atbildi. Nākamajā mēnesī tiks veiktas nelielas izmaiņas darba kārtībā.

Paldies!
Klientu serviss.",normal
Atvaļinājuma plāns,"Sveiki, kolēģi!

Vēlamies informēt, ka mūsu tikšanās notiks nākamajā nedēļā. Dokumenti būs pieejami arī klātienes tikšanās laikā. Pasākuma sākums paredzēts plkst. 10.00. Informācija par jaunumiem ir pieejama mūsu mājaslapā. Darba grafiks nākamajai nedēļai ir sagatavots. Papildu informāciju varat saņemt, sazinoties ar mums. Atgādinām par rīt plānoto tikšanos.

Ar cieņu,
Projektu komanda.",normal
Tikšanās par projektu,"Sveiki, visiem!

Nodarbība notiks ierastajā laikā. Lūdzu, saglabājiet šo ziņojumu turpmākai atsaucei. Piegāde ir plānota tuvāko trīs darba dienu laikā.

Veiksmīgu dienu!
Mūsu komanda.",normal
Rezervācijas apstiprinājums,"Labdien, kolēģi!

Vēlamies informēt, ka mūsu tikšanās notiks nākamajā nedēļā. Mēs nosūtīsim papildu informāciju pēc tikšanās. Papildu informāciju varat saņemt, sazinoties ar mums. Aptauja aizņems tikai dažas minūtes. Dokumenti būs pieejami arī klātienes tikšanās laikā. Pasākuma sākums paredzēts plkst. 10.00.

Ar cieņu,
Projektu komanda.",normal
Informācija par pasākumu,"Sveiki, kolēģi!

Mēs vēlamies precizēt dažas detaļas par mūsu sadarbību. Lūdzu, dodiet mums ziņu, ja nepieciešams mainīt tikšanās laiku. Informācija par darba grafiku ir pievienota šim ziņojumam.

Ar cieņu,
Skolas administrācija.",normal
Informācija klientiem,"Sveiki, kolēģi!

Lūdzu, informējiet mūs, ja nevarēsiet piedalīties. Pasākuma dalībniekiem būs pieejami visi nepieciešamie materiāli. Šonedēļ esam sagatavojuši vairākus jaunumus. Sanāksmes laikā pārrunāsim aktuālos jautājumus.

Ar cieņu,
Administrācija.",normal
Tikšanās par projektu,"Labdien, Anna!

Informācija tiks papildināta, ja būs nepieciešamas izmaiņas. Informācija par darba grafiku ir pievienota šim ziņojumam. Piegāde ir plānota tuvāko trīs darba dienu laikā. Jūsu pasūtījums ir sagatavots un tiks nosūtīts tuvākajās dienās.

Paldies!
Klientu serviss.",normal
Informācija par nodarbību,"Labdien!

Mēs novērtējam jūsu atsauksmes un ieteikumus. Aptauja aizņems tikai dažas minūtes. Ja nepieciešams, varam vienoties par citu laiku. Vēlamies informēt, ka mūsu tikšanās notiks nākamajā nedēļā.

Lai jauka diena!
Mūsu komanda.",normal
Jaunā darba kārtība,"Labdien, Anna!

Paldies par jūsu iepriekšējo atbildi. Pielikumā nosūtām informāciju par plānoto pasākumu. Mēs nosūtīsim papildu informāciju pēc tikšanās.

Ar cieņu,
Skolas administrācija.",normal
Semināra programma,"Sveiki, Jāni!

Paldies par jūsu iepriekšējo atbildi. Nākamajā mēnesī tiks veiktas nelielas izmaiņas darba kārtībā. Vēlamies informēt, ka mūsu tikšanās notiks nākamajā nedēļā. Informācija tiks papildināta, ja būs nepieciešamas izmaiņas. Mēs novērtējam jūsu atsauksmes un ieteikumus. Jūsu rezervācija ir veiksmīgi apstiprināta. Darba grafiks nākamajai nedēļai ir sagatavots.

Paldies par sadarbību!
Uzņēmuma komanda.",normal
Dokumentu nosūtīšana,"Labdien, cienījamie klienti!

Mēs vēlamies precizēt dažas detaļas par mūsu sadarbību. Ja jums ir jautājumi, varat sazināties ar mūsu klientu apkalpošanas nodaļu. Pasākuma sākums paredzēts plkst. 10.00. Šonedēļ esam sagatavojuši vairākus jaunumus. Lūdzu, dodiet mums ziņu, ja nepieciešams mainīt tikšanās laiku. Jūsu pasūtījums ir sagatavots un tiks nosūtīts tuvākajās dienās.

Lai jauka diena!
Mūsu komanda.",normal
Nedēļas jaunumi,"Sveiki, komanda!

Mēs vēlamies precizēt dažas detaļas par mūsu sadarbību. Atgādinām par rīt plānoto tikšanos. Pielikumā nosūtām informāciju par plānoto pasākumu. Vēlamies informēt, ka mūsu tikšanās notiks nākamajā nedēļā. Šonedēļ esam sagatavojuši vairākus jaunumus.

Ar cieņu,
Klientu apkalpošanas nodaļa.",normal
Pasūtījuma statuss,"Labdien, kolēģi!

Lūdzu, informējiet mūs, ja nevarēsiet piedalīties. Sanāksmes laikā pārrunāsim aktuālos jautājumus. Informācija par jaunumiem ir pieejama mūsu mājaslapā.

Ar cieņu,
Projektu komanda.",normal
Pasūtījuma statuss,"Sveiki, visiem!

Atgādinām, ka pasākums notiks piektdien. Informācija par jaunumiem ir pieejama mūsu mājaslapā. Mēs vēlamies precizēt dažas detaļas par mūsu sadarbību.

Ar cieņu,
Skolas administrācija.",normal
Rēķins par pakalpojumu,"Sveiki, kolēģi!

Lūdzu, iepazīstieties ar pievienotajiem dokumentiem. Informācija tiks papildināta, ja būs nepieciešamas izmaiņas. Šonedēļ esam sagatavojuši vairākus jaunumus. Paldies, ka izmantojat mūsu pakalpojumus. Vēlamies informēt, ka mūsu tikšanās notiks nākamajā nedēļā.

Paldies par sadarbību!
Uzņēmuma komanda.",normal
Bibliotēkas atgādinājums,"Sveiki!

Piegāde ir plānota tuvāko trīs darba dienu laikā. Mēs priecāsimies saņemt jūsu komentārus. Informācija par darba grafiku ir pievienota šim ziņojumam. Darba grafiks nākamajai nedēļai ir sagatavots. Paldies par jūsu iepriekšējo atbildi. Atgādinām, ka pasākums notiks piektdien.

Paldies par sadarbību!
Uzņēmuma komanda.",normal
Jaunumi uzņēmumā,"Labdien, cienījamie klienti!

Pielikumā nosūtām informāciju par plānoto pasākumu. Pasākuma dalībniekiem būs pieejami visi nepieciešamie materiāli. Jūsu pasūtījums ir sagatavots un tiks nosūtīts tuvākajās dienās. Atgādinām par rīt plānoto tikšanos. Lūdzu, informējiet mūs, ja nevarēsiet piedalīties. Atgādinām, ka pasākums notiks piektdien. Informācija par darba grafiku ir pievienota šim ziņojumam.

Ar cieņu,
Projektu komanda.",normal
Pateicība par sadarbību,"Sveiki!

Jūsu rezervācija ir veiksmīgi apstiprināta. Informācija par darba grafiku ir pievienota šim ziņojumam. Nākamajā mēnesī tiks veiktas nelielas izmaiņas darba kārtībā.

Ar cieņu,
Skolas administrācija.",normal
Jaunā darba kārtība,"Sveiki, kolēģi!

Lūdzu, saglabājiet šo ziņojumu turpmākai atsaucei. Pasākuma sākums paredzēts plkst. 10.00. Informācija par darba grafiku ir pievienota šim ziņojumam.

Ar cieņu,
Projektu komanda.",normal
Aptauja par pakalpojumu,"Sveiki, komanda!

Atgādinām, ka pasākums notiks piektdien. Ja jums ir jautājumi, varat sazināties ar mūsu klientu apkalpošanas nodaļu. Mēs nosūtīsim papildu informāciju pēc tikšanās. Pielikumā nosūtām informāciju par plānoto pasākumu. Lūdzu, informējiet mūs, ja nevarēsiet piedalīties. Aptauja aizņems tikai dažas minūtes. Paldies par jūsu iepriekšējo atbildi.

Lai jauka diena!
Mūsu komanda.",normal
Pasūtījuma statuss,"Labdien!

Vēlamies informēt, ka mūsu tikšanās notiks nākamajā nedēļā. Tikšanās laiks ir saskaņots ar visiem dalībniekiem. Papildu informāciju varat saņemt, sazinoties ar mums.

Paldies!
Klientu serviss.",normal
Aptauja par pakalpojumu,"Labdien, Anna!

Ja nepieciešams, varam vienoties par citu laiku. Lūdzu, iepazīstieties ar pievienotajiem dokumentiem. Pielikumā nosūtām informāciju par plānoto pasākumu. Lūdzu, informējiet mūs, ja nevarēsiet piedalīties. Sanāksmes laikā pārrunāsim aktuālos jautājumus. Informācija par darba grafiku ir pievienota šim ziņojumam. Atgādinām, ka pasākums notiks piektdien.

Ar cieņu,
Projektu komanda.",normal
Pateicība par sadarbību,"Sveiki, komanda!

Atgādinām, ka pasākums notiks piektdien. Aptauja aizņems tikai dažas minūtes. Mēs priecāsimies saņemt jūsu komentārus. Paldies par jūsu iepriekšējo atbildi. Nākamajā mēnesī tiks veiktas nelielas izmaiņas darba kārtībā. Lūdzu, informējiet mūs, ja nevarēsiet piedalīties. Nodarbība notiks ierastajā laikā.

Lai jauka diena!
Mūsu komanda.",normal
Informācija par nodarbību,"Sveiki, kolēģi!

Sanāksmes laikā pārrunāsim aktuālos jautājumus. Mēs novērtējam jūsu atsauksmes un ieteikumus. Dokumenti būs pieejami arī klātienes tikšanās laikā. Lūdzu, dodiet mums ziņu, ja nepieciešams mainīt tikšanās laiku. Šonedēļ esam sagatavojuši vairākus jaunumus. Paldies, ka izmantojat mūsu pakalpojumus.

Paldies!
Klientu serviss.",normal
Informācija par nodarbību,"Sveiki!

Mēs novērtējam jūsu atsauksmes un ieteikumus. Mēs vēlamies precizēt dažas detaļas par mūsu sadarbību. Pielikumā nosūtām informāciju par plānoto pasākumu.

Veiksmīgu dienu!
Mūsu komanda.",normal
Dokumentu nosūtīšana,"Labdien!

Pasākuma dalībniekiem būs pieejami visi nepieciešamie materiāli. Lūdzu, informējiet mūs, ja nevarēsiet piedalīties. Atgādinām par rīt plānoto tikšanos. Papildu informāciju varat saņemt, sazinoties ar mums.

Paldies!
Klientu serviss.",normal
Semināra programma,"Labdien, cienījamie klienti!

Mēs novērtējam jūsu atsauksmes un ieteikumus. Darba grafiks nākamajai nedēļai ir sagatavots. Informācija par darba grafiku ir pievienota šim ziņojumam. Šonedēļ esam sagatavojuši vairākus jaunumus.

Veiksmīgu dienu!
Mūsu komanda.",normal
Mēneša pārskats,"Labdien, kolēģi!

Atgādinām, ka pasākums notiks piektdien. Sanāksmes laikā pārrunāsim aktuālos jautājumus. Paldies par jūsu iepriekšējo atbildi. Vēlamies informēt, ka mūsu tikšanās notiks nākamajā nedēļā.

Ar cieņu,
Projektu komanda.",normal
Atgādinājums par tikšanos,"Labdien, Anna!

Mēs nosūtīsim papildu informāciju pēc tikšanās. Darba grafiks nākamajai nedēļai ir sagatavots. Tikšanās laiks ir saskaņots ar visiem dalībniekiem. Atgādinām, ka pasākums notiks piektdien. Šonedēļ esam sagatavojuši vairākus jaunumus. Jūsu pasūtījums ir sagatavots un tiks nosūtīts tuvākajās dienās.

Ar cieņu,
Administrācija.",normal
Pateicība par sadarbību,"Labdien, skolēni!

Lūdzu, iepazīstieties ar pievienotajiem dokumentiem. Jūsu rezervācija ir veiksmīgi apstiprināta. Aptauja aizņems tikai dažas minūtes. Atgādinām par rīt plānoto tikšanos. Nākamajā mēnesī tiks veiktas nelielas izmaiņas darba kārtībā. Jūsu pasūtījums ir sagatavots un tiks nosūtīts tuvākajās dienās. Lūdzu, saglabājiet šo ziņojumu turpmākai atsaucei.

Paldies par sadarbību!
Uzņēmuma komanda.",normal
Jaunā darba kārtība,"Labdien, cienījamie klienti!

Pielikumā nosūtām informāciju par plānoto pasākumu. Atgādinām, ka pasākums notiks piektdien. Ja nepieciešams, varam vienoties par citu laiku.

Veiksmīgu dienu!
Mūsu komanda.",normal
Atgādinājums par tikšanos,"Labdien, cienījamie klienti!

Jūsu rezervācija ir veiksmīgi apstiprināta. Informācija tiks papildināta, ja būs nepieciešamas izmaiņas. Paldies par jūsu iepriekšējo atbildi. Lūdzu, iepazīstieties ar pievienotajiem dokumentiem. Lūdzu, saglabājiet šo ziņojumu turpmākai atsaucei. Lūdzu, informējiet mūs, ja nevarēsiet piedalīties.

Ar cieņu,
Administrācija.",normal
Mēneša pārskats,"Labdien, kolēģi!

Vēlamies informēt, ka mūsu tikšanās notiks nākamajā nedēļā. Paldies, ka izmantojat mūsu pakalpojumus. Mēs novērtējam jūsu atsauksmes un ieteikumus. Lūdzu, informējiet mūs, ja nevarēsiet piedalīties. Informācija par jaunumiem ir pieejama mūsu mājaslapā. Lūdzu, saglabājiet šo ziņojumu turpmākai atsaucei. Tikšanās laiks ir saskaņots ar visiem dalībniekiem.

Paldies par sadarbību!
Uzņēmuma komanda.",normal
Tikšanās par projektu,"Labdien, cienījamie klienti!

Lūdzu, informējiet mūs, ja nevarēsiet piedalīties. Informācija par darba grafiku ir pievienota šim ziņojumam. Darba grafiks nākamajai nedēļai ir sagatavots. Pasākuma dalībniekiem būs pieejami visi nepieciešamie materiāli.

Ar cieņu,
Skolas administrācija.",normal
Jaunumi uzņēmumā,"Labdien, cienījamie klienti!

Lūdzu, iepazīstieties ar pievienotajiem dokumentiem. Ja nepieciešams, varam vienoties par citu laiku. Aptauja aizņems tikai dažas minūtes.

Veiksmīgu dienu!
Mūsu komanda.",normal
Pasūtījuma statuss,"Labdien, skolēni!

Sanāksmes laikā pārrunāsim aktuālos jautājumus. Informācija par jaunumiem ir pieejama mūsu mājaslapā. Darba grafiks nākamajai nedēļai ir sagatavots. Paldies, ka izmantojat mūsu pakalpojumus. Šonedēļ esam sagatavojuši vairākus jaunumus. Mēs novērtējam jūsu atsauksmes un ieteikumus.

Ar cieņu,
Projektu komanda.",normal
Semināra programma,"Labdien, cienījamie klienti!

Mēs vēlamies precizēt dažas detaļas par mūsu sadarbību. Darba grafiks nākamajai nedēļai ir sagatavots. Nodarbība notiks ierastajā laikā. Mēs priecāsimies saņemt jūsu komentārus. Tikšanās laiks ir saskaņots ar visiem dalībniekiem. Jūsu pasūtījums ir sagatavots un tiks nosūtīts tuvākajās dienās. Aptauja aizņems tikai dažas minūtes.

Ar cieņu,
Administrācija.",normal
Mēneša pārskats,"Labdien!

Lūdzu, saglabājiet šo ziņojumu turpmākai atsaucei. Paldies par jūsu laiku un atsaucību. Pasākuma sākums paredzēts plkst. 10.00. Aptauja aizņems tikai dažas minūtes. Lūdzu, iepazīstieties ar pievienotajiem dokumentiem. Mēs vēlamies precizēt dažas detaļas par mūsu sadarbību. Mēs priecāsimies saņemt jūsu komentārus.

Veiksmīgu dienu!
Mūsu komanda.",normal
Mēneša pārskats,"Labdien, Anna!

Papildu informāciju varat saņemt, sazinoties ar mums. Dokumenti būs pieejami arī klātienes tikšanās laikā. Piegāde ir plānota tuvāko trīs darba dienu laikā. Šonedēļ esam sagatavojuši vairākus jaunumus. Atgādinām, ka pasākums notiks piektdien. Darba grafiks nākamajai nedēļai ir sagatavots. Nākamajā mēnesī tiks veiktas nelielas izmaiņas darba kārtībā.

Lai jauka diena!
Mūsu komanda.",normal
Tikšanās par projektu,"Sveiki, kolēģi!

Pielikumā nosūtām informāciju par plānoto pasākumu. Atgādinām par rīt plānoto tikšanos. Ja nepieciešams, varam vienoties par citu laiku.

Ar cieņu,
Klientu apkalpošanas nodaļa.",normal
Tikšanās par projektu,"Sveiki, kolēģi!

Informācija tiks papildināta, ja būs nepieciešamas izmaiņas. Ja jums ir jautājumi, varat sazināties ar mūsu klientu apkalpošanas nodaļu. Tikšanās laiks ir saskaņots ar visiem dalībniekiem. Nākamajā mēnesī tiks veiktas nelielas izmaiņas darba kārtībā. Paldies par jūsu laiku un atsaucību. Pasākuma sākums paredzēts plkst. 10.00. Pielikumā nosūtām informāciju par plānoto pasākumu.

Ar cieņu,
Administrācija.",normal
Informācija klientiem,"Sveiki, visiem!

Pasākuma dalībniekiem būs pieejami visi nepieciešamie materiāli. Ja nepieciešams, varam vienoties par citu laiku. Jūsu pasūtījums ir sagatavots un tiks nosūtīts tuvākajās dienās. Mēs novērtējam jūsu atsauksmes un ieteikumus. Paldies par jūsu laiku un atsaucību. Lūdzu, dodiet mums ziņu, ja nepieciešams mainīt tikšanās laiku.

Veiksmīgu dienu!
Mūsu komanda.",normal
Semināra programma,"Labdien, cienījamie klienti!

Lūdzu, iepazīstieties ar pievienotajiem dokumentiem. Sanāksmes laikā pārrunāsim aktuālos jautājumus. Papildu informāciju varat saņemt, sazinoties ar mums. Paldies par jūsu iepriekšējo atbildi. Informācija par darba grafiku ir pievienota šim ziņojumam. Dokumenti būs pieejami arī klātienes tikšanās laikā.

Ar cieņu,
Projektu komanda.",normal
Jaunā darba kārtība,"Sveiki, kolēģi!

Lūdzu, saglabājiet šo ziņojumu turpmākai atsaucei. Paldies, ka izmantojat mūsu pakalpojumus. Aptauja aizņems tikai dažas minūtes. Mēs vēlamies precizēt dažas detaļas par mūsu sadarbību. Tikšanās laiks ir saskaņots ar visiem dalībniekiem.

Ar cieņu,
Klientu apkalpošanas nodaļa.",normal
Komandas sapulce,"Labdien, cienījamie klienti!

Informācija par darba grafiku ir pievienota šim ziņojumam. Paldies par jūsu laiku un atsaucību. Aptauja aizņems tikai dažas minūtes. Papildu informāciju varat saņemt, sazinoties ar mums.

Lai jauka diena!
Mūsu komanda.",normal
Pateicība par sadarbību,"Sveiki, komanda!

Šonedēļ esam sagatavojuši vairākus jaunumus. Piegāde ir plānota tuvāko trīs darba dienu laikā. Lūdzu, dodiet mums ziņu, ja nepieciešams mainīt tikšanās laiku. Mēs nosūtīsim papildu informāciju pēc tikšanās. Nākamajā mēnesī tiks veiktas nelielas izmaiņas darba kārtībā.

Ar cieņu,
Skolas administrācija.",normal
Dokumentu nosūtīšana,"Sveiki, Jāni!

Dokumenti būs pieejami arī klātienes tikšanās laikā. Aptauja aizņems tikai dažas minūtes. Vēlamies informēt, ka mūsu tikšanās notiks nākamajā nedēļā. Piegāde ir plānota tuvāko trīs darba dienu laikā. Papildu informāciju varat saņemt, sazinoties ar mums.

Paldies!
Klientu serviss.",normal
Piegādes informācija,"Sveiki, kolēģi!

Pasākuma dalībniekiem būs pieejami visi nepieciešamie materiāli. Sanāksmes laikā pārrunāsim aktuālos jautājumus. Jūsu rezervācija ir veiksmīgi apstiprināta. Informācija par darba grafiku ir pievienota šim ziņojumam. Atgādinām, ka pasākums notiks piektdien. Informācija par jaunumiem ir pieejama mūsu mājaslapā. Mēs vēlamies precizēt dažas detaļas par mūsu sadarbību.

Veiksmīgu dienu!
Mūsu komanda.",normal
Piegādes datums,"Sveiki, visiem!

Informācija tiks papildināta, ja būs nepieciešamas izmaiņas. Paldies, ka izmantojat mūsu pakalpojumus. Informācija par darba grafiku ir pievienota šim ziņojumam. Papildu informāciju varat saņemt, sazinoties ar mums.

Ar cieņu,
Klientu apkalpošanas nodaļa.",normal
Jaunumi uzņēmumā,"Labdien!

Paldies, ka izmantojat mūsu pakalpojumus. Lūdzu, saglabājiet šo ziņojumu turpmākai atsaucei. Mēs vēlamies precizēt dažas detaļas par mūsu sadarbību. Aptauja aizņems tikai dažas minūtes. Nākamajā mēnesī tiks veiktas nelielas izmaiņas darba kārtībā. Atgādinām par rīt plānoto tikšanos. Paldies par jūsu iepriekšējo atbildi.

Paldies par sadarbību!
Uzņēmuma komanda.",normal
Pasākuma programma,"Labdien, Anna!

Atgādinām, ka pasākums notiks piektdien. Nodarbība notiks ierastajā laikā. Informācija par darba grafiku ir pievienota šim ziņojumam. Lūdzu, informējiet mūs, ja nevarēsiet piedalīties. Paldies par jūsu iepriekšējo atbildi. Paldies par jūsu laiku un atsaucību. Darba grafiks nākamajai nedēļai ir sagatavots.

Ar cieņu,
Projektu komanda.",normal
Darba grafiks,"Sveiki, komanda!

Dokumenti būs pieejami arī klātienes tikšanās laikā. Paldies, ka izmantojat mūsu pakalpojumus. Atgādinām, ka pasākums notiks piektdien. Mēs novērtējam jūsu atsauksmes un ieteikumus.

Paldies par sadarbību!
Uzņēmuma komanda.",normal
Komandas sapulce,"Sveiki, Jāni!

Papildu informāciju varat saņemt, sazinoties ar mums. Darba grafiks nākamajai nedēļai ir sagatavots. Atgādinām, ka pasākums notiks piektdien.

Ar cieņu,
Administrācija.",normal
Nedēļas jaunumi,"Labdien, cienījamie klienti!

Pielikumā nosūtām informāciju par plānoto pasākumu. Ja nepieciešams, varam vienoties par citu laiku. Aptauja aizņems tikai dažas minūtes. Tikšanās laiks ir saskaņots ar visiem dalībniekiem. Pasākuma sākums paredzēts plkst. 10.00. Paldies par jūsu iepriekšējo atbildi. Vēlamies informēt, ka mūsu tikšanās notiks nākamajā nedēļā.

Ar cieņu,
Administrācija.",normal
Jaunā darba kārtība,"Labdien, cienījamie klienti!

Informācija par jaunumiem ir pieejama mūsu mājaslapā. Papildu informāciju varat saņemt, sazinoties ar mums. Lūdzu, informējiet mūs, ja nevarēsiet piedalīties. Ja nepieciešams, varam vienoties par citu laiku. Nākamajā mēnesī tiks veiktas nelielas izmaiņas darba kārtībā.

Veiksmīgu dienu!
Mūsu komanda.",normal
Jaunumi uzņēmumā,"Sveiki, komanda!

Mēs vēlamies precizēt dažas detaļas par mūsu sadarbību. Papildu informāciju varat saņemt, sazinoties ar mums. Atgādinām, ka pasākums notiks piektdien.

Ar cieņu,
Skolas administrācija.",normal
Jaunā darba kārtība,"Sveiki, visiem!

Informācija par darba grafiku ir pievienota šim ziņojumam. Mēs priecāsimies saņemt jūsu komentārus. Lūdzu, saglabājiet šo ziņojumu turpmākai atsaucei. Mēs vēlamies precizēt dažas detaļas par mūsu sadarbību.

Ar cieņu,
Administrācija.",normal
Jaunā darba kārtība,"Sveiki, komanda!

Pielikumā nosūtām informāciju par plānoto pasākumu. Informācija par darba grafiku ir pievienota šim ziņojumam. Dokumenti būs pieejami arī klātienes tikšanās laikā. Sanāksmes laikā pārrunāsim aktuālos jautājumus. Papildu informāciju varat saņemt, sazinoties ar mums. Pasākuma dalībniekiem būs pieejami visi nepieciešamie materiāli.

Veiksmīgu dienu!
Mūsu komanda.",normal
Komandas sapulce,"Labdien, skolēni!

Nodarbība notiks ierastajā laikā. Lūdzu, informējiet mūs, ja nevarēsiet piedalīties. Lūdzu, dodiet mums ziņu, ja nepieciešams mainīt tikšanās laiku.

Paldies par sadarbību!
Uzņēmuma komanda.",normal
Jaunā darba kārtība,"Sveiki!

Mēs priecāsimies saņemt jūsu komentārus. Informācija par jaunumiem ir pieejama mūsu mājaslapā. Jūsu rezervācija ir veiksmīgi apstiprināta. Informācija tiks papildināta, ja būs nepieciešamas izmaiņas.

Ar cieņu,
Projektu komanda.",normal
Piegādes informācija,"Sveiki, Jāni!

Informācija par darba grafiku ir pievienota šim ziņojumam. Jūsu rezervācija ir veiksmīgi apstiprināta. Informācija par jaunumiem ir pieejama mūsu mājaslapā. Vēlamies informēt, ka mūsu tikšanās notiks nākamajā nedēļā. Mēs priecāsimies saņemt jūsu komentārus.

Ar cieņu,
Skolas administrācija.",normal
Bibliotēkas atgādinājums,"Sveiki, Jāni!

Lūdzu, saglabājiet šo ziņojumu turpmākai atsaucei. Ja nepieciešams, varam vienoties par citu laiku. Mēs nosūtīsim papildu informāciju pēc tikšanās. Mēs novērtējam jūsu atsauksmes un ieteikumus. Ja jums ir jautājumi, varat sazināties ar mūsu klientu apkalpošanas nodaļu.

Paldies par sadarbību!
Uzņēmuma komanda.",normal
Pateicība par sadarbību,"Sveiki!

Informācija tiks papildināta, ja būs nepieciešamas izmaiņas. Ja jums ir jautājumi, varat sazināties ar mūsu klientu apkalpošanas nodaļu. Lūdzu, iepazīstieties ar pievienotajiem dokumentiem. Informācija par jaunumiem ir pieejama mūsu mājaslapā. Sanāksmes laikā pārrunāsim aktuālos jautājumus.

Ar cieņu,
Projektu komanda.",normal
Rezervācijas apstiprinājums,"Sveiki, Jāni!

Paldies, ka izmantojat mūsu pakalpojumus. Mēs priecāsimies saņemt jūsu komentārus. Informācija par darba grafiku ir pievienota šim ziņojumam.

Veiksmīgu dienu!
Mūsu komanda.",normal
Dokumentu nosūtīšana,"Sveiki!

Informācija par jaunumiem ir pieejama mūsu mājaslapā. Tikšanās laiks ir saskaņots ar visiem dalībniekiem. Paldies par jūsu iepriekšējo atbildi.

Ar cieņu,
Klientu apkalpošanas nodaļa.",normal
Darba grafiks,"Labdien, kolēģi!

Lūdzu, saglabājiet šo ziņojumu turpmākai atsaucei. Šonedēļ esam sagatavojuši vairākus jaunumus. Atgādinām par rīt plānoto tikšanos. Tikšanās laiks ir saskaņots ar visiem dalībniekiem. Atgādinām, ka pasākums notiks piektdien. Piegāde ir plānota tuvāko trīs darba dienu laikā.

Paldies!
Klientu serviss.",normal
Tikšanās laika maiņa,"Labdien, skolēni!

Paldies par jūsu iepriekšējo atbildi. Mēs novērtējam jūsu atsauksmes un ieteikumus. Atgādinām par rīt plānoto tikšanos. Darba grafiks nākamajai nedēļai ir sagatavots. Papildu informāciju varat saņemt, sazinoties ar mums.

Veiksmīgu dienu!
Mūsu komanda.",normal
Darba grafiks,"Labdien, skolēni!

Ja nepieciešams, varam vienoties par citu laiku. Piegāde ir plānota tuvāko trīs darba dienu laikā. Mēs novērtējam jūsu atsauksmes un ieteikumus. Lūdzu, iepazīstieties ar pievienotajiem dokumentiem. Paldies par jūsu iepriekšējo atbildi. Jūsu rezervācija ir veiksmīgi apstiprināta. Pielikumā nosūtām informāciju par plānoto pasākumu.

Ar cieņu,
Projektu komanda.",normal
Aptauja par pakalpojumu,"Labdien, cienījamie klienti!

Paldies par jūsu iepriekšējo atbildi. Lūdzu, iepazīstieties ar pievienotajiem dokumentiem. Atgādinām par rīt plānoto tikšanos. Jūsu pasūtījums ir sagatavots un tiks nosūtīts tuvākajās dienās. Informācija par jaunumiem ir pieejama mūsu mājaslapā. Paldies par jūsu laiku un atsaucību. Pielikumā nosūtām informāciju par plānoto pasākumu.

Paldies!
Klientu serviss.",normal
Jaunumi uzņēmumā,"Labdien, Anna!

Mēs nosūtīsim papildu informāciju pēc tikšanās. Informācija par darba grafiku ir pievienota šim ziņojumam. Lūdzu, iepazīstieties ar pievienotajiem dokumentiem. Sanāksmes laikā pārrunāsim aktuālos jautājumus. Papildu informāciju varat saņemt, sazinoties ar mums. Aptauja aizņems tikai dažas minūtes.

Ar cieņu,
Skolas administrācija.",normal
Nedēļas jaunumi,"Labdien, Anna!

Atgādinām, ka pasākums notiks piektdien. Pasākuma dalībniekiem būs pieejami visi nepieciešamie materiāli. Lūdzu, iepazīstieties ar pievienotajiem dokumentiem.

Ar cieņu,
Projektu komanda.",normal
Tikšanās par projektu,"Sveiki, komanda!

Papildu informāciju varat saņemt, sazinoties ar mums. Tikšanās laiks ir saskaņots ar visiem dalībniekiem. Lūdzu, saglabājiet šo ziņojumu turpmākai atsaucei. Šonedēļ esam sagatavojuši vairākus jaunumus.

Ar cieņu,
Klientu apkalpošanas nodaļa.",normal
Pasākuma programma,"Labdien, Anna!

Piegāde ir plānota tuvāko trīs darba dienu laikā. Sanāksmes laikā pārrunāsim aktuālos jautājumus. Informācija par jaunumiem ir pieejama mūsu mājaslapā. Paldies par jūsu laiku un atsaucību. Šonedēļ esam sagatavojuši vairākus jaunumus.

Paldies!
Klientu serviss.",normal
Tikšanās par projektu,"Labdien, Anna!

Lūdzu, iepazīstieties ar pievienotajiem dokumentiem. Lūdzu, dodiet mums ziņu, ja nepieciešams mainīt tikšanās laiku. Sanāksmes laikā pārrunāsim aktuālos jautājumus. Nākamajā mēnesī tiks veiktas nelielas izmaiņas darba kārtībā. Informācija par darba grafiku ir pievienota šim ziņojumam.

Lai jauka diena!
Mūsu komanda.",normal
Informācija par pasākumu,"Sveiki, Jāni!

Tikšanās laiks ir saskaņots ar visiem dalībniekiem. Informācija par darba grafiku ir pievienota šim ziņojumam. Paldies, ka izmantojat mūsu pakalpojumus. Mēs novērtējam jūsu atsauksmes un ieteikumus. Papildu informāciju varat saņemt, sazinoties ar mums.

Ar cieņu,
Administrācija.",normal
Rezervācijas apstiprinājums,"Labdien, cienījamie klienti!

Vēlamies informēt, ka mūsu tikšanās notiks nākamajā nedēļā. Dokumenti būs pieejami arī klātienes tikšanās laikā. Lūdzu, iepazīstieties ar pievienotajiem dokumentiem. Paldies par jūsu iepriekšējo atbildi. Lūdzu, saglabājiet šo ziņojumu turpmākai atsaucei. Lūdzu, dodiet mums ziņu, ja nepieciešams mainīt tikšanās laiku.

Ar cieņu,
Administrācija.",normal
Darba grafiks,"Labdien, kolēģi!

Jūsu pasūtījums ir sagatavots un tiks nosūtīts tuvākajās dienās. Aptauja aizņems tikai dažas minūtes. Informācija par jaunumiem ir pieejama mūsu mājaslapā. Mēs priecāsimies saņemt jūsu komentārus. Ja jums ir jautājumi, varat sazināties ar mūsu klientu apkalpošanas nodaļu. Šonedēļ esam sagatavojuši vairākus jaunumus.

Ar cieņu,
Klientu apkalpošanas nodaļa.",normal
Piegādes datums,"Labdien, cienījamie klienti!

Tikšanās laiks ir saskaņots ar visiem dalībniekiem. Mēs novērtējam jūsu atsauksmes un ieteikumus. Ja nepieciešams, varam vienoties par citu laiku. Pasākuma dalībniekiem būs pieejami visi nepieciešamie materiāli. Paldies par jūsu iepriekšējo atbildi. Piegāde ir plānota tuvāko trīs darba dienu laikā.

Ar cieņu,
Skolas administrācija.",normal
Dokumentu nosūtīšana,"Sveiki, visiem!

Tikšanās laiks ir saskaņots ar visiem dalībniekiem. Paldies par jūsu laiku un atsaucību. Ja jums ir jautājumi, varat sazināties ar mūsu klientu apkalpošanas nodaļu. Dokumenti būs pieejami arī klātienes tikšanās laikā. Lūdzu, informējiet mūs, ja nevarēsiet piedalīties. Paldies, ka izmantojat mūsu pakalpojumus.

Veiksmīgu dienu!
Mūsu komanda.",normal
Rezervācijas apstiprinājums,"Labdien, Anna!

Paldies par jūsu laiku un atsaucību. Papildu informāciju varat saņemt, sazinoties ar mums. Darba grafiks nākamajai nedēļai ir sagatavots. Informācija tiks papildināta, ja būs nepieciešamas izmaiņas.

Ar cieņu,
Skolas administrācija.",normal
Tikšanās par projektu,"Sveiki, Jāni!

Informācija par darba grafiku ir pievienota šim ziņojumam. Sanāksmes laikā pārrunāsim aktuālos jautājumus. Paldies, ka izmantojat mūsu pakalpojumus.

Ar cieņu,
Administrācija.",normal
Tikšanās laika maiņa,"Sveiki!

Mēs nosūtīsim papildu informāciju pēc tikšanās. Vēlamies informēt, ka mūsu tikšanās notiks nākamajā nedēļā. Lūdzu, dodiet mums ziņu, ja nepieciešams mainīt tikšanās laiku. Aptauja aizņems tikai dažas minūtes. Paldies, ka izmantojat mūsu pakalpojumus.

Veiksmīgu dienu!
Mūsu komanda.",normal
Pasūtījuma statuss,"Labdien, skolēni!

Piegāde ir plānota tuvāko trīs darba dienu laikā. Sanāksmes laikā pārrunāsim aktuālos jautājumus. Ja nepieciešams, varam vienoties par citu laiku. Paldies par jūsu laiku un atsaucību. Lūdzu, dodiet mums ziņu, ja nepieciešams mainīt tikšanās laiku.

Paldies par sadarbību!
Uzņēmuma komanda.",normal
Rezervācijas apstiprinājums,"Labdien!

Šonedēļ esam sagatavojuši vairākus jaunumus. Jūsu rezervācija ir veiksmīgi apstiprināta. Pasākuma dalībniekiem būs pieejami visi nepieciešamie materiāli. Mēs vēlamies precizēt dažas detaļas par mūsu sadarbību. Lūdzu, saglabājiet šo ziņojumu turpmākai atsaucei. Mēs novērtējam jūsu atsauksmes un ieteikumus. Informācija tiks papildināta, ja būs nepieciešamas izmaiņas.

Ar cieņu,
Administrācija.",normal
Dokumentu nosūtīšana,"Labdien, skolēni!

Lūdzu, saglabājiet šo ziņojumu turpmākai atsaucei. Mēs priecāsimies saņemt jūsu komentārus. Piegāde ir plānota tuvāko trīs darba dienu laikā. Pasākuma dalībniekiem būs pieejami visi nepieciešamie materiāli. Pielikumā nosūtām informāciju par plānoto pasākumu. Informācija par jaunumiem ir pieejama mūsu mājaslapā.

Lai jauka diena!
Mūsu komanda.",normal
Tikšanās laika maiņa,"Sveiki, visiem!

Informācija par jaunumiem ir pieejama mūsu mājaslapā. Atgādinām, ka pasākums notiks piektdien. Mēs novērtējam jūsu atsauksmes un ieteikumus.

Veiksmīgu dienu!
Mūsu komanda.",normal
Mācību materiāli,"Sveiki, komanda!

Šonedēļ esam sagatavojuši vairākus jaunumus. Piegāde ir plānota tuvāko trīs darba dienu laikā. Jūsu pasūtījums ir sagatavots un tiks nosūtīts tuvākajās dienās. Lūdzu, dodiet mums ziņu, ja nepieciešams mainīt tikšanās laiku. Papildu informāciju varat saņemt, sazinoties ar mums. Darba grafiks nākamajai nedēļai ir sagatavots. Informācija tiks papildināta, ja būs nepieciešamas izmaiņas.

Ar cieņu,
Projektu komanda.",normal
Informācija par pasākumu,"Sveiki, kolēģi!

Mēs novērtējam jūsu atsauksmes un ieteikumus. Šonedēļ esam sagatavojuši vairākus jaunumus. Lūdzu, informējiet mūs, ja nevarēsiet piedalīties. Nodarbība notiks ierastajā laikā.

Lai jauka diena!
Mūsu komanda.",normal
Piegādes datums,"Labdien, cienījamie klienti!

Nākamajā mēnesī tiks veiktas nelielas izmaiņas darba kārtībā. Informācija tiks papildināta, ja būs nepieciešamas izmaiņas. Lūdzu, saglabājiet šo ziņojumu turpmākai atsaucei. Atgādinām par rīt plānoto tikšanos.

Paldies par sadarbību!
Uzņēmuma komanda.",normal
Mēneša pārskats,"Sveiki, visiem!

Lūdzu, dodiet mums ziņu, ja nepieciešams mainīt tikšanās laiku. Tikšanās laiks ir saskaņots ar visiem dalībniekiem. Informācija par jaunumiem ir pieejama mūsu mājaslapā. Jūsu pasūtījums ir sagatavots un tiks nosūtīts tuvākajās dienās. Mēs novērtējam jūsu atsauksmes un ieteikumus.

Paldies!
Klientu serviss.",normal
Jaunā darba kārtība,"Sveiki, komanda!

Pielikumā nosūtām informāciju par plānoto pasākumu. Mēs nosūtīsim papildu informāciju pēc tikšanās. Aptauja aizņems tikai dažas minūtes. Pasākuma sākums paredzēts plkst. 10.00.

Ar cieņu,
Administrācija.",normal
Jaunumi uzņēmumā,"Labdien!

Vēlamies informēt, ka mūsu tikšanās notiks nākamajā nedēļā. Dokumenti būs pieejami arī klātienes tikšanās laikā. Paldies par jūsu laiku un atsaucību. Paldies par jūsu iepriekšējo atbildi. Aptauja aizņems tikai dažas minūtes.

Ar cieņu,
Projektu komanda.",normal
Jaunumi uzņēmumā,"Labdien, skolēni!

Pasākuma sākums paredzēts plkst. 10.00. Nākamajā mēnesī tiks veiktas nelielas izmaiņas darba kārtībā. Mēs novērtējam jūsu atsauksmes un ieteikumus. Atgādinām, ka pasākums notiks piektdien. Lūdzu, iepazīstieties ar pievienotajiem dokumentiem. Pielikumā nosūtām informāciju par plānoto pasākumu.

Lai jauka diena!
Mūsu komanda.",normal
Tikšanās par projektu,"Sveiki, kolēģi!

Pielikumā nosūtām informāciju par plānoto pasākumu. Nodarbība notiks ierastajā laikā. Darba grafiks nākamajai nedēļai ir sagatavots. Šonedēļ esam sagatavojuši vairākus jaunumus. Paldies, ka izmantojat mūsu pakalpojumus. Ja nepieciešams, varam vienoties par citu laiku. Mēs novērtējam jūsu atsauksmes un ieteikumus.

Paldies!
Klientu serviss.",normal
Dokumentu nosūtīšana,"Sveiki!

Nākamajā mēnesī tiks veiktas nelielas izmaiņas darba kārtībā. Jūsu pasūtījums ir sagatavots un tiks nosūtīts tuvākajās dienās. Vēlamies informēt, ka mūsu tikšanās notiks nākamajā nedēļā.

Ar cieņu,
Klientu apkalpošanas nodaļa.",normal
Jaunā darba kārtība,"Sveiki, komanda!

Papildu informāciju varat saņemt, sazinoties ar mums. Informācija par darba grafiku ir pievienota šim ziņojumam. Pielikumā nosūtām informāciju par plānoto pasākumu.

Ar cieņu,
Skolas administrācija.",normal
Bibliotēkas atgādinājums,"Labdien, kolēģi!

Jūsu rezervācija ir veiksmīgi apstiprināta. Paldies par jūsu laiku un atsaucību. Atgādinām, ka pasākums notiks piektdien. Informācija par jaunumiem ir pieejama mūsu mājaslapā. Lūdzu, informējiet mūs, ja nevarēsiet piedalīties. Nākamajā mēnesī tiks veiktas nelielas izmaiņas darba kārtībā.

Lai jauka diena!
Mūsu komanda.",normal
Komandas sapulce,"Sveiki, visiem!

Informācija tiks papildināta, ja būs nepieciešamas izmaiņas. Jūsu pasūtījums ir sagatavots un tiks nosūtīts tuvākajās dienās. Piegāde ir plānota tuvāko trīs darba dienu laikā. Lūdzu, iepazīstieties ar pievienotajiem dokumentiem. Darba grafiks nākamajai nedēļai ir sagatavots. Mēs priecāsimies saņemt jūsu komentārus.

Ar cieņu,
Projektu komanda.",normal
Atgādinājums par tikšanos,"Sveiki, Jāni!

Mēs vēlamies precizēt dažas detaļas par mūsu sadarbību. Paldies, ka izmantojat mūsu pakalpojumus. Lūdzu, informējiet mūs, ja nevarēsiet piedalīties. Sanāksmes laikā pārrunāsim aktuālos jautājumus.

Paldies!
Klientu serviss.",normal
Rezervācijas apstiprinājums,"Labdien, skolēni!

Tikšanās laiks ir saskaņots ar visiem dalībniekiem. Aptauja aizņems tikai dažas minūtes. Lūdzu, informējiet mūs, ja nevarēsiet piedalīties. Pielikumā nosūtām informāciju par plānoto pasākumu. Vēlamies informēt, ka mūsu tikšanās notiks nākamajā nedēļā. Atgādinām, ka pasākums notiks piektdien. Mēs novērtējam jūsu atsauksmes un ieteikumus.

Lai jauka diena!
Mūsu komanda.",normal
Jaunumi uzņēmumā,"Sveiki, kolēģi!

Jūsu rezervācija ir veiksmīgi apstiprināta. Lūdzu, dodiet mums ziņu, ja nepieciešams mainīt tikšanās laiku. Lūdzu, iepazīstieties ar pievienotajiem dokumentiem. Aptauja aizņems tikai dažas minūtes.

Paldies!
Klientu serviss.",normal
Atvaļinājuma plāns,"Labdien, Anna!

Mēs nosūtīsim papildu informāciju pēc tikšanās. Lūdzu, saglabājiet šo ziņojumu turpmākai atsaucei. Atgādinām par rīt plānoto tikšanos. Lūdzu, dodiet mums ziņu, ja nepieciešams mainīt tikšanās laiku. Informācija par darba grafiku ir pievienota šim ziņojumam. Pasākuma dalībniekiem būs pieejami visi nepieciešamie materiāli. Paldies, ka izmantojat mūsu pakalpojumus.

Paldies!
Klientu serviss.",normal
Nedēļas jaunumi,"Sveiki, komanda!

Lūdzu, informējiet mūs, ja nevarēsiet piedalīties. Paldies par jūsu iepriekšējo atbildi. Lūdzu, dodiet mums ziņu, ja nepieciešams mainīt tikšanās laiku. Vēlamies informēt, ka mūsu tikšanās notiks nākamajā nedēļā. Jūsu rezervācija ir veiksmīgi apstiprināta. Darba grafiks nākamajai nedēļai ir sagatavots. Nodarbība notiks ierastajā laikā.

Veiksmīgu dienu!
Mūsu komanda.",normal
Piegādes datums,"Sveiki, visiem!

Jūsu rezervācija ir veiksmīgi apstiprināta. Nākamajā mēnesī tiks veiktas nelielas izmaiņas darba kārtībā. Šonedēļ esam sagatavojuši vairākus jaunumus. Pielikumā nosūtām informāciju par plānoto pasākumu. Nodarbība notiks ierastajā laikā. Darba grafiks nākamajai nedēļai ir sagatavots. Lūdzu, dodiet mums ziņu, ja nepieciešams mainīt tikšanās laiku.

Ar cieņu,
Projektu komanda.",normal
Informācija klientiem,"Sveiki, visiem!

Ja jums ir jautājumi, varat sazināties ar mūsu klientu apkalpošanas nodaļu. Lūdzu, dodiet mums ziņu, ja nepieciešams mainīt tikšanās laiku. Mēs vēlamies precizēt dažas detaļas par mūsu sadarbību. Jūsu pasūtījums ir sagatavots un tiks nosūtīts tuvākajās dienās.

Ar cieņu,
Administrācija.",normal
Darba grafiks,"Labdien!

Mēs nosūtīsim papildu informāciju pēc tikšanās. Lūdzu, iepazīstieties ar pievienotajiem dokumentiem. Vēlamies informēt, ka mūsu tikšanās notiks nākamajā nedēļā. Dokumenti būs pieejami arī klātienes tikšanās laikā.

Ar cieņu,
Projektu komanda.",normal
Pasūtījuma statuss,"Labdien!

Lūdzu, saglabājiet šo ziņojumu turpmākai atsaucei. Informācija par jaunumiem ir pieejama mūsu mājaslapā. Pasākuma sākums paredzēts plkst. 10.00. Paldies par jūsu iepriekšējo atbildi.

Ar cieņu,
Klientu apkalpošanas nodaļa.",normal
Jaunumi uzņēmumā,"Sveiki, visiem!

Lūdzu, informējiet mūs, ja nevarēsiet piedalīties. Papildu informāciju varat saņemt, sazinoties ar mums. Lūdzu, iepazīstieties ar pievienotajiem dokumentiem. Aptauja aizņems tikai dažas minūtes. Atgādinām, ka pasākums notiks piektdien. Darba grafiks nākamajai nedēļai ir sagatavots.

Ar cieņu,
Skolas administrācija.",normal
Pasākuma programma,"Labdien, cienījamie klienti!

Jūsu pasūtījums ir sagatavots un tiks nosūtīts tuvākajās dienās. Paldies par jūsu iepriekšējo atbildi. Papildu informāciju varat saņemt, sazinoties ar mums.

Veiksmīgu dienu!
Mūsu komanda.",normal
Rēķins par pakalpojumu,"Labdien, cienījamie klienti!

Atgādinām, ka pasākums notiks piektdien. Mēs priecāsimies saņemt jūsu komentārus. Mēs nosūtīsim papildu informāciju pēc tikšanās. Mēs novērtējam jūsu atsauksmes un ieteikumus. Jūsu pasūtījums ir sagatavots un tiks nosūtīts tuvākajās dienās. Piegāde ir plānota tuvāko trīs darba dienu laikā.

Lai jauka diena!
Mūsu komanda.",normal
Piegādes informācija,"Sveiki!

Mēs nosūtīsim papildu informāciju pēc tikšanās. Lūdzu, dodiet mums ziņu, ja nepieciešams mainīt tikšanās laiku. Mēs vēlamies precizēt dažas detaļas par mūsu sadarbību. Informācija par darba grafiku ir pievienota šim ziņojumam.

Paldies par sadarbību!
Uzņēmuma komanda.",normal
Rēķins par pakalpojumu,"Labdien, cienījamie klienti!

Lūdzu, dodiet mums ziņu, ja nepieciešams mainīt tikšanās laiku. Informācija par darba grafiku ir pievienota šim ziņojumam. Sanāksmes laikā pārrunāsim aktuālos jautājumus. Informācija tiks papildināta, ja būs nepieciešamas izmaiņas. Atgādinām, ka pasākums notiks piektdien.

Paldies!
Klientu serviss.",normal
Atgādinājums par tikšanos,"Sveiki, kolēģi!

Paldies par jūsu laiku un atsaucību. Atgādinām par rīt plānoto tikšanos. Jūsu rezervācija ir veiksmīgi apstiprināta. Nodarbība notiks ierastajā laikā.

Paldies!
Klientu serviss.",normal
Informācija par pasākumu,"Sveiki, Jāni!

Informācija par darba grafiku ir pievienota šim ziņojumam. Paldies par jūsu laiku un atsaucību. Atgādinām, ka pasākums notiks piektdien. Pasākuma dalībniekiem būs pieejami visi nepieciešamie materiāli. Informācija par jaunumiem ir pieejama mūsu mājaslapā. Nākamajā mēnesī tiks veiktas nelielas izmaiņas darba kārtībā. Ja jums ir jautājumi, varat sazināties ar mūsu klientu apkalpošanas nodaļu.

Veiksmīgu dienu!
Mūsu komanda.",normal
Tikšanās laika maiņa,"Labdien, cienījamie klienti!

Atgādinām par rīt plānoto tikšanos. Nākamajā mēnesī tiks veiktas nelielas izmaiņas darba kārtībā. Informācija par darba grafiku ir pievienota šim ziņojumam. Atgādinām, ka pasākums notiks piektdien.

Ar cieņu,
Administrācija.",normal
Informācija klientiem,"Sveiki, komanda!

Lūdzu, iepazīstieties ar pievienotajiem dokumentiem. Tikšanās laiks ir saskaņots ar visiem dalībniekiem. Dokumenti būs pieejami arī klātienes tikšanās laikā. Ja jums ir jautājumi, varat sazināties ar mūsu klientu apkalpošanas nodaļu. Lūdzu, saglabājiet šo ziņojumu turpmākai atsaucei. Informācija tiks papildināta, ja būs nepieciešamas izmaiņas. Vēlamies informēt, ka mūsu tikšanās notiks nākamajā nedēļā.

Paldies!
Klientu serviss.",normal
Informācija par pasākumu,"Sveiki, komanda!

Piegāde ir plānota tuvāko trīs darba dienu laikā. Mēs novērtējam jūsu atsauksmes un ieteikumus. Jūsu rezervācija ir veiksmīgi apstiprināta. Ja nepieciešams, varam vienoties par citu laiku.

Lai jauka diena!
Mūsu komanda.",normal
Rēķins par pakalpojumu,"Labdien!

Šonedēļ esam sagatavojuši vairākus jaunumus. Ja jums ir jautājumi, varat sazināties ar mūsu klientu apkalpošanas nodaļu. Sanāksmes laikā pārrunāsim aktuālos jautājumus. Jūsu pasūtījums ir sagatavots un tiks nosūtīts tuvākajās dienās. Paldies, ka izmantojat mūsu pakalpojumus. Nodarbība notiks ierastajā laikā. Jūsu rezervācija ir veiksmīgi apstiprināta.

Paldies!
Klientu serviss.",normal
Informācija klientiem,"Sveiki, Jāni!

Šonedēļ esam sagatavojuši vairākus jaunumus. Mēs vēlamies precizēt dažas detaļas par mūsu sadarbību. Pasākuma dalībniekiem būs pieejami visi nepieciešamie materiāli. Ja nepieciešams, varam vienoties par citu laiku. Jūsu rezervācija ir veiksmīgi apstiprināta. Paldies par jūsu iepriekšējo atbildi. Papildu informāciju varat saņemt, sazinoties ar mums.

Lai jauka diena!
Mūsu komanda.",normal
Mēneša pārskats,"Sveiki, kolēģi!

Lūdzu, dodiet mums ziņu, ja nepieciešams mainīt tikšanās laiku. Sanāksmes laikā pārrunāsim aktuālos jautājumus. Informācija tiks papildināta, ja būs nepieciešamas izmaiņas. Papildu informāciju varat saņemt, sazinoties ar mums. Atgādinām, ka pasākums notiks piektdien. Ja nepieciešams, varam vienoties par citu laiku.

Ar cieņu,
Administrācija.",normal
Tikšanās par projektu,"Labdien, cienījamie klienti!

Vēlamies informēt, ka mūsu tikšanās notiks nākamajā nedēļā. Aptauja aizņems tikai dažas minūtes. Mēs novērtējam jūsu atsauksmes un ieteikumus.

Ar cieņu,
Skolas administrācija.",normal
Dokumentu nosūtīšana,"Sveiki!

Mēs novērtējam jūsu atsauksmes un ieteikumus. Ja nepieciešams, varam vienoties par citu laiku. Atgādinām par rīt plānoto tikšanos. Mēs priecāsimies saņemt jūsu komentārus. Vēlamies informēt, ka mūsu tikšanās notiks nākamajā nedēļā. Nodarbība notiks ierastajā laikā. Pasākuma dalībniekiem būs pieejami visi nepieciešamie materiāli.

Veiksmīgu dienu!
Mūsu komanda.",normal
Mēneša pārskats,"Sveiki, komanda!

Informācija tiks papildināta, ja būs nepieciešamas izmaiņas. Sanāksmes laikā pārrunāsim aktuālos jautājumus. Aptauja aizņems tikai dažas minūtes. Piegāde ir plānota tuvāko trīs darba dienu laikā.

Ar cieņu,
Projektu komanda.",normal
Nedēļas jaunumi,"Labdien, Anna!

Šonedēļ esam sagatavojuši vairākus jaunumus. Mēs novērtējam jūsu atsauksmes un ieteikumus. Lūdzu, dodiet mums ziņu, ja nepieciešams mainīt tikšanās laiku. Nodarbība notiks ierastajā laikā. Atgādinām par rīt plānoto tikšanos. Mēs nosūtīsim papildu informāciju pēc tikšanās. Jūsu pasūtījums ir sagatavots un tiks nosūtīts tuvākajās dienās.

Paldies par sadarbību!
Uzņēmuma komanda.",normal
Dokumentu nosūtīšana,"Sveiki, komanda!

Atgādinām par rīt plānoto tikšanos. Sanāksmes laikā pārrunāsim aktuālos jautājumus. Mēs priecāsimies saņemt jūsu komentārus. Jūsu pasūtījums ir sagatavots un tiks nosūtīts tuvākajās dienās. Pasākuma sākums paredzēts plkst. 10.00.

Veiksmīgu dienu!
Mūsu komanda.",normal
Jaunumi uzņēmumā,"Labdien, kolēģi!

Darba grafiks nākamajai nedēļai ir sagatavots. Paldies, ka izmantojat mūsu pakalpojumus. Nākamajā mēnesī tiks veiktas nelielas izmaiņas darba kārtībā. Tikšanās laiks ir saskaņots ar visiem dalībniekiem. Ja jums ir jautājumi, varat sazināties ar mūsu klientu apkalpošanas nodaļu. Lūdzu, saglabājiet šo ziņojumu turpmākai atsaucei.

Paldies!
Klientu serviss.",normal
Pasūtījuma statuss,"Labdien, skolēni!

Aptauja aizņems tikai dažas minūtes. Ja jums ir jautājumi, varat sazināties ar mūsu klientu apkalpošanas nodaļu. Paldies par jūsu laiku un atsaucību.

Veiksmīgu dienu!
Mūsu komanda.",normal
Bibliotēkas atgādinājums,"Labdien, cienījamie klienti!

Dokumenti būs pieejami arī klātienes tikšanās laikā. Papildu informāciju varat saņemt, sazinoties ar mums. Mēs nosūtīsim papildu informāciju pēc tikšanās. Lūdzu, iepazīstieties ar pievienotajiem dokumentiem. Paldies, ka izmantojat mūsu pakalpojumus. Tikšanās laiks ir saskaņots ar visiem dalībniekiem.

Paldies!
Klientu serviss.",normal
Tikšanās par projektu,"Labdien, cienījamie klienti!

Pielikumā nosūtām informāciju par plānoto pasākumu. Sanāksmes laikā pārrunāsim aktuālos jautājumus. Paldies, ka izmantojat mūsu pakalpojumus. Dokumenti būs pieejami arī klātienes tikšanās laikā. Ja jums ir jautājumi, varat sazināties ar mūsu klientu apkalpošanas nodaļu. Nodarbība notiks ierastajā laikā. Mēs novērtējam jūsu atsauksmes un ieteikumus.

Ar cieņu,
Administrācija.",normal
Aptauja par pakalpojumu,"Labdien, cienījamie klienti!

Tikšanās laiks ir saskaņots ar visiem dalībniekiem. Paldies, ka izmantojat mūsu pakalpojumus. Šonedēļ esam sagatavojuši vairākus jaunumus.

Paldies par sadarbību!
Uzņēmuma komanda.",normal
Semināra programma,"Labdien!

Pielikumā nosūtām informāciju par plānoto pasākumu. Lūdzu, dodiet mums ziņu, ja nepieciešams mainīt tikšanās laiku. Informācija par jaunumiem ir pieejama mūsu mājaslapā.

Ar cieņu,
Administrācija.",normal
Aptauja par pakalpojumu,"Sveiki, visiem!

Aptauja aizņems tikai dažas minūtes. Mēs vēlamies precizēt dažas detaļas par mūsu sadarbību. Nākamajā mēnesī tiks veiktas nelielas izmaiņas darba kārtībā. Nodarbība notiks ierastajā laikā. Pielikumā nosūtām informāciju par plānoto pasākumu. Jūsu pasūtījums ir sagatavots un tiks nosūtīts tuvākajās dienās. Informācija par jaunumiem ir pieejama mūsu mājaslapā.

Lai jauka diena!
Mūsu komanda.",normal
Tikšanās par projektu,"Sveiki, komanda!

Nodarbība notiks ierastajā laikā. Pielikumā nosūtām informāciju par plānoto pasākumu. Paldies, ka izmantojat mūsu pakalpojumus.

Ar cieņu,
Skolas administrācija.",normal
Jaunumi uzņēmumā,"Sveiki, visiem!

Papildu informāciju varat saņemt, sazinoties ar mums. Lūdzu, informējiet mūs, ja nevarēsiet piedalīties. Jūsu rezervācija ir veiksmīgi apstiprināta. Atgādinām par rīt plānoto tikšanos. Ja nepieciešams, varam vienoties par citu laiku. Atgādinām, ka pasākums notiks piektdien. Paldies par jūsu laiku un atsaucību.

Ar cieņu,
Projektu komanda.",normal
Mēneša pārskats,"Labdien!

Mēs priecāsimies saņemt jūsu komentārus. Jūsu pasūtījums ir sagatavots un tiks nosūtīts tuvākajās dienās. Paldies par jūsu laiku un atsaucību. Aptauja aizņems tikai dažas minūtes.

Lai jauka diena!
Mūsu komanda.",normal
Atvaļinājuma plāns,"Sveiki, komanda!

Nākamajā mēnesī tiks veiktas nelielas izmaiņas darba kārtībā. Aptauja aizņems tikai dažas minūtes. Jūsu pasūtījums ir sagatavots un tiks nosūtīts tuvākajās dienās. Šonedēļ esam sagatavojuši vairākus jaunumus. Informācija par jaunumiem ir pieejama mūsu mājaslapā. Ja jums ir jautājumi, varat sazināties ar mūsu klientu apkalpošanas nodaļu. Papildu informāciju varat saņemt, sazinoties ar mums.

Paldies par sadarbību!
Uzņēmuma komanda.",normal
Bibliotēkas atgādinājums,"Sveiki, Jāni!

Vēlamies informēt, ka mūsu tikšanās notiks nākamajā nedēļā. Darba grafiks nākamajai nedēļai ir sagatavots. Ja nepieciešams, varam vienoties par citu laiku.

Paldies!
Klientu serviss.",normal
Tikšanās laika maiņa,"Sveiki, visiem!

Papildu informāciju varat saņemt, sazinoties ar mums. Ja nepieciešams, varam vienoties par citu laiku. Pasākuma dalībniekiem būs pieejami visi nepieciešamie materiāli.

Lai jauka diena!
Mūsu komanda.",normal
Nedēļas jaunumi,"Labdien, skolēni!

Paldies par jūsu laiku un atsaucību. Piegāde ir plānota tuvāko trīs darba dienu laikā. Mēs priecāsimies saņemt jūsu komentārus. Pielikumā nosūtām informāciju par plānoto pasākumu. Darba grafiks nākamajai nedēļai ir sagatavots. Jūsu rezervācija ir veiksmīgi apstiprināta.

Ar cieņu,
Klientu apkalpošanas nodaļa.",normal
Informācija par nodarbību,"Sveiki, komanda!

Informācija par darba grafiku ir pievienota šim ziņojumam. Lūdzu, informējiet mūs, ja nevarēsiet piedalīties. Šonedēļ esam sagatavojuši vairākus jaunumus. Paldies par jūsu iepriekšējo atbildi. Paldies par jūsu laiku un atsaucību.

Ar cieņu,
Skolas administrācija.",normal
Piegādes datums,"Labdien, skolēni!

Atgādinām par rīt plānoto tikšanos. Informācija tiks papildināta, ja būs nepieciešamas izmaiņas. Tikšanās laiks ir saskaņots ar visiem dalībniekiem. Nodarbība notiks ierastajā laikā. Vēlamies informēt, ka mūsu tikšanās notiks nākamajā nedēļā.

Ar cieņu,
Administrācija.",normal
Mēneša pārskats,"Labdien, Anna!

Aptauja aizņems tikai dažas minūtes. Jūsu pasūtījums ir sagatavots un tiks nosūtīts tuvākajās dienās. Informācija tiks papildināta, ja būs nepieciešamas izmaiņas. Paldies, ka izmantojat mūsu pakalpojumus. Paldies par jūsu laiku un atsaucību.

Ar cieņu,
Skolas administrācija.",normal
Pasūtījuma statuss,"Labdien, skolēni!

Aptauja aizņems tikai dažas minūtes. Atgādinām par rīt plānoto tikšanos. Mēs priecāsimies saņemt jūsu komentārus. Mēs novērtējam jūsu atsauksmes un ieteikumus. Sanāksmes laikā pārrunāsim aktuālos jautājumus. Paldies par jūsu iepriekšējo atbildi.

Ar cieņu,
Projektu komanda.",normal
Mēneša pārskats,"Labdien!

Atgādinām, ka pasākums notiks piektdien. Lūdzu, iepazīstieties ar pievienotajiem dokumentiem. Darba grafiks nākamajai nedēļai ir sagatavots.

Ar cieņu,
Projektu komanda.",normal
Mēneša pārskats,"Sveiki, komanda!

Paldies, ka izmantojat mūsu pakalpojumus. Informācija par jaunumiem ir pieejama mūsu mājaslapā. Jūsu rezervācija ir veiksmīgi apstiprināta. Mēs nosūtīsim papildu informāciju pēc tikšanās.

Ar cieņu,
Administrācija.",normal
Bibliotēkas atgādinājums,"Labdien, Anna!

Aptauja aizņems tikai dažas minūtes. Nodarbība notiks ierastajā laikā. Lūdzu, dodiet mums ziņu, ja nepieciešams mainīt tikšanās laiku. Dokumenti būs pieejami arī klātienes tikšanās laikā. Informācija tiks papildināta, ja būs nepieciešamas izmaiņas. Mēs priecāsimies saņemt jūsu komentārus.

Lai jauka diena!
Mūsu komanda.",normal
Rēķins par pakalpojumu,"Sveiki, komanda!

Lūdzu, saglabājiet šo ziņojumu turpmākai atsaucei. Darba grafiks nākamajai nedēļai ir sagatavots. Pasākuma sākums paredzēts plkst. 10.00. Aptauja aizņems tikai dažas minūtes. Ja jums ir jautājumi, varat sazināties ar mūsu klientu apkalpošanas nodaļu.

Paldies!
Klientu serviss.",normal
Aptauja par pakalpojumu,"Labdien, cienījamie klienti!

Lūdzu, dodiet mums ziņu, ja nepieciešams mainīt tikšanās laiku. Lūdzu, informējiet mūs, ja nevarēsiet piedalīties. Darba grafiks nākamajai nedēļai ir sagatavots.

Lai jauka diena!
Mūsu komanda.",normal
Jaunā darba kārtība,"Labdien, Anna!

Ja jums ir jautājumi, varat sazināties ar mūsu klientu apkalpošanas nodaļu. Informācija par darba grafiku ir pievienota šim ziņojumam. Mēs vēlamies precizēt dažas detaļas par mūsu sadarbību. Atgādinām par rīt plānoto tikšanos.

Veiksmīgu dienu!
Mūsu komanda.",normal
Rēķins par pakalpojumu,"Labdien, Anna!

Lūdzu, dodiet mums ziņu, ja nepieciešams mainīt tikšanās laiku. Darba grafiks nākamajai nedēļai ir sagatavots. Mēs priecāsimies saņemt jūsu komentārus. Paldies par jūsu laiku un atsaucību. Sanāksmes laikā pārrunāsim aktuālos jautājumus. Papildu informāciju varat saņemt, sazinoties ar mums.

Ar cieņu,
Projektu komanda.",normal
Tikšanās laika maiņa,"Labdien, kolēģi!

Pielikumā nosūtām informāciju par plānoto pasākumu. Pasākuma dalībniekiem būs pieejami visi nepieciešamie materiāli. Paldies par jūsu laiku un atsaucību. Atgādinām par rīt plānoto tikšanos. Vēlamies informēt, ka mūsu tikšanās notiks nākamajā nedēļā.

Veiksmīgu dienu!
Mūsu komanda.",normal
Atgādinājums par tikšanos,"Labdien, skolēni!

Informācija par jaunumiem ir pieejama mūsu mājaslapā. Mēs priecāsimies saņemt jūsu komentārus. Aptauja aizņems tikai dažas minūtes.

Ar cieņu,
Klientu apkalpošanas nodaļa.",normal
Informācija par nodarbību,"Sveiki, kolēģi!

Mēs priecāsimies saņemt jūsu komentārus. Šonedēļ esam sagatavojuši vairākus jaunumus. Pasākuma dalībniekiem būs pieejami visi nepieciešamie materiāli.

Lai jauka diena!
Mūsu komanda.",normal
Aptauja par pakalpojumu,"Sveiki, kolēģi!

Atgādinām, ka pasākums notiks piektdien. Mēs nosūtīsim papildu informāciju pēc tikšanās. Ja jums ir jautājumi, varat sazināties ar mūsu klientu apkalpošanas nodaļu.

Ar cieņu,
Administrācija.",normal
Pasākuma programma,"Labdien!

Dokumenti būs pieejami arī klātienes tikšanās laikā. Paldies par jūsu iepriekšējo atbildi. Informācija par darba grafiku ir pievienota šim ziņojumam. Sanāksmes laikā pārrunāsim aktuālos jautājumus. Atgādinām, ka pasākums notiks piektdien.

Ar cieņu,
Skolas administrācija.",normal
Piegādes informācija,"Labdien, cienījamie klienti!

Informācija par darba grafiku ir pievienota šim ziņojumam. Papildu informāciju varat saņemt, sazinoties ar mums. Nodarbība notiks ierastajā laikā. Vēlamies informēt, ka mūsu tikšanās notiks nākamajā nedēļā. Atgādinām, ka pasākums notiks piektdien.

Paldies par sadarbību!
Uzņēmuma komanda.",normal
Piegādes datums,"Labdien!

Jūsu pasūtījums ir sagatavots un tiks nosūtīts tuvākajās dienās. Atgādinām par rīt plānoto tikšanos. Atgādinām, ka pasākums notiks piektdien. Papildu informāciju varat saņemt, sazinoties ar mums. Paldies, ka izmantojat mūsu pakalpojumus. Jūsu rezervācija ir veiksmīgi apstiprināta.

Ar cieņu,
Administrācija.",normal
Komandas sapulce,"Sveiki, komanda!

Lūdzu, informējiet mūs, ja nevarēsiet piedalīties. Lūdzu, saglabājiet šo ziņojumu turpmākai atsaucei. Lūdzu, dodiet mums ziņu, ja nepieciešams mainīt tikšanās laiku.

Veiksmīgu dienu!
Mūsu komanda.",normal
Darba grafiks,"Sveiki, visiem!

Paldies par jūsu laiku un atsaucību. Lūdzu, dodiet mums ziņu, ja nepieciešams mainīt tikšanās laiku. Sanāksmes laikā pārrunāsim aktuālos jautājumus. Dokumenti būs pieejami arī klātienes tikšanās laikā. Informācija par darba grafiku ir pievienota šim ziņojumam. Papildu informāciju varat saņemt, sazinoties ar mums.

Lai jauka diena!
Mūsu komanda.",normal
Bibliotēkas atgādinājums,"Labdien, cienījamie klienti!

Darba grafiks nākamajai nedēļai ir sagatavots. Aptauja aizņems tikai dažas minūtes. Lūdzu, iepazīstieties ar pievienotajiem dokumentiem.

Ar cieņu,
Skolas administrācija.",normal
Aptauja par pakalpojumu,"Labdien, Anna!

Pielikumā nosūtām informāciju par plānoto pasākumu. Aptauja aizņems tikai dažas minūtes. Informācija par jaunumiem ir pieejama mūsu mājaslapā.

Paldies par sadarbību!
Uzņēmuma komanda.",normal
Dokumentu nosūtīšana,"Sveiki, kolēģi!

Mēs vēlamies precizēt dažas detaļas par mūsu sadarbību. Atgādinām par rīt plānoto tikšanos. Informācija tiks papildināta, ja būs nepieciešamas izmaiņas. Mēs priecāsimies saņemt jūsu komentārus. Šonedēļ esam sagatavojuši vairākus jaunumus.

Ar cieņu,
Skolas administrācija.",normal
Dokumentu nosūtīšana,"Sveiki!

Paldies par jūsu iepriekšējo atbildi. Papildu informāciju varat saņemt, sazinoties ar mums. Mēs priecāsimies saņemt jūsu komentārus. Atgādinām, ka pasākums notiks piektdien. Sanāksmes laikā pārrunāsim aktuālos jautājumus.

Lai jauka diena!
Mūsu komanda.",normal
Pasūtījuma statuss,"Sveiki, komanda!

Pasākuma sākums paredzēts plkst. 10.00. Mēs nosūtīsim papildu informāciju pēc tikšanās. Vēlamies informēt, ka mūsu tikšanās notiks nākamajā nedēļā. Mēs vēlamies precizēt dažas detaļas par mūsu sadarbību. Darba grafiks nākamajai nedēļai ir sagatavots. Lūdzu, saglabājiet šo ziņojumu turpmākai atsaucei. Dokumenti būs pieejami arī klātienes tikšanās laikā.

Paldies par sadarbību!
Uzņēmuma komanda.",normal
Piegādes datums,"Labdien, kolēģi!

Sanāksmes laikā pārrunāsim aktuālos jautājumus. Mēs nosūtīsim papildu informāciju pēc tikšanās. Informācija par jaunumiem ir pieejama mūsu mājaslapā. Lūdzu, saglabājiet šo ziņojumu turpmākai atsaucei. Šonedēļ esam sagatavojuši vairākus jaunumus. Mēs priecāsimies saņemt jūsu komentārus. Darba grafiks nākamajai nedēļai ir sagatavots.

Ar cieņu,
Klientu apkalpošanas nodaļa.",normal
Tikšanās par projektu,"Sveiki, kolēģi!

Sanāksmes laikā pārrunāsim aktuālos jautājumus. Dokumenti būs pieejami arī klātienes tikšanās laikā. Pielikumā nosūtām informāciju par plānoto pasākumu. Vēlamies informēt, ka mūsu tikšanās notiks nākamajā nedēļā. Darba grafiks nākamajai nedēļai ir sagatavots. Mēs vēlamies precizēt dažas detaļas par mūsu sadarbību. Lūdzu, dodiet mums ziņu, ja nepieciešams mainīt tikšanās laiku.

Ar cieņu,
Skolas administrācija.",normal
Informācija par nodarbību,"Sveiki!

Informācija par darba grafiku ir pievienota šim ziņojumam. Ja nepieciešams, varam vienoties par citu laiku. Mēs priecāsimies saņemt jūsu komentārus. Pasākuma dalībniekiem būs pieejami visi nepieciešamie materiāli.

Lai jauka diena!
Mūsu komanda.",normal
Jaunā darba kārtība,"Sveiki, Jāni!

Atgādinām, ka pasākums notiks piektdien. Lūdzu, iepazīstieties ar pievienotajiem dokumentiem. Paldies par jūsu laiku un atsaucību. Informācija par jaunumiem ir pieejama mūsu mājaslapā. Atgādinām par rīt plānoto tikšanos.

Ar cieņu,
Administrācija.",normal
Aptauja par pakalpojumu,"Labdien, skolēni!

Piegāde ir plānota tuvāko trīs darba dienu laikā. Sanāksmes laikā pārrunāsim aktuālos jautājumus. Vēlamies informēt, ka mūsu tikšanās notiks nākamajā nedēļā. Informācija tiks papildināta, ja būs nepieciešamas izmaiņas. Tikšanās laiks ir saskaņots ar visiem dalībniekiem. Informācija par darba grafiku ir pievienota šim ziņojumam. Darba grafiks nākamajai nedēļai ir sagatavots.

Ar cieņu,
Administrācija.",normal
Rēķins par pakalpojumu,"Labdien, cienījamie klienti!

Lūdzu, iepazīstieties ar pievienotajiem dokumentiem. Lūdzu, saglabājiet šo ziņojumu turpmākai atsaucei. Atgādinām par rīt plānoto tikšanos. Lūdzu, dodiet mums ziņu, ja nepieciešams mainīt tikšanās laiku. Jūsu pasūtījums ir sagatavots un tiks nosūtīts tuvākajās dienās. Vēlamies informēt, ka mūsu tikšanās notiks nākamajā nedēļā. Informācija tiks papildināta, ja būs nepieciešamas izmaiņas.

Paldies!
Klientu serviss.",normal
Informācija par pasākumu,"Sveiki, komanda!

Šonedēļ esam sagatavojuši vairākus jaunumus. Piegāde ir plānota tuvāko trīs darba dienu laikā. Informācija par jaunumiem ir pieejama mūsu mājaslapā. Atgādinām, ka pasākums notiks piektdien. Mēs novērtējam jūsu atsauksmes un ieteikumus.

Ar cieņu,
Skolas administrācija.",normal
Pateicība par sadarbību,"Labdien, Anna!

Papildu informāciju varat saņemt, sazinoties ar mums. Pasākuma sākums paredzēts plkst. 10.00. Ja jums ir jautājumi, varat sazināties ar mūsu klientu apkalpošanas nodaļu.

Paldies par sadarbību!
Uzņēmuma komanda.",normal
Pasākuma programma,"Sveiki, kolēģi!

Tikšanās laiks ir saskaņots ar visiem dalībniekiem. Ja nepieciešams, varam vienoties par citu laiku. Paldies par jūsu iepriekšējo atbildi. Mēs nosūtīsim papildu informāciju pēc tikšanās. Vēlamies informēt, ka mūsu tikšanās notiks nākamajā nedēļā. Papildu informāciju varat saņemt, sazinoties ar mums. Nākamajā mēnesī tiks veiktas nelielas izmaiņas darba kārtībā.

Paldies!
Klientu serviss.",normal
Rezervācijas apstiprinājums,"Sveiki, komanda!

Nodarbība notiks ierastajā laikā. Atgādinām par rīt plānoto tikšanos. Darba grafiks nākamajai nedēļai ir sagatavots.

Ar cieņu,
Skolas administrācija.",normal
Komandas sapulce,"Sveiki, kolēģi!

Papildu informāciju varat saņemt, sazinoties ar mums. Nākamajā mēnesī tiks veiktas nelielas izmaiņas darba kārtībā. Mēs priecāsimies saņemt jūsu komentārus. Informācija tiks papildināta, ja būs nepieciešamas izmaiņas. Mēs novērtējam jūsu atsauksmes un ieteikumus.

Veiksmīgu dienu!
Mūsu komanda.",normal
Tikšanās par projektu,"Labdien, Anna!

Paldies par jūsu laiku un atsaucību. Pasākuma sākums paredzēts plkst. 10.00. Darba grafiks nākamajai nedēļai ir sagatavots. Mēs vēlamies precizēt dažas detaļas par mūsu sadarbību. Lūdzu, saglabājiet šo ziņojumu turpmākai atsaucei. Sanāksmes laikā pārrunāsim aktuālos jautājumus. Aptauja aizņems tikai dažas minūtes.

Paldies!
Klientu serviss.",normal
Dokumentu nosūtīšana,"Sveiki, Jāni!

Mēs novērtējam jūsu atsauksmes un ieteikumus. Mēs nosūtīsim papildu informāciju pēc tikšanās. Vēlamies informēt, ka mūsu tikšanās notiks nākamajā nedēļā. Pielikumā nosūtām informāciju par plānoto pasākumu. Jūsu rezervācija ir veiksmīgi apstiprināta.

Ar cieņu,
Administrācija.",normal
Tikšanās par projektu,"Labdien, skolēni!

Nākamajā mēnesī tiks veiktas nelielas izmaiņas darba kārtībā. Dokumenti būs pieejami arī klātienes tikšanās laikā. Nodarbība notiks ierastajā laikā.

Lai jauka diena!
Mūsu komanda.",normal
Atvaļinājuma plāns,"Labdien!

Paldies, ka izmantojat mūsu pakalpojumus. Pasākuma dalībniekiem būs pieejami visi nepieciešamie materiāli. Mēs nosūtīsim papildu informāciju pēc tikšanās. Darba grafiks nākamajai nedēļai ir sagatavots. Sanāksmes laikā pārrunāsim aktuālos jautājumus. Informācija par jaunumiem ir pieejama mūsu mājaslapā. Lūdzu, informējiet mūs, ja nevarēsiet piedalīties.

Paldies!
Klientu serviss.",normal
Informācija par pasākumu,"Sveiki, visiem!

Mēs vēlamies precizēt dažas detaļas par mūsu sadarbību. Lūdzu, saglabājiet šo ziņojumu turpmākai atsaucei. Jūsu pasūtījums ir sagatavots un tiks nosūtīts tuvākajās dienās.

Paldies!
Klientu serviss.",normal
Pasākuma programma,"Labdien, kolēģi!

Jūsu pasūtījums ir sagatavots un tiks nosūtīts tuvākajās dienās. Šonedēļ esam sagatavojuši vairākus jaunumus. Sanāksmes laikā pārrunāsim aktuālos jautājumus. Papildu informāciju varat saņemt, sazinoties ar mums. Mēs nosūtīsim papildu informāciju pēc tikšanās.

Paldies!
Klientu serviss.",normal
Informācija par nodarbību,"Sveiki, Jāni!

Sanāksmes laikā pārrunāsim aktuālos jautājumus. Dokumenti būs pieejami arī klātienes tikšanās laikā. Lūdzu, iepazīstieties ar pievienotajiem dokumentiem. Informācija par darba grafiku ir pievienota šim ziņojumam. Jūsu pasūtījums ir sagatavots un tiks nosūtīts tuvākajās dienās.

Ar cieņu,
Skolas administrācija.",normal
Darba grafiks,"Sveiki, Jāni!

Mēs vēlamies precizēt dažas detaļas par mūsu sadarbību. Pielikumā nosūtām informāciju par plānoto pasākumu. Lūdzu, iepazīstieties ar pievienotajiem dokumentiem. Jūsu pasūtījums ir sagatavots un tiks nosūtīts tuvākajās dienās. Paldies par jūsu laiku un atsaucību.

Lai jauka diena!
Mūsu komanda.",normal
Jaunumi uzņēmumā,"Sveiki, kolēģi!

Piegāde ir plānota tuvāko trīs darba dienu laikā. Mēs vēlamies precizēt dažas detaļas par mūsu sadarbību. Informācija par darba grafiku ir pievienota šim ziņojumam. Dokumenti būs pieejami arī klātienes tikšanās laikā. Paldies par jūsu laiku un atsaucību. Mēs novērtējam jūsu atsauksmes un ieteikumus.

Paldies par sadarbību!
Uzņēmuma komanda.",normal
Dokumentu nosūtīšana,"Labdien, skolēni!

Jūsu rezervācija ir veiksmīgi apstiprināta. Lūdzu, dodiet mums ziņu, ja nepieciešams mainīt tikšanās laiku. Mēs novērtējam jūsu atsauksmes un ieteikumus.

Lai jauka diena!
Mūsu komanda.",normal
Pateicība par sadarbību,"Sveiki, kolēģi!

Lūdzu, dodiet mums ziņu, ja nepieciešams mainīt tikšanās laiku. Informācija par jaunumiem ir pieejama mūsu mājaslapā. Pielikumā nosūtām informāciju par plānoto pasākumu. Mēs nosūtīsim papildu informāciju pēc tikšanās. Jūsu rezervācija ir veiksmīgi apstiprināta.

Paldies!
Klientu serviss.",normal
Jaunumi uzņēmumā,"Sveiki, kolēģi!

Lūdzu, saglabājiet šo ziņojumu turpmākai atsaucei. Mēs nosūtīsim papildu informāciju pēc tikšanās. Lūdzu, iepazīstieties ar pievienotajiem dokumentiem. Atgādinām par rīt plānoto tikšanos. Pielikumā nosūtām informāciju par plānoto pasākumu. Nākamajā mēnesī tiks veiktas nelielas izmaiņas darba kārtībā. Sanāksmes laikā pārrunāsim aktuālos jautājumus.

Paldies par sadarbību!
Uzņēmuma komanda.",normal
Atvaļinājuma plāns,"Labdien!

Informācija par jaunumiem ir pieejama mūsu mājaslapā. Lūdzu, dodiet mums ziņu, ja nepieciešams mainīt tikšanās laiku. Lūdzu, iepazīstieties ar pievienotajiem dokumentiem.

Ar cieņu,
Skolas administrācija.",normal
Informācija par nodarbību,"Sveiki!

Lūdzu, iepazīstieties ar pievienotajiem dokumentiem. Paldies par jūsu laiku un atsaucību. Sanāksmes laikā pārrunāsim aktuālos jautājumus. Informācija tiks papildināta, ja būs nepieciešamas izmaiņas. Piegāde ir plānota tuvāko trīs darba dienu laikā. Jūsu rezervācija ir veiksmīgi apstiprināta.

Lai jauka diena!
Mūsu komanda.",normal
Pasūtījuma statuss,"Labdien!

Pasākuma sākums paredzēts plkst. 10.00. Atgādinām par rīt plānoto tikšanos. Vēlamies informēt, ka mūsu tikšanās notiks nākamajā nedēļā. Jūsu pasūtījums ir sagatavots un tiks nosūtīts tuvākajās dienās. Mēs nosūtīsim papildu informāciju pēc tikšanās. Informācija par darba grafiku ir pievienota šim ziņojumam. Paldies par jūsu laiku un atsaucību.

Ar cieņu,
Skolas administrācija.",normal
Informācija par nodarbību,"Sveiki, visiem!

Mēs novērtējam jūsu atsauksmes un ieteikumus. Piegāde ir plānota tuvāko trīs darba dienu laikā. Mēs nosūtīsim papildu informāciju pēc tikšanās. Informācija tiks papildināta, ja būs nepieciešamas izmaiņas. Lūdzu, saglabājiet šo ziņojumu turpmākai atsaucei.

Ar cieņu,
Klientu apkalpošanas nodaļa.",normal
Dokumentu nosūtīšana,"Labdien, cienījamie klienti!

Jūsu pasūtījums ir sagatavots un tiks nosūtīts tuvākajās dienās. Aptauja aizņems tikai dažas minūtes. Nodarbība notiks ierastajā laikā. Ja nepieciešams, varam vienoties par citu laiku. Šonedēļ esam sagatavojuši vairākus jaunumus. Tikšanās laiks ir saskaņots ar visiem dalībniekiem.

Ar cieņu,
Klientu apkalpošanas nodaļa.",normal
Tikšanās par projektu,"Labdien, kolēģi!

Pasākuma dalībniekiem būs pieejami visi nepieciešamie materiāli. Informācija tiks papildināta, ja būs nepieciešamas izmaiņas. Tikšanās laiks ir saskaņots ar visiem dalībniekiem. Papildu informāciju varat saņemt, sazinoties ar mums. Dokumenti būs pieejami arī klātienes tikšanās laikā. Paldies, ka izmantojat mūsu pakalpojumus. Darba grafiks nākamajai nedēļai ir sagatavots.

Paldies!
Klientu serviss.",normal
Semināra programma,"Sveiki, Jāni!

Sanāksmes laikā pārrunāsim aktuālos jautājumus. Aptauja aizņems tikai dažas minūtes. Tikšanās laiks ir saskaņots ar visiem dalībniekiem. Paldies par jūsu iepriekšējo atbildi. Lūdzu, dodiet mums ziņu, ja nepieciešams mainīt tikšanās laiku.

Lai jauka diena!
Mūsu komanda.",normal
Pateicība par sadarbību,"Sveiki, Jāni!

Aptauja aizņems tikai dažas minūtes. Mēs nosūtīsim papildu informāciju pēc tikšanās. Šonedēļ esam sagatavojuši vairākus jaunumus.

Ar cieņu,
Administrācija.",normal
Tikšanās laika maiņa,"Sveiki, Jāni!

Lūdzu, informējiet mūs, ja nevarēsiet piedalīties. Lūdzu, dodiet mums ziņu, ja nepieciešams mainīt tikšanās laiku. Mēs nosūtīsim papildu informāciju pēc tikšanās. Piegāde ir plānota tuvāko trīs darba dienu laikā. Papildu informāciju varat saņemt, sazinoties ar mums.

Ar cieņu,
Skolas administrācija.",normal
Mācību materiāli,"Sveiki, visiem!

Dokumenti būs pieejami arī klātienes tikšanās laikā. Papildu informāciju varat saņemt, sazinoties ar mums. Atgādinām, ka pasākums notiks piektdien.

Ar cieņu,
Administrācija.",normal
Informācija par nodarbību,"Labdien, skolēni!

Pielikumā nosūtām informāciju par plānoto pasākumu. Nodarbība notiks ierastajā laikā. Informācija par jaunumiem ir pieejama mūsu mājaslapā. Šonedēļ esam sagatavojuši vairākus jaunumus. Jūsu rezervācija ir veiksmīgi apstiprināta.

Paldies!
Klientu serviss.",normal
Mācību materiāli,"Labdien, kolēģi!

Mēs vēlamies precizēt dažas detaļas par mūsu sadarbību. Mēs novērtējam jūsu atsauksmes un ieteikumus. Nākamajā mēnesī tiks veiktas nelielas izmaiņas darba kārtībā. Aptauja aizņems tikai dažas minūtes.

Veiksmīgu dienu!
Mūsu komanda.",normal
Tikšanās laika maiņa,"Sveiki, visiem!

Mēs novērtējam jūsu atsauksmes un ieteikumus. Nodarbība notiks ierastajā laikā. Nākamajā mēnesī tiks veiktas nelielas izmaiņas darba kārtībā.

Paldies par sadarbību!
Uzņēmuma komanda.",normal
Piegādes datums,"Labdien, cienījamie klienti!

Aptauja aizņems tikai dažas minūtes. Piegāde ir plānota tuvāko trīs darba dienu laikā. Ja jums ir jautājumi, varat sazināties ar mūsu klientu apkalpošanas nodaļu.

Ar cieņu,
Projektu komanda.",normal
Mācību materiāli,"Sveiki, kolēģi!

Pasākuma sākums paredzēts plkst. 10.00. Informācija tiks papildināta, ja būs nepieciešamas izmaiņas. Jūsu rezervācija ir veiksmīgi apstiprināta.

Ar cieņu,
Klientu apkalpošanas nodaļa.",normal
Nedēļas jaunumi,"Labdien, kolēģi!

Dokumenti būs pieejami arī klātienes tikšanās laikā. Tikšanās laiks ir saskaņots ar visiem dalībniekiem. Atgādinām par rīt plānoto tikšanos. Paldies par jūsu laiku un atsaucību. Piegāde ir plānota tuvāko trīs darba dienu laikā.

Veiksmīgu dienu!
Mūsu komanda.",normal
Atvaļinājuma plāns,"Sveiki!

Mēs vēlamies precizēt dažas detaļas par mūsu sadarbību. Atgādinām, ka pasākums notiks piektdien. Mēs novērtējam jūsu atsauksmes un ieteikumus. Piegāde ir plānota tuvāko trīs darba dienu laikā. Paldies par jūsu iepriekšējo atbildi. Lūdzu, dodiet mums ziņu, ja nepieciešams mainīt tikšanās laiku.

Ar cieņu,
Administrācija.",normal
Piegādes informācija,"Labdien, cienījamie klienti!

Informācija tiks papildināta, ja būs nepieciešamas izmaiņas. Mēs vēlamies precizēt dažas detaļas par mūsu sadarbību. Jūsu pasūtījums ir sagatavots un tiks nosūtīts tuvākajās dienās.

Ar cieņu,
Projektu komanda.",normal
Atvaļinājuma plāns,"Labdien, Anna!

Pielikumā nosūtām informāciju par plānoto pasākumu. Paldies, ka izmantojat mūsu pakalpojumus. Lūdzu, saglabājiet šo ziņojumu turpmākai atsaucei. Lūdzu, iepazīstieties ar pievienotajiem dokumentiem. Vēlamies informēt, ka mūsu tikšanās notiks nākamajā nedēļā. Lūdzu, dodiet mums ziņu, ja nepieciešams mainīt tikšanās laiku. Paldies par jūsu iepriekšējo atbildi.

Ar cieņu,
Projektu komanda.",normal
Informācija par pasākumu,"Sveiki, Jāni!

Dokumenti būs pieejami arī klātienes tikšanās laikā. Vēlamies informēt, ka mūsu tikšanās notiks nākamajā nedēļā. Papildu informāciju varat saņemt, sazinoties ar mums.

Paldies par sadarbību!
Uzņēmuma komanda.",normal
Rēķins par pakalpojumu,"Labdien, skolēni!

Nodarbība notiks ierastajā laikā. Pasākuma sākums paredzēts plkst. 10.00. Dokumenti būs pieejami arī klātienes tikšanās laikā.

Ar cieņu,
Skolas administrācija.",normal
Informācija par nodarbību,"Labdien, kolēģi!

Papildu informāciju varat saņemt, sazinoties ar mums. Pasākuma dalībniekiem būs pieejami visi nepieciešamie materiāli. Lūdzu, iepazīstieties ar pievienotajiem dokumentiem. Lūdzu, informējiet mūs, ja nevarēsiet piedalīties.

Lai jauka diena!
Mūsu komanda.",normal
Mācību materiāli,"Labdien, Anna!

Lūdzu, iepazīstieties ar pievienotajiem dokumentiem. Aptauja aizņems tikai dažas minūtes. Sanāksmes laikā pārrunāsim aktuālos jautājumus.

Paldies par sadarbību!
Uzņēmuma komanda.",normal
Bibliotēkas atgādinājums,"Sveiki, Jāni!

Informācija par jaunumiem ir pieejama mūsu mājaslapā. Mēs nosūtīsim papildu informāciju pēc tikšanās. Lūdzu, iepazīstieties ar pievienotajiem dokumentiem. Jūsu pasūtījums ir sagatavots un tiks nosūtīts tuvākajās dienās.

Lai jauka diena!
Mūsu komanda.",normal
Mēneša pārskats,"Sveiki, Jāni!

Mēs priecāsimies saņemt jūsu komentārus. Lūdzu, saglabājiet šo ziņojumu turpmākai atsaucei. Nākamajā mēnesī tiks veiktas nelielas izmaiņas darba kārtībā. Tikšanās laiks ir saskaņots ar visiem dalībniekiem. Lūdzu, dodiet mums ziņu, ja nepieciešams mainīt tikšanās laiku.

Paldies par sadarbību!
Uzņēmuma komanda.",normal
Pateicība par sadarbību,"Sveiki!

Ja jums ir jautājumi, varat sazināties ar mūsu klientu apkalpošanas nodaļu. Atgādinām, ka pasākums notiks piektdien. Nākamajā mēnesī tiks veiktas nelielas izmaiņas darba kārtībā. Papildu informāciju varat saņemt, sazinoties ar mums. Lūdzu, iepazīstieties ar pievienotajiem dokumentiem. Paldies par jūsu laiku un atsaucību.

Paldies!
Klientu serviss.",normal
Informācija klientiem,"Labdien!

Lūdzu, informējiet mūs, ja nevarēsiet piedalīties. Atgādinām par rīt plānoto tikšanos. Dokumenti būs pieejami arī klātienes tikšanās laikā. Ja jums ir jautājumi, varat sazināties ar mūsu klientu apkalpošanas nodaļu. Pasākuma sākums paredzēts plkst. 10.00.

Ar cieņu,
Administrācija.",normal
Pasūtījuma statuss,"Sveiki, komanda!

Mēs nosūtīsim papildu informāciju pēc tikšanās. Darba grafiks nākamajai nedēļai ir sagatavots. Ja nepieciešams, varam vienoties par citu laiku. Lūdzu, dodiet mums ziņu, ja nepieciešams mainīt tikšanās laiku.

Ar cieņu,
Projektu komanda.",normal
Bibliotēkas atgādinājums,"Labdien, kolēģi!

Tikšanās laiks ir saskaņots ar visiem dalībniekiem. Informācija tiks papildināta, ja būs nepieciešamas izmaiņas. Ja jums ir jautājumi, varat sazināties ar mūsu klientu apkalpošanas nodaļu. Dokumenti būs pieejami arī klātienes tikšanās laikā.

Lai jauka diena!
Mūsu komanda.",normal
Jaunumi uzņēmumā,"Sveiki, Jāni!

Informācija par darba grafiku ir pievienota šim ziņojumam. Piegāde ir plānota tuvāko trīs darba dienu laikā. Atgādinām par rīt plānoto tikšanos. Šonedēļ esam sagatavojuši vairākus jaunumus. Vēlamies informēt, ka mūsu tikšanās notiks nākamajā nedēļā. Informācija par jaunumiem ir pieejama mūsu mājaslapā. Pasākuma dalībniekiem būs pieejami visi nepieciešamie materiāli.

Ar cieņu,
Klientu apkalpošanas nodaļa.",normal
Nedēļas jaunumi,"Sveiki, Jāni!

Dokumenti būs pieejami arī klātienes tikšanās laikā. Lūdzu, dodiet mums ziņu, ja nepieciešams mainīt tikšanās laiku. Paldies par jūsu laiku un atsaucību.

Lai jauka diena!
Mūsu komanda.",normal
Informācija klientiem,"Labdien, Anna!

Lūdzu, dodiet mums ziņu, ja nepieciešams mainīt tikšanās laiku. Informācija par darba grafiku ir pievienota šim ziņojumam. Aptauja aizņems tikai dažas minūtes. Paldies par jūsu iepriekšējo atbildi.

Veiksmīgu dienu!
Mūsu komanda.",normal
Tikšanās par projektu,"Sveiki, komanda!

Nākamajā mēnesī tiks veiktas nelielas izmaiņas darba kārtībā. Lūdzu, saglabājiet šo ziņojumu turpmākai atsaucei. Mēs vēlamies precizēt dažas detaļas par mūsu sadarbību. Piegāde ir plānota tuvāko trīs darba dienu laikā. Paldies par jūsu laiku un atsaucību. Informācija par jaunumiem ir pieejama mūsu mājaslapā.

Lai jauka diena!
Mūsu komanda.",normal
Dokumentu nosūtīšana,"Labdien!

Mēs vēlamies precizēt dažas detaļas par mūsu sadarbību. Lūdzu, saglabājiet šo ziņojumu turpmākai atsaucei. Šonedēļ esam sagatavojuši vairākus jaunumus. Atgādinām par rīt plānoto tikšanos. Lūdzu, dodiet mums ziņu, ja nepieciešams mainīt tikšanās laiku. Nodarbība notiks ierastajā laikā.

Lai jauka diena!
Mūsu komanda.",normal
Piegādes informācija,"Labdien, kolēģi!

Vēlamies informēt, ka mūsu tikšanās notiks nākamajā nedēļā. Ja jums ir jautājumi, varat sazināties ar mūsu klientu apkalpošanas nodaļu. Papildu informāciju varat saņemt, sazinoties ar mums. Paldies par jūsu laiku un atsaucību. Nodarbība notiks ierastajā laikā. Pasākuma dalībniekiem būs pieejami visi nepieciešamie materiāli.

Lai jauka diena!
Mūsu komanda.",normal
Pasūtījuma statuss,"Labdien, kolēģi!

Tikšanās laiks ir saskaņots ar visiem dalībniekiem. Mēs nosūtīsim papildu informāciju pēc tikšanās. Piegāde ir plānota tuvāko trīs darba dienu laikā. Aptauja aizņems tikai dažas minūtes. Vēlamies informēt, ka mūsu tikšanās notiks nākamajā nedēļā. Šonedēļ esam sagatavojuši vairākus jaunumus.

Paldies!
Klientu serviss.",normal
Pateicība par sadarbību,"Labdien, Anna!

Paldies par jūsu laiku un atsaucību. Pielikumā nosūtām informāciju par plānoto pasākumu. Paldies par jūsu iepriekšējo atbildi. Ja jums ir jautājumi, varat sazināties ar mūsu klientu apkalpošanas nodaļu. Atgādinām par rīt plānoto tikšanos.

Veiksmīgu dienu!
Mūsu komanda.",normal
Bibliotēkas atgādinājums,"Sveiki, kolēģi!

Mēs vēlamies precizēt dažas detaļas par mūsu sadarbību. Paldies par jūsu iepriekšējo atbildi. Ja nepieciešams, varam vienoties par citu laiku. Atgādinām par rīt plānoto tikšanos. Nākamajā mēnesī tiks veiktas nelielas izmaiņas darba kārtībā.

Ar cieņu,
Administrācija.",normal
Darba grafiks,"Sveiki, Jāni!

Mēs novērtējam jūsu atsauksmes un ieteikumus. Nākamajā mēnesī tiks veiktas nelielas izmaiņas darba kārtībā. Pielikumā nosūtām informāciju par plānoto pasākumu.

Lai jauka diena!
Mūsu komanda.",normal
Mācību materiāli,"Labdien, cienījamie klienti!

Paldies, ka izmantojat mūsu pakalpojumus. Lūdzu, saglabājiet šo ziņojumu turpmākai atsaucei. Mēs nosūtīsim papildu informāciju pēc tikšanās. Pasākuma sākums paredzēts plkst. 10.00. Pasākuma dalībniekiem būs pieejami visi nepieciešamie materiāli.

Ar cieņu,
Projektu komanda.",normal
Jaunā darba kārtība,"Labdien, skolēni!

Ja jums ir jautājumi, varat sazināties ar mūsu klientu apkalpošanas nodaļu. Atgādinām, ka pasākums notiks piektdien. Informācija tiks papildināta, ja būs nepieciešamas izmaiņas. Lūdzu, informējiet mūs, ja nevarēsiet piedalīties. Atgādinām par rīt plānoto tikšanos. Pasākuma sākums paredzēts plkst. 10.00. Paldies par jūsu iepriekšējo atbildi.

Paldies par sadarbību!
Uzņēmuma komanda.",normal
Jaunumi uzņēmumā,"Labdien, skolēni!

Pasākuma sākums paredzēts plkst. 10.00. Lūdzu, iepazīstieties ar pievienotajiem dokumentiem. Sanāksmes laikā pārrunāsim aktuālos jautājumus. Informācija par jaunumiem ir pieejama mūsu mājaslapā.

Lai jauka diena!
Mūsu komanda.",normal
Piegādes datums,"Labdien, cienījamie klienti!

Lūdzu, dodiet mums ziņu, ja nepieciešams mainīt tikšanās laiku. Darba grafiks nākamajai nedēļai ir sagatavots. Mēs priecāsimies saņemt jūsu komentārus. Jūsu pasūtījums ir sagatavots un tiks nosūtīts tuvākajās dienās.

Ar cieņu,
Skolas administrācija.",normal
Pateicība par sadarbību,"Labdien, cienījamie klienti!

Jūsu rezervācija ir veiksmīgi apstiprināta. Tikšanās laiks ir saskaņots ar visiem dalībniekiem. Ja nepieciešams, varam vienoties par citu laiku.

Lai jauka diena!
Mūsu komanda.",normal
Nedēļas jaunumi,"Sveiki, kolēģi!

Lūdzu, iepazīstieties ar pievienotajiem dokumentiem. Jūsu rezervācija ir veiksmīgi apstiprināta. Mēs novērtējam jūsu atsauksmes un ieteikumus.

Ar cieņu,
Skolas administrācija.",normal
Tikšanās laika maiņa,"Sveiki, komanda!

Mēs nosūtīsim papildu informāciju pēc tikšanās. Dokumenti būs pieejami arī klātienes tikšanās laikā. Atgādinām par rīt plānoto tikšanos. Mēs novērtējam jūsu atsauksmes un ieteikumus. Pielikumā nosūtām informāciju par plānoto pasākumu. Tikšanās laiks ir saskaņots ar visiem dalībniekiem.

Ar cieņu,
Administrācija.",normal
Piegādes informācija,"Sveiki, visiem!

Papildu informāciju varat saņemt, sazinoties ar mums. Informācija par jaunumiem ir pieejama mūsu mājaslapā. Nākamajā mēnesī tiks veiktas nelielas izmaiņas darba kārtībā. Paldies par jūsu laiku un atsaucību. Jūsu pasūtījums ir sagatavots un tiks nosūtīts tuvākajās dienās. Jūsu rezervācija ir veiksmīgi apstiprināta.

Paldies par sadarbību!
Uzņēmuma komanda.",normal
Pasūtījuma statuss,"Sveiki, visiem!

Tikšanās laiks ir saskaņots ar visiem dalībniekiem. Atgādinām par rīt plānoto tikšanos. Papildu informāciju varat saņemt, sazinoties ar mums. Informācija par jaunumiem ir pieejama mūsu mājaslapā.

Ar cieņu,
Projektu komanda.",normal
Tikšanās par projektu,"Labdien, cienījamie klienti!

Ja nepieciešams, varam vienoties par citu laiku. Pielikumā nosūtām informāciju par plānoto pasākumu. Lūdzu, informējiet mūs, ja nevarēsiet piedalīties. Paldies par jūsu laiku un atsaucību. Informācija tiks papildināta, ja būs nepieciešamas izmaiņas. Pasākuma dalībniekiem būs pieejami visi nepieciešamie materiāli.

Paldies!
Klientu serviss.",normal
Jaunā darba kārtība,"Sveiki, komanda!

Mēs nosūtīsim papildu informāciju pēc tikšanās. Lūdzu, informējiet mūs, ja nevarēsiet piedalīties. Pasākuma dalībniekiem būs pieejami visi nepieciešamie materiāli. Mēs vēlamies precizēt dažas detaļas par mūsu sadarbību. Paldies, ka izmantojat mūsu pakalpojumus. Aptauja aizņems tikai dažas minūtes.

Paldies!
Klientu serviss.",normal
Pasākuma programma,"Sveiki, Jāni!

Lūdzu, informējiet mūs, ja nevarēsiet piedalīties. Darba grafiks nākamajai nedēļai ir sagatavots. Paldies par jūsu laiku un atsaucību. Ja jums ir jautājumi, varat sazināties ar mūsu klientu apkalpošanas nodaļu. Pasākuma sākums paredzēts plkst. 10.00.

Ar cieņu,
Skolas administrācija.",normal
Pateicība par sadarbību,"Sveiki, Jāni!

Jūsu rezervācija ir veiksmīgi apstiprināta. Sanāksmes laikā pārrunāsim aktuālos jautājumus. Piegāde ir plānota tuvāko trīs darba dienu laikā. Aptauja aizņems tikai dažas minūtes. Pielikumā nosūtām informāciju par plānoto pasākumu. Lūdzu, iepazīstieties ar pievienotajiem dokumentiem.

Ar cieņu,
Klientu apkalpošanas nodaļa.",normal
Darba grafiks,"Labdien, kolēģi!

Pasākuma sākums paredzēts plkst. 10.00. Atgādinām, ka pasākums notiks piektdien. Tikšanās laiks ir saskaņots ar visiem dalībniekiem. Aptauja aizņems tikai dažas minūtes. Paldies, ka izmantojat mūsu pakalpojumus. Vēlamies informēt, ka mūsu tikšanās notiks nākamajā nedēļā. Lūdzu, dodiet mums ziņu, ja nepieciešams mainīt tikšanās laiku.

Lai jauka diena!
Mūsu komanda.",normal
Darba grafiks,"Sveiki, visiem!

Paldies par jūsu laiku un atsaucību. Atgādinām, ka pasākums notiks piektdien. Ja jums ir jautājumi, varat sazināties ar mūsu klientu apkalpošanas nodaļu. Papildu informāciju varat saņemt, sazinoties ar mums.

Ar cieņu,
Projektu komanda.",normal
Tikšanās par projektu,"Sveiki, kolēģi!

Aptauja aizņems tikai dažas minūtes. Paldies par jūsu iepriekšējo atbildi. Lūdzu, iepazīstieties ar pievienotajiem dokumentiem. Darba grafiks nākamajai nedēļai ir sagatavots. Piegāde ir plānota tuvāko trīs darba dienu laikā.

Ar cieņu,
Projektu komanda.",normal
Bibliotēkas atgādinājums,"Sveiki!

Pielikumā nosūtām informāciju par plānoto pasākumu. Pasākuma sākums paredzēts plkst. 10.00. Šonedēļ esam sagatavojuši vairākus jaunumus. Vēlamies informēt, ka mūsu tikšanās notiks nākamajā nedēļā. Sanāksmes laikā pārrunāsim aktuālos jautājumus. Atgādinām, ka pasākums notiks piektdien.

Ar cieņu,
Skolas administrācija.",normal
Piegādes informācija,"Labdien, skolēni!

Informācija par darba grafiku ir pievienota šim ziņojumam. Informācija tiks papildināta, ja būs nepieciešamas izmaiņas. Lūdzu, iepazīstieties ar pievienotajiem dokumentiem. Mēs priecāsimies saņemt jūsu komentārus. Paldies par jūsu laiku un atsaucību. Atgādinām par rīt plānoto tikšanos. Vēlamies informēt, ka mūsu tikšanās notiks nākamajā nedēļā.

Ar cieņu,
Projektu komanda.",normal
Tikšanās laika maiņa,"Labdien, cienījamie klienti!

Dokumenti būs pieejami arī klātienes tikšanās laikā. Vēlamies informēt, ka mūsu tikšanās notiks nākamajā nedēļā. Informācija tiks papildināta, ja būs nepieciešamas izmaiņas. Jūsu pasūtījums ir sagatavots un tiks nosūtīts tuvākajās dienās. Atgādinām par rīt plānoto tikšanos. Paldies par jūsu iepriekšējo atbildi.

Veiksmīgu dienu!
Mūsu komanda.",normal
Bibliotēkas atgādinājums,"Sveiki, komanda!

Pasākuma dalībniekiem būs pieejami visi nepieciešamie materiāli. Nodarbība notiks ierastajā laikā. Informācija tiks papildināta, ja būs nepieciešamas izmaiņas. Atgādinām par rīt plānoto tikšanos. Jūsu pasūtījums ir sagatavots un tiks nosūtīts tuvākajās dienās. Darba grafiks nākamajai nedēļai ir sagatavots.

Paldies!
Klientu serviss.",normal
Aptauja par pakalpojumu,"Sveiki, kolēģi!

Pasākuma sākums paredzēts plkst. 10.00. Sanāksmes laikā pārrunāsim aktuālos jautājumus. Papildu informāciju varat saņemt, sazinoties ar mums. Lūdzu, saglabājiet šo ziņojumu turpmākai atsaucei.

Ar cieņu,
Klientu apkalpošanas nodaļa.",normal
Darba grafiks,"Sveiki, komanda!

Jūsu pasūtījums ir sagatavots un tiks nosūtīts tuvākajās dienās. Piegāde ir plānota tuvāko trīs darba dienu laikā. Mēs nosūtīsim papildu informāciju pēc tikšanās. Paldies par jūsu laiku un atsaucību. Pasākuma sākums paredzēts plkst. 10.00. Lūdzu, informējiet mūs, ja nevarēsiet piedalīties.

Ar cieņu,
Administrācija.",normal
Pasūtījuma statuss,"Labdien!

Informācija par darba grafiku ir pievienota šim ziņojumam. Jūsu rezervācija ir veiksmīgi apstiprināta. Nākamajā mēnesī tiks veiktas nelielas izmaiņas darba kārtībā. Mēs nosūtīsim papildu informāciju pēc tikšanās.

Veiksmīgu dienu!
Mūsu komanda.",normal
Informācija par pasākumu,"Sveiki, Jāni!

Informācija par jaunumiem ir pieejama mūsu mājaslapā. Tikšanās laiks ir saskaņots ar visiem dalībniekiem. Papildu informāciju varat saņemt, sazinoties ar mums.

Paldies par sadarbību!
Uzņēmuma komanda.",normal
Piegādes datums,"Labdien!

Sanāksmes laikā pārrunāsim aktuālos jautājumus. Šonedēļ esam sagatavojuši vairākus jaunumus. Informācija tiks papildināta, ja būs nepieciešamas izmaiņas. Nākamajā mēnesī tiks veiktas nelielas izmaiņas darba kārtībā. Jūsu rezervācija ir veiksmīgi apstiprināta.

Veiksmīgu dienu!
Mūsu komanda.",normal
Pateicība par sadarbību,"Sveiki, kolēģi!

Pielikumā nosūtām informāciju par plānoto pasākumu. Mēs nosūtīsim papildu informāciju pēc tikšanās. Lūdzu, iepazīstieties ar pievienotajiem dokumentiem. Lūdzu, informējiet mūs, ja nevarēsiet piedalīties. Ja nepieciešams, varam vienoties par citu laiku.

Ar cieņu,
Projektu komanda.",normal
Jaunā darba kārtība,"Labdien, cienījamie klienti!

Paldies par jūsu iepriekšējo atbildi. Pielikumā nosūtām informāciju par plānoto pasākumu. Pasākuma dalībniekiem būs pieejami visi nepieciešamie materiāli. Sanāksmes laikā pārrunāsim aktuālos jautājumus.

Ar cieņu,
Klientu apkalpošanas nodaļa.",normal
Aptauja par pakalpojumu,"Labdien, skolēni!

Nodarbība notiks ierastajā laikā. Mēs priecāsimies saņemt jūsu komentārus. Piegāde ir plānota tuvāko trīs darba dienu laikā. Lūdzu, iepazīstieties ar pievienotajiem dokumentiem.

Ar cieņu,
Skolas administrācija.",normal
Rēķins par pakalpojumu,"Sveiki, Jāni!

Lūdzu, iepazīstieties ar pievienotajiem dokumentiem. Informācija tiks papildināta, ja būs nepieciešamas izmaiņas. Papildu informāciju varat saņemt, sazinoties ar mums. Informācija par jaunumiem ir pieejama mūsu mājaslapā. Tikšanās laiks ir saskaņots ar visiem dalībniekiem. Informācija par darba grafiku ir pievienota šim ziņojumam.

Ar cieņu,
Skolas administrācija.",normal
Jaunumi uzņēmumā,"Labdien, skolēni!

Sanāksmes laikā pārrunāsim aktuālos jautājumus. Mēs vēlamies precizēt dažas detaļas par mūsu sadarbību. Lūdzu, iepazīstieties ar pievienotajiem dokumentiem. Lūdzu, informējiet mūs, ja nevarēsiet piedalīties. Ja jums ir jautājumi, varat sazināties ar mūsu klientu apkalpošanas nodaļu. Mēs priecāsimies saņemt jūsu komentārus. Lūdzu, saglabājiet šo ziņojumu turpmākai atsaucei.

Paldies par sadarbību!
Uzņēmuma komanda.",normal
Informācija par nodarbību,"Labdien!

Paldies par jūsu iepriekšējo atbildi. Lūdzu, saglabājiet šo ziņojumu turpmākai atsaucei. Pielikumā nosūtām informāciju par plānoto pasākumu.

Ar cieņu,
Klientu apkalpošanas nodaļa.",normal
Pasūtījuma statuss,"Labdien!

Mēs vēlamies precizēt dažas detaļas par mūsu sadarbību. Informācija par darba grafiku ir pievienota šim ziņojumam. Paldies, ka izmantojat mūsu pakalpojumus. Paldies par jūsu iepriekšējo atbildi. Mēs priecāsimies saņemt jūsu komentārus.

Lai jauka diena!
Mūsu komanda.",normal
Pasākuma programma,"Sveiki, kolēģi!

Sanāksmes laikā pārrunāsim aktuālos jautājumus. Ja jums ir jautājumi, varat sazināties ar mūsu klientu apkalpošanas nodaļu. Nodarbība notiks ierastajā laikā.

Paldies!
Klientu serviss.",normal
Semināra programma,"Labdien, skolēni!

Informācija par jaunumiem ir pieejama mūsu mājaslapā. Papildu informāciju varat saņemt, sazinoties ar mums. Atgādinām par rīt plānoto tikšanos. Lūdzu, dodiet mums ziņu, ja nepieciešams mainīt tikšanās laiku.

Ar cieņu,
Skolas administrācija.",normal
Mēneša pārskats,"Labdien!

Lūdzu, dodiet mums ziņu, ja nepieciešams mainīt tikšanās laiku. Informācija tiks papildināta, ja būs nepieciešamas izmaiņas. Mēs priecāsimies saņemt jūsu komentārus. Jūsu pasūtījums ir sagatavots un tiks nosūtīts tuvākajās dienās. Informācija par jaunumiem ir pieejama mūsu mājaslapā. Lūdzu, iepazīstieties ar pievienotajiem dokumentiem.

Veiksmīgu dienu!
Mūsu komanda.",normal
Tikšanās par projektu,"Sveiki, visiem!

Lūdzu, saglabājiet šo ziņojumu turpmākai atsaucei. Jūsu rezervācija ir veiksmīgi apstiprināta. Šonedēļ esam sagatavojuši vairākus jaunumus. Lūdzu, informējiet mūs, ja nevarēsiet piedalīties. Pasākuma dalībniekiem būs pieejami visi nepieciešamie materiāli. Informācija par darba grafiku ir pievienota šim ziņojumam.

Ar cieņu,
Klientu apkalpošanas nodaļa.",normal
Bibliotēkas atgādinājums,"Sveiki, Jāni!

Informācija tiks papildināta, ja būs nepieciešamas izmaiņas. Papildu informāciju varat saņemt, sazinoties ar mums. Paldies par jūsu laiku un atsaucību. Ja jums ir jautājumi, varat sazināties ar mūsu klientu apkalpošanas nodaļu. Informācija par jaunumiem ir pieejama mūsu mājaslapā. Dokumenti būs pieejami arī klātienes tikšanās laikā.

Paldies!
Klientu serviss.",normal
Informācija par pasākumu,"Sveiki, komanda!

Atgādinām par rīt plānoto tikšanos. Jūsu rezervācija ir veiksmīgi apstiprināta. Darba grafiks nākamajai nedēļai ir sagatavots. Pasākuma sākums paredzēts plkst. 10.00. Lūdzu, iepazīstieties ar pievienotajiem dokumentiem. Papildu informāciju varat saņemt, sazinoties ar mums. Informācija tiks papildināta, ja būs nepieciešamas izmaiņas.

Paldies!
Klientu serviss.",normal
Mācību materiāli,"Labdien!

Paldies par jūsu laiku un atsaucību. Lūdzu, saglabājiet šo ziņojumu turpmākai atsaucei. Mēs vēlamies precizēt dažas detaļas par mūsu sadarbību. Informācija par jaunumiem ir pieejama mūsu mājaslapā. Papildu informāciju varat saņemt, sazinoties ar mums.

Ar cieņu,
Klientu apkalpošanas nodaļa.",normal
Pateicība par sadarbību,"Sveiki, visiem!

Atgādinām par rīt plānoto tikšanos. Papildu informāciju varat saņemt, sazinoties ar mums. Mēs priecāsimies saņemt jūsu komentārus. Informācija par jaunumiem ir pieejama mūsu mājaslapā. Informācija par darba grafiku ir pievienota šim ziņojumam.

Ar cieņu,
Administrācija.",normal
Jaunumi uzņēmumā,"Sveiki, visiem!

Mēs novērtējam jūsu atsauksmes un ieteikumus. Pasākuma sākums paredzēts plkst. 10.00. Mēs priecāsimies saņemt jūsu komentārus. Lūdzu, saglabājiet šo ziņojumu turpmākai atsaucei.

Ar cieņu,
Administrācija.",normal
Piegādes informācija,"Labdien, Anna!

Jūsu rezervācija ir veiksmīgi apstiprināta. Tikšanās laiks ir saskaņots ar visiem dalībniekiem. Lūdzu, informējiet mūs, ja nevarēsiet piedalīties.

Ar cieņu,
Klientu apkalpošanas nodaļa.",normal
Jaunā darba kārtība,"Sveiki, Jāni!

Darba grafiks nākamajai nedēļai ir sagatavots. Piegāde ir plānota tuvāko trīs darba dienu laikā. Paldies, ka izmantojat mūsu pakalpojumus. Lūdzu, dodiet mums ziņu, ja nepieciešams mainīt tikšanās laiku. Mēs vēlamies precizēt dažas detaļas par mūsu sadarbību. Pielikumā nosūtām informāciju par plānoto pasākumu.

Lai jauka diena!
Mūsu komanda.",normal
Atvaļinājuma plāns,"Labdien, cienījamie klienti!

Informācija tiks papildināta, ja būs nepieciešamas izmaiņas. Pasākuma dalībniekiem būs pieejami visi nepieciešamie materiāli. Paldies par jūsu iepriekšējo atbildi.

Ar cieņu,
Projektu komanda.",normal
Jaunumi uzņēmumā,"Labdien, Anna!

Informācija tiks papildināta, ja būs nepieciešamas izmaiņas. Darba grafiks nākamajai nedēļai ir sagatavots. Jūsu pasūtījums ir sagatavots un tiks nosūtīts tuvākajās dienās.

Paldies!
Klientu serviss.",normal
Pasūtījuma statuss,"Sveiki, komanda!

Jūsu rezervācija ir veiksmīgi apstiprināta. Tikšanās laiks ir saskaņots ar visiem dalībniekiem. Pasākuma sākums paredzēts plkst. 10.00.

Ar cieņu,
Projektu komanda.",normal
Tikšanās par projektu,"Sveiki, komanda!

Lūdzu, informējiet mūs, ja nevarēsiet piedalīties. Nodarbība notiks ierastajā laikā. Paldies, ka izmantojat mūsu pakalpojumus. Aptauja aizņems tikai dažas minūtes. Pasākuma sākums paredzēts plkst. 10.00. Pielikumā nosūtām informāciju par plānoto pasākumu. Sanāksmes laikā pārrunāsim aktuālos jautājumus.

Ar cieņu,
Administrācija.",normal
Mācību materiāli,"Labdien, cienījamie klienti!

Mēs priecāsimies saņemt jūsu komentārus. Pielikumā nosūtām informāciju par plānoto pasākumu. Šonedēļ esam sagatavojuši vairākus jaunumus.

Paldies par sadarbību!
Uzņēmuma komanda.",normal
Darba grafiks,"Labdien, Anna!

Informācija par darba grafiku ir pievienota šim ziņojumam. Lūdzu, informējiet mūs, ja nevarēsiet piedalīties. Dokumenti būs pieejami arī klātienes tikšanās laikā. Nākamajā mēnesī tiks veiktas nelielas izmaiņas darba kārtībā. Papildu informāciju varat saņemt, sazinoties ar mums. Informācija tiks papildināta, ja būs nepieciešamas izmaiņas.

Ar cieņu,
Skolas administrācija.",normal
Atgādinājums par tikšanos,"Sveiki, visiem!

Piegāde ir plānota tuvāko trīs darba dienu laikā. Darba grafiks nākamajai nedēļai ir sagatavots. Jūsu pasūtījums ir sagatavots un tiks nosūtīts tuvākajās dienās. Pasākuma dalībniekiem būs pieejami visi nepieciešamie materiāli. Pielikumā nosūtām informāciju par plānoto pasākumu. Mēs vēlamies precizēt dažas detaļas par mūsu sadarbību.

Paldies par sadarbību!
Uzņēmuma komanda.",normal
Pasākuma programma,"Sveiki, Jāni!

Piegāde ir plānota tuvāko trīs darba dienu laikā. Lūdzu, informējiet mūs, ja nevarēsiet piedalīties. Dokumenti būs pieejami arī klātienes tikšanās laikā. Mēs novērtējam jūsu atsauksmes un ieteikumus.

Ar cieņu,
Skolas administrācija.",normal
Nedēļas jaunumi,"Labdien, kolēģi!

Ja nepieciešams, varam vienoties par citu laiku. Atgādinām par rīt plānoto tikšanos. Sanāksmes laikā pārrunāsim aktuālos jautājumus. Atgādinām, ka pasākums notiks piektdien. Jūsu pasūtījums ir sagatavots un tiks nosūtīts tuvākajās dienās. Informācija tiks papildināta, ja būs nepieciešamas izmaiņas.

Ar cieņu,
Skolas administrācija.",normal
Mācību materiāli,"Labdien, cienījamie klienti!

Tikšanās laiks ir saskaņots ar visiem dalībniekiem. Lūdzu, saglabājiet šo ziņojumu turpmākai atsaucei. Paldies par jūsu laiku un atsaucību. Paldies par jūsu iepriekšējo atbildi. Mēs novērtējam jūsu atsauksmes un ieteikumus. Lūdzu, iepazīstieties ar pievienotajiem dokumentiem. Jūsu pasūtījums ir sagatavots un tiks nosūtīts tuvākajās dienās.

Lai jauka diena!
Mūsu komanda.",normal
Darba grafiks,"Labdien, cienījamie klienti!

Piegāde ir plānota tuvāko trīs darba dienu laikā. Lūdzu, saglabājiet šo ziņojumu turpmākai atsaucei. Jūsu rezervācija ir veiksmīgi apstiprināta. Mēs priecāsimies saņemt jūsu komentārus. Mēs vēlamies precizēt dažas detaļas par mūsu sadarbību. Lūdzu, iepazīstieties ar pievienotajiem dokumentiem.

Ar cieņu,
Skolas administrācija.",normal
Informācija klientiem,"Labdien, cienījamie klienti!

Nākamajā mēnesī tiks veiktas nelielas izmaiņas darba kārtībā. Lūdzu, dodiet mums ziņu, ja nepieciešams mainīt tikšanās laiku. Aptauja aizņems tikai dažas minūtes.

Lai jauka diena!
Mūsu komanda.",normal
Piegādes informācija,"Sveiki!

Atgādinām, ka pasākums notiks piektdien. Pasākuma sākums paredzēts plkst. 10.00. Mēs priecāsimies saņemt jūsu komentārus. Aptauja aizņems tikai dažas minūtes. Lūdzu, informējiet mūs, ja nevarēsiet piedalīties. Šonedēļ esam sagatavojuši vairākus jaunumus.

Paldies par sadarbību!
Uzņēmuma komanda.",normal
Tikšanās laika maiņa,"Sveiki, komanda!

Paldies, ka izmantojat mūsu pakalpojumus. Lūdzu, iepazīstieties ar pievienotajiem dokumentiem. Tikšanās laiks ir saskaņots ar visiem dalībniekiem. Lūdzu, dodiet mums ziņu, ja nepieciešams mainīt tikšanās laiku.

Ar cieņu,
Skolas administrācija.",normal
Darba grafiks,"Sveiki, kolēģi!

Paldies par jūsu iepriekšējo atbildi. Ja jums ir jautājumi, varat sazināties ar mūsu klientu apkalpošanas nodaļu. Nākamajā mēnesī tiks veiktas nelielas izmaiņas darba kārtībā. Darba grafiks nākamajai nedēļai ir sagatavots.

Ar cieņu,
Klientu apkalpošanas nodaļa.",normal
Informācija klientiem,"Labdien, skolēni!

Sanāksmes laikā pārrunāsim aktuālos jautājumus. Pielikumā nosūtām informāciju par plānoto pasākumu. Šonedēļ esam sagatavojuši vairākus jaunumus. Paldies par jūsu iepriekšējo atbildi. Papildu informāciju varat saņemt, sazinoties ar mums. Aptauja aizņems tikai dažas minūtes.

Lai jauka diena!
Mūsu komanda.",normal
Piegādes informācija,"Sveiki, visiem!

Darba grafiks nākamajai nedēļai ir sagatavots. Lūdzu, informējiet mūs, ja nevarēsiet piedalīties. Lūdzu, dodiet mums ziņu, ja nepieciešams mainīt tikšanās laiku. Informācija par darba grafiku ir pievienota šim ziņojumam.

Ar cieņu,
Administrācija.",normal
Tikšanās par projektu,"Labdien, kolēģi!

Tikšanās laiks ir saskaņots ar visiem dalībniekiem. Šonedēļ esam sagatavojuši vairākus jaunumus. Nākamajā mēnesī tiks veiktas nelielas izmaiņas darba kārtībā. Lūdzu, iepazīstieties ar pievienotajiem dokumentiem. Paldies par jūsu laiku un atsaucību. Aptauja aizņems tikai dažas minūtes.

Lai jauka diena!
Mūsu komanda.",normal
Rezervācijas apstiprinājums,"Sveiki, Jāni!

Jūsu rezervācija ir veiksmīgi apstiprināta. Paldies, ka izmantojat mūsu pakalpojumus. Papildu informāciju varat saņemt, sazinoties ar mums. Piegāde ir plānota tuvāko trīs darba dienu laikā. Pasākuma sākums paredzēts plkst. 10.00. Ja jums ir jautājumi, varat sazināties ar mūsu klientu apkalpošanas nodaļu. Paldies par jūsu laiku un atsaucību.

Paldies!
Klientu serviss.",normal
Piegādes informācija,"Labdien, kolēģi!

Ja nepieciešams, varam vienoties par citu laiku. Atgādinām, ka pasākums notiks piektdien. Papildu informāciju varat saņemt, sazinoties ar mums.

Ar cieņu,
Klientu apkalpošanas nodaļa.",normal
Bibliotēkas atgādinājums,"Sveiki!

Mēs nosūtīsim papildu informāciju pēc tikšanās. Sanāksmes laikā pārrunāsim aktuālos jautājumus. Dokumenti būs pieejami arī klātienes tikšanās laikā. Lūdzu, informējiet mūs, ja nevarēsiet piedalīties. Nākamajā mēnesī tiks veiktas nelielas izmaiņas darba kārtībā. Ja nepieciešams, varam vienoties par citu laiku. Mēs novērtējam jūsu atsauksmes un ieteikumus.

Ar cieņu,
Projektu komanda.",normal
Informācija par pasākumu,"Labdien, cienījamie klienti!

Ja nepieciešams, varam vienoties par citu laiku. Lūdzu, iepazīstieties ar pievienotajiem dokumentiem. Ja jums ir jautājumi, varat sazināties ar mūsu klientu apkalpošanas nodaļu. Mēs nosūtīsim papildu informāciju pēc tikšanās. Lūdzu, informējiet mūs, ja nevarēsiet piedalīties.

Ar cieņu,
Projektu komanda.",normal
Informācija par nodarbību,"Labdien!

Tikšanās laiks ir saskaņots ar visiem dalībniekiem. Mēs novērtējam jūsu atsauksmes un ieteikumus. Atgādinām par rīt plānoto tikšanos. Nākamajā mēnesī tiks veiktas nelielas izmaiņas darba kārtībā. Pielikumā nosūtām informāciju par plānoto pasākumu.

Ar cieņu,
Projektu komanda.",normal
Mēneša pārskats,"Sveiki, Jāni!

Papildu informāciju varat saņemt, sazinoties ar mums. Informācija par jaunumiem ir pieejama mūsu mājaslapā. Dokumenti būs pieejami arī klātienes tikšanās laikā. Lūdzu, iepazīstieties ar pievienotajiem dokumentiem. Paldies par jūsu laiku un atsaucību.

Lai jauka diena!
Mūsu komanda.",normal
Informācija par pasākumu,"Labdien!

Nodarbība notiks ierastajā laikā. Tikšanās laiks ir saskaņots ar visiem dalībniekiem. Lūdzu, informējiet mūs, ja nevarēsiet piedalīties. Piegāde ir plānota tuvāko trīs darba dienu laikā. Dokumenti būs pieejami arī klātienes tikšanās laikā. Informācija tiks papildināta, ja būs nepieciešamas izmaiņas. Pasākuma dalībniekiem būs pieejami visi nepieciešamie materiāli.

Ar cieņu,
Administrācija.",normal
Semināra programma,"Labdien, skolēni!

Darba grafiks nākamajai nedēļai ir sagatavots. Informācija par jaunumiem ir pieejama mūsu mājaslapā. Lūdzu, dodiet mums ziņu, ja nepieciešams mainīt tikšanās laiku. Pasākuma sākums paredzēts plkst. 10.00. Jūsu pasūtījums ir sagatavots un tiks nosūtīts tuvākajās dienās. Aptauja aizņems tikai dažas minūtes. Jūsu rezervācija ir veiksmīgi apstiprināta.

Ar cieņu,
Projektu komanda.",normal
Informācija par pasākumu,"Labdien, kolēģi!

Jūsu rezervācija ir veiksmīgi apstiprināta. Mēs priecāsimies saņemt jūsu komentārus. Paldies par jūsu iepriekšējo atbildi. Šonedēļ esam sagatavojuši vairākus jaunumus.

Veiksmīgu dienu!
Mūsu komanda.",normal
Informācija par nodarbību,"Sveiki, visiem!

Ja jums ir jautājumi, varat sazināties ar mūsu klientu apkalpošanas nodaļu. Vēlamies informēt, ka mūsu tikšanās notiks nākamajā nedēļā. Tikšanās laiks ir saskaņots ar visiem dalībniekiem.

Ar cieņu,
Projektu komanda.",normal
Bibliotēkas atgādinājums,"Labdien, kolēģi!

Informācija par jaunumiem ir pieejama mūsu mājaslapā. Mēs nosūtīsim papildu informāciju pēc tikšanās. Šonedēļ esam sagatavojuši vairākus jaunumus. Nodarbība notiks ierastajā laikā. Pasākuma dalībniekiem būs pieejami visi nepieciešamie materiāli. Mēs vēlamies precizēt dažas detaļas par mūsu sadarbību. Vēlamies informēt, ka mūsu tikšanās notiks nākamajā nedēļā.

Lai jauka diena!
Mūsu komanda.",normal
Informācija klientiem,"Sveiki!

Pielikumā nosūtām informāciju par plānoto pasākumu. Mēs nosūtīsim papildu informāciju pēc tikšanās. Piegāde ir plānota tuvāko trīs darba dienu laikā. Atgādinām, ka pasākums notiks piektdien.

Veiksmīgu dienu!
Mūsu komanda.",normal
Tikšanās par projektu,"Labdien, kolēģi!

Papildu informāciju varat saņemt, sazinoties ar mums. Nodarbība notiks ierastajā laikā. Informācija par darba grafiku ir pievienota šim ziņojumam. Pasākuma sākums paredzēts plkst. 10.00. Mēs vēlamies precizēt dažas detaļas par mūsu sadarbību. Darba grafiks nākamajai nedēļai ir sagatavots.

Veiksmīgu dienu!
Mūsu komanda.",normal
Darba grafiks,"Labdien!

Darba grafiks nākamajai nedēļai ir sagatavots. Pasākuma sākums paredzēts plkst. 10.00. Sanāksmes laikā pārrunāsim aktuālos jautājumus. Lūdzu, saglabājiet šo ziņojumu turpmākai atsaucei. Jūsu pasūtījums ir sagatavots un tiks nosūtīts tuvākajās dienās. Ja jums ir jautājumi, varat sazināties ar mūsu klientu apkalpošanas nodaļu. Paldies, ka izmantojat mūsu pakalpojumus.

Lai jauka diena!
Mūsu komanda.",normal
Mācību materiāli,"Sveiki, kolēģi!

Atgādinām par rīt plānoto tikšanos. Piegāde ir plānota tuvāko trīs darba dienu laikā. Lūdzu, dodiet mums ziņu, ja nepieciešams mainīt tikšanās laiku. Jūsu pasūtījums ir sagatavots un tiks nosūtīts tuvākajās dienās. Informācija par jaunumiem ir pieejama mūsu mājaslapā. Mēs novērtējam jūsu atsauksmes un ieteikumus.

Lai jauka diena!
Mūsu komanda.",normal
Atvaļinājuma plāns,"Labdien, skolēni!

Sanāksmes laikā pārrunāsim aktuālos jautājumus. Darba grafiks nākamajai nedēļai ir sagatavots. Pasākuma dalībniekiem būs pieejami visi nepieciešamie materiāli. Mēs priecāsimies saņemt jūsu komentārus. Nākamajā mēnesī tiks veiktas nelielas izmaiņas darba kārtībā.

Ar cieņu,
Klientu apkalpošanas nodaļa.",normal
Darba grafiks,"Sveiki!

Lūdzu, informējiet mūs, ja nevarēsiet piedalīties. Paldies par jūsu iepriekšējo atbildi. Mēs novērtējam jūsu atsauksmes un ieteikumus. Piegāde ir plānota tuvāko trīs darba dienu laikā. Nodarbība notiks ierastajā laikā. Paldies, ka izmantojat mūsu pakalpojumus.

Ar cieņu,
Projektu komanda.",normal
Aptauja par pakalpojumu,"Sveiki, komanda!

Lūdzu, dodiet mums ziņu, ja nepieciešams mainīt tikšanās laiku. Nodarbība notiks ierastajā laikā. Vēlamies informēt, ka mūsu tikšanās notiks nākamajā nedēļā.

Ar cieņu,
Administrācija.",normal
Informācija par pasākumu,"Sveiki, Jāni!

Mēs nosūtīsim papildu informāciju pēc tikšanās. Dokumenti būs pieejami arī klātienes tikšanās laikā. Paldies par jūsu iepriekšējo atbildi. Darba grafiks nākamajai nedēļai ir sagatavots.

Paldies par sadarbību!
Uzņēmuma komanda.",normal
Jaunā darba kārtība,"Sveiki, visiem!

Mēs nosūtīsim papildu informāciju pēc tikšanās. Šonedēļ esam sagatavojuši vairākus jaunumus. Vēlamies informēt, ka mūsu tikšanās notiks nākamajā nedēļā. Paldies, ka izmantojat mūsu pakalpojumus. Lūdzu, informējiet mūs, ja nevarēsiet piedalīties. Tikšanās laiks ir saskaņots ar visiem dalībniekiem. Sanāksmes laikā pārrunāsim aktuālos jautājumus.

Ar cieņu,
Administrācija.",normal
Pasūtījuma statuss,"Labdien, Anna!

Piegāde ir plānota tuvāko trīs darba dienu laikā. Informācija tiks papildināta, ja būs nepieciešamas izmaiņas. Mēs vēlamies precizēt dažas detaļas par mūsu sadarbību. Sanāksmes laikā pārrunāsim aktuālos jautājumus. Atgādinām, ka pasākums notiks piektdien.

Ar cieņu,
Klientu apkalpošanas nodaļa.",normal
Pasākuma programma,"Labdien, kolēģi!

Tikšanās laiks ir saskaņots ar visiem dalībniekiem. Aptauja aizņems tikai dažas minūtes. Lūdzu, saglabājiet šo ziņojumu turpmākai atsaucei. Dokumenti būs pieejami arī klātienes tikšanās laikā. Lūdzu, informējiet mūs, ja nevarēsiet piedalīties. Lūdzu, iepazīstieties ar pievienotajiem dokumentiem. Lūdzu, dodiet mums ziņu, ja nepieciešams mainīt tikšanās laiku.

Paldies par sadarbību!
Uzņēmuma komanda.",normal
Pasūtījuma statuss,"Labdien!

Informācija par jaunumiem ir pieejama mūsu mājaslapā. Dokumenti būs pieejami arī klātienes tikšanās laikā. Lūdzu, dodiet mums ziņu, ja nepieciešams mainīt tikšanās laiku. Paldies par jūsu iepriekšējo atbildi. Lūdzu, informējiet mūs, ja nevarēsiet piedalīties. Pasākuma sākums paredzēts plkst. 10.00.

Paldies!
Klientu serviss.",normal
Nedēļas jaunumi,"Labdien, skolēni!

Lūdzu, informējiet mūs, ja nevarēsiet piedalīties. Informācija tiks papildināta, ja būs nepieciešamas izmaiņas. Informācija par jaunumiem ir pieejama mūsu mājaslapā. Sanāksmes laikā pārrunāsim aktuālos jautājumus.

Ar cieņu,
Administrācija.",normal
Bibliotēkas atgādinājums,"Sveiki, Jāni!

Nākamajā mēnesī tiks veiktas nelielas izmaiņas darba kārtībā. Ja jums ir jautājumi, varat sazināties ar mūsu klientu apkalpošanas nodaļu. Darba grafiks nākamajai nedēļai ir sagatavots.

Veiksmīgu dienu!
Mūsu komanda.",normal
Bibliotēkas atgādinājums,"Sveiki, kolēģi!

Atgādinām, ka pasākums notiks piektdien. Pielikumā nosūtām informāciju par plānoto pasākumu. Paldies par jūsu iepriekšējo atbildi. Informācija tiks papildināta, ja būs nepieciešamas izmaiņas. Informācija par jaunumiem ir pieejama mūsu mājaslapā. Lūdzu, saglabājiet šo ziņojumu turpmākai atsaucei. Mēs priecāsimies saņemt jūsu komentārus.

Ar cieņu,
Skolas administrācija.",normal
Nedēļas jaunumi,"Labdien, skolēni!

Ja nepieciešams, varam vienoties par citu laiku. Sanāksmes laikā pārrunāsim aktuālos jautājumus. Jūsu rezervācija ir veiksmīgi apstiprināta. Lūdzu, informējiet mūs, ja nevarēsiet piedalīties.

Ar cieņu,
Skolas administrācija.",normal
Dokumentu nosūtīšana,"Sveiki, kolēģi!

Paldies par jūsu iepriekšējo atbildi. Sanāksmes laikā pārrunāsim aktuālos jautājumus. Atgādinām, ka pasākums notiks piektdien. Dokumenti būs pieejami arī klātienes tikšanās laikā.

Paldies!
Klientu serviss.",normal
Piegādes informācija,"Sveiki, visiem!

Nākamajā mēnesī tiks veiktas nelielas izmaiņas darba kārtībā. Vēlamies informēt, ka mūsu tikšanās notiks nākamajā nedēļā. Paldies par jūsu iepriekšējo atbildi. Nodarbība notiks ierastajā laikā. Tikšanās laiks ir saskaņots ar visiem dalībniekiem.

Paldies par sadarbību!
Uzņēmuma komanda.",normal
Piegādes informācija,"Labdien!

Nākamajā mēnesī tiks veiktas nelielas izmaiņas darba kārtībā. Paldies par jūsu iepriekšējo atbildi. Informācija tiks papildināta, ja būs nepieciešamas izmaiņas. Informācija par darba grafiku ir pievienota šim ziņojumam. Sanāksmes laikā pārrunāsim aktuālos jautājumus.

Ar cieņu,
Projektu komanda.",normal
Pasākuma programma,"Sveiki, komanda!

Jūsu pasūtījums ir sagatavots un tiks nosūtīts tuvākajās dienās. Lūdzu, dodiet mums ziņu, ja nepieciešams mainīt tikšanās laiku. Informācija par jaunumiem ir pieejama mūsu mājaslapā. Aptauja aizņems tikai dažas minūtes. Informācija par darba grafiku ir pievienota šim ziņojumam.

Ar cieņu,
Skolas administrācija.",normal
Semināra programma,"Labdien, cienījamie klienti!

Mēs vēlamies precizēt dažas detaļas par mūsu sadarbību. Jūsu rezervācija ir veiksmīgi apstiprināta. Šonedēļ esam sagatavojuši vairākus jaunumus. Informācija tiks papildināta, ja būs nepieciešamas izmaiņas. Informācija par jaunumiem ir pieejama mūsu mājaslapā. Atgādinām, ka pasākums notiks piektdien.

Ar cieņu,
Projektu komanda.",normal
Jaunā darba kārtība,"Labdien, kolēģi!

Informācija par darba grafiku ir pievienota šim ziņojumam. Nodarbība notiks ierastajā laikā. Paldies par jūsu laiku un atsaucību. Atgādinām, ka pasākums notiks piektdien.

Ar cieņu,
Skolas administrācija.",normal
Tikšanās laika maiņa,"Sveiki!

Nodarbība notiks ierastajā laikā. Dokumenti būs pieejami arī klātienes tikšanās laikā. Jūsu rezervācija ir veiksmīgi apstiprināta. Lūdzu, iepazīstieties ar pievienotajiem dokumentiem. Lūdzu, dodiet mums ziņu, ja nepieciešams mainīt tikšanās laiku.

Veiksmīgu dienu!
Mūsu komanda.",normal
Darba grafiks,"Labdien!

Pielikumā nosūtām informāciju par plānoto pasākumu. Papildu informāciju varat saņemt, sazinoties ar mums. Ja jums ir jautājumi, varat sazināties ar mūsu klientu apkalpošanas nodaļu. Nodarbība notiks ierastajā laikā.

Veiksmīgu dienu!
Mūsu komanda.",normal
Darba grafiks,"Sveiki, Jāni!

Jūsu pasūtījums ir sagatavots un tiks nosūtīts tuvākajās dienās. Paldies par jūsu laiku un atsaucību. Ja jums ir jautājumi, varat sazināties ar mūsu klientu apkalpošanas nodaļu. Paldies, ka izmantojat mūsu pakalpojumus. Paldies par jūsu iepriekšējo atbildi.

Paldies par sadarbību!
Uzņēmuma komanda.",normal
Bibliotēkas atgādinājums,"Sveiki, kolēģi!

Jūsu pasūtījums ir sagatavots un tiks nosūtīts tuvākajās dienās. Papildu informāciju varat saņemt, sazinoties ar mums. Ja jums ir jautājumi, varat sazināties ar mūsu klientu apkalpošanas nodaļu. Dokumenti būs pieejami arī klātienes tikšanās laikā. Paldies par jūsu iepriekšējo atbildi. Nākamajā mēnesī tiks veiktas nelielas izmaiņas darba kārtībā.

Paldies par sadarbību!
Uzņēmuma komanda.",normal
Piegādes datums,"Sveiki, kolēģi!

Ja nepieciešams, varam vienoties par citu laiku. Lūdzu, informējiet mūs, ja nevarēsiet piedalīties. Sanāksmes laikā pārrunāsim aktuālos jautājumus. Informācija par jaunumiem ir pieejama mūsu mājaslapā.

Paldies par sadarbību!
Uzņēmuma komanda.",normal
Jaunumi uzņēmumā,"Labdien!

Pasākuma dalībniekiem būs pieejami visi nepieciešamie materiāli. Informācija tiks papildināta, ja būs nepieciešamas izmaiņas. Papildu informāciju varat saņemt, sazinoties ar mums. Lūdzu, informējiet mūs, ja nevarēsiet piedalīties. Ja jums ir jautājumi, varat sazināties ar mūsu klientu apkalpošanas nodaļu. Pasākuma sākums paredzēts plkst. 10.00. Piegāde ir plānota tuvāko trīs darba dienu laikā.

Veiksmīgu dienu!
Mūsu komanda.",normal
Informācija klientiem,"Labdien, kolēģi!

Informācija tiks papildināta, ja būs nepieciešamas izmaiņas. Nodarbība notiks ierastajā laikā. Mēs nosūtīsim papildu informāciju pēc tikšanās.

Ar cieņu,
Projektu komanda.",normal
Pateicība par sadarbību,"Sveiki, Jāni!

Nodarbība notiks ierastajā laikā. Jūsu rezervācija ir veiksmīgi apstiprināta. Atgādinām, ka pasākums notiks piektdien. Piegāde ir plānota tuvāko trīs darba dienu laikā.

Ar cieņu,
Projektu komanda.",normal
Mēneša pārskats,"Labdien, skolēni!

Paldies par jūsu iepriekšējo atbildi. Mēs nosūtīsim papildu informāciju pēc tikšanās. Informācija par jaunumiem ir pieejama mūsu mājaslapā. Informācija tiks papildināta, ja būs nepieciešamas izmaiņas. Šonedēļ esam sagatavojuši vairākus jaunumus. Nākamajā mēnesī tiks veiktas nelielas izmaiņas darba kārtībā. Papildu informāciju varat saņemt, sazinoties ar mums.

Ar cieņu,
Skolas administrācija.",normal
Informācija klientiem,"Sveiki, Jāni!

Informācija par darba grafiku ir pievienota šim ziņojumam. Lūdzu, saglabājiet šo ziņojumu turpmākai atsaucei. Lūdzu, iepazīstieties ar pievienotajiem dokumentiem. Atgādinām, ka pasākums notiks piektdien. Mēs novērtējam jūsu atsauksmes un ieteikumus. Atgādinām par rīt plānoto tikšanos. Nākamajā mēnesī tiks veiktas nelielas izmaiņas darba kārtībā.

Paldies par sadarbību!
Uzņēmuma komanda.",normal
Semināra programma,"Sveiki!

Informācija tiks papildināta, ja būs nepieciešamas izmaiņas. Sanāksmes laikā pārrunāsim aktuālos jautājumus. Mēs nosūtīsim papildu informāciju pēc tikšanās. Pasākuma sākums paredzēts plkst. 10.00. Lūdzu, saglabājiet šo ziņojumu turpmākai atsaucei. Pasākuma dalībniekiem būs pieejami visi nepieciešamie materiāli. Jūsu pasūtījums ir sagatavots un tiks nosūtīts tuvākajās dienās.

Ar cieņu,
Administrācija.",normal
Piegādes informācija,"Labdien!

Dokumenti būs pieejami arī klātienes tikšanās laikā. Atgādinām par rīt plānoto tikšanos. Ja jums ir jautājumi, varat sazināties ar mūsu klientu apkalpošanas nodaļu. Pasākuma sākums paredzēts plkst. 10.00.

Ar cieņu,
Skolas administrācija.",normal
Informācija par pasākumu,"Sveiki, komanda!

Piegāde ir plānota tuvāko trīs darba dienu laikā. Mēs vēlamies precizēt dažas detaļas par mūsu sadarbību. Informācija tiks papildināta, ja būs nepieciešamas izmaiņas.

Paldies!
Klientu serviss.",normal
Informācija par nodarbību,"Sveiki, Jāni!

Paldies par jūsu laiku un atsaucību. Šonedēļ esam sagatavojuši vairākus jaunumus. Sanāksmes laikā pārrunāsim aktuālos jautājumus. Papildu informāciju varat saņemt, sazinoties ar mums. Informācija par darba grafiku ir pievienota šim ziņojumam.

Veiksmīgu dienu!
Mūsu komanda.",normal
Aptauja par pakalpojumu,"Sveiki!

Paldies par jūsu iepriekšējo atbildi. Jūsu rezervācija ir veiksmīgi apstiprināta. Jūsu pasūtījums ir sagatavots un tiks nosūtīts tuvākajās dienās. Atgādinām par rīt plānoto tikšanos. Lūdzu, informējiet mūs, ja nevarēsiet piedalīties. Dokumenti būs pieejami arī klātienes tikšanās laikā.

Paldies!
Klientu serviss.",normal
Darba grafiks,"Sveiki, komanda!

Papildu informāciju varat saņemt, sazinoties ar mums. Lūdzu, dodiet mums ziņu, ja nepieciešams mainīt tikšanās laiku. Paldies par jūsu laiku un atsaucību. Piegāde ir plānota tuvāko trīs darba dienu laikā. Vēlamies informēt, ka mūsu tikšanās notiks nākamajā nedēļā. Aptauja aizņems tikai dažas minūtes.

Ar cieņu,
Projektu komanda.",normal
Informācija par nodarbību,"Sveiki, Jāni!

Lūdzu, saglabājiet šo ziņojumu turpmākai atsaucei. Pielikumā nosūtām informāciju par plānoto pasākumu. Paldies par jūsu laiku un atsaucību. Paldies, ka izmantojat mūsu pakalpojumus. Atgādinām, ka pasākums notiks piektdien.

Ar cieņu,
Klientu apkalpošanas nodaļa.",normal
Tikšanās par projektu,"Labdien, Anna!

Jūsu pasūtījums ir sagatavots un tiks nosūtīts tuvākajās dienās. Mēs novērtējam jūsu atsauksmes un ieteikumus. Mēs priecāsimies saņemt jūsu komentārus. Informācija par darba grafiku ir pievienota šim ziņojumam. Paldies, ka izmantojat mūsu pakalpojumus. Papildu informāciju varat saņemt, sazinoties ar mums. Atgādinām, ka pasākums notiks piektdien.

Lai jauka diena!
Mūsu komanda.",normal
Piegādes informācija,"Labdien, cienījamie klienti!

Sanāksmes laikā pārrunāsim aktuālos jautājumus. Nodarbība notiks ierastajā laikā. Nākamajā mēnesī tiks veiktas nelielas izmaiņas darba kārtībā. Piegāde ir plānota tuvāko trīs darba dienu laikā. Informācija tiks papildināta, ja būs nepieciešamas izmaiņas. Informācija par jaunumiem ir pieejama mūsu mājaslapā.

Lai jauka diena!
Mūsu komanda.",normal
Rezervācijas apstiprinājums,"Labdien, kolēģi!

Tikšanās laiks ir saskaņots ar visiem dalībniekiem. Ja nepieciešams, varam vienoties par citu laiku. Paldies par jūsu iepriekšējo atbildi. Ja jums ir jautājumi, varat sazināties ar mūsu klientu apkalpošanas nodaļu.

Ar cieņu,
Skolas administrācija.",normal
Aptauja par pakalpojumu,"Labdien, Anna!

Pasākuma dalībniekiem būs pieejami visi nepieciešamie materiāli. Atgādinām par rīt plānoto tikšanos. Mēs nosūtīsim papildu informāciju pēc tikšanās. Lūdzu, dodiet mums ziņu, ja nepieciešams mainīt tikšanās laiku. Atgādinām, ka pasākums notiks piektdien. Informācija par darba grafiku ir pievienota šim ziņojumam. Informācija tiks papildināta, ja būs nepieciešamas izmaiņas.

Paldies!
Klientu serviss.",normal
Informācija par pasākumu,"Sveiki, visiem!

Lūdzu, saglabājiet šo ziņojumu turpmākai atsaucei. Ja jums ir jautājumi, varat sazināties ar mūsu klientu apkalpošanas nodaļu. Atgādinām, ka pasākums notiks piektdien. Pasākuma dalībniekiem būs pieejami visi nepieciešamie materiāli. Darba grafiks nākamajai nedēļai ir sagatavots. Mēs priecāsimies saņemt jūsu komentārus. Papildu informāciju varat saņemt, sazinoties ar mums.

Veiksmīgu dienu!
Mūsu komanda.",normal
Nedēļas jaunumi,"Labdien, skolēni!

Informācija par jaunumiem ir pieejama mūsu mājaslapā. Informācija tiks papildināta, ja būs nepieciešamas izmaiņas. Nākamajā mēnesī tiks veiktas nelielas izmaiņas darba kārtībā. Lūdzu, saglabājiet šo ziņojumu turpmākai atsaucei. Ja jums ir jautājumi, varat sazināties ar mūsu klientu apkalpošanas nodaļu. Pielikumā nosūtām informāciju par plānoto pasākumu. Aptauja aizņems tikai dažas minūtes.

Ar cieņu,
Projektu komanda.",normal
Dokumentu nosūtīšana,"Labdien, kolēģi!

Lūdzu, iepazīstieties ar pievienotajiem dokumentiem. Ja nepieciešams, varam vienoties par citu laiku. Atgādinām, ka pasākums notiks piektdien. Informācija par darba grafiku ir pievienota šim ziņojumam.

Veiksmīgu dienu!
Mūsu komanda.",normal
Atvaļinājuma plāns,"Labdien, Anna!

Jūsu pasūtījums ir sagatavots un tiks nosūtīts tuvākajās dienās. Aptauja aizņems tikai dažas minūtes. Pasākuma dalībniekiem būs pieejami visi nepieciešamie materiāli. Nodarbība notiks ierastajā laikā.

Ar cieņu,
Klientu apkalpošanas nodaļa.",normal
Informācija par pasākumu,"Labdien!

Sanāksmes laikā pārrunāsim aktuālos jautājumus. Lūdzu, dodiet mums ziņu, ja nepieciešams mainīt tikšanās laiku. Mēs nosūtīsim papildu informāciju pēc tikšanās. Lūdzu, informējiet mūs, ja nevarēsiet piedalīties.

Ar cieņu,
Projektu komanda.",normal
Rezervācijas apstiprinājums,"Labdien, skolēni!

Vēlamies informēt, ka mūsu tikšanās notiks nākamajā nedēļā. Nodarbība notiks ierastajā laikā. Nākamajā mēnesī tiks veiktas nelielas izmaiņas darba kārtībā. Aptauja aizņems tikai dažas minūtes. Atgādinām, ka pasākums notiks piektdien.

Veiksmīgu dienu!
Mūsu komanda.",normal
Atvaļinājuma plāns,"Sveiki, Jāni!

Atgādinām, ka pasākums notiks piektdien. Ja nepieciešams, varam vienoties par citu laiku. Ja jums ir jautājumi, varat sazināties ar mūsu klientu apkalpošanas nodaļu.

Ar cieņu,
Klientu apkalpošanas nodaļa.",normal
Piegādes datums,"Labdien, cienījamie klienti!

Atgādinām, ka pasākums notiks piektdien. Paldies par jūsu iepriekšējo atbildi. Paldies, ka izmantojat mūsu pakalpojumus. Mēs priecāsimies saņemt jūsu komentārus. Šonedēļ esam sagatavojuši vairākus jaunumus. Atgādinām par rīt plānoto tikšanos. Piegāde ir plānota tuvāko trīs darba dienu laikā.

Paldies!
Klientu serviss.",normal
Rezervācijas apstiprinājums,"Sveiki, Jāni!

Lūdzu, iepazīstieties ar pievienotajiem dokumentiem. Lūdzu, dodiet mums ziņu, ja nepieciešams mainīt tikšanās laiku. Papildu informāciju varat saņemt, sazinoties ar mums. Mēs priecāsimies saņemt jūsu komentārus.

Paldies!
Klientu serviss.",normal
Aptauja par pakalpojumu,"Labdien, skolēni!

Atgādinām, ka pasākums notiks piektdien. Tikšanās laiks ir saskaņots ar visiem dalībniekiem. Paldies, ka izmantojat mūsu pakalpojumus.

Ar cieņu,
Skolas administrācija.",normal
Pasūtījuma statuss,"Sveiki, kolēģi!

Piegāde ir plānota tuvāko trīs darba dienu laikā. Paldies, ka izmantojat mūsu pakalpojumus. Atgādinām, ka pasākums notiks piektdien. Lūdzu, iepazīstieties ar pievienotajiem dokumentiem. Lūdzu, saglabājiet šo ziņojumu turpmākai atsaucei. Pielikumā nosūtām informāciju par plānoto pasākumu.

Ar cieņu,
Administrācija.",normal
Tikšanās par projektu,"Labdien, kolēģi!

Aptauja aizņems tikai dažas minūtes. Paldies, ka izmantojat mūsu pakalpojumus. Atgādinām par rīt plānoto tikšanos. Dokumenti būs pieejami arī klātienes tikšanās laikā.

Ar cieņu,
Projektu komanda.",normal
Informācija par nodarbību,"Labdien, Anna!

Sanāksmes laikā pārrunāsim aktuālos jautājumus. Dokumenti būs pieejami arī klātienes tikšanās laikā. Lūdzu, dodiet mums ziņu, ja nepieciešams mainīt tikšanās laiku.

Ar cieņu,
Projektu komanda.",normal
Tikšanās par projektu,"Labdien, skolēni!

Mēs novērtējam jūsu atsauksmes un ieteikumus. Atgādinām, ka pasākums notiks piektdien. Ja nepieciešams, varam vienoties par citu laiku.

Ar cieņu,
Skolas administrācija.",normal
Pasākuma programma,"Labdien, cienījamie klienti!

Mēs novērtējam jūsu atsauksmes un ieteikumus. Atgādinām, ka pasākums notiks piektdien. Paldies par jūsu laiku un atsaucību. Aptauja aizņems tikai dažas minūtes. Papildu informāciju varat saņemt, sazinoties ar mums. Pasākuma dalībniekiem būs pieejami visi nepieciešamie materiāli.

Ar cieņu,
Administrācija.",normal
Rezervācijas apstiprinājums,"Labdien, cienījamie klienti!

Jūsu rezervācija ir veiksmīgi apstiprināta. Pasākuma dalībniekiem būs pieejami visi nepieciešamie materiāli. Nākamajā mēnesī tiks veiktas nelielas izmaiņas darba kārtībā. Sanāksmes laikā pārrunāsim aktuālos jautājumus. Vēlamies informēt, ka mūsu tikšanās notiks nākamajā nedēļā. Darba grafiks nākamajai nedēļai ir sagatavots.

Ar cieņu,
Administrācija.",normal
Nedēļas jaunumi,"Sveiki, komanda!

Paldies par jūsu laiku un atsaucību. Mēs nosūtīsim papildu informāciju pēc tikšanās. Lūdzu, saglabājiet šo ziņojumu turpmākai atsaucei. Sanāksmes laikā pārrunāsim aktuālos jautājumus. Vēlamies informēt, ka mūsu tikšanās notiks nākamajā nedēļā.

Ar cieņu,
Klientu apkalpošanas nodaļa.",normal
Pasākuma programma,"Labdien, cienījamie klienti!

Mēs nosūtīsim papildu informāciju pēc tikšanās. Paldies, ka izmantojat mūsu pakalpojumus. Tikšanās laiks ir saskaņots ar visiem dalībniekiem. Vēlamies informēt, ka mūsu tikšanās notiks nākamajā nedēļā. Lūdzu, iepazīstieties ar pievienotajiem dokumentiem.

Lai jauka diena!
Mūsu komanda.",normal
Informācija klientiem,"Sveiki, komanda!

Pielikumā nosūtām informāciju par plānoto pasākumu. Dokumenti būs pieejami arī klātienes tikšanās laikā. Papildu informāciju varat saņemt, sazinoties ar mums. Nodarbība notiks ierastajā laikā. Aptauja aizņems tikai dažas minūtes. Atgādinām, ka pasākums notiks piektdien.

Paldies par sadarbību!
Uzņēmuma komanda.",normal
Mācību materiāli,"Sveiki, komanda!

Mēs priecāsimies saņemt jūsu komentārus. Lūdzu, informējiet mūs, ja nevarēsiet piedalīties. Paldies par jūsu laiku un atsaucību.

Veiksmīgu dienu!
Mūsu komanda.",normal
Rēķins par pakalpojumu,"Labdien, Anna!

Dokumenti būs pieejami arī klātienes tikšanās laikā. Papildu informāciju varat saņemt, sazinoties ar mums. Jūsu pasūtījums ir sagatavots un tiks nosūtīts tuvākajās dienās. Informācija par jaunumiem ir pieejama mūsu mājaslapā.

Ar cieņu,
Administrācija.",normal
Pateicība par sadarbību,"Sveiki, kolēģi!

Informācija tiks papildināta, ja būs nepieciešamas izmaiņas. Nodarbība notiks ierastajā laikā. Pasākuma dalībniekiem būs pieejami visi nepieciešamie materiāli. Informācija par darba grafiku ir pievienota šim ziņojumam. Atgādinām par rīt plānoto tikšanos. Jūsu rezervācija ir veiksmīgi apstiprināta.

Lai jauka diena!
Mūsu komanda.",normal
Aptauja par pakalpojumu,"Sveiki, Jāni!

Mēs priecāsimies saņemt jūsu komentārus. Pielikumā nosūtām informāciju par plānoto pasākumu. Paldies par jūsu iepriekšējo atbildi. Paldies, ka izmantojat mūsu pakalpojumus.

Ar cieņu,
Administrācija.",normal
Komandas sapulce,"Labdien, cienījamie klienti!

Ja nepieciešams, varam vienoties par citu laiku. Piegāde ir plānota tuvāko trīs darba dienu laikā. Mēs vēlamies precizēt dažas detaļas par mūsu sadarbību. Jūsu rezervācija ir veiksmīgi apstiprināta. Tikšanās laiks ir saskaņots ar visiem dalībniekiem. Mēs nosūtīsim papildu informāciju pēc tikšanās. Vēlamies informēt, ka mūsu tikšanās notiks nākamajā nedēļā.

Lai jauka diena!
Mūsu komanda.",normal
Pasūtījuma statuss,"Labdien, kolēģi!

Papildu informāciju varat saņemt, sazinoties ar mums. Informācija par darba grafiku ir pievienota šim ziņojumam. Aptauja aizņems tikai dažas minūtes. Šonedēļ esam sagatavojuši vairākus jaunumus.

Ar cieņu,
Projektu komanda.",normal
Jaunā darba kārtība,"Sveiki, komanda!

Mēs novērtējam jūsu atsauksmes un ieteikumus. Mēs priecāsimies saņemt jūsu komentārus. Nodarbība notiks ierastajā laikā.

Ar cieņu,
Klientu apkalpošanas nodaļa.",normal
Jaunā darba kārtība,"Labdien, skolēni!

Ja jums ir jautājumi, varat sazināties ar mūsu klientu apkalpošanas nodaļu. Šonedēļ esam sagatavojuši vairākus jaunumus. Jūsu pasūtījums ir sagatavots un tiks nosūtīts tuvākajās dienās. Tikšanās laiks ir saskaņots ar visiem dalībniekiem. Paldies par jūsu laiku un atsaucību. Vēlamies informēt, ka mūsu tikšanās notiks nākamajā nedēļā. Lūdzu, saglabājiet šo ziņojumu turpmākai atsaucei.

Ar cieņu,
Skolas administrācija.",normal
Jaunumi uzņēmumā,"Labdien, Anna!

Papildu informāciju varat saņemt, sazinoties ar mums. Lūdzu, informējiet mūs, ja nevarēsiet piedalīties. Informācija par darba grafiku ir pievienota šim ziņojumam. Paldies, ka izmantojat mūsu pakalpojumus. Mēs vēlamies precizēt dažas detaļas par mūsu sadarbību. Ja nepieciešams, varam vienoties par citu laiku. Aptauja aizņems tikai dažas minūtes.

Lai jauka diena!
Mūsu komanda.",normal
Piegādes datums,"Sveiki, komanda!

Tikšanās laiks ir saskaņots ar visiem dalībniekiem. Paldies, ka izmantojat mūsu pakalpojumus. Lūdzu, saglabājiet šo ziņojumu turpmākai atsaucei.

Paldies par sadarbību!
Uzņēmuma komanda.",normal
Atgādinājums par tikšanos,"Sveiki, komanda!

Vēlamies informēt, ka mūsu tikšanās notiks nākamajā nedēļā. Darba grafiks nākamajai nedēļai ir sagatavots. Piegāde ir plānota tuvāko trīs darba dienu laikā. Lūdzu, iepazīstieties ar pievienotajiem dokumentiem. Atgādinām, ka pasākums notiks piektdien. Mēs novērtējam jūsu atsauksmes un ieteikumus. Paldies, ka izmantojat mūsu pakalpojumus.

Paldies par sadarbību!
Uzņēmuma komanda.",normal
Komandas sapulce,"Labdien, kolēģi!

Ja nepieciešams, varam vienoties par citu laiku. Informācija par jaunumiem ir pieejama mūsu mājaslapā. Darba grafiks nākamajai nedēļai ir sagatavots.

Paldies par sadarbību!
Uzņēmuma komanda.",normal
Pasākuma programma,"Sveiki!

Paldies, ka izmantojat mūsu pakalpojumus. Aptauja aizņems tikai dažas minūtes. Informācija par darba grafiku ir pievienota šim ziņojumam.

Ar cieņu,
Administrācija.",normal
Pateicība par sadarbību,"Sveiki, kolēģi!

Informācija tiks papildināta, ja būs nepieciešamas izmaiņas. Pasākuma dalībniekiem būs pieejami visi nepieciešamie materiāli. Pasākuma sākums paredzēts plkst. 10.00. Aptauja aizņems tikai dažas minūtes. Ja nepieciešams, varam vienoties par citu laiku. Mēs priecāsimies saņemt jūsu komentārus. Nākamajā mēnesī tiks veiktas nelielas izmaiņas darba kārtībā.

Ar cieņu,
Administrācija.",normal
Jaunā darba kārtība,"Labdien, Anna!

Jūsu pasūtījums ir sagatavots un tiks nosūtīts tuvākajās dienās. Dokumenti būs pieejami arī klātienes tikšanās laikā. Mēs novērtējam jūsu atsauksmes un ieteikumus. Vēlamies informēt, ka mūsu tikšanās notiks nākamajā nedēļā. Ja jums ir jautājumi, varat sazināties ar mūsu klientu apkalpošanas nodaļu.

Ar cieņu,
Klientu apkalpošanas nodaļa.",normal
Rezervācijas apstiprinājums,"Sveiki!

Pasākuma dalībniekiem būs pieejami visi nepieciešamie materiāli. Dokumenti būs pieejami arī klātienes tikšanās laikā. Pasākuma sākums paredzēts plkst. 10.00. Ja nepieciešams, varam vienoties par citu laiku. Pielikumā nosūtām informāciju par plānoto pasākumu. Paldies par jūsu iepriekšējo atbildi.

Lai jauka diena!
Mūsu komanda.",normal
Rezervācijas apstiprinājums,"Sveiki!

Mēs vēlamies precizēt dažas detaļas par mūsu sadarbību. Pasākuma dalībniekiem būs pieejami visi nepieciešamie materiāli. Informācija tiks papildināta, ja būs nepieciešamas izmaiņas.

Ar cieņu,
Skolas administrācija.",normal
Bibliotēkas atgādinājums,"Sveiki, kolēģi!

Sanāksmes laikā pārrunāsim aktuālos jautājumus. Dokumenti būs pieejami arī klātienes tikšanās laikā. Lūdzu, saglabājiet šo ziņojumu turpmākai atsaucei. Atgādinām, ka pasākums notiks piektdien.

Ar cieņu,
Projektu komanda.",normal
Bibliotēkas atgādinājums,"Labdien!

Paldies, ka izmantojat mūsu pakalpojumus. Pielikumā nosūtām informāciju par plānoto pasākumu. Lūdzu, saglabājiet šo ziņojumu turpmākai atsaucei. Jūsu pasūtījums ir sagatavots un tiks nosūtīts tuvākajās dienās. Nākamajā mēnesī tiks veiktas nelielas izmaiņas darba kārtībā. Šonedēļ esam sagatavojuši vairākus jaunumus. Atgādinām, ka pasākums notiks piektdien.

Lai jauka diena!
Mūsu komanda.",normal
Darba grafiks,"Sveiki!

Papildu informāciju varat saņemt, sazinoties ar mums. Paldies par jūsu iepriekšējo atbildi. Ja nepieciešams, varam vienoties par citu laiku. Sanāksmes laikā pārrunāsim aktuālos jautājumus. Atgādinām par rīt plānoto tikšanos. Nākamajā mēnesī tiks veiktas nelielas izmaiņas darba kārtībā. Šonedēļ esam sagatavojuši vairākus jaunumus.

Veiksmīgu dienu!
Mūsu komanda.",normal
Aptauja par pakalpojumu,"Sveiki, kolēģi!

Mēs priecāsimies saņemt jūsu komentārus. Pasākuma dalībniekiem būs pieejami visi nepieciešamie materiāli. Mēs vēlamies precizēt dažas detaļas par mūsu sadarbību. Mēs nosūtīsim papildu informāciju pēc tikšanās. Vēlamies informēt, ka mūsu tikšanās notiks nākamajā nedēļā. Atgādinām par rīt plānoto tikšanos. Lūdzu, dodiet mums ziņu, ja nepieciešams mainīt tikšanās laiku.

Ar cieņu,
Administrācija.",normal
Jaunā darba kārtība,"Labdien!

Mēs vēlamies precizēt dažas detaļas par mūsu sadarbību. Tikšanās laiks ir saskaņots ar visiem dalībniekiem. Mēs novērtējam jūsu atsauksmes un ieteikumus. Informācija par darba grafiku ir pievienota šim ziņojumam.

Paldies par sadarbību!
Uzņēmuma komanda.",normal
Jaunumi uzņēmumā,"Labdien, skolēni!

Jūsu pasūtījums ir sagatavots un tiks nosūtīts tuvākajās dienās. Dokumenti būs pieejami arī klātienes tikšanās laikā. Mēs nosūtīsim papildu informāciju pēc tikšanās.

Lai jauka diena!
Mūsu komanda.",normal
Pasākuma programma,"Sveiki, komanda!

Lūdzu, informējiet mūs, ja nevarēsiet piedalīties. Pasākuma sākums paredzēts plkst. 10.00. Paldies, ka izmantojat mūsu pakalpojumus. Mēs nosūtīsim papildu informāciju pēc tikšanās. Pielikumā nosūtām informāciju par plānoto pasākumu. Paldies par jūsu laiku un atsaucību.

Lai jauka diena!
Mūsu komanda.",normal
Pateicība par sadarbību,"Sveiki, visiem!

Dokumenti būs pieejami arī klātienes tikšanās laikā. Pielikumā nosūtām informāciju par plānoto pasākumu. Atgādinām, ka pasākums notiks piektdien. Mēs priecāsimies saņemt jūsu komentārus. Jūsu rezervācija ir veiksmīgi apstiprināta. Pasākuma sākums paredzēts plkst. 10.00. Tikšanās laiks ir saskaņots ar visiem dalībniekiem.

Paldies!
Klientu serviss.",normal
Piegādes informācija,"Sveiki, Jāni!

Informācija tiks papildināta, ja būs nepieciešamas izmaiņas. Darba grafiks nākamajai nedēļai ir sagatavots. Nodarbība notiks ierastajā laikā.

Ar cieņu,
Administrācija.",normal
Pasākuma programma,"Sveiki, Jāni!

Mēs nosūtīsim papildu informāciju pēc tikšanās. Sanāksmes laikā pārrunāsim aktuālos jautājumus. Nodarbība notiks ierastajā laikā. Pielikumā nosūtām informāciju par plānoto pasākumu.

Lai jauka diena!
Mūsu komanda.",normal
Mācību materiāli,"Sveiki, Jāni!

Šonedēļ esam sagatavojuši vairākus jaunumus. Mēs vēlamies precizēt dažas detaļas par mūsu sadarbību. Aptauja aizņems tikai dažas minūtes. Ja nepieciešams, varam vienoties par citu laiku. Atgādinām par rīt plānoto tikšanos. Piegāde ir plānota tuvāko trīs darba dienu laikā. Mēs novērtējam jūsu atsauksmes un ieteikumus.

Paldies!
Klientu serviss.",normal
Piegādes datums,"Labdien, kolēģi!

Nodarbība notiks ierastajā laikā. Lūdzu, informējiet mūs, ja nevarēsiet piedalīties. Lūdzu, iepazīstieties ar pievienotajiem dokumentiem. Informācija par jaunumiem ir pieejama mūsu mājaslapā.

Veiksmīgu dienu!
Mūsu komanda.",normal
Darba grafiks,"Labdien, skolēni!

Lūdzu, iepazīstieties ar pievienotajiem dokumentiem. Mēs novērtējam jūsu atsauksmes un ieteikumus. Nākamajā mēnesī tiks veiktas nelielas izmaiņas darba kārtībā. Pielikumā nosūtām informāciju par plānoto pasākumu. Nodarbība notiks ierastajā laikā. Ja jums ir jautājumi, varat sazināties ar mūsu klientu apkalpošanas nodaļu. Paldies par jūsu laiku un atsaucību.

Ar cieņu,
Administrācija.",normal
Atgādinājums par tikšanos,"Labdien, Anna!

Lūdzu, saglabājiet šo ziņojumu turpmākai atsaucei. Nākamajā mēnesī tiks veiktas nelielas izmaiņas darba kārtībā. Atgādinām, ka pasākums notiks piektdien. Lūdzu, dodiet mums ziņu, ja nepieciešams mainīt tikšanās laiku. Pasākuma sākums paredzēts plkst. 10.00. Informācija par darba grafiku ir pievienota šim ziņojumam.

Ar cieņu,
Administrācija.",normal
Mēneša pārskats,"Sveiki, Jāni!

Darba grafiks nākamajai nedēļai ir sagatavots. Paldies par jūsu laiku un atsaucību. Ja nepieciešams, varam vienoties par citu laiku.

Ar cieņu,
Projektu komanda.",normal
Pateicība par sadarbību,"Labdien!

Vēlamies informēt, ka mūsu tikšanās notiks nākamajā nedēļā. Paldies par jūsu iepriekšējo atbildi. Informācija par jaunumiem ir pieejama mūsu mājaslapā. Paldies par jūsu laiku un atsaucību.

Ar cieņu,
Skolas administrācija.",normal
Nedēļas jaunumi,"Labdien, cienījamie klienti!

Mēs novērtējam jūsu atsauksmes un ieteikumus. Atgādinām, ka pasākums notiks piektdien. Mēs nosūtīsim papildu informāciju pēc tikšanās. Nodarbība notiks ierastajā laikā. Mēs priecāsimies saņemt jūsu komentārus. Piegāde ir plānota tuvāko trīs darba dienu laikā. Lūdzu, saglabājiet šo ziņojumu turpmākai atsaucei.

Ar cieņu,
Skolas administrācija.",normal
Piegādes informācija,"Labdien, skolēni!

Dokumenti būs pieejami arī klātienes tikšanās laikā. Jūsu rezervācija ir veiksmīgi apstiprināta. Piegāde ir plānota tuvāko trīs darba dienu laikā. Tikšanās laiks ir saskaņots ar visiem dalībniekiem. Nodarbība notiks ierastajā laikā. Vēlamies informēt, ka mūsu tikšanās notiks nākamajā nedēļā. Pielikumā nosūtām informāciju par plānoto pasākumu.

Ar cieņu,
Projektu komanda.",normal
Pasūtījuma statuss,"Labdien, Anna!

Šonedēļ esam sagatavojuši vairākus jaunumus. Ja jums ir jautājumi, varat sazināties ar mūsu klientu apkalpošanas nodaļu. Mēs nosūtīsim papildu informāciju pēc tikšanās. Lūdzu, saglabājiet šo ziņojumu turpmākai atsaucei. Informācija par jaunumiem ir pieejama mūsu mājaslapā. Paldies, ka izmantojat mūsu pakalpojumus.

Lai jauka diena!
Mūsu komanda.",normal
Tikšanās laika maiņa,"Labdien!

Pasākuma dalībniekiem būs pieejami visi nepieciešamie materiāli. Informācija par jaunumiem ir pieejama mūsu mājaslapā. Atgādinām par rīt plānoto tikšanos. Mēs nosūtīsim papildu informāciju pēc tikšanās. Atgādinām, ka pasākums notiks piektdien.

Paldies par sadarbību!
Uzņēmuma komanda.",normal
Komandas sapulce,"Sveiki, visiem!

Vēlamies informēt, ka mūsu tikšanās notiks nākamajā nedēļā. Lūdzu, dodiet mums ziņu, ja nepieciešams mainīt tikšanās laiku. Pasākuma dalībniekiem būs pieejami visi nepieciešamie materiāli. Atgādinām, ka pasākums notiks piektdien.

Ar cieņu,
Skolas administrācija.",normal
Jaunā darba kārtība,"Labdien, kolēģi!

Jūsu rezervācija ir veiksmīgi apstiprināta. Atgādinām par rīt plānoto tikšanos. Lūdzu, informējiet mūs, ja nevarēsiet piedalīties. Sanāksmes laikā pārrunāsim aktuālos jautājumus.

Ar cieņu,
Klientu apkalpošanas nodaļa.",normal
Atvaļinājuma plāns,"Sveiki, Jāni!

Papildu informāciju varat saņemt, sazinoties ar mums. Atgādinām, ka pasākums notiks piektdien. Informācija par jaunumiem ir pieejama mūsu mājaslapā. Mēs nosūtīsim papildu informāciju pēc tikšanās. Lūdzu, informējiet mūs, ja nevarēsiet piedalīties. Nākamajā mēnesī tiks veiktas nelielas izmaiņas darba kārtībā.

Ar cieņu,
Projektu komanda.",normal
Nedēļas jaunumi,"Labdien, skolēni!

Pasākuma sākums paredzēts plkst. 10.00. Informācija par jaunumiem ir pieejama mūsu mājaslapā. Paldies, ka izmantojat mūsu pakalpojumus. Lūdzu, iepazīstieties ar pievienotajiem dokumentiem. Atgādinām par rīt plānoto tikšanos. Nodarbība notiks ierastajā laikā. Sanāksmes laikā pārrunāsim aktuālos jautājumus.

Ar cieņu,
Projektu komanda.",normal
Piegādes informācija,"Labdien, Anna!

Lūdzu, informējiet mūs, ja nevarēsiet piedalīties. Aptauja aizņems tikai dažas minūtes. Vēlamies informēt, ka mūsu tikšanās notiks nākamajā nedēļā. Tikšanās laiks ir saskaņots ar visiem dalībniekiem.

Ar cieņu,
Administrācija.",normal
Dokumentu nosūtīšana,"Labdien, kolēģi!

Atgādinām par rīt plānoto tikšanos. Mēs priecāsimies saņemt jūsu komentārus. Mēs nosūtīsim papildu informāciju pēc tikšanās. Informācija par darba grafiku ir pievienota šim ziņojumam.

Ar cieņu,
Administrācija.",normal
Informācija par nodarbību,"Sveiki, visiem!

Mēs vēlamies precizēt dažas detaļas par mūsu sadarbību. Nākamajā mēnesī tiks veiktas nelielas izmaiņas darba kārtībā. Lūdzu, iepazīstieties ar pievienotajiem dokumentiem.

Ar cieņu,
Skolas administrācija.",normal
Dokumentu nosūtīšana,"Sveiki, kolēģi!

Lūdzu, iepazīstieties ar pievienotajiem dokumentiem. Lūdzu, saglabājiet šo ziņojumu turpmākai atsaucei. Nodarbība notiks ierastajā laikā. Atgādinām par rīt plānoto tikšanos.

Lai jauka diena!
Mūsu komanda.",normal
Dokumentu nosūtīšana,"Sveiki, Jāni!

Tikšanās laiks ir saskaņots ar visiem dalībniekiem. Ja nepieciešams, varam vienoties par citu laiku. Lūdzu, informējiet mūs, ja nevarēsiet piedalīties. Darba grafiks nākamajai nedēļai ir sagatavots. Jūsu pasūtījums ir sagatavots un tiks nosūtīts tuvākajās dienās. Lūdzu, dodiet mums ziņu, ja nepieciešams mainīt tikšanās laiku. Paldies par jūsu iepriekšējo atbildi.

Veiksmīgu dienu!
Mūsu komanda.",normal
Pateicība par sadarbību,"Sveiki, Jāni!

Atgādinām par rīt plānoto tikšanos. Pielikumā nosūtām informāciju par plānoto pasākumu. Ja jums ir jautājumi, varat sazināties ar mūsu klientu apkalpošanas nodaļu. Papildu informāciju varat saņemt, sazinoties ar mums. Sanāksmes laikā pārrunāsim aktuālos jautājumus. Jūsu pasūtījums ir sagatavots un tiks nosūtīts tuvākajās dienās. Jūsu rezervācija ir veiksmīgi apstiprināta.

Ar cieņu,
Projektu komanda.",normal
Semināra programma,"Labdien, kolēģi!

Paldies par jūsu iepriekšējo atbildi. Jūsu rezervācija ir veiksmīgi apstiprināta. Atgādinām par rīt plānoto tikšanos. Aptauja aizņems tikai dažas minūtes. Paldies, ka izmantojat mūsu pakalpojumus. Šonedēļ esam sagatavojuši vairākus jaunumus.

Ar cieņu,
Administrācija.",normal
Dokumentu nosūtīšana,"Sveiki, kolēģi!

Ja jums ir jautājumi, varat sazināties ar mūsu klientu apkalpošanas nodaļu. Paldies, ka izmantojat mūsu pakalpojumus. Vēlamies informēt, ka mūsu tikšanās notiks nākamajā nedēļā. Atgādinām, ka pasākums notiks piektdien.

Paldies!
Klientu serviss.",normal
Informācija klientiem,"Labdien, Anna!

Paldies par jūsu laiku un atsaucību. Paldies par jūsu iepriekšējo atbildi. Nodarbība notiks ierastajā laikā. Darba grafiks nākamajai nedēļai ir sagatavots. Jūsu pasūtījums ir sagatavots un tiks nosūtīts tuvākajās dienās. Nākamajā mēnesī tiks veiktas nelielas izmaiņas darba kārtībā.

Ar cieņu,
Administrācija.",normal
Informācija par nodarbību,"Labdien!

Jūsu rezervācija ir veiksmīgi apstiprināta. Pielikumā nosūtām informāciju par plānoto pasākumu. Mēs priecāsimies saņemt jūsu komentārus.

Paldies!
Klientu serviss.",normal
Piegādes datums,"Sveiki, kolēģi!

Pasākuma sākums paredzēts plkst. 10.00. Jūsu pasūtījums ir sagatavots un tiks nosūtīts tuvākajās dienās. Darba grafiks nākamajai nedēļai ir sagatavots. Sanāksmes laikā pārrunāsim aktuālos jautājumus. Mēs priecāsimies saņemt jūsu komentārus. Paldies par jūsu iepriekšējo atbildi. Pielikumā nosūtām informāciju par plānoto pasākumu.

Paldies par sadarbību!
Uzņēmuma komanda.",normal
Pasūtījuma statuss,"Labdien, cienījamie klienti!

Pasākuma sākums paredzēts plkst. 10.00. Ja jums ir jautājumi, varat sazināties ar mūsu klientu apkalpošanas nodaļu. Pasākuma dalībniekiem būs pieejami visi nepieciešamie materiāli. Lūdzu, saglabājiet šo ziņojumu turpmākai atsaucei.

Lai jauka diena!
Mūsu komanda.",normal
Jaunumi uzņēmumā,"Sveiki, visiem!

Paldies par jūsu iepriekšējo atbildi. Pielikumā nosūtām informāciju par plānoto pasākumu. Mēs vēlamies precizēt dažas detaļas par mūsu sadarbību. Atgādinām par rīt plānoto tikšanos. Jūsu rezervācija ir veiksmīgi apstiprināta.

Paldies!
Klientu serviss.",normal
Pateicība par sadarbību,"Sveiki, Jāni!

Pielikumā nosūtām informāciju par plānoto pasākumu. Ja jums ir jautājumi, varat sazināties ar mūsu klientu apkalpošanas nodaļu. Informācija par darba grafiku ir pievienota šim ziņojumam. Papildu informāciju varat saņemt, sazinoties ar mums. Jūsu pasūtījums ir sagatavots un tiks nosūtīts tuvākajās dienās. Šonedēļ esam sagatavojuši vairākus jaunumus.

Ar cieņu,
Skolas administrācija.",normal
Pasākuma programma,"Sveiki, komanda!

Informācija par darba grafiku ir pievienota šim ziņojumam. Ja nepieciešams, varam vienoties par citu laiku. Jūsu pasūtījums ir sagatavots un tiks nosūtīts tuvākajās dienās. Aptauja aizņems tikai dažas minūtes.

Ar cieņu,
Projektu komanda.",normal
Piegādes datums,"Sveiki, visiem!

Mēs nosūtīsim papildu informāciju pēc tikšanās. Jūsu rezervācija ir veiksmīgi apstiprināta. Lūdzu, informējiet mūs, ja nevarēsiet piedalīties. Pasākuma sākums paredzēts plkst. 10.00.

Paldies!
Klientu serviss.",normal
Komandas sapulce,"Labdien, skolēni!

Mēs priecāsimies saņemt jūsu komentārus. Pielikumā nosūtām informāciju par plānoto pasākumu. Papildu informāciju varat saņemt, sazinoties ar mums. Paldies, ka izmantojat mūsu pakalpojumus. Šonedēļ esam sagatavojuši vairākus jaunumus.

Paldies!
Klientu serviss.",normal
Atgādinājums par tikšanos,"Sveiki, visiem!

Pasākuma dalībniekiem būs pieejami visi nepieciešamie materiāli. Paldies par jūsu iepriekšējo atbildi. Šonedēļ esam sagatavojuši vairākus jaunumus. Ja nepieciešams, varam vienoties par citu laiku. Pasākuma sākums paredzēts plkst. 10.00. Nākamajā mēnesī tiks veiktas nelielas izmaiņas darba kārtībā.

Ar cieņu,
Klientu apkalpošanas nodaļa.",normal
Bibliotēkas atgādinājums,"Labdien, kolēģi!

Lūdzu, dodiet mums ziņu, ja nepieciešams mainīt tikšanās laiku. Ja jums ir jautājumi, varat sazināties ar mūsu klientu apkalpošanas nodaļu. Piegāde ir plānota tuvāko trīs darba dienu laikā. Informācija tiks papildināta, ja būs nepieciešamas izmaiņas. Lūdzu, saglabājiet šo ziņojumu turpmākai atsaucei. Mēs novērtējam jūsu atsauksmes un ieteikumus. Mēs priecāsimies saņemt jūsu komentārus.

Ar cieņu,
Skolas administrācija.",normal
Nedēļas jaunumi,"Labdien, cienījamie klienti!

Nodarbība notiks ierastajā laikā. Mēs nosūtīsim papildu informāciju pēc tikšanās. Mēs novērtējam jūsu atsauksmes un ieteikumus. Lūdzu, informējiet mūs, ja nevarēsiet piedalīties. Sanāksmes laikā pārrunāsim aktuālos jautājumus.

Lai jauka diena!
Mūsu komanda.",normal
Jaunumi uzņēmumā,"Labdien, kolēģi!

Jūsu rezervācija ir veiksmīgi apstiprināta. Dokumenti būs pieejami arī klātienes tikšanās laikā. Vēlamies informēt, ka mūsu tikšanās notiks nākamajā nedēļā.

Paldies!
Klientu serviss.",normal
Nedēļas jaunumi,"Sveiki, komanda!

Lūdzu, informējiet mūs, ja nevarēsiet piedalīties. Jūsu pasūtījums ir sagatavots un tiks nosūtīts tuvākajās dienās. Mēs vēlamies precizēt dažas detaļas par mūsu sadarbību. Nodarbība notiks ierastajā laikā. Ja nepieciešams, varam vienoties par citu laiku. Mēs novērtējam jūsu atsauksmes un ieteikumus. Papildu informāciju varat saņemt, sazinoties ar mums.

Lai jauka diena!
Mūsu komanda.",normal
Mācību materiāli,"Labdien, skolēni!

Dokumenti būs pieejami arī klātienes tikšanās laikā. Darba grafiks nākamajai nedēļai ir sagatavots. Paldies, ka izmantojat mūsu pakalpojumus. Aptauja aizņems tikai dažas minūtes. Pasākuma dalībniekiem būs pieejami visi nepieciešamie materiāli.

Paldies!
Klientu serviss.",normal
Informācija klientiem,"Sveiki, komanda!

Jūsu pasūtījums ir sagatavots un tiks nosūtīts tuvākajās dienās. Pielikumā nosūtām informāciju par plānoto pasākumu. Atgādinām, ka pasākums notiks piektdien.

Lai jauka diena!
Mūsu komanda.",normal
Darba grafiks,"Sveiki, Jāni!

Nākamajā mēnesī tiks veiktas nelielas izmaiņas darba kārtībā. Paldies par jūsu laiku un atsaucību. Piegāde ir plānota tuvāko trīs darba dienu laikā. Mēs priecāsimies saņemt jūsu komentārus.

Ar cieņu,
Skolas administrācija.",normal
Darba grafiks,"Sveiki, kolēģi!

Dokumenti būs pieejami arī klātienes tikšanās laikā. Nākamajā mēnesī tiks veiktas nelielas izmaiņas darba kārtībā. Mēs nosūtīsim papildu informāciju pēc tikšanās.

Paldies par sadarbību!
Uzņēmuma komanda.",normal
Atvaļinājuma plāns,"Labdien, cienījamie klienti!

Informācija par jaunumiem ir pieejama mūsu mājaslapā. Pielikumā nosūtām informāciju par plānoto pasākumu. Informācija tiks papildināta, ja būs nepieciešamas izmaiņas.

Ar cieņu,
Skolas administrācija.",normal
Jaunumi uzņēmumā,"Sveiki, kolēģi!

Atgādinām, ka pasākums notiks piektdien. Mēs priecāsimies saņemt jūsu komentārus. Šonedēļ esam sagatavojuši vairākus jaunumus. Informācija par darba grafiku ir pievienota šim ziņojumam. Mēs novērtējam jūsu atsauksmes un ieteikumus.

Ar cieņu,
Klientu apkalpošanas nodaļa.",normal
Mēneša pārskats,"Labdien, cienījamie klienti!

Lūdzu, dodiet mums ziņu, ja nepieciešams mainīt tikšanās laiku. Ja jums ir jautājumi, varat sazināties ar mūsu klientu apkalpošanas nodaļu. Paldies par jūsu laiku un atsaucību. Tikšanās laiks ir saskaņots ar visiem dalībniekiem. Lūdzu, saglabājiet šo ziņojumu turpmākai atsaucei.

Ar cieņu,
Administrācija.",normal
Atgādinājums par tikšanos,"Sveiki!

Piegāde ir plānota tuvāko trīs darba dienu laikā. Mēs novērtējam jūsu atsauksmes un ieteikumus. Lūdzu, saglabājiet šo ziņojumu turpmākai atsaucei. Paldies, ka izmantojat mūsu pakalpojumus.

Paldies par sadarbību!
Uzņēmuma komanda.",normal
Informācija par pasākumu,"Sveiki, visiem!

Dokumenti būs pieejami arī klātienes tikšanās laikā. Lūdzu, dodiet mums ziņu, ja nepieciešams mainīt tikšanās laiku. Sanāksmes laikā pārrunāsim aktuālos jautājumus.

Veiksmīgu dienu!
Mūsu komanda.",normal
Mācību materiāli,"Labdien, skolēni!

Tikšanās laiks ir saskaņots ar visiem dalībniekiem. Ja jums ir jautājumi, varat sazināties ar mūsu klientu apkalpošanas nodaļu. Mēs vēlamies precizēt dažas detaļas par mūsu sadarbību.

Ar cieņu,
Klientu apkalpošanas nodaļa.",normal
Rezervācijas apstiprinājums,"Labdien, Anna!

Informācija par jaunumiem ir pieejama mūsu mājaslapā. Dokumenti būs pieejami arī klātienes tikšanās laikā. Informācija par darba grafiku ir pievienota šim ziņojumam. Lūdzu, dodiet mums ziņu, ja nepieciešams mainīt tikšanās laiku.

Ar cieņu,
Klientu apkalpošanas nodaļa.",normal
Tikšanās par projektu,"Sveiki, kolēģi!

Vēlamies informēt, ka mūsu tikšanās notiks nākamajā nedēļā. Darba grafiks nākamajai nedēļai ir sagatavots. Lūdzu, iepazīstieties ar pievienotajiem dokumentiem.

Paldies par sadarbību!
Uzņēmuma komanda.",normal
Piegādes datums,"Labdien, skolēni!

Pielikumā nosūtām informāciju par plānoto pasākumu. Paldies par jūsu iepriekšējo atbildi. Piegāde ir plānota tuvāko trīs darba dienu laikā. Papildu informāciju varat saņemt, sazinoties ar mums. Šonedēļ esam sagatavojuši vairākus jaunumus. Dokumenti būs pieejami arī klātienes tikšanās laikā. Pasākuma sākums paredzēts plkst. 10.00.

Lai jauka diena!
Mūsu komanda.",normal
Informācija klientiem,"Sveiki, Jāni!

Pielikumā nosūtām informāciju par plānoto pasākumu. Paldies par jūsu laiku un atsaucību. Aptauja aizņems tikai dažas minūtes.

Ar cieņu,
Projektu komanda.",normal
Mācību materiāli,"Sveiki, komanda!

Šonedēļ esam sagatavojuši vairākus jaunumus. Jūsu pasūtījums ir sagatavots un tiks nosūtīts tuvākajās dienās. Informācija par jaunumiem ir pieejama mūsu mājaslapā.

Ar cieņu,
Administrācija.",normal
Informācija klientiem,"Labdien, kolēģi!

Lūdzu, informējiet mūs, ja nevarēsiet piedalīties. Mēs priecāsimies saņemt jūsu komentārus. Mēs novērtējam jūsu atsauksmes un ieteikumus. Nākamajā mēnesī tiks veiktas nelielas izmaiņas darba kārtībā. Informācija par darba grafiku ir pievienota šim ziņojumam. Informācija tiks papildināta, ja būs nepieciešamas izmaiņas. Mēs vēlamies precizēt dažas detaļas par mūsu sadarbību.

Ar cieņu,
Skolas administrācija.",normal
Rēķins par pakalpojumu,"Labdien, cienījamie klienti!

Paldies, ka izmantojat mūsu pakalpojumus. Šonedēļ esam sagatavojuši vairākus jaunumus. Sanāksmes laikā pārrunāsim aktuālos jautājumus. Jūsu pasūtījums ir sagatavots un tiks nosūtīts tuvākajās dienās.

Lai jauka diena!
Mūsu komanda.",normal
Pasākuma programma,"Sveiki!

Tikšanās laiks ir saskaņots ar visiem dalībniekiem. Paldies par jūsu iepriekšējo atbildi. Mēs priecāsimies saņemt jūsu komentārus. Paldies, ka izmantojat mūsu pakalpojumus. Ja nepieciešams, varam vienoties par citu laiku. Darba grafiks nākamajai nedēļai ir sagatavots. Piegāde ir plānota tuvāko trīs darba dienu laikā.

Paldies par sadarbību!
Uzņēmuma komanda.",normal
Nedēļas jaunumi,"Sveiki, kolēģi!

Pasākuma sākums paredzēts plkst. 10.00. Paldies, ka izmantojat mūsu pakalpojumus. Lūdzu, saglabājiet šo ziņojumu turpmākai atsaucei. Mēs nosūtīsim papildu informāciju pēc tikšanās.

Paldies par sadarbību!
Uzņēmuma komanda.",normal
Tikšanās laika maiņa,"Sveiki, visiem!

Šonedēļ esam sagatavojuši vairākus jaunumus. Paldies par jūsu laiku un atsaucību. Dokumenti būs pieejami arī klātienes tikšanās laikā.

Paldies par sadarbību!
Uzņēmuma komanda.",normal
Jaunumi uzņēmumā,"Labdien, cienījamie klienti!

Lūdzu, dodiet mums ziņu, ja nepieciešams mainīt tikšanās laiku. Ja nepieciešams, varam vienoties par citu laiku. Mēs priecāsimies saņemt jūsu komentārus. Paldies, ka izmantojat mūsu pakalpojumus. Paldies par jūsu laiku un atsaucību. Nākamajā mēnesī tiks veiktas nelielas izmaiņas darba kārtībā. Darba grafiks nākamajai nedēļai ir sagatavots.

Lai jauka diena!
Mūsu komanda.",normal
Darba grafiks,"Sveiki, komanda!

Lūdzu, informējiet mūs, ja nevarēsiet piedalīties. Mēs priecāsimies saņemt jūsu komentārus. Aptauja aizņems tikai dažas minūtes.

Lai jauka diena!
Mūsu komanda.",normal
Atvaļinājuma plāns,"Labdien, kolēģi!

Mēs vēlamies precizēt dažas detaļas par mūsu sadarbību. Lūdzu, iepazīstieties ar pievienotajiem dokumentiem. Paldies par jūsu iepriekšējo atbildi. Informācija par jaunumiem ir pieejama mūsu mājaslapā. Nākamajā mēnesī tiks veiktas nelielas izmaiņas darba kārtībā. Aptauja aizņems tikai dažas minūtes.

Paldies!
Klientu serviss.",normal
Rezervācijas apstiprinājums,"Sveiki, komanda!

Pasākuma sākums paredzēts plkst. 10.00. Atgādinām par rīt plānoto tikšanos. Mēs vēlamies precizēt dažas detaļas par mūsu sadarbību. Informācija par darba grafiku ir pievienota šim ziņojumam. Sanāksmes laikā pārrunāsim aktuālos jautājumus. Piegāde ir plānota tuvāko trīs darba dienu laikā.

Paldies par sadarbību!
Uzņēmuma komanda.",normal
Nedēļas jaunumi,"Sveiki!

Lūdzu, iepazīstieties ar pievienotajiem dokumentiem. Pielikumā nosūtām informāciju par plānoto pasākumu. Lūdzu, dodiet mums ziņu, ja nepieciešams mainīt tikšanās laiku.

Lai jauka diena!
Mūsu komanda.",normal
Informācija par nodarbību,"Sveiki, kolēģi!

Mēs priecāsimies saņemt jūsu komentārus. Aptauja aizņems tikai dažas minūtes. Nākamajā mēnesī tiks veiktas nelielas izmaiņas darba kārtībā. Tikšanās laiks ir saskaņots ar visiem dalībniekiem. Jūsu rezervācija ir veiksmīgi apstiprināta.

Ar cieņu,
Administrācija.",normal
Mēneša pārskats,"Labdien, skolēni!

Piegāde ir plānota tuvāko trīs darba dienu laikā. Šonedēļ esam sagatavojuši vairākus jaunumus. Pielikumā nosūtām informāciju par plānoto pasākumu. Mēs nosūtīsim papildu informāciju pēc tikšanās.

Paldies par sadarbību!
Uzņēmuma komanda.",normal
Informācija par nodarbību,"Labdien, cienījamie klienti!

Lūdzu, informējiet mūs, ja nevarēsiet piedalīties. Informācija tiks papildināta, ja būs nepieciešamas izmaiņas. Informācija par jaunumiem ir pieejama mūsu mājaslapā. Pasākuma sākums paredzēts plkst. 10.00.

Ar cieņu,
Projektu komanda.",normal
Pasākuma programma,"Sveiki, kolēģi!

Mēs vēlamies precizēt dažas detaļas par mūsu sadarbību. Ja nepieciešams, varam vienoties par citu laiku. Vēlamies informēt, ka mūsu tikšanās notiks nākamajā nedēļā. Aptauja aizņems tikai dažas minūtes. Lūdzu, dodiet mums ziņu, ja nepieciešams mainīt tikšanās laiku.

Paldies!
Klientu serviss.",normal
Jaunumi uzņēmumā,"Sveiki, Jāni!

Informācija tiks papildināta, ja būs nepieciešamas izmaiņas. Lūdzu, saglabājiet šo ziņojumu turpmākai atsaucei. Darba grafiks nākamajai nedēļai ir sagatavots. Ja jums ir jautājumi, varat sazināties ar mūsu klientu apkalpošanas nodaļu. Pielikumā nosūtām informāciju par plānoto pasākumu.

Veiksmīgu dienu!
Mūsu komanda.",normal
Atgādinājums par tikšanos,"Labdien, cienījamie klienti!

Jūsu rezervācija ir veiksmīgi apstiprināta. Pasākuma sākums paredzēts plkst. 10.00. Pasākuma dalībniekiem būs pieejami visi nepieciešamie materiāli. Tikšanās laiks ir saskaņots ar visiem dalībniekiem. Atgādinām, ka pasākums notiks piektdien.

Ar cieņu,
Administrācija.",normal
Semināra programma,"Sveiki, Jāni!

Lūdzu, informējiet mūs, ja nevarēsiet piedalīties. Piegāde ir plānota tuvāko trīs darba dienu laikā. Informācija par jaunumiem ir pieejama mūsu mājaslapā. Nākamajā mēnesī tiks veiktas nelielas izmaiņas darba kārtībā. Paldies par jūsu laiku un atsaucību. Paldies, ka izmantojat mūsu pakalpojumus. Šonedēļ esam sagatavojuši vairākus jaunumus.

Ar cieņu,
Administrācija.",normal
Semināra programma,"Sveiki!

Informācija tiks papildināta, ja būs nepieciešamas izmaiņas. Aptauja aizņems tikai dažas minūtes. Lūdzu, dodiet mums ziņu, ja nepieciešams mainīt tikšanās laiku.

Veiksmīgu dienu!
Mūsu komanda.",normal
Rezervācijas apstiprinājums,"Sveiki, visiem!

Nodarbība notiks ierastajā laikā. Paldies, ka izmantojat mūsu pakalpojumus. Lūdzu, iepazīstieties ar pievienotajiem dokumentiem. Papildu informāciju varat saņemt, sazinoties ar mums. Darba grafiks nākamajai nedēļai ir sagatavots. Atgādinām, ka pasākums notiks piektdien. Informācija par darba grafiku ir pievienota šim ziņojumam.

Ar cieņu,
Administrācija.",normal
Pateicība par sadarbību,"Labdien, kolēģi!

Dokumenti būs pieejami arī klātienes tikšanās laikā. Nākamajā mēnesī tiks veiktas nelielas izmaiņas darba kārtībā. Mēs nosūtīsim papildu informāciju pēc tikšanās. Papildu informāciju varat saņemt, sazinoties ar mums.

Lai jauka diena!
Mūsu komanda.",normal
Jaunā darba kārtība,"Sveiki!

Jūsu pasūtījums ir sagatavots un tiks nosūtīts tuvākajās dienās. Paldies, ka izmantojat mūsu pakalpojumus. Jūsu rezervācija ir veiksmīgi apstiprināta. Nākamajā mēnesī tiks veiktas nelielas izmaiņas darba kārtībā. Mēs vēlamies precizēt dažas detaļas par mūsu sadarbību.

Paldies par sadarbību!
Uzņēmuma komanda.",normal
Pasūtījuma statuss,"Labdien!

Informācija par darba grafiku ir pievienota šim ziņojumam. Lūdzu, saglabājiet šo ziņojumu turpmākai atsaucei. Papildu informāciju varat saņemt, sazinoties ar mums. Jūsu pasūtījums ir sagatavots un tiks nosūtīts tuvākajās dienās. Lūdzu, informējiet mūs, ja nevarēsiet piedalīties. Tikšanās laiks ir saskaņots ar visiem dalībniekiem. Ja jums ir jautājumi, varat sazināties ar mūsu klientu apkalpošanas nodaļu.

Lai jauka diena!
Mūsu komanda.",normal
Nedēļas jaunumi,"Labdien, skolēni!

Pielikumā nosūtām informāciju par plānoto pasākumu. Darba grafiks nākamajai nedēļai ir sagatavots. Informācija par darba grafiku ir pievienota šim ziņojumam.

Lai jauka diena!
Mūsu komanda.",normal
Pasākuma programma,"Sveiki!

Informācija par jaunumiem ir pieejama mūsu mājaslapā. Sanāksmes laikā pārrunāsim aktuālos jautājumus. Jūsu rezervācija ir veiksmīgi apstiprināta. Šonedēļ esam sagatavojuši vairākus jaunumus. Mēs nosūtīsim papildu informāciju pēc tikšanās. Papildu informāciju varat saņemt, sazinoties ar mums. Lūdzu, iepazīstieties ar pievienotajiem dokumentiem.

Veiksmīgu dienu!
Mūsu komanda.",normal
Bibliotēkas atgādinājums,"Labdien, cienījamie klienti!

Atgādinām par rīt plānoto tikšanos. Pasākuma dalībniekiem būs pieejami visi nepieciešamie materiāli. Pielikumā nosūtām informāciju par plānoto pasākumu.

Ar cieņu,
Klientu apkalpošanas nodaļa.",normal
Informācija klientiem,"Labdien, cienījamie klienti!

Pasākuma sākums paredzēts plkst. 10.00. Šonedēļ esam sagatavojuši vairākus jaunumus. Darba grafiks nākamajai nedēļai ir sagatavots. Paldies par jūsu laiku un atsaucību.

Veiksmīgu dienu!
Mūsu komanda.",normal
Rēķins par pakalpojumu,"Sveiki!

Pielikumā nosūtām informāciju par plānoto pasākumu. Lūdzu, informējiet mūs, ja nevarēsiet piedalīties. Pasākuma dalībniekiem būs pieejami visi nepieciešamie materiāli. Jūsu pasūtījums ir sagatavots un tiks nosūtīts tuvākajās dienās. Lūdzu, iepazīstieties ar pievienotajiem dokumentiem. Vēlamies informēt, ka mūsu tikšanās notiks nākamajā nedēļā. Mēs nosūtīsim papildu informāciju pēc tikšanās.

Ar cieņu,
Administrācija.",normal
Pasūtījuma statuss,"Sveiki, komanda!

Mēs nosūtīsim papildu informāciju pēc tikšanās. Aptauja aizņems tikai dažas minūtes. Mēs vēlamies precizēt dažas detaļas par mūsu sadarbību. Mēs novērtējam jūsu atsauksmes un ieteikumus. Paldies par jūsu laiku un atsaucību. Atgādinām par rīt plānoto tikšanos. Piegāde ir plānota tuvāko trīs darba dienu laikā.

Ar cieņu,
Projektu komanda.",normal
Aptauja par pakalpojumu,"Labdien, kolēģi!

Mēs novērtējam jūsu atsauksmes un ieteikumus. Nākamajā mēnesī tiks veiktas nelielas izmaiņas darba kārtībā. Aptauja aizņems tikai dažas minūtes. Jūsu rezervācija ir veiksmīgi apstiprināta. Pielikumā nosūtām informāciju par plānoto pasākumu. Nodarbība notiks ierastajā laikā.

Ar cieņu,
Projektu komanda.",normal
Nedēļas jaunumi,"Labdien, cienījamie klienti!

Mēs vēlamies precizēt dažas detaļas par mūsu sadarbību. Tikšanās laiks ir saskaņots ar visiem dalībniekiem. Nodarbība notiks ierastajā laikā. Paldies par jūsu laiku un atsaucību. Pasākuma sākums paredzēts plkst. 10.00.

Lai jauka diena!
Mūsu komanda.",normal
Bibliotēkas atgādinājums,"Sveiki, kolēģi!

Lūdzu, dodiet mums ziņu, ja nepieciešams mainīt tikšanās laiku. Ja nepieciešams, varam vienoties par citu laiku. Šonedēļ esam sagatavojuši vairākus jaunumus. Pasākuma sākums paredzēts plkst. 10.00. Jūsu pasūtījums ir sagatavots un tiks nosūtīts tuvākajās dienās. Papildu informāciju varat saņemt, sazinoties ar mums.

Lai jauka diena!
Mūsu komanda.",normal
Piegādes informācija,"Labdien, Anna!

Atgādinām par rīt plānoto tikšanos. Mēs vēlamies precizēt dažas detaļas par mūsu sadarbību. Paldies, ka izmantojat mūsu pakalpojumus. Ja nepieciešams, varam vienoties par citu laiku. Aptauja aizņems tikai dažas minūtes.

Veiksmīgu dienu!
Mūsu komanda.",normal
Rēķins par pakalpojumu,"Labdien, skolēni!

Lūdzu, informējiet mūs, ja nevarēsiet piedalīties. Pasākuma sākums paredzēts plkst. 10.00. Darba grafiks nākamajai nedēļai ir sagatavots.

Lai jauka diena!
Mūsu komanda.",normal
Jaunumi uzņēmumā,"Labdien, Anna!

Tikšanās laiks ir saskaņots ar visiem dalībniekiem. Paldies, ka izmantojat mūsu pakalpojumus. Mēs novērtējam jūsu atsauksmes un ieteikumus. Dokumenti būs pieejami arī klātienes tikšanās laikā. Lūdzu, iepazīstieties ar pievienotajiem dokumentiem. Lūdzu, dodiet mums ziņu, ja nepieciešams mainīt tikšanās laiku.

Ar cieņu,
Skolas administrācija.",normal
Atvaļinājuma plāns,"Labdien!

Ja jums ir jautājumi, varat sazināties ar mūsu klientu apkalpošanas nodaļu. Šonedēļ esam sagatavojuši vairākus jaunumus. Nodarbība notiks ierastajā laikā.

Veiksmīgu dienu!
Mūsu komanda.",normal
Rezervācijas apstiprinājums,"Labdien, kolēģi!

Pasākuma dalībniekiem būs pieejami visi nepieciešamie materiāli. Ja jums ir jautājumi, varat sazināties ar mūsu klientu apkalpošanas nodaļu. Nodarbība notiks ierastajā laikā. Informācija tiks papildināta, ja būs nepieciešamas izmaiņas. Informācija par darba grafiku ir pievienota šim ziņojumam.

Paldies!
Klientu serviss.",normal
Jaunā darba kārtība,"Labdien!

Pasākuma dalībniekiem būs pieejami visi nepieciešamie materiāli. Nodarbība notiks ierastajā laikā. Lūdzu, informējiet mūs, ja nevarēsiet piedalīties. Jūsu rezervācija ir veiksmīgi apstiprināta.

Paldies!
Klientu serviss.",normal
Tikšanās laika maiņa,"Sveiki, Jāni!

Jūsu rezervācija ir veiksmīgi apstiprināta. Atgādinām par rīt plānoto tikšanos. Šonedēļ esam sagatavojuši vairākus jaunumus. Lūdzu, informējiet mūs, ja nevarēsiet piedalīties. Lūdzu, dodiet mums ziņu, ja nepieciešams mainīt tikšanās laiku.

Lai jauka diena!
Mūsu komanda.",normal
Rēķins par pakalpojumu,"Labdien, kolēģi!

Jūsu pasūtījums ir sagatavots un tiks nosūtīts tuvākajās dienās. Lūdzu, saglabājiet šo ziņojumu turpmākai atsaucei. Ja jums ir jautājumi, varat sazināties ar mūsu klientu apkalpošanas nodaļu. Šonedēļ esam sagatavojuši vairākus jaunumus. Pasākuma sākums paredzēts plkst. 10.00. Lūdzu, informējiet mūs, ja nevarēsiet piedalīties. Informācija par darba grafiku ir pievienota šim ziņojumam.

Ar cieņu,
Projektu komanda.",normal
Jaunā darba kārtība,"Labdien!

Nodarbība notiks ierastajā laikā. Mēs vēlamies precizēt dažas detaļas par mūsu sadarbību. Mēs novērtējam jūsu atsauksmes un ieteikumus. Šonedēļ esam sagatavojuši vairākus jaunumus. Piegāde ir plānota tuvāko trīs darba dienu laikā. Lūdzu, dodiet mums ziņu, ja nepieciešams mainīt tikšanās laiku.

Paldies!
Klientu serviss.",normal
Bibliotēkas atgādinājums,"Labdien, cienījamie klienti!

Mēs vēlamies precizēt dažas detaļas par mūsu sadarbību. Atgādinām par rīt plānoto tikšanos. Mēs priecāsimies saņemt jūsu komentārus. Sanāksmes laikā pārrunāsim aktuālos jautājumus. Atgādinām, ka pasākums notiks piektdien. Nākamajā mēnesī tiks veiktas nelielas izmaiņas darba kārtībā.

Ar cieņu,
Administrācija.",normal
Rēķins par pakalpojumu,"Sveiki, komanda!

Lūdzu, saglabājiet šo ziņojumu turpmākai atsaucei. Lūdzu, iepazīstieties ar pievienotajiem dokumentiem. Mēs vēlamies precizēt dažas detaļas par mūsu sadarbību. Paldies par jūsu iepriekšējo atbildi. Ja nepieciešams, varam vienoties par citu laiku. Nodarbība notiks ierastajā laikā. Mēs nosūtīsim papildu informāciju pēc tikšanās.

Veiksmīgu dienu!
Mūsu komanda.",normal
Rēķins par pakalpojumu,"Labdien, cienījamie klienti!

Sanāksmes laikā pārrunāsim aktuālos jautājumus. Atgādinām par rīt plānoto tikšanos. Pielikumā nosūtām informāciju par plānoto pasākumu.

Paldies par sadarbību!
Uzņēmuma komanda.",normal
Tikšanās laika maiņa,"Labdien, cienījamie klienti!

Aptauja aizņems tikai dažas minūtes. Informācija par jaunumiem ir pieejama mūsu mājaslapā. Paldies par jūsu laiku un atsaucību. Mēs novērtējam jūsu atsauksmes un ieteikumus. Mēs priecāsimies saņemt jūsu komentārus.

Veiksmīgu dienu!
Mūsu komanda.",normal
Atgādinājums par tikšanos,"Sveiki!

Papildu informāciju varat saņemt, sazinoties ar mums. Atgādinām, ka pasākums notiks piektdien. Darba grafiks nākamajai nedēļai ir sagatavots. Informācija tiks papildināta, ja būs nepieciešamas izmaiņas. Mēs vēlamies precizēt dažas detaļas par mūsu sadarbību. Paldies par jūsu iepriekšējo atbildi.

Lai jauka diena!
Mūsu komanda.",normal
Pasūtījuma statuss,"Labdien, skolēni!

Jūsu rezervācija ir veiksmīgi apstiprināta. Paldies, ka izmantojat mūsu pakalpojumus. Lūdzu, informējiet mūs, ja nevarēsiet piedalīties. Sanāksmes laikā pārrunāsim aktuālos jautājumus.

Lai jauka diena!
Mūsu komanda.",normal
Rēķins par pakalpojumu,"Sveiki, Jāni!

Nākamajā mēnesī tiks veiktas nelielas izmaiņas darba kārtībā. Darba grafiks nākamajai nedēļai ir sagatavots. Pielikumā nosūtām informāciju par plānoto pasākumu.

Ar cieņu,
Skolas administrācija.",normal
Informācija par nodarbību,"Labdien, cienījamie klienti!

Vēlamies informēt, ka mūsu tikšanās notiks nākamajā nedēļā. Jūsu rezervācija ir veiksmīgi apstiprināta. Pasākuma dalībniekiem būs pieejami visi nepieciešamie materiāli. Informācija par jaunumiem ir pieejama mūsu mājaslapā. Informācija tiks papildināta, ja būs nepieciešamas izmaiņas.

Ar cieņu,
Administrācija.",normal
Informācija klientiem,"Labdien, kolēģi!

Informācija tiks papildināta, ja būs nepieciešamas izmaiņas. Papildu informāciju varat saņemt, sazinoties ar mums. Piegāde ir plānota tuvāko trīs darba dienu laikā.

Ar cieņu,
Skolas administrācija.",normal
Tikšanās par projektu,"Labdien!

Vēlamies informēt, ka mūsu tikšanās notiks nākamajā nedēļā. Darba grafiks nākamajai nedēļai ir sagatavots. Jūsu rezervācija ir veiksmīgi apstiprināta. Paldies par jūsu laiku un atsaucību. Papildu informāciju varat saņemt, sazinoties ar mums. Atgādinām par rīt plānoto tikšanos.

Ar cieņu,
Klientu apkalpošanas nodaļa.",normal
Semināra programma,"Labdien, cienījamie klienti!

Pasākuma dalībniekiem būs pieejami visi nepieciešamie materiāli. Informācija par darba grafiku ir pievienota šim ziņojumam. Informācija tiks papildināta, ja būs nepieciešamas izmaiņas. Pielikumā nosūtām informāciju par plānoto pasākumu.

Paldies!
Klientu serviss.",normal
Pasākuma programma,"Sveiki, komanda!

Nodarbība notiks ierastajā laikā. Tikšanās laiks ir saskaņots ar visiem dalībniekiem. Sanāksmes laikā pārrunāsim aktuālos jautājumus. Pasākuma sākums paredzēts plkst. 10.00. Lūdzu, dodiet mums ziņu, ja nepieciešams mainīt tikšanās laiku. Jūsu rezervācija ir veiksmīgi apstiprināta.

Lai jauka diena!
Mūsu komanda.",normal
Informācija klientiem,"Labdien, kolēģi!

Informācija par jaunumiem ir pieejama mūsu mājaslapā. Piegāde ir plānota tuvāko trīs darba dienu laikā. Paldies, ka izmantojat mūsu pakalpojumus.

Ar cieņu,
Administrācija.",normal
Jaunumi uzņēmumā,"Sveiki!

Mēs priecāsimies saņemt jūsu komentārus. Ja nepieciešams, varam vienoties par citu laiku. Lūdzu, saglabājiet šo ziņojumu turpmākai atsaucei. Ja jums ir jautājumi, varat sazināties ar mūsu klientu apkalpošanas nodaļu. Atgādinām par rīt plānoto tikšanos. Jūsu rezervācija ir veiksmīgi apstiprināta. Piegāde ir plānota tuvāko trīs darba dienu laikā.

Paldies par sadarbību!
Uzņēmuma komanda.",normal
Pasūtījuma statuss,"Sveiki, kolēģi!

Informācija par jaunumiem ir pieejama mūsu mājaslapā. Ja nepieciešams, varam vienoties par citu laiku. Paldies, ka izmantojat mūsu pakalpojumus. Papildu informāciju varat saņemt, sazinoties ar mums. Lūdzu, dodiet mums ziņu, ja nepieciešams mainīt tikšanās laiku. Informācija tiks papildināta, ja būs nepieciešamas izmaiņas. Dokumenti būs pieejami arī klātienes tikšanās laikā.

Paldies par sadarbību!
Uzņēmuma komanda.",normal
Nedēļas jaunumi,"Sveiki, kolēģi!

Lūdzu, saglabājiet šo ziņojumu turpmākai atsaucei. Darba grafiks nākamajai nedēļai ir sagatavots. Mēs priecāsimies saņemt jūsu komentārus. Vēlamies informēt, ka mūsu tikšanās notiks nākamajā nedēļā. Informācija par jaunumiem ir pieejama mūsu mājaslapā. Atgādinām par rīt plānoto tikšanos. Pielikumā nosūtām informāciju par plānoto pasākumu.

Veiksmīgu dienu!
Mūsu komanda.",normal
Informācija klientiem,"Labdien, kolēģi!

Pielikumā nosūtām informāciju par plānoto pasākumu. Mēs priecāsimies saņemt jūsu komentārus. Informācija par darba grafiku ir pievienota šim ziņojumam. Lūdzu, dodiet mums ziņu, ja nepieciešams mainīt tikšanās laiku.

Veiksmīgu dienu!
Mūsu komanda.",normal
Piegādes datums,"Labdien, cienījamie klienti!

Mēs novērtējam jūsu atsauksmes un ieteikumus. Piegāde ir plānota tuvāko trīs darba dienu laikā. Jūsu rezervācija ir veiksmīgi apstiprināta. Ja nepieciešams, varam vienoties par citu laiku.

Ar cieņu,
Klientu apkalpošanas nodaļa.",normal
Informācija klientiem,"Sveiki!

Aptauja aizņems tikai dažas minūtes. Lūdzu, saglabājiet šo ziņojumu turpmākai atsaucei. Paldies, ka izmantojat mūsu pakalpojumus.

Ar cieņu,
Klientu apkalpošanas nodaļa.",normal
Informācija par pasākumu,"Sveiki, Jāni!

Lūdzu, dodiet mums ziņu, ja nepieciešams mainīt tikšanās laiku. Piegāde ir plānota tuvāko trīs darba dienu laikā. Lūdzu, iepazīstieties ar pievienotajiem dokumentiem.

Paldies!
Klientu serviss.",normal
Atvaļinājuma plāns,"Sveiki, Jāni!

Informācija tiks papildināta, ja būs nepieciešamas izmaiņas. Nākamajā mēnesī tiks veiktas nelielas izmaiņas darba kārtībā. Lūdzu, saglabājiet šo ziņojumu turpmākai atsaucei. Atgādinām, ka pasākums notiks piektdien. Jūsu rezervācija ir veiksmīgi apstiprināta. Informācija par darba grafiku ir pievienota šim ziņojumam.

Veiksmīgu dienu!
Mūsu komanda.",normal
Informācija par pasākumu,"Sveiki, Jāni!

Mēs novērtējam jūsu atsauksmes un ieteikumus. Paldies par jūsu iepriekšējo atbildi. Atgādinām par rīt plānoto tikšanos. Darba grafiks nākamajai nedēļai ir sagatavots. Mēs priecāsimies saņemt jūsu komentārus. Informācija par jaunumiem ir pieejama mūsu mājaslapā.

Lai jauka diena!
Mūsu komanda.",normal
Darba grafiks,"Sveiki, visiem!

Atgādinām, ka pasākums notiks piektdien. Mēs vēlamies precizēt dažas detaļas par mūsu sadarbību. Informācija tiks papildināta, ja būs nepieciešamas izmaiņas. Lūdzu, saglabājiet šo ziņojumu turpmākai atsaucei.

Ar cieņu,
Administrācija.",normal
Rēķins par pakalpojumu,"Sveiki!

Pasākuma sākums paredzēts plkst. 10.00. Darba grafiks nākamajai nedēļai ir sagatavots. Paldies par jūsu iepriekšējo atbildi. Mēs vēlamies precizēt dažas detaļas par mūsu sadarbību. Sanāksmes laikā pārrunāsim aktuālos jautājumus.

Ar cieņu,
Skolas administrācija.",normal
Atgādinājums par tikšanos,"Sveiki!

Šonedēļ esam sagatavojuši vairākus jaunumus. Mēs vēlamies precizēt dažas detaļas par mūsu sadarbību. Informācija par jaunumiem ir pieejama mūsu mājaslapā. Informācija tiks papildināta, ja būs nepieciešamas izmaiņas. Paldies par jūsu iepriekšējo atbildi. Dokumenti būs pieejami arī klātienes tikšanās laikā. Informācija par darba grafiku ir pievienota šim ziņojumam.

Ar cieņu,
Klientu apkalpošanas nodaļa.",normal
Pateicība par sadarbību,"Labdien, skolēni!

Paldies par jūsu iepriekšējo atbildi. Informācija par jaunumiem ir pieejama mūsu mājaslapā. Mēs novērtējam jūsu atsauksmes un ieteikumus.

Paldies!
Klientu serviss.",normal
Tikšanās par projektu,"Labdien, cienījamie klienti!

Mēs novērtējam jūsu atsauksmes un ieteikumus. Jūsu pasūtījums ir sagatavots un tiks nosūtīts tuvākajās dienās. Pielikumā nosūtām informāciju par plānoto pasākumu. Paldies par jūsu laiku un atsaucību. Lūdzu, saglabājiet šo ziņojumu turpmākai atsaucei. Lūdzu, informējiet mūs, ja nevarēsiet piedalīties.

Ar cieņu,
Klientu apkalpošanas nodaļa.",normal
Semināra programma,"Labdien, kolēģi!

Atgādinām, ka pasākums notiks piektdien. Mēs novērtējam jūsu atsauksmes un ieteikumus. Lūdzu, informējiet mūs, ja nevarēsiet piedalīties. Darba grafiks nākamajai nedēļai ir sagatavots. Vēlamies informēt, ka mūsu tikšanās notiks nākamajā nedēļā. Piegāde ir plānota tuvāko trīs darba dienu laikā.

Lai jauka diena!
Mūsu komanda.",normal
Informācija klientiem,"Labdien, kolēģi!

Jūsu rezervācija ir veiksmīgi apstiprināta. Darba grafiks nākamajai nedēļai ir sagatavots. Papildu informāciju varat saņemt, sazinoties ar mums. Pasākuma dalībniekiem būs pieejami visi nepieciešamie materiāli.

Paldies par sadarbību!
Uzņēmuma komanda.",normal
Atgādinājums par tikšanos,"Sveiki, komanda!

Paldies, ka izmantojat mūsu pakalpojumus. Papildu informāciju varat saņemt, sazinoties ar mums. Nākamajā mēnesī tiks veiktas nelielas izmaiņas darba kārtībā. Ja jums ir jautājumi, varat sazināties ar mūsu klientu apkalpošanas nodaļu.

Ar cieņu,
Administrācija.",normal
Pasākuma programma,"Sveiki, Jāni!

Piegāde ir plānota tuvāko trīs darba dienu laikā. Paldies par jūsu laiku un atsaucību. Informācija par jaunumiem ir pieejama mūsu mājaslapā. Paldies, ka izmantojat mūsu pakalpojumus. Lūdzu, iepazīstieties ar pievienotajiem dokumentiem.

Ar cieņu,
Administrācija.",normal
Tikšanās par projektu,"Sveiki, visiem!

Šonedēļ esam sagatavojuši vairākus jaunumus. Atgādinām par rīt plānoto tikšanos. Jūsu pasūtījums ir sagatavots un tiks nosūtīts tuvākajās dienās. Vēlamies informēt, ka mūsu tikšanās notiks nākamajā nedēļā. Jūsu rezervācija ir veiksmīgi apstiprināta. Pasākuma sākums paredzēts plkst. 10.00. Tikšanās laiks ir saskaņots ar visiem dalībniekiem.

Lai jauka diena!
Mūsu komanda.",normal
Darba grafiks,"Labdien, cienījamie klienti!

Paldies par jūsu iepriekšējo atbildi. Mēs novērtējam jūsu atsauksmes un ieteikumus. Pasākuma sākums paredzēts plkst. 10.00.

Veiksmīgu dienu!
Mūsu komanda.",normal
Atvaļinājuma plāns,"Sveiki, kolēģi!

Paldies par jūsu laiku un atsaucību. Lūdzu, dodiet mums ziņu, ja nepieciešams mainīt tikšanās laiku. Darba grafiks nākamajai nedēļai ir sagatavots. Ja jums ir jautājumi, varat sazināties ar mūsu klientu apkalpošanas nodaļu. Jūsu rezervācija ir veiksmīgi apstiprināta.

Ar cieņu,
Klientu apkalpošanas nodaļa.",normal
Tikšanās par projektu,"Sveiki, Jāni!

Mēs vēlamies precizēt dažas detaļas par mūsu sadarbību. Mēs nosūtīsim papildu informāciju pēc tikšanās. Pasākuma dalībniekiem būs pieejami visi nepieciešamie materiāli. Atgādinām par rīt plānoto tikšanos. Lūdzu, dodiet mums ziņu, ja nepieciešams mainīt tikšanās laiku.

Paldies!
Klientu serviss.",normal
Jaunumi uzņēmumā,"Sveiki, Jāni!

Atgādinām par rīt plānoto tikšanos. Informācija par jaunumiem ir pieejama mūsu mājaslapā. Nodarbība notiks ierastajā laikā. Darba grafiks nākamajai nedēļai ir sagatavots.

Veiksmīgu dienu!
Mūsu komanda.",normal
Pateicība par sadarbību,"Sveiki!

Ja jums ir jautājumi, varat sazināties ar mūsu klientu apkalpošanas nodaļu. Nodarbība notiks ierastajā laikā. Pielikumā nosūtām informāciju par plānoto pasākumu. Mēs nosūtīsim papildu informāciju pēc tikšanās. Šonedēļ esam sagatavojuši vairākus jaunumus.

Veiksmīgu dienu!
Mūsu komanda.",normal
Piegādes datums,"Labdien, kolēģi!

Mēs nosūtīsim papildu informāciju pēc tikšanās. Mēs priecāsimies saņemt jūsu komentārus. Pielikumā nosūtām informāciju par plānoto pasākumu. Paldies, ka izmantojat mūsu pakalpojumus. Atgādinām par rīt plānoto tikšanos. Tikšanās laiks ir saskaņots ar visiem dalībniekiem.

Veiksmīgu dienu!
Mūsu komanda.",normal
Informācija par nodarbību,"Sveiki, visiem!

Dokumenti būs pieejami arī klātienes tikšanās laikā. Jūsu pasūtījums ir sagatavots un tiks nosūtīts tuvākajās dienās. Pasākuma dalībniekiem būs pieejami visi nepieciešamie materiāli. Informācija par jaunumiem ir pieejama mūsu mājaslapā. Atgādinām, ka pasākums notiks piektdien. Mēs vēlamies precizēt dažas detaļas par mūsu sadarbību.

Lai jauka diena!
Mūsu komanda.",normal
Semināra programma,"Sveiki!

Informācija tiks papildināta, ja būs nepieciešamas izmaiņas. Lūdzu, dodiet mums ziņu, ja nepieciešams mainīt tikšanās laiku. Lūdzu, iepazīstieties ar pievienotajiem dokumentiem. Atgādinām par rīt plānoto tikšanos. Lūdzu, informējiet mūs, ja nevarēsiet piedalīties. Mēs novērtējam jūsu atsauksmes un ieteikumus. Tikšanās laiks ir saskaņots ar visiem dalībniekiem.

Ar cieņu,
Skolas administrācija.",normal
Informācija par pasākumu,"Labdien, skolēni!

Sanāksmes laikā pārrunāsim aktuālos jautājumus. Atgādinām, ka pasākums notiks piektdien. Jūsu pasūtījums ir sagatavots un tiks nosūtīts tuvākajās dienās. Šonedēļ esam sagatavojuši vairākus jaunumus. Dokumenti būs pieejami arī klātienes tikšanās laikā. Informācija tiks papildināta, ja būs nepieciešamas izmaiņas.

Ar cieņu,
Administrācija.",normal
Tikšanās par projektu,"Labdien!

Dokumenti būs pieejami arī klātienes tikšanās laikā. Tikšanās laiks ir saskaņots ar visiem dalībniekiem. Ja nepieciešams, varam vienoties par citu laiku.

Paldies!
Klientu serviss.",normal
Piegādes informācija,"Labdien!

Informācija par darba grafiku ir pievienota šim ziņojumam. Mēs priecāsimies saņemt jūsu komentārus. Jūsu rezervācija ir veiksmīgi apstiprināta. Piegāde ir plānota tuvāko trīs darba dienu laikā. Informācija par jaunumiem ir pieejama mūsu mājaslapā.

Paldies par sadarbību!
Uzņēmuma komanda.",normal
Pasākuma programma,"Sveiki, visiem!

Lūdzu, saglabājiet šo ziņojumu turpmākai atsaucei. Paldies par jūsu iepriekšējo atbildi. Paldies par jūsu laiku un atsaucību.

Ar cieņu,
Skolas administrācija.",normal
Piegādes informācija,"Sveiki, Jāni!

Šonedēļ esam sagatavojuši vairākus jaunumus. Jūsu pasūtījums ir sagatavots un tiks nosūtīts tuvākajās dienās. Piegāde ir plānota tuvāko trīs darba dienu laikā.

Ar cieņu,
Skolas administrācija.",normal
Informācija klientiem,"Sveiki, komanda!

Darba grafiks nākamajai nedēļai ir sagatavots. Lūdzu, dodiet mums ziņu, ja nepieciešams mainīt tikšanās laiku. Paldies, ka izmantojat mūsu pakalpojumus. Tikšanās laiks ir saskaņots ar visiem dalībniekiem. Lūdzu, iepazīstieties ar pievienotajiem dokumentiem.

Ar cieņu,
Skolas administrācija.",normal
Tikšanās laika maiņa,"Labdien, cienījamie klienti!

Ja nepieciešams, varam vienoties par citu laiku. Ja jums ir jautājumi, varat sazināties ar mūsu klientu apkalpošanas nodaļu. Informācija tiks papildināta, ja būs nepieciešamas izmaiņas. Informācija par jaunumiem ir pieejama mūsu mājaslapā. Aptauja aizņems tikai dažas minūtes. Pasākuma sākums paredzēts plkst. 10.00.

Paldies!
Klientu serviss.",normal
Atvaļinājuma plāns,"Sveiki!

Paldies, ka izmantojat mūsu pakalpojumus. Lūdzu, iepazīstieties ar pievienotajiem dokumentiem. Dokumenti būs pieejami arī klātienes tikšanās laikā. Atgādinām par rīt plānoto tikšanos.

Paldies par sadarbību!
Uzņēmuma komanda.",normal
Pateicība par sadarbību,"Sveiki, Jāni!

Vēlamies informēt, ka mūsu tikšanās notiks nākamajā nedēļā. Lūdzu, informējiet mūs, ja nevarēsiet piedalīties. Papildu informāciju varat saņemt, sazinoties ar mums. Aptauja aizņems tikai dažas minūtes. Jūsu pasūtījums ir sagatavots un tiks nosūtīts tuvākajās dienās.

Ar cieņu,
Skolas administrācija.",normal
Pasākuma programma,"Labdien, cienījamie klienti!

Lūdzu, dodiet mums ziņu, ja nepieciešams mainīt tikšanās laiku. Informācija par jaunumiem ir pieejama mūsu mājaslapā. Šonedēļ esam sagatavojuši vairākus jaunumus. Pasākuma sākums paredzēts plkst. 10.00. Mēs priecāsimies saņemt jūsu komentārus. Papildu informāciju varat saņemt, sazinoties ar mums.

Ar cieņu,
Administrācija.",normal
Mācību materiāli,"Sveiki, komanda!

Atgādinām par rīt plānoto tikšanos. Piegāde ir plānota tuvāko trīs darba dienu laikā. Informācija par darba grafiku ir pievienota šim ziņojumam. Šonedēļ esam sagatavojuši vairākus jaunumus. Pielikumā nosūtām informāciju par plānoto pasākumu. Jūsu rezervācija ir veiksmīgi apstiprināta. Mēs nosūtīsim papildu informāciju pēc tikšanās.

Ar cieņu,
Projektu komanda.",normal
Mācību materiāli,"Labdien, Anna!

Piegāde ir plānota tuvāko trīs darba dienu laikā. Lūdzu, saglabājiet šo ziņojumu turpmākai atsaucei. Paldies par jūsu laiku un atsaucību. Mēs vēlamies precizēt dažas detaļas par mūsu sadarbību. Šonedēļ esam sagatavojuši vairākus jaunumus.

Lai jauka diena!
Mūsu komanda.",normal
Nedēļas jaunumi,"Sveiki, visiem!

Jūsu pasūtījums ir sagatavots un tiks nosūtīts tuvākajās dienās. Aptauja aizņems tikai dažas minūtes. Lūdzu, dodiet mums ziņu, ja nepieciešams mainīt tikšanās laiku.

Paldies par sadarbību!
Uzņēmuma komanda.",normal
Pasūtījuma statuss,"Sveiki, visiem!

Informācija tiks papildināta, ja būs nepieciešamas izmaiņas. Šonedēļ esam sagatavojuši vairākus jaunumus. Lūdzu, saglabājiet šo ziņojumu turpmākai atsaucei.

Ar cieņu,
Projektu komanda.",normal
Darba grafiks,"Sveiki!

Mēs vēlamies precizēt dažas detaļas par mūsu sadarbību. Vēlamies informēt, ka mūsu tikšanās notiks nākamajā nedēļā. Tikšanās laiks ir saskaņots ar visiem dalībniekiem. Atgādinām, ka pasākums notiks piektdien. Nākamajā mēnesī tiks veiktas nelielas izmaiņas darba kārtībā.

Ar cieņu,
Projektu komanda.",normal
Pateicība par sadarbību,"Sveiki, kolēģi!

Nodarbība notiks ierastajā laikā. Pasākuma sākums paredzēts plkst. 10.00. Mēs nosūtīsim papildu informāciju pēc tikšanās. Atgādinām, ka pasākums notiks piektdien. Papildu informāciju varat saņemt, sazinoties ar mums. Lūdzu, iepazīstieties ar pievienotajiem dokumentiem.

Paldies par sadarbību!
Uzņēmuma komanda.",normal
Tikšanās laika maiņa,"Labdien, skolēni!

Pasākuma dalībniekiem būs pieejami visi nepieciešamie materiāli. Informācija tiks papildināta, ja būs nepieciešamas izmaiņas. Sanāksmes laikā pārrunāsim aktuālos jautājumus. Paldies, ka izmantojat mūsu pakalpojumus. Piegāde ir plānota tuvāko trīs darba dienu laikā. Mēs priecāsimies saņemt jūsu komentārus. Dokumenti būs pieejami arī klātienes tikšanās laikā.

Paldies!
Klientu serviss.",normal
Tikšanās par projektu,"Sveiki, kolēģi!

Jūsu rezervācija ir veiksmīgi apstiprināta. Aptauja aizņems tikai dažas minūtes. Ja jums ir jautājumi, varat sazināties ar mūsu klientu apkalpošanas nodaļu. Ja nepieciešams, varam vienoties par citu laiku. Papildu informāciju varat saņemt, sazinoties ar mums. Piegāde ir plānota tuvāko trīs darba dienu laikā. Pasākuma dalībniekiem būs pieejami visi nepieciešamie materiāli.

Ar cieņu,
Skolas administrācija.",normal
Darba grafiks,"Sveiki, komanda!

Aptauja aizņems tikai dažas minūtes. Atgādinām, ka pasākums notiks piektdien. Sanāksmes laikā pārrunāsim aktuālos jautājumus.

Paldies!
Klientu serviss.",normal
Pasākuma programma,"Labdien, kolēģi!

Lūdzu, informējiet mūs, ja nevarēsiet piedalīties. Pasākuma dalībniekiem būs pieejami visi nepieciešamie materiāli. Atgādinām par rīt plānoto tikšanos. Jūsu rezervācija ir veiksmīgi apstiprināta.

Paldies par sadarbību!
Uzņēmuma komanda.",normal
Informācija klientiem,"Sveiki, komanda!

Lūdzu, informējiet mūs, ja nevarēsiet piedalīties. Paldies par jūsu laiku un atsaucību. Atgādinām par rīt plānoto tikšanos. Jūsu rezervācija ir veiksmīgi apstiprināta.

Paldies par sadarbību!
Uzņēmuma komanda.",normal
Pasūtījuma statuss,"Sveiki, Jāni!

Paldies, ka izmantojat mūsu pakalpojumus. Mēs vēlamies precizēt dažas detaļas par mūsu sadarbību. Aptauja aizņems tikai dažas minūtes. Lūdzu, dodiet mums ziņu, ja nepieciešams mainīt tikšanās laiku.

Ar cieņu,
Klientu apkalpošanas nodaļa.",normal
Atvaļinājuma plāns,"Labdien!

Lūdzu, informējiet mūs, ja nevarēsiet piedalīties. Paldies par jūsu iepriekšējo atbildi. Atgādinām, ka pasākums notiks piektdien.

Ar cieņu,
Klientu apkalpošanas nodaļa.",normal
Jaunā darba kārtība,"Labdien, cienījamie klienti!

Informācija par darba grafiku ir pievienota šim ziņojumam. Informācija tiks papildināta, ja būs nepieciešamas izmaiņas. Aptauja aizņems tikai dažas minūtes. Mēs priecāsimies saņemt jūsu komentārus.

Lai jauka diena!
Mūsu komanda.",normal
Semināra programma,"Sveiki, visiem!

Pielikumā nosūtām informāciju par plānoto pasākumu. Pasākuma dalībniekiem būs pieejami visi nepieciešamie materiāli. Nākamajā mēnesī tiks veiktas nelielas izmaiņas darba kārtībā. Jūsu pasūtījums ir sagatavots un tiks nosūtīts tuvākajās dienās. Tikšanās laiks ir saskaņots ar visiem dalībniekiem. Lūdzu, iepazīstieties ar pievienotajiem dokumentiem. Lūdzu, dodiet mums ziņu, ja nepieciešams mainīt tikšanās laiku.

Ar cieņu,
Administrācija.",normal
Mēneša pārskats,"Sveiki, komanda!

Atgādinām, ka pasākums notiks piektdien. Sanāksmes laikā pārrunāsim aktuālos jautājumus. Jūsu pasūtījums ir sagatavots un tiks nosūtīts tuvākajās dienās.

Ar cieņu,
Klientu apkalpošanas nodaļa.",normal
Atgādinājums par tikšanos,"Labdien, kolēģi!

Informācija par darba grafiku ir pievienota šim ziņojumam. Paldies par jūsu iepriekšējo atbildi. Papildu informāciju varat saņemt, sazinoties ar mums. Informācija par jaunumiem ir pieejama mūsu mājaslapā. Lūdzu, informējiet mūs, ja nevarēsiet piedalīties. Sanāksmes laikā pārrunāsim aktuālos jautājumus. Lūdzu, saglabājiet šo ziņojumu turpmākai atsaucei.

Ar cieņu,
Projektu komanda.",normal
Atvaļinājuma plāns,"Labdien, kolēģi!

Mēs novērtējam jūsu atsauksmes un ieteikumus. Mēs vēlamies precizēt dažas detaļas par mūsu sadarbību. Aptauja aizņems tikai dažas minūtes. Tikšanās laiks ir saskaņots ar visiem dalībniekiem.

Paldies!
Klientu serviss.",normal
Informācija klientiem,"Labdien, kolēģi!

Mēs novērtējam jūsu atsauksmes un ieteikumus. Lūdzu, dodiet mums ziņu, ja nepieciešams mainīt tikšanās laiku. Atgādinām par rīt plānoto tikšanos.

Ar cieņu,
Administrācija.",normal
Mēneša pārskats,"Sveiki, komanda!

Mēs novērtējam jūsu atsauksmes un ieteikumus. Ja jums ir jautājumi, varat sazināties ar mūsu klientu apkalpošanas nodaļu. Aptauja aizņems tikai dažas minūtes. Ja nepieciešams, varam vienoties par citu laiku. Darba grafiks nākamajai nedēļai ir sagatavots.

Ar cieņu,
Administrācija.",normal
Komandas sapulce,"Labdien!

Nākamajā mēnesī tiks veiktas nelielas izmaiņas darba kārtībā. Mēs vēlamies precizēt dažas detaļas par mūsu sadarbību. Lūdzu, dodiet mums ziņu, ja nepieciešams mainīt tikšanās laiku. Ja jums ir jautājumi, varat sazināties ar mūsu klientu apkalpošanas nodaļu. Lūdzu, iepazīstieties ar pievienotajiem dokumentiem. Jūsu rezervācija ir veiksmīgi apstiprināta.

Ar cieņu,
Projektu komanda.",normal
Tikšanās par projektu,"Sveiki, visiem!

Dokumenti būs pieejami arī klātienes tikšanās laikā. Paldies, ka izmantojat mūsu pakalpojumus. Informācija par jaunumiem ir pieejama mūsu mājaslapā. Mēs novērtējam jūsu atsauksmes un ieteikumus. Informācija par darba grafiku ir pievienota šim ziņojumam. Pasākuma dalībniekiem būs pieejami visi nepieciešamie materiāli.

Ar cieņu,
Administrācija.",normal
Bibliotēkas atgādinājums,"Sveiki, visiem!

Mēs priecāsimies saņemt jūsu komentārus. Tikšanās laiks ir saskaņots ar visiem dalībniekiem. Mēs vēlamies precizēt dažas detaļas par mūsu sadarbību.

Ar cieņu,
Klientu apkalpošanas nodaļa.",normal
Atgādinājums par tikšanos,"Labdien, kolēģi!

Paldies, ka izmantojat mūsu pakalpojumus. Lūdzu, saglabājiet šo ziņojumu turpmākai atsaucei. Papildu informāciju varat saņemt, sazinoties ar mums. Pasākuma dalībniekiem būs pieejami visi nepieciešamie materiāli. Darba grafiks nākamajai nedēļai ir sagatavots. Lūdzu, informējiet mūs, ja nevarēsiet piedalīties. Mēs priecāsimies saņemt jūsu komentārus.

Ar cieņu,
Skolas administrācija.",normal
Tikšanās laika maiņa,"Labdien!

Paldies, ka izmantojat mūsu pakalpojumus. Lūdzu, informējiet mūs, ja nevarēsiet piedalīties. Jūsu rezervācija ir veiksmīgi apstiprināta. Darba grafiks nākamajai nedēļai ir sagatavots. Tikšanās laiks ir saskaņots ar visiem dalībniekiem. Aptauja aizņems tikai dažas minūtes.

Ar cieņu,
Projektu komanda.",normal
Semināra programma,"Labdien, skolēni!

Ja nepieciešams, varam vienoties par citu laiku. Aptauja aizņems tikai dažas minūtes. Ja jums ir jautājumi, varat sazināties ar mūsu klientu apkalpošanas nodaļu.

Paldies par sadarbību!
Uzņēmuma komanda.",normal
Informācija par pasākumu,"Sveiki, visiem!

Lūdzu, informējiet mūs, ja nevarēsiet piedalīties. Pasākuma sākums paredzēts plkst. 10.00. Šonedēļ esam sagatavojuši vairākus jaunumus. Piegāde ir plānota tuvāko trīs darba dienu laikā. Paldies par jūsu laiku un atsaucību. Sanāksmes laikā pārrunāsim aktuālos jautājumus. Aptauja aizņems tikai dažas minūtes.

Ar cieņu,
Administrācija.",normal
Pasākuma programma,"Sveiki, kolēģi!

Ja nepieciešams, varam vienoties par citu laiku. Pasākuma sākums paredzēts plkst. 10.00. Šonedēļ esam sagatavojuši vairākus jaunumus. Tikšanās laiks ir saskaņots ar visiem dalībniekiem. Ja jums ir jautājumi, varat sazināties ar mūsu klientu apkalpošanas nodaļu. Pasākuma dalībniekiem būs pieejami visi nepieciešamie materiāli. Lūdzu, iepazīstieties ar pievienotajiem dokumentiem.

Paldies par sadarbību!
Uzņēmuma komanda.",normal
Semināra programma,"Sveiki, kolēģi!

Pasākuma dalībniekiem būs pieejami visi nepieciešamie materiāli. Paldies par jūsu laiku un atsaucību. Vēlamies informēt, ka mūsu tikšanās notiks nākamajā nedēļā. Dokumenti būs pieejami arī klātienes tikšanās laikā. Mēs vēlamies precizēt dažas detaļas par mūsu sadarbību.

Ar cieņu,
Administrācija.",normal
Pasūtījuma statuss,"Sveiki, visiem!

Atgādinām, ka pasākums notiks piektdien. Pasākuma sākums paredzēts plkst. 10.00. Šonedēļ esam sagatavojuši vairākus jaunumus. Tikšanās laiks ir saskaņots ar visiem dalībniekiem. Pielikumā nosūtām informāciju par plānoto pasākumu.

Ar cieņu,
Skolas administrācija.",normal
Rēķins par pakalpojumu,"Sveiki, kolēģi!

Paldies par jūsu iepriekšējo atbildi. Nākamajā mēnesī tiks veiktas nelielas izmaiņas darba kārtībā. Pasākuma dalībniekiem būs pieejami visi nepieciešamie materiāli. Ja nepieciešams, varam vienoties par citu laiku. Nodarbība notiks ierastajā laikā. Paldies, ka izmantojat mūsu pakalpojumus. Informācija par jaunumiem ir pieejama mūsu mājaslapā.

Ar cieņu,
Administrācija.",normal
Pateicība par sadarbību,"Labdien!

Šonedēļ esam sagatavojuši vairākus jaunumus. Informācija tiks papildināta, ja būs nepieciešamas izmaiņas. Vēlamies informēt, ka mūsu tikšanās notiks nākamajā nedēļā. Paldies par jūsu laiku un atsaucību. Lūdzu, iepazīstieties ar pievienotajiem dokumentiem.

Paldies par sadarbību!
Uzņēmuma komanda.",normal
Informācija par pasākumu,"Labdien, cienījamie klienti!

Dokumenti būs pieejami arī klātienes tikšanās laikā. Darba grafiks nākamajai nedēļai ir sagatavots. Mēs priecāsimies saņemt jūsu komentārus. Nodarbība notiks ierastajā laikā.

Ar cieņu,
Skolas administrācija.",normal
Atgādinājums par tikšanos,"Labdien!

Lūdzu, saglabājiet šo ziņojumu turpmākai atsaucei. Lūdzu, informējiet mūs, ja nevarēsiet piedalīties. Mēs novērtējam jūsu atsauksmes un ieteikumus. Nodarbība notiks ierastajā laikā. Informācija par darba grafiku ir pievienota šim ziņojumam.

Veiksmīgu dienu!
Mūsu komanda.",normal
Piegādes datums,"Sveiki!

Informācija par darba grafiku ir pievienota šim ziņojumam. Paldies par jūsu iepriekšējo atbildi. Pielikumā nosūtām informāciju par plānoto pasākumu.

Ar cieņu,
Klientu apkalpošanas nodaļa.",normal
Bibliotēkas atgādinājums,"Sveiki!

Sanāksmes laikā pārrunāsim aktuālos jautājumus. Atgādinām, ka pasākums notiks piektdien. Pasākuma sākums paredzēts plkst. 10.00. Atgādinām par rīt plānoto tikšanos. Tikšanās laiks ir saskaņots ar visiem dalībniekiem.

Lai jauka diena!
Mūsu komanda.",normal
Semināra programma,"Sveiki, kolēģi!

Atgādinām, ka pasākums notiks piektdien. Mēs novērtējam jūsu atsauksmes un ieteikumus. Ja jums ir jautājumi, varat sazināties ar mūsu klientu apkalpošanas nodaļu. Paldies par jūsu laiku un atsaucību.

Lai jauka diena!
Mūsu komanda.",normal
Pasūtījuma statuss,"Labdien!

Lūdzu, informējiet mūs, ja nevarēsiet piedalīties. Pasākuma dalībniekiem būs pieejami visi nepieciešamie materiāli. Sanāksmes laikā pārrunāsim aktuālos jautājumus. Paldies par jūsu laiku un atsaucību. Nākamajā mēnesī tiks veiktas nelielas izmaiņas darba kārtībā. Paldies par jūsu iepriekšējo atbildi. Lūdzu, saglabājiet šo ziņojumu turpmākai atsaucei.

Ar cieņu,
Projektu komanda.",normal
Tikšanās par projektu,"Sveiki, visiem!

Paldies par jūsu laiku un atsaucību. Mēs priecāsimies saņemt jūsu komentārus. Mēs novērtējam jūsu atsauksmes un ieteikumus.

Ar cieņu,
Projektu komanda.",normal
Informācija par pasākumu,"Sveiki, komanda!

Jūsu pasūtījums ir sagatavots un tiks nosūtīts tuvākajās dienās. Darba grafiks nākamajai nedēļai ir sagatavots. Lūdzu, dodiet mums ziņu, ja nepieciešams mainīt tikšanās laiku.

Veiksmīgu dienu!
Mūsu komanda.",normal
Rēķins par pakalpojumu,"Labdien, cienījamie klienti!

Lūdzu, dodiet mums ziņu, ja nepieciešams mainīt tikšanās laiku. Lūdzu, informējiet mūs, ja nevarēsiet piedalīties. Šonedēļ esam sagatavojuši vairākus jaunumus. Vēlamies informēt, ka mūsu tikšanās notiks nākamajā nedēļā. Aptauja aizņems tikai dažas minūtes. Ja nepieciešams, varam vienoties par citu laiku.

Ar cieņu,
Skolas administrācija.",normal
Atvaļinājuma plāns,"Sveiki, komanda!

Jūsu pasūtījums ir sagatavots un tiks nosūtīts tuvākajās dienās. Lūdzu, dodiet mums ziņu, ja nepieciešams mainīt tikšanās laiku. Mēs nosūtīsim papildu informāciju pēc tikšanās. Mēs novērtējam jūsu atsauksmes un ieteikumus.

Ar cieņu,
Skolas administrācija.",normal
Atvaļinājuma plāns,"Sveiki, kolēģi!

Informācija tiks papildināta, ja būs nepieciešamas izmaiņas. Ja nepieciešams, varam vienoties par citu laiku. Papildu informāciju varat saņemt, sazinoties ar mums. Darba grafiks nākamajai nedēļai ir sagatavots. Pasākuma dalībniekiem būs pieejami visi nepieciešamie materiāli. Lūdzu, informējiet mūs, ja nevarēsiet piedalīties.

Ar cieņu,
Administrācija.",normal
Tikšanās par projektu,"Labdien, kolēģi!

Pasākuma dalībniekiem būs pieejami visi nepieciešamie materiāli. Lūdzu, dodiet mums ziņu, ja nepieciešams mainīt tikšanās laiku. Lūdzu, saglabājiet šo ziņojumu turpmākai atsaucei. Jūsu rezervācija ir veiksmīgi apstiprināta. Paldies par jūsu laiku un atsaucību. Atgādinām, ka pasākums notiks piektdien. Mēs nosūtīsim papildu informāciju pēc tikšanās.

Lai jauka diena!
Mūsu komanda.",normal
Piegādes informācija,"Labdien!

Mēs priecāsimies saņemt jūsu komentārus. Jūsu rezervācija ir veiksmīgi apstiprināta. Lūdzu, dodiet mums ziņu, ja nepieciešams mainīt tikšanās laiku.

Ar cieņu,
Projektu komanda.",normal
Mācību materiāli,"Labdien, Anna!

Papildu informāciju varat saņemt, sazinoties ar mums. Mēs novērtējam jūsu atsauksmes un ieteikumus. Atgādinām, ka pasākums notiks piektdien. Lūdzu, dodiet mums ziņu, ja nepieciešams mainīt tikšanās laiku. Mēs vēlamies precizēt dažas detaļas par mūsu sadarbību. Pasākuma sākums paredzēts plkst. 10.00.

Paldies!
Klientu serviss.",normal
Informācija par pasākumu,"Sveiki, Jāni!

Jūsu pasūtījums ir sagatavots un tiks nosūtīts tuvākajās dienās. Mēs vēlamies precizēt dažas detaļas par mūsu sadarbību. Paldies par jūsu laiku un atsaucību. Mēs nosūtīsim papildu informāciju pēc tikšanās. Mēs priecāsimies saņemt jūsu komentārus. Piegāde ir plānota tuvāko trīs darba dienu laikā. Šonedēļ esam sagatavojuši vairākus jaunumus.

Paldies!
Klientu serviss.",normal
Komandas sapulce,"Labdien, kolēģi!

Šonedēļ esam sagatavojuši vairākus jaunumus. Paldies par jūsu laiku un atsaucību. Mēs novērtējam jūsu atsauksmes un ieteikumus. Dokumenti būs pieejami arī klātienes tikšanās laikā. Sanāksmes laikā pārrunāsim aktuālos jautājumus. Informācija par darba grafiku ir pievienota šim ziņojumam. Ja nepieciešams, varam vienoties par citu laiku.

Ar cieņu,
Administrācija.",normal
Nedēļas jaunumi,"Labdien, cienījamie klienti!

Pielikumā nosūtām informāciju par plānoto pasākumu. Tikšanās laiks ir saskaņots ar visiem dalībniekiem. Paldies par jūsu iepriekšējo atbildi. Dokumenti būs pieejami arī klātienes tikšanās laikā. Informācija par darba grafiku ir pievienota šim ziņojumam. Papildu informāciju varat saņemt, sazinoties ar mums.

Ar cieņu,
Projektu komanda.",normal
Mēneša pārskats,"Labdien, kolēģi!

Ja nepieciešams, varam vienoties par citu laiku. Nākamajā mēnesī tiks veiktas nelielas izmaiņas darba kārtībā. Lūdzu, informējiet mūs, ja nevarēsiet piedalīties. Informācija par darba grafiku ir pievienota šim ziņojumam. Mēs nosūtīsim papildu informāciju pēc tikšanās.

Paldies!
Klientu serviss.",normal
Mēneša pārskats,"Labdien, skolēni!

Paldies par jūsu iepriekšējo atbildi. Mēs priecāsimies saņemt jūsu komentārus. Paldies, ka izmantojat mūsu pakalpojumus. Mēs nosūtīsim papildu informāciju pēc tikšanās. Aptauja aizņems tikai dažas minūtes. Pasākuma dalībniekiem būs pieejami visi nepieciešamie materiāli. Darba grafiks nākamajai nedēļai ir sagatavots.

Ar cieņu,
Klientu apkalpošanas nodaļa.",normal
Piegādes datums,"Labdien, Anna!

Pielikumā nosūtām informāciju par plānoto pasākumu. Lūdzu, saglabājiet šo ziņojumu turpmākai atsaucei. Paldies par jūsu iepriekšējo atbildi. Piegāde ir plānota tuvāko trīs darba dienu laikā. Informācija par darba grafiku ir pievienota šim ziņojumam. Jūsu pasūtījums ir sagatavots un tiks nosūtīts tuvākajās dienās.

Veiksmīgu dienu!
Mūsu komanda.",normal
Informācija par nodarbību,"Sveiki, visiem!

Dokumenti būs pieejami arī klātienes tikšanās laikā. Pasākuma dalībniekiem būs pieejami visi nepieciešamie materiāli. Papildu informāciju varat saņemt, sazinoties ar mums.

Lai jauka diena!
Mūsu komanda.",normal
Informācija par pasākumu,"Sveiki, Jāni!

Pasākuma dalībniekiem būs pieejami visi nepieciešamie materiāli. Darba grafiks nākamajai nedēļai ir sagatavots. Nākamajā mēnesī tiks veiktas nelielas izmaiņas darba kārtībā. Paldies par jūsu iepriekšējo atbildi. Ja jums ir jautājumi, varat sazināties ar mūsu klientu apkalpošanas nodaļu. Paldies par jūsu laiku un atsaucību. Jūsu rezervācija ir veiksmīgi apstiprināta.

Veiksmīgu dienu!
Mūsu komanda.",normal
Rezervācijas apstiprinājums,"Labdien, Anna!

Dokumenti būs pieejami arī klātienes tikšanās laikā. Informācija par darba grafiku ir pievienota šim ziņojumam. Mēs nosūtīsim papildu informāciju pēc tikšanās. Informācija par jaunumiem ir pieejama mūsu mājaslapā. Tikšanās laiks ir saskaņots ar visiem dalībniekiem. Pasākuma sākums paredzēts plkst. 10.00.

Lai jauka diena!
Mūsu komanda.",normal
Jaunā darba kārtība,"Labdien, Anna!

Lūdzu, saglabājiet šo ziņojumu turpmākai atsaucei. Pielikumā nosūtām informāciju par plānoto pasākumu. Aptauja aizņems tikai dažas minūtes.

Veiksmīgu dienu!
Mūsu komanda.",normal
Rēķins par pakalpojumu,"Labdien!

Mēs novērtējam jūsu atsauksmes un ieteikumus. Informācija tiks papildināta, ja būs nepieciešamas izmaiņas. Lūdzu, dodiet mums ziņu, ja nepieciešams mainīt tikšanās laiku. Lūdzu, saglabājiet šo ziņojumu turpmākai atsaucei. Nodarbība notiks ierastajā laikā. Lūdzu, iepazīstieties ar pievienotajiem dokumentiem.

Ar cieņu,
Projektu komanda.",normal
Komandas sapulce,"Labdien, skolēni!

Tikšanās laiks ir saskaņots ar visiem dalībniekiem. Pasākuma dalībniekiem būs pieejami visi nepieciešamie materiāli. Lūdzu, informējiet mūs, ja nevarēsiet piedalīties. Papildu informāciju varat saņemt, sazinoties ar mums. Darba grafiks nākamajai nedēļai ir sagatavots.

Lai jauka diena!
Mūsu komanda.",normal
Jaunumi uzņēmumā,"Sveiki, komanda!

Aptauja aizņems tikai dažas minūtes. Jūsu pasūtījums ir sagatavots un tiks nosūtīts tuvākajās dienās. Sanāksmes laikā pārrunāsim aktuālos jautājumus. Mēs priecāsimies saņemt jūsu komentārus.

Ar cieņu,
Skolas administrācija.",normal
Darba grafiks,"Labdien, kolēģi!

Darba grafiks nākamajai nedēļai ir sagatavots. Papildu informāciju varat saņemt, sazinoties ar mums. Dokumenti būs pieejami arī klātienes tikšanās laikā.

Veiksmīgu dienu!
Mūsu komanda.",normal
Nedēļas jaunumi,"Sveiki, visiem!

Darba grafiks nākamajai nedēļai ir sagatavots. Paldies par jūsu iepriekšējo atbildi. Tikšanās laiks ir saskaņots ar visiem dalībniekiem. Paldies, ka izmantojat mūsu pakalpojumus. Sanāksmes laikā pārrunāsim aktuālos jautājumus. Informācija par jaunumiem ir pieejama mūsu mājaslapā. Dokumenti būs pieejami arī klātienes tikšanās laikā.

Ar cieņu,
Projektu komanda.",normal
Tikšanās par projektu,"Labdien, kolēģi!

Lūdzu, dodiet mums ziņu, ja nepieciešams mainīt tikšanās laiku. Ja jums ir jautājumi, varat sazināties ar mūsu klientu apkalpošanas nodaļu. Mēs novērtējam jūsu atsauksmes un ieteikumus. Vēlamies informēt, ka mūsu tikšanās notiks nākamajā nedēļā. Ja nepieciešams, varam vienoties par citu laiku. Informācija par jaunumiem ir pieejama mūsu mājaslapā. Lūdzu, saglabājiet šo ziņojumu turpmākai atsaucei.

Ar cieņu,
Skolas administrācija.",normal
Informācija klientiem,"Labdien, cienījamie klienti!

Pielikumā nosūtām informāciju par plānoto pasākumu. Lūdzu, dodiet mums ziņu, ja nepieciešams mainīt tikšanās laiku. Ja nepieciešams, varam vienoties par citu laiku. Lūdzu, informējiet mūs, ja nevarēsiet piedalīties.

Ar cieņu,
Administrācija.",normal
Nedēļas jaunumi,"Labdien, skolēni!

Aptauja aizņems tikai dažas minūtes. Vēlamies informēt, ka mūsu tikšanās notiks nākamajā nedēļā. Lūdzu, saglabājiet šo ziņojumu turpmākai atsaucei. Mēs novērtējam jūsu atsauksmes un ieteikumus. Mēs priecāsimies saņemt jūsu komentārus. Informācija par darba grafiku ir pievienota šim ziņojumam.

Ar cieņu,
Administrācija.",normal
Mācību materiāli,"Sveiki!

Papildu informāciju varat saņemt, sazinoties ar mums. Mēs vēlamies precizēt dažas detaļas par mūsu sadarbību. Nākamajā mēnesī tiks veiktas nelielas izmaiņas darba kārtībā. Atgādinām par rīt plānoto tikšanos. Mēs nosūtīsim papildu informāciju pēc tikšanās.

Ar cieņu,
Skolas administrācija.",normal
Rēķins par pakalpojumu,"Sveiki, kolēģi!

Lūdzu, dodiet mums ziņu, ja nepieciešams mainīt tikšanās laiku. Vēlamies informēt, ka mūsu tikšanās notiks nākamajā nedēļā. Sanāksmes laikā pārrunāsim aktuālos jautājumus. Informācija par jaunumiem ir pieejama mūsu mājaslapā.

Paldies!
Klientu serviss.",normal
Komandas sapulce,"Sveiki, kolēģi!

Jūsu pasūtījums ir sagatavots un tiks nosūtīts tuvākajās dienās. Informācija tiks papildināta, ja būs nepieciešamas izmaiņas. Informācija par jaunumiem ir pieejama mūsu mājaslapā.

Ar cieņu,
Projektu komanda.",normal
Nedēļas jaunumi,"Sveiki, kolēģi!

Lūdzu, dodiet mums ziņu, ja nepieciešams mainīt tikšanās laiku. Paldies, ka izmantojat mūsu pakalpojumus. Nodarbība notiks ierastajā laikā.

Paldies!
Klientu serviss.",normal
Nedēļas jaunumi,"Labdien, skolēni!

Pasākuma sākums paredzēts plkst. 10.00. Paldies, ka izmantojat mūsu pakalpojumus. Dokumenti būs pieejami arī klātienes tikšanās laikā. Sanāksmes laikā pārrunāsim aktuālos jautājumus. Mēs novērtējam jūsu atsauksmes un ieteikumus. Piegāde ir plānota tuvāko trīs darba dienu laikā. Papildu informāciju varat saņemt, sazinoties ar mums.

Ar cieņu,
Skolas administrācija.",normal
Pasūtījuma statuss,"Sveiki, Jāni!

Paldies par jūsu iepriekšējo atbildi. Lūdzu, saglabājiet šo ziņojumu turpmākai atsaucei. Nodarbība notiks ierastajā laikā.

Ar cieņu,
Skolas administrācija.",normal
Pasākuma programma,"Labdien, kolēģi!

Informācija tiks papildināta, ja būs nepieciešamas izmaiņas. Pasākuma dalībniekiem būs pieejami visi nepieciešamie materiāli. Pasākuma sākums paredzēts plkst. 10.00. Paldies, ka izmantojat mūsu pakalpojumus. Informācija par jaunumiem ir pieejama mūsu mājaslapā. Šonedēļ esam sagatavojuši vairākus jaunumus. Papildu informāciju varat saņemt, sazinoties ar mums.

Ar cieņu,
Skolas administrācija.",normal
Pasākuma programma,"Sveiki, Jāni!

Lūdzu, iepazīstieties ar pievienotajiem dokumentiem. Vēlamies informēt, ka mūsu tikšanās notiks nākamajā nedēļā. Lūdzu, dodiet mums ziņu, ja nepieciešams mainīt tikšanās laiku. Mēs priecāsimies saņemt jūsu komentārus. Paldies par jūsu iepriekšējo atbildi.

Veiksmīgu dienu!
Mūsu komanda.",normal
Aptauja par pakalpojumu,"Sveiki, Jāni!

Ja nepieciešams, varam vienoties par citu laiku. Pasākuma sākums paredzēts plkst. 10.00. Informācija par jaunumiem ir pieejama mūsu mājaslapā. Pasākuma dalībniekiem būs pieejami visi nepieciešamie materiāli.

Veiksmīgu dienu!
Mūsu komanda.",normal
Bibliotēkas atgādinājums,"Labdien, kolēģi!

Aptauja aizņems tikai dažas minūtes. Darba grafiks nākamajai nedēļai ir sagatavots. Lūdzu, saglabājiet šo ziņojumu turpmākai atsaucei. Pielikumā nosūtām informāciju par plānoto pasākumu. Mēs novērtējam jūsu atsauksmes un ieteikumus. Lūdzu, informējiet mūs, ja nevarēsiet piedalīties.

Ar cieņu,
Administrācija.",normal
Mēneša pārskats,"Sveiki, kolēģi!

Lūdzu, saglabājiet šo ziņojumu turpmākai atsaucei. Ja nepieciešams, varam vienoties par citu laiku. Pasākuma dalībniekiem būs pieejami visi nepieciešamie materiāli. Šonedēļ esam sagatavojuši vairākus jaunumus. Paldies par jūsu iepriekšējo atbildi.

Paldies!
Klientu serviss.",normal
Semināra programma,"Sveiki, komanda!

Informācija par jaunumiem ir pieejama mūsu mājaslapā. Sanāksmes laikā pārrunāsim aktuālos jautājumus. Aptauja aizņems tikai dažas minūtes.

Ar cieņu,
Administrācija.",normal
Jaunā darba kārtība,"Labdien, Anna!

Lūdzu, iepazīstieties ar pievienotajiem dokumentiem. Vēlamies informēt, ka mūsu tikšanās notiks nākamajā nedēļā. Atgādinām, ka pasākums notiks piektdien. Paldies par jūsu laiku un atsaucību. Aptauja aizņems tikai dažas minūtes. Šonedēļ esam sagatavojuši vairākus jaunumus. Ja jums ir jautājumi, varat sazināties ar mūsu klientu apkalpošanas nodaļu.

Lai jauka diena!
Mūsu komanda.",normal
Pateicība par sadarbību,"Sveiki, komanda!

Dokumenti būs pieejami arī klātienes tikšanās laikā. Nodarbība notiks ierastajā laikā. Papildu informāciju varat saņemt, sazinoties ar mums.

Paldies!
Klientu serviss.",normal
Atvaļinājuma plāns,"Sveiki, Jāni!

Informācija tiks papildināta, ja būs nepieciešamas izmaiņas. Pasākuma dalībniekiem būs pieejami visi nepieciešamie materiāli. Paldies, ka izmantojat mūsu pakalpojumus. Sanāksmes laikā pārrunāsim aktuālos jautājumus. Informācija par jaunumiem ir pieejama mūsu mājaslapā. Ja jums ir jautājumi, varat sazināties ar mūsu klientu apkalpošanas nodaļu. Paldies par jūsu laiku un atsaucību.

Paldies!
Klientu serviss.",normal
Piegādes datums,"Labdien, skolēni!

Vēlamies informēt, ka mūsu tikšanās notiks nākamajā nedēļā. Darba grafiks nākamajai nedēļai ir sagatavots. Ja jums ir jautājumi, varat sazināties ar mūsu klientu apkalpošanas nodaļu. Lūdzu, iepazīstieties ar pievienotajiem dokumentiem.

Paldies par sadarbību!
Uzņēmuma komanda.",normal
Pateicība par sadarbību,"Sveiki, kolēģi!

Šonedēļ esam sagatavojuši vairākus jaunumus. Informācija par darba grafiku ir pievienota šim ziņojumam. Mēs nosūtīsim papildu informāciju pēc tikšanās.

Ar cieņu,
Administrācija.",normal
Pasūtījuma statuss,"Sveiki!

Paldies par jūsu laiku un atsaucību. Paldies, ka izmantojat mūsu pakalpojumus. Pielikumā nosūtām informāciju par plānoto pasākumu. Nodarbība notiks ierastajā laikā. Lūdzu, saglabājiet šo ziņojumu turpmākai atsaucei. Informācija tiks papildināta, ja būs nepieciešamas izmaiņas. Piegāde ir plānota tuvāko trīs darba dienu laikā.

Veiksmīgu dienu!
Mūsu komanda.",normal
Pasūtījuma statuss,"Labdien, skolēni!

Pasākuma dalībniekiem būs pieejami visi nepieciešamie materiāli. Paldies par jūsu laiku un atsaucību. Informācija tiks papildināta, ja būs nepieciešamas izmaiņas. Šonedēļ esam sagatavojuši vairākus jaunumus. Sanāksmes laikā pārrunāsim aktuālos jautājumus.

Paldies!
Klientu serviss.",normal
Pasūtījuma statuss,"Labdien!

Informācija tiks papildināta, ja būs nepieciešamas izmaiņas. Jūsu pasūtījums ir sagatavots un tiks nosūtīts tuvākajās dienās. Paldies par jūsu iepriekšējo atbildi.

Ar cieņu,
Administrācija.",normal
Informācija par nodarbību,"Labdien!

Jūsu pasūtījums ir sagatavots un tiks nosūtīts tuvākajās dienās. Sanāksmes laikā pārrunāsim aktuālos jautājumus. Mēs vēlamies precizēt dažas detaļas par mūsu sadarbību. Šonedēļ esam sagatavojuši vairākus jaunumus. Vēlamies informēt, ka mūsu tikšanās notiks nākamajā nedēļā. Atgādinām, ka pasākums notiks piektdien.

Ar cieņu,
Administrācija.",normal
Semināra programma,"Sveiki, komanda!

Darba grafiks nākamajai nedēļai ir sagatavots. Ja jums ir jautājumi, varat sazināties ar mūsu klientu apkalpošanas nodaļu. Ja nepieciešams, varam vienoties par citu laiku. Pielikumā nosūtām informāciju par plānoto pasākumu.

Paldies par sadarbību!
Uzņēmuma komanda.",normal
Rezervācijas apstiprinājums,"Labdien, skolēni!

Informācija tiks papildināta, ja būs nepieciešamas izmaiņas. Dokumenti būs pieejami arī klātienes tikšanās laikā. Pasākuma sākums paredzēts plkst. 10.00. Paldies, ka izmantojat mūsu pakalpojumus.

Lai jauka diena!
Mūsu komanda.",normal
Mācību materiāli,"Sveiki, Jāni!

Lūdzu, informējiet mūs, ja nevarēsiet piedalīties. Ja jums ir jautājumi, varat sazināties ar mūsu klientu apkalpošanas nodaļu. Paldies par jūsu iepriekšējo atbildi. Tikšanās laiks ir saskaņots ar visiem dalībniekiem. Nākamajā mēnesī tiks veiktas nelielas izmaiņas darba kārtībā. Informācija par jaunumiem ir pieejama mūsu mājaslapā. Pielikumā nosūtām informāciju par plānoto pasākumu.

Ar cieņu,
Klientu apkalpošanas nodaļa.",normal
Tikšanās par projektu,"Labdien, cienījamie klienti!

Sanāksmes laikā pārrunāsim aktuālos jautājumus. Lūdzu, dodiet mums ziņu, ja nepieciešams mainīt tikšanās laiku. Papildu informāciju varat saņemt, sazinoties ar mums. Jūsu rezervācija ir veiksmīgi apstiprināta. Informācija tiks papildināta, ja būs nepieciešamas izmaiņas. Ja jums ir jautājumi, varat sazināties ar mūsu klientu apkalpošanas nodaļu. Mēs priecāsimies saņemt jūsu komentārus.

Ar cieņu,
Projektu komanda.",normal
Informācija par nodarbību,"Sveiki, visiem!

Mēs novērtējam jūsu atsauksmes un ieteikumus. Mēs vēlamies precizēt dažas detaļas par mūsu sadarbību. Paldies par jūsu laiku un atsaucību. Darba grafiks nākamajai nedēļai ir sagatavots. Šonedēļ esam sagatavojuši vairākus jaunumus.

Ar cieņu,
Administrācija.",normal
Atvaļinājuma plāns,"Labdien!

Dokumenti būs pieejami arī klātienes tikšanās laikā. Piegāde ir plānota tuvāko trīs darba dienu laikā. Lūdzu, dodiet mums ziņu, ja nepieciešams mainīt tikšanās laiku.

Ar cieņu,
Skolas administrācija.",normal
Tikšanās laika maiņa,"Labdien, Anna!

Paldies par jūsu iepriekšējo atbildi. Dokumenti būs pieejami arī klātienes tikšanās laikā. Tikšanās laiks ir saskaņots ar visiem dalībniekiem. Jūsu pasūtījums ir sagatavots un tiks nosūtīts tuvākajās dienās. Lūdzu, saglabājiet šo ziņojumu turpmākai atsaucei. Piegāde ir plānota tuvāko trīs darba dienu laikā. Lūdzu, iepazīstieties ar pievienotajiem dokumentiem.

Ar cieņu,
Klientu apkalpošanas nodaļa.",normal
Pasūtījuma statuss,"Sveiki, komanda!

Atgādinām par rīt plānoto tikšanos. Jūsu rezervācija ir veiksmīgi apstiprināta. Sanāksmes laikā pārrunāsim aktuālos jautājumus. Piegāde ir plānota tuvāko trīs darba dienu laikā. Paldies par jūsu iepriekšējo atbildi. Dokumenti būs pieejami arī klātienes tikšanās laikā. Nākamajā mēnesī tiks veiktas nelielas izmaiņas darba kārtībā.

Ar cieņu,
Klientu apkalpošanas nodaļa.",normal
Informācija par pasākumu,"Labdien!

Paldies, ka izmantojat mūsu pakalpojumus. Lūdzu, saglabājiet šo ziņojumu turpmākai atsaucei. Ja jums ir jautājumi, varat sazināties ar mūsu klientu apkalpošanas nodaļu. Mēs nosūtīsim papildu informāciju pēc tikšanās. Atgādinām par rīt plānoto tikšanos.

Veiksmīgu dienu!
Mūsu komanda.",normal
Nedēļas jaunumi,"Labdien, Anna!

Atgādinām, ka pasākums notiks piektdien. Paldies par jūsu laiku un atsaucību. Paldies par jūsu iepriekšējo atbildi. Atgādinām par rīt plānoto tikšanos. Pasākuma sākums paredzēts plkst. 10.00.

Ar cieņu,
Skolas administrācija.",normal
Informācija par pasākumu,"Labdien, cienījamie klienti!

Pasākuma sākums paredzēts plkst. 10.00. Pasākuma dalībniekiem būs pieejami visi nepieciešamie materiāli. Lūdzu, saglabājiet šo ziņojumu turpmākai atsaucei. Atgādinām, ka pasākums notiks piektdien. Jūsu rezervācija ir veiksmīgi apstiprināta. Vēlamies informēt, ka mūsu tikšanās notiks nākamajā nedēļā. Nākamajā mēnesī tiks veiktas nelielas izmaiņas darba kārtībā.

Veiksmīgu dienu!
Mūsu komanda.",normal
Pasākuma programma,"Labdien!

Lūdzu, iepazīstieties ar pievienotajiem dokumentiem. Pasākuma sākums paredzēts plkst. 10.00. Darba grafiks nākamajai nedēļai ir sagatavots. Ja jums ir jautājumi, varat sazināties ar mūsu klientu apkalpošanas nodaļu.

Ar cieņu,
Skolas administrācija.",normal
Tikšanās par projektu,"Labdien, skolēni!

Lūdzu, dodiet mums ziņu, ja nepieciešams mainīt tikšanās laiku. Darba grafiks nākamajai nedēļai ir sagatavots. Lūdzu, saglabājiet šo ziņojumu turpmākai atsaucei. Sanāksmes laikā pārrunāsim aktuālos jautājumus. Tikšanās laiks ir saskaņots ar visiem dalībniekiem.

Paldies par sadarbību!
Uzņēmuma komanda.",normal
Atvaļinājuma plāns,"Labdien, Anna!

Jūsu pasūtījums ir sagatavots un tiks nosūtīts tuvākajās dienās. Informācija par jaunumiem ir pieejama mūsu mājaslapā. Darba grafiks nākamajai nedēļai ir sagatavots. Ja jums ir jautājumi, varat sazināties ar mūsu klientu apkalpošanas nodaļu. Aptauja aizņems tikai dažas minūtes.

Paldies!
Klientu serviss.",normal
Pasūtījuma statuss,"Sveiki, kolēģi!

Mēs vēlamies precizēt dažas detaļas par mūsu sadarbību. Informācija par jaunumiem ir pieejama mūsu mājaslapā. Informācija tiks papildināta, ja būs nepieciešamas izmaiņas. Pielikumā nosūtām informāciju par plānoto pasākumu.

Paldies par sadarbību!
Uzņēmuma komanda.",normal
Informācija par pasākumu,"Sveiki, Jāni!

Mēs nosūtīsim papildu informāciju pēc tikšanās. Sanāksmes laikā pārrunāsim aktuālos jautājumus. Jūsu rezervācija ir veiksmīgi apstiprināta.

Veiksmīgu dienu!
Mūsu komanda.",normal
Informācija par pasākumu,"Sveiki, kolēģi!

Atgādinām par rīt plānoto tikšanos. Pasākuma dalībniekiem būs pieejami visi nepieciešamie materiāli. Ja jums ir jautājumi, varat sazināties ar mūsu klientu apkalpošanas nodaļu.

Paldies!
Klientu serviss.",normal
Atgādinājums par tikšanos,"Sveiki, Jāni!

Vēlamies informēt, ka mūsu tikšanās notiks nākamajā nedēļā. Paldies, ka izmantojat mūsu pakalpojumus. Šonedēļ esam sagatavojuši vairākus jaunumus. Jūsu rezervācija ir veiksmīgi apstiprināta. Darba grafiks nākamajai nedēļai ir sagatavots. Dokumenti būs pieejami arī klātienes tikšanās laikā. Informācija par jaunumiem ir pieejama mūsu mājaslapā.

Ar cieņu,
Projektu komanda.",normal
Tikšanās par projektu,"Sveiki, Jāni!

Sanāksmes laikā pārrunāsim aktuālos jautājumus. Dokumenti būs pieejami arī klātienes tikšanās laikā. Informācija par jaunumiem ir pieejama mūsu mājaslapā. Atgādinām, ka pasākums notiks piektdien. Nākamajā mēnesī tiks veiktas nelielas izmaiņas darba kārtībā.

Ar cieņu,
Klientu apkalpošanas nodaļa.",normal
Rezervācijas apstiprinājums,"Sveiki, kolēģi!

Piegāde ir plānota tuvāko trīs darba dienu laikā. Lūdzu, dodiet mums ziņu, ja nepieciešams mainīt tikšanās laiku. Nākamajā mēnesī tiks veiktas nelielas izmaiņas darba kārtībā.

Paldies!
Klientu serviss.",normal
Bibliotēkas atgādinājums,"Labdien, skolēni!

Šonedēļ esam sagatavojuši vairākus jaunumus. Mēs priecāsimies saņemt jūsu komentārus. Papildu informāciju varat saņemt, sazinoties ar mums.

Lai jauka diena!
Mūsu komanda.",normal
Komandas sapulce,"Labdien, cienījamie klienti!

Dokumenti būs pieejami arī klātienes tikšanās laikā. Pasākuma sākums paredzēts plkst. 10.00. Nodarbība notiks ierastajā laikā. Lūdzu, informējiet mūs, ja nevarēsiet piedalīties.

Ar cieņu,
Administrācija.",normal
Mācību materiāli,"Sveiki, kolēģi!

Ja nepieciešams, varam vienoties par citu laiku. Sanāksmes laikā pārrunāsim aktuālos jautājumus. Tikšanās laiks ir saskaņots ar visiem dalībniekiem. Jūsu rezervācija ir veiksmīgi apstiprināta.

Paldies par sadarbību!
Uzņēmuma komanda.",normal
Atvaļinājuma plāns,"Labdien, kolēģi!

Paldies, ka izmantojat mūsu pakalpojumus. Pielikumā nosūtām informāciju par plānoto pasākumu. Vēlamies informēt, ka mūsu tikšanās notiks nākamajā nedēļā. Pasākuma dalībniekiem būs pieejami visi nepieciešamie materiāli.

Ar cieņu,
Klientu apkalpošanas nodaļa.",normal
Dokumentu nosūtīšana,"Sveiki!

Lūdzu, saglabājiet šo ziņojumu turpmākai atsaucei. Mēs priecāsimies saņemt jūsu komentārus. Mēs nosūtīsim papildu informāciju pēc tikšanās.

Paldies!
Klientu serviss.",normal
Nedēļas jaunumi,"Labdien, Anna!

Mēs vēlamies precizēt dažas detaļas par mūsu sadarbību. Mēs novērtējam jūsu atsauksmes un ieteikumus. Paldies par jūsu laiku un atsaucību.

Ar cieņu,
Klientu apkalpošanas nodaļa.",normal
Dokumentu nosūtīšana,"Labdien!

Dokumenti būs pieejami arī klātienes tikšanās laikā. Pasākuma sākums paredzēts plkst. 10.00. Paldies par jūsu laiku un atsaucību.

Ar cieņu,
Administrācija.",normal
Pasākuma programma,"Sveiki, kolēģi!

Mēs priecāsimies saņemt jūsu komentārus. Papildu informāciju varat saņemt, sazinoties ar mums. Atgādinām par rīt plānoto tikšanos. Mēs vēlamies precizēt dažas detaļas par mūsu sadarbību. Atgādinām, ka pasākums notiks piektdien.

Ar cieņu,
Skolas administrācija.",normal
Piegādes datums,"Labdien, Anna!

Jūsu pasūtījums ir sagatavots un tiks nosūtīts tuvākajās dienās. Paldies par jūsu iepriekšējo atbildi. Lūdzu, informējiet mūs, ja nevarēsiet piedalīties. Mēs nosūtīsim papildu informāciju pēc tikšanās. Paldies, ka izmantojat mūsu pakalpojumus. Sanāksmes laikā pārrunāsim aktuālos jautājumus. Mēs novērtējam jūsu atsauksmes un ieteikumus.

Ar cieņu,
Administrācija.",normal
Bibliotēkas atgādinājums,"Sveiki, Jāni!

Sanāksmes laikā pārrunāsim aktuālos jautājumus. Pielikumā nosūtām informāciju par plānoto pasākumu. Informācija par darba grafiku ir pievienota šim ziņojumam. Pasākuma sākums paredzēts plkst. 10.00.

Veiksmīgu dienu!
Mūsu komanda.",normal
Darba grafiks,"Sveiki, visiem!

Lūdzu, dodiet mums ziņu, ja nepieciešams mainīt tikšanās laiku. Nākamajā mēnesī tiks veiktas nelielas izmaiņas darba kārtībā. Pielikumā nosūtām informāciju par plānoto pasākumu.

Ar cieņu,
Klientu apkalpošanas nodaļa.",normal
Informācija par nodarbību,"Labdien, skolēni!

Mēs nosūtīsim papildu informāciju pēc tikšanās. Atgādinām, ka pasākums notiks piektdien. Darba grafiks nākamajai nedēļai ir sagatavots. Atgādinām par rīt plānoto tikšanos. Jūsu rezervācija ir veiksmīgi apstiprināta. Informācija par darba grafiku ir pievienota šim ziņojumam.

Lai jauka diena!
Mūsu komanda.",normal
Rezervācijas apstiprinājums,"Sveiki!

Mēs nosūtīsim papildu informāciju pēc tikšanās. Lūdzu, informējiet mūs, ja nevarēsiet piedalīties. Pielikumā nosūtām informāciju par plānoto pasākumu. Šonedēļ esam sagatavojuši vairākus jaunumus. Lūdzu, iepazīstieties ar pievienotajiem dokumentiem. Jūsu rezervācija ir veiksmīgi apstiprināta.

Ar cieņu,
Klientu apkalpošanas nodaļa.",normal
Pateicība par sadarbību,"Labdien, skolēni!

Paldies par jūsu laiku un atsaucību. Pielikumā nosūtām informāciju par plānoto pasākumu. Aptauja aizņems tikai dažas minūtes. Lūdzu, iepazīstieties ar pievienotajiem dokumentiem.

Ar cieņu,
Projektu komanda.",normal
Pateicība par sadarbību,"Sveiki, komanda!

Paldies, ka izmantojat mūsu pakalpojumus. Dokumenti būs pieejami arī klātienes tikšanās laikā. Ja nepieciešams, varam vienoties par citu laiku. Mēs novērtējam jūsu atsauksmes un ieteikumus. Piegāde ir plānota tuvāko trīs darba dienu laikā. Vēlamies informēt, ka mūsu tikšanās notiks nākamajā nedēļā. Mēs priecāsimies saņemt jūsu komentārus.

Ar cieņu,
Administrācija.",normal
Aptauja par pakalpojumu,"Sveiki, komanda!

Pasākuma sākums paredzēts plkst. 10.00. Atgādinām par rīt plānoto tikšanos. Nodarbība notiks ierastajā laikā. Ja jums ir jautājumi, varat sazināties ar mūsu klientu apkalpošanas nodaļu. Šonedēļ esam sagatavojuši vairākus jaunumus. Ja nepieciešams, varam vienoties par citu laiku.

Ar cieņu,
Skolas administrācija.",normal
Piegādes datums,"Labdien!

Jūsu pasūtījums ir sagatavots un tiks nosūtīts tuvākajās dienās. Lūdzu, saglabājiet šo ziņojumu turpmākai atsaucei. Mēs novērtējam jūsu atsauksmes un ieteikumus.

Paldies par sadarbību!
Uzņēmuma komanda.",normal
Komandas sapulce,"Sveiki, visiem!

Aptauja aizņems tikai dažas minūtes. Šonedēļ esam sagatavojuši vairākus jaunumus. Paldies par jūsu laiku un atsaucību. Tikšanās laiks ir saskaņots ar visiem dalībniekiem. Pasākuma sākums paredzēts plkst. 10.00. Atgādinām, ka pasākums notiks piektdien.

Ar cieņu,
Skolas administrācija.",normal
Tikšanās par projektu,"Sveiki, visiem!

Šonedēļ esam sagatavojuši vairākus jaunumus. Paldies par jūsu laiku un atsaucību. Dokumenti būs pieejami arī klātienes tikšanās laikā. Papildu informāciju varat saņemt, sazinoties ar mums. Lūdzu, saglabājiet šo ziņojumu turpmākai atsaucei. Ja jums ir jautājumi, varat sazināties ar mūsu klientu apkalpošanas nodaļu. Pielikumā nosūtām informāciju par plānoto pasākumu.

Lai jauka diena!
Mūsu komanda.",normal
Dokumentu nosūtīšana,"Labdien, kolēģi!

Informācija par jaunumiem ir pieejama mūsu mājaslapā. Aptauja aizņems tikai dažas minūtes. Pasākuma sākums paredzēts plkst. 10.00. Vēlamies informēt, ka mūsu tikšanās notiks nākamajā nedēļā.

Paldies par sadarbību!
Uzņēmuma komanda.",normal
Informācija par pasākumu,"Labdien!

Lūdzu, informējiet mūs, ja nevarēsiet piedalīties. Vēlamies informēt, ka mūsu tikšanās notiks nākamajā nedēļā. Paldies par jūsu laiku un atsaucību. Ja jums ir jautājumi, varat sazināties ar mūsu klientu apkalpošanas nodaļu. Informācija par jaunumiem ir pieejama mūsu mājaslapā.

Ar cieņu,
Skolas administrācija.",normal
Bibliotēkas atgādinājums,"Sveiki, visiem!

Darba grafiks nākamajai nedēļai ir sagatavots. Aptauja aizņems tikai dažas minūtes. Lūdzu, informējiet mūs, ja nevarēsiet piedalīties.

Ar cieņu,
Administrācija.",normal
Atgādinājums par tikšanos,"Sveiki, Jāni!

Paldies, ka izmantojat mūsu pakalpojumus. Ja nepieciešams, varam vienoties par citu laiku. Mēs priecāsimies saņemt jūsu komentārus. Atgādinām, ka pasākums notiks piektdien. Ja jums ir jautājumi, varat sazināties ar mūsu klientu apkalpošanas nodaļu. Šonedēļ esam sagatavojuši vairākus jaunumus. Paldies par jūsu laiku un atsaucību.

Ar cieņu,
Skolas administrācija.",normal
Atgādinājums par tikšanos,"Sveiki, visiem!

Informācija tiks papildināta, ja būs nepieciešamas izmaiņas. Lūdzu, saglabājiet šo ziņojumu turpmākai atsaucei. Paldies par jūsu iepriekšējo atbildi. Lūdzu, dodiet mums ziņu, ja nepieciešams mainīt tikšanās laiku. Pasākuma dalībniekiem būs pieejami visi nepieciešamie materiāli.

Paldies par sadarbību!
Uzņēmuma komanda.",normal
Atvaļinājuma plāns,"Sveiki, Jāni!

Aptauja aizņems tikai dažas minūtes. Nodarbība notiks ierastajā laikā. Lūdzu, informējiet mūs, ja nevarēsiet piedalīties. Darba grafiks nākamajai nedēļai ir sagatavots.

Paldies par sadarbību!
Uzņēmuma komanda.",normal
Dokumentu nosūtīšana,"Sveiki, kolēģi!

Mēs novērtējam jūsu atsauksmes un ieteikumus. Lūdzu, iepazīstieties ar pievienotajiem dokumentiem. Atgādinām par rīt plānoto tikšanos.

Ar cieņu,
Skolas administrācija.",normal
Atgādinājums par tikšanos,"Sveiki, komanda!

Informācija par darba grafiku ir pievienota šim ziņojumam. Šonedēļ esam sagatavojuši vairākus jaunumus. Papildu informāciju varat saņemt, sazinoties ar mums. Darba grafiks nākamajai nedēļai ir sagatavots. Paldies, ka izmantojat mūsu pakalpojumus.

Lai jauka diena!
Mūsu komanda.",normal
Pasūtījuma statuss,"Sveiki, kolēģi!

Lūdzu, dodiet mums ziņu, ja nepieciešams mainīt tikšanās laiku. Pasākuma dalībniekiem būs pieejami visi nepieciešamie materiāli. Mēs nosūtīsim papildu informāciju pēc tikšanās. Lūdzu, iepazīstieties ar pievienotajiem dokumentiem.

Ar cieņu,
Skolas administrācija.",normal
Atvaļinājuma plāns,"Sveiki, kolēģi!

Pasākuma sākums paredzēts plkst. 10.00. Ja jums ir jautājumi, varat sazināties ar mūsu klientu apkalpošanas nodaļu. Jūsu pasūtījums ir sagatavots un tiks nosūtīts tuvākajās dienās. Lūdzu, saglabājiet šo ziņojumu turpmākai atsaucei. Šonedēļ esam sagatavojuši vairākus jaunumus. Atgādinām par rīt plānoto tikšanos. Sanāksmes laikā pārrunāsim aktuālos jautājumus.

Ar cieņu,
Klientu apkalpošanas nodaļa.",normal
Informācija par nodarbību,"Labdien, kolēģi!

Tikšanās laiks ir saskaņots ar visiem dalībniekiem. Lūdzu, iepazīstieties ar pievienotajiem dokumentiem. Pielikumā nosūtām informāciju par plānoto pasākumu. Mēs priecāsimies saņemt jūsu komentārus. Pasākuma sākums paredzēts plkst. 10.00.

Ar cieņu,
Administrācija.",normal
Atgādinājums par tikšanos,"Sveiki, kolēģi!

Ja nepieciešams, varam vienoties par citu laiku. Mēs priecāsimies saņemt jūsu komentārus. Informācija par darba grafiku ir pievienota šim ziņojumam.

Paldies par sadarbību!
Uzņēmuma komanda.",normal
Rēķins par pakalpojumu,"Labdien, Anna!

Šonedēļ esam sagatavojuši vairākus jaunumus. Papildu informāciju varat saņemt, sazinoties ar mums. Atgādinām, ka pasākums notiks piektdien. Piegāde ir plānota tuvāko trīs darba dienu laikā. Mēs novērtējam jūsu atsauksmes un ieteikumus. Mēs priecāsimies saņemt jūsu komentārus.

Lai jauka diena!
Mūsu komanda.",normal
Rēķins par pakalpojumu,"Labdien, Anna!

Nodarbība notiks ierastajā laikā. Pielikumā nosūtām informāciju par plānoto pasākumu. Mēs vēlamies precizēt dažas detaļas par mūsu sadarbību.

Ar cieņu,
Skolas administrācija.",normal
Piegādes informācija,"Labdien, Anna!

Tikšanās laiks ir saskaņots ar visiem dalībniekiem. Jūsu rezervācija ir veiksmīgi apstiprināta. Lūdzu, saglabājiet šo ziņojumu turpmākai atsaucei. Piegāde ir plānota tuvāko trīs darba dienu laikā. Pielikumā nosūtām informāciju par plānoto pasākumu. Informācija tiks papildināta, ja būs nepieciešamas izmaiņas.

Paldies!
Klientu serviss.",normal
Tikšanās par projektu,"Sveiki, komanda!

Pielikumā nosūtām informāciju par plānoto pasākumu. Paldies par jūsu laiku un atsaucību. Ja jums ir jautājumi, varat sazināties ar mūsu klientu apkalpošanas nodaļu. Paldies, ka izmantojat mūsu pakalpojumus. Aptauja aizņems tikai dažas minūtes. Šonedēļ esam sagatavojuši vairākus jaunumus.

Veiksmīgu dienu!
Mūsu komanda.",normal
Pasūtījuma statuss,"Labdien, cienījamie klienti!

Lūdzu, dodiet mums ziņu, ja nepieciešams mainīt tikšanās laiku. Paldies, ka izmantojat mūsu pakalpojumus. Aptauja aizņems tikai dažas minūtes. Nākamajā mēnesī tiks veiktas nelielas izmaiņas darba kārtībā. Informācija par jaunumiem ir pieejama mūsu mājaslapā.

Paldies par sadarbību!
Uzņēmuma komanda.",normal
Tikšanās laika maiņa,"Sveiki, visiem!

Lūdzu, informējiet mūs, ja nevarēsiet piedalīties. Atgādinām par rīt plānoto tikšanos. Dokumenti būs pieejami arī klātienes tikšanās laikā. Lūdzu, saglabājiet šo ziņojumu turpmākai atsaucei. Sanāksmes laikā pārrunāsim aktuālos jautājumus.

Paldies par sadarbību!
Uzņēmuma komanda.",normal
Dokumentu nosūtīšana,"Sveiki, Jāni!

Paldies par jūsu laiku un atsaucību. Lūdzu, informējiet mūs, ja nevarēsiet piedalīties. Lūdzu, iepazīstieties ar pievienotajiem dokumentiem. Sanāksmes laikā pārrunāsim aktuālos jautājumus. Informācija par darba grafiku ir pievienota šim ziņojumam. Pielikumā nosūtām informāciju par plānoto pasākumu. Šonedēļ esam sagatavojuši vairākus jaunumus.

Ar cieņu,
Administrācija.",normal
Pasūtījuma statuss,"Sveiki!

Ja jums ir jautājumi, varat sazināties ar mūsu klientu apkalpošanas nodaļu. Atgādinām, ka pasākums notiks piektdien. Pielikumā nosūtām informāciju par plānoto pasākumu.

Paldies par sadarbību!
Uzņēmuma komanda.",normal
Piegādes informācija,"Labdien, Anna!

Darba grafiks nākamajai nedēļai ir sagatavots. Šonedēļ esam sagatavojuši vairākus jaunumus. Jūsu rezervācija ir veiksmīgi apstiprināta. Atgādinām, ka pasākums notiks piektdien.

Ar cieņu,
Projektu komanda.",normal
Atvaļinājuma plāns,"Sveiki, Jāni!

Mēs novērtējam jūsu atsauksmes un ieteikumus. Jūsu rezervācija ir veiksmīgi apstiprināta. Lūdzu, dodiet mums ziņu, ja nepieciešams mainīt tikšanās laiku. Piegāde ir plānota tuvāko trīs darba dienu laikā. Mēs nosūtīsim papildu informāciju pēc tikšanās. Pielikumā nosūtām informāciju par plānoto pasākumu.

Ar cieņu,
Klientu apkalpošanas nodaļa.",normal
Informācija par nodarbību,"Sveiki, Jāni!

Informācija par darba grafiku ir pievienota šim ziņojumam. Lūdzu, informējiet mūs, ja nevarēsiet piedalīties. Mēs novērtējam jūsu atsauksmes un ieteikumus. Mēs vēlamies precizēt dažas detaļas par mūsu sadarbību.

Ar cieņu,
Klientu apkalpošanas nodaļa.",normal
Aptauja par pakalpojumu,"Sveiki, visiem!

Ja jums ir jautājumi, varat sazināties ar mūsu klientu apkalpošanas nodaļu. Lūdzu, saglabājiet šo ziņojumu turpmākai atsaucei. Lūdzu, dodiet mums ziņu, ja nepieciešams mainīt tikšanās laiku. Aptauja aizņems tikai dažas minūtes. Vēlamies informēt, ka mūsu tikšanās notiks nākamajā nedēļā. Piegāde ir plānota tuvāko trīs darba dienu laikā. Pielikumā nosūtām informāciju par plānoto pasākumu.

Ar cieņu,
Skolas administrācija.",normal
Piegādes informācija,"Sveiki, komanda!

Papildu informāciju varat saņemt, sazinoties ar mums. Dokumenti būs pieejami arī klātienes tikšanās laikā. Paldies, ka izmantojat mūsu pakalpojumus. Atgādinām, ka pasākums notiks piektdien. Mēs vēlamies precizēt dažas detaļas par mūsu sadarbību. Informācija par jaunumiem ir pieejama mūsu mājaslapā. Pielikumā nosūtām informāciju par plānoto pasākumu.

Ar cieņu,
Klientu apkalpošanas nodaļa.",normal
Mācību materiāli,"Labdien, cienījamie klienti!

Paldies, ka izmantojat mūsu pakalpojumus. Pasākuma dalībniekiem būs pieejami visi nepieciešamie materiāli. Informācija par darba grafiku ir pievienota šim ziņojumam. Ja nepieciešams, varam vienoties par citu laiku. Atgādinām, ka pasākums notiks piektdien. Atgādinām par rīt plānoto tikšanos. Jūsu pasūtījums ir sagatavots un tiks nosūtīts tuvākajās dienās.

Veiksmīgu dienu!
Mūsu komanda.",normal
Informācija par nodarbību,"Sveiki, kolēģi!

Tikšanās laiks ir saskaņots ar visiem dalībniekiem. Pielikumā nosūtām informāciju par plānoto pasākumu. Mēs vēlamies precizēt dažas detaļas par mūsu sadarbību. Nodarbība notiks ierastajā laikā. Paldies, ka izmantojat mūsu pakalpojumus.

Paldies par sadarbību!
Uzņēmuma komanda.",normal
Jaunumi uzņēmumā,"Sveiki, Jāni!

Papildu informāciju varat saņemt, sazinoties ar mums. Pielikumā nosūtām informāciju par plānoto pasākumu. Darba grafiks nākamajai nedēļai ir sagatavots. Nākamajā mēnesī tiks veiktas nelielas izmaiņas darba kārtībā. Paldies, ka izmantojat mūsu pakalpojumus. Mēs novērtējam jūsu atsauksmes un ieteikumus.

Ar cieņu,
Projektu komanda.",normal
Semināra programma,"Labdien, Anna!

Lūdzu, iepazīstieties ar pievienotajiem dokumentiem. Sanāksmes laikā pārrunāsim aktuālos jautājumus. Ja nepieciešams, varam vienoties par citu laiku. Nākamajā mēnesī tiks veiktas nelielas izmaiņas darba kārtībā. Ja jums ir jautājumi, varat sazināties ar mūsu klientu apkalpošanas nodaļu. Mēs priecāsimies saņemt jūsu komentārus. Vēlamies informēt, ka mūsu tikšanās notiks nākamajā nedēļā.

Ar cieņu,
Projektu komanda.",normal
Pasūtījuma statuss,"Sveiki!

Ja jums ir jautājumi, varat sazināties ar mūsu klientu apkalpošanas nodaļu. Pasākuma dalībniekiem būs pieejami visi nepieciešamie materiāli. Paldies par jūsu laiku un atsaucību. Šonedēļ esam sagatavojuši vairākus jaunumus. Nodarbība notiks ierastajā laikā. Piegāde ir plānota tuvāko trīs darba dienu laikā.

Ar cieņu,
Administrācija.",normal
Rezervācijas apstiprinājums,"Sveiki, visiem!

Papildu informāciju varat saņemt, sazinoties ar mums. Paldies par jūsu laiku un atsaucību. Lūdzu, saglabājiet šo ziņojumu turpmākai atsaucei. Jūsu rezervācija ir veiksmīgi apstiprināta. Nodarbība notiks ierastajā laikā. Dokumenti būs pieejami arī klātienes tikšanās laikā. Mēs vēlamies precizēt dažas detaļas par mūsu sadarbību.

Ar cieņu,
Projektu komanda.",normal
Atvaļinājuma plāns,"Sveiki, Jāni!

Paldies, ka izmantojat mūsu pakalpojumus. Jūsu pasūtījums ir sagatavots un tiks nosūtīts tuvākajās dienās. Tikšanās laiks ir saskaņots ar visiem dalībniekiem. Lūdzu, saglabājiet šo ziņojumu turpmākai atsaucei.

Ar cieņu,
Administrācija.",normal
Informācija par pasākumu,"Sveiki, Jāni!

Mēs nosūtīsim papildu informāciju pēc tikšanās. Tikšanās laiks ir saskaņots ar visiem dalībniekiem. Ja nepieciešams, varam vienoties par citu laiku.

Veiksmīgu dienu!
Mūsu komanda.",normal
Nedēļas jaunumi,"Labdien, Anna!

Piegāde ir plānota tuvāko trīs darba dienu laikā. Ja nepieciešams, varam vienoties par citu laiku. Atgādinām par rīt plānoto tikšanos. Pielikumā nosūtām informāciju par plānoto pasākumu. Informācija tiks papildināta, ja būs nepieciešamas izmaiņas. Paldies par jūsu iepriekšējo atbildi. Mēs nosūtīsim papildu informāciju pēc tikšanās.

Lai jauka diena!
Mūsu komanda.",normal
Mēneša pārskats,"Labdien, Anna!

Nākamajā mēnesī tiks veiktas nelielas izmaiņas darba kārtībā. Lūdzu, iepazīstieties ar pievienotajiem dokumentiem. Atgādinām par rīt plānoto tikšanos. Mēs priecāsimies saņemt jūsu komentārus.

Ar cieņu,
Skolas administrācija.",normal
Aptauja par pakalpojumu,"Labdien, Anna!

Šonedēļ esam sagatavojuši vairākus jaunumus. Mēs priecāsimies saņemt jūsu komentārus. Lūdzu, dodiet mums ziņu, ja nepieciešams mainīt tikšanās laiku. Ja nepieciešams, varam vienoties par citu laiku. Mēs novērtējam jūsu atsauksmes un ieteikumus. Pasākuma sākums paredzēts plkst. 10.00. Nodarbība notiks ierastajā laikā.

Ar cieņu,
Administrācija.",normal
Nedēļas jaunumi,"Labdien, cienījamie klienti!

Lūdzu, informējiet mūs, ja nevarēsiet piedalīties. Pasākuma sākums paredzēts plkst. 10.00. Mēs nosūtīsim papildu informāciju pēc tikšanās. Piegāde ir plānota tuvāko trīs darba dienu laikā.

Ar cieņu,
Projektu komanda.",normal
Piegādes datums,"Labdien, cienījamie klienti!

Informācija tiks papildināta, ja būs nepieciešamas izmaiņas. Lūdzu, dodiet mums ziņu, ja nepieciešams mainīt tikšanās laiku. Paldies, ka izmantojat mūsu pakalpojumus.

Ar cieņu,
Skolas administrācija.",normal
Pasākuma programma,"Labdien, kolēģi!

Tikšanās laiks ir saskaņots ar visiem dalībniekiem. Atgādinām par rīt plānoto tikšanos. Papildu informāciju varat saņemt, sazinoties ar mums.

Paldies!
Klientu serviss.",normal
Atgādinājums par tikšanos,"Sveiki, visiem!

Piegāde ir plānota tuvāko trīs darba dienu laikā. Sanāksmes laikā pārrunāsim aktuālos jautājumus. Mēs novērtējam jūsu atsauksmes un ieteikumus. Paldies par jūsu iepriekšējo atbildi. Papildu informāciju varat saņemt, sazinoties ar mums. Informācija par darba grafiku ir pievienota šim ziņojumam. Lūdzu, iepazīstieties ar pievienotajiem dokumentiem.

Lai jauka diena!
Mūsu komanda.",normal
Nedēļas jaunumi,"Labdien, cienījamie klienti!

Lūdzu, saglabājiet šo ziņojumu turpmākai atsaucei. Mēs novērtējam jūsu atsauksmes un ieteikumus. Pielikumā nosūtām informāciju par plānoto pasākumu. Darba grafiks nākamajai nedēļai ir sagatavots.

Ar cieņu,
Skolas administrācija.",normal
Informācija par nodarbību,"Sveiki, komanda!

Darba grafiks nākamajai nedēļai ir sagatavots. Sanāksmes laikā pārrunāsim aktuālos jautājumus. Piegāde ir plānota tuvāko trīs darba dienu laikā. Paldies par jūsu iepriekšējo atbildi. Šonedēļ esam sagatavojuši vairākus jaunumus. Lūdzu, informējiet mūs, ja nevarēsiet piedalīties.

Ar cieņu,
Klientu apkalpošanas nodaļa.",normal
Pasūtījuma statuss,"Labdien!

Jūsu rezervācija ir veiksmīgi apstiprināta. Jūsu pasūtījums ir sagatavots un tiks nosūtīts tuvākajās dienās. Ja nepieciešams, varam vienoties par citu laiku.

Ar cieņu,
Projektu komanda.",normal
Tikšanās par projektu,"Labdien, cienījamie klienti!

Informācija par darba grafiku ir pievienota šim ziņojumam. Jūsu rezervācija ir veiksmīgi apstiprināta. Dokumenti būs pieejami arī klātienes tikšanās laikā. Lūdzu, iepazīstieties ar pievienotajiem dokumentiem. Lūdzu, saglabājiet šo ziņojumu turpmākai atsaucei. Paldies, ka izmantojat mūsu pakalpojumus. Papildu informāciju varat saņemt, sazinoties ar mums.

Ar cieņu,
Skolas administrācija.",normal
Semināra programma,"Sveiki, visiem!

Informācija par jaunumiem ir pieejama mūsu mājaslapā. Jūsu pasūtījums ir sagatavots un tiks nosūtīts tuvākajās dienās. Paldies par jūsu laiku un atsaucību. Informācija tiks papildināta, ja būs nepieciešamas izmaiņas. Šonedēļ esam sagatavojuši vairākus jaunumus. Piegāde ir plānota tuvāko trīs darba dienu laikā. Pasākuma dalībniekiem būs pieejami visi nepieciešamie materiāli.

Lai jauka diena!
Mūsu komanda.",normal
Tikšanās laika maiņa,"Sveiki, visiem!

Paldies, ka izmantojat mūsu pakalpojumus. Lūdzu, informējiet mūs, ja nevarēsiet piedalīties. Atgādinām, ka pasākums notiks piektdien. Ja nepieciešams, varam vienoties par citu laiku. Piegāde ir plānota tuvāko trīs darba dienu laikā. Informācija par jaunumiem ir pieejama mūsu mājaslapā. Informācija tiks papildināta, ja būs nepieciešamas izmaiņas.

Ar cieņu,
Administrācija.",normal
Atgādinājums par tikšanos,"Labdien, Anna!

Nākamajā mēnesī tiks veiktas nelielas izmaiņas darba kārtībā. Piegāde ir plānota tuvāko trīs darba dienu laikā. Lūdzu, iepazīstieties ar pievienotajiem dokumentiem. Jūsu rezervācija ir veiksmīgi apstiprināta. Paldies par jūsu iepriekšējo atbildi.

Veiksmīgu dienu!
Mūsu komanda.",normal
Jaunumi uzņēmumā,"Sveiki, komanda!

Informācija par darba grafiku ir pievienota šim ziņojumam. Paldies par jūsu laiku un atsaucību. Aptauja aizņems tikai dažas minūtes. Lūdzu, saglabājiet šo ziņojumu turpmākai atsaucei. Informācija tiks papildināta, ja būs nepieciešamas izmaiņas.

Ar cieņu,
Skolas administrācija.",normal
Pateicība par sadarbību,"Labdien!

Atgādinām, ka pasākums notiks piektdien. Paldies par jūsu laiku un atsaucību. Papildu informāciju varat saņemt, sazinoties ar mums.

Paldies!
Klientu serviss.",normal
Jaunā darba kārtība,"Sveiki, komanda!

Nodarbība notiks ierastajā laikā. Pasākuma dalībniekiem būs pieejami visi nepieciešamie materiāli. Mēs vēlamies precizēt dažas detaļas par mūsu sadarbību. Mēs priecāsimies saņemt jūsu komentārus.

Ar cieņu,
Skolas administrācija.",normal
Atgādinājums par tikšanos,"Labdien, kolēģi!

Atgādinām, ka pasākums notiks piektdien. Mēs vēlamies precizēt dažas detaļas par mūsu sadarbību. Lūdzu, iepazīstieties ar pievienotajiem dokumentiem. Lūdzu, informējiet mūs, ja nevarēsiet piedalīties. Pasākuma sākums paredzēts plkst. 10.00. Papildu informāciju varat saņemt, sazinoties ar mums.

Lai jauka diena!
Mūsu komanda.",normal
Mācību materiāli,"Labdien, Anna!

Darba grafiks nākamajai nedēļai ir sagatavots. Informācija tiks papildināta, ja būs nepieciešamas izmaiņas. Jūsu pasūtījums ir sagatavots un tiks nosūtīts tuvākajās dienās. Mēs vēlamies precizēt dažas detaļas par mūsu sadarbību. Nākamajā mēnesī tiks veiktas nelielas izmaiņas darba kārtībā. Lūdzu, iepazīstieties ar pievienotajiem dokumentiem. Paldies par jūsu laiku un atsaucību.

Paldies par sadarbību!
Uzņēmuma komanda.",normal
Atvaļinājuma plāns,"Sveiki, komanda!

Ja nepieciešams, varam vienoties par citu laiku. Informācija tiks papildināta, ja būs nepieciešamas izmaiņas. Informācija par jaunumiem ir pieejama mūsu mājaslapā. Mēs novērtējam jūsu atsauksmes un ieteikumus. Jūsu pasūtījums ir sagatavots un tiks nosūtīts tuvākajās dienās. Ja jums ir jautājumi, varat sazināties ar mūsu klientu apkalpošanas nodaļu. Informācija par darba grafiku ir pievienota šim ziņojumam.

Ar cieņu,
Projektu komanda.",normal
Piegādes informācija,"Labdien, kolēģi!

Mēs nosūtīsim papildu informāciju pēc tikšanās. Paldies par jūsu laiku un atsaucību. Nodarbība notiks ierastajā laikā. Lūdzu, informējiet mūs, ja nevarēsiet piedalīties. Aptauja aizņems tikai dažas minūtes. Dokumenti būs pieejami arī klātienes tikšanās laikā. Nākamajā mēnesī tiks veiktas nelielas izmaiņas darba kārtībā.

Ar cieņu,
Administrācija.",normal
Informācija klientiem,"Labdien, kolēģi!

Lūdzu, iepazīstieties ar pievienotajiem dokumentiem. Atgādinām par rīt plānoto tikšanos. Mēs nosūtīsim papildu informāciju pēc tikšanās. Pasākuma sākums paredzēts plkst. 10.00. Tikšanās laiks ir saskaņots ar visiem dalībniekiem. Vēlamies informēt, ka mūsu tikšanās notiks nākamajā nedēļā. Nodarbība notiks ierastajā laikā.

Veiksmīgu dienu!
Mūsu komanda.",normal
Tikšanās par projektu,"Sveiki!

Pasākuma dalībniekiem būs pieejami visi nepieciešamie materiāli. Ja jums ir jautājumi, varat sazināties ar mūsu klientu apkalpošanas nodaļu. Nākamajā mēnesī tiks veiktas nelielas izmaiņas darba kārtībā. Paldies par jūsu iepriekšējo atbildi. Informācija par darba grafiku ir pievienota šim ziņojumam. Lūdzu, saglabājiet šo ziņojumu turpmākai atsaucei.

Ar cieņu,
Projektu komanda.",normal
Aptauja par pakalpojumu,"Sveiki!

Paldies par jūsu laiku un atsaucību. Papildu informāciju varat saņemt, sazinoties ar mums. Lūdzu, saglabājiet šo ziņojumu turpmākai atsaucei. Lūdzu, dodiet mums ziņu, ja nepieciešams mainīt tikšanās laiku. Pasākuma dalībniekiem būs pieejami visi nepieciešamie materiāli. Atgādinām, ka pasākums notiks piektdien.

Ar cieņu,
Administrācija.",normal
Informācija par pasākumu,"Sveiki, Jāni!

Paldies, ka izmantojat mūsu pakalpojumus. Informācija par darba grafiku ir pievienota šim ziņojumam. Mēs novērtējam jūsu atsauksmes un ieteikumus. Dokumenti būs pieejami arī klātienes tikšanās laikā.

Ar cieņu,
Projektu komanda.",normal
Tikšanās laika maiņa,"Sveiki, kolēģi!

Vēlamies informēt, ka mūsu tikšanās notiks nākamajā nedēļā. Mēs nosūtīsim papildu informāciju pēc tikšanās. Sanāksmes laikā pārrunāsim aktuālos jautājumus. Lūdzu, dodiet mums ziņu, ja nepieciešams mainīt tikšanās laiku. Mēs priecāsimies saņemt jūsu komentārus.

Ar cieņu,
Skolas administrācija.",normal
Informācija par pasākumu,"Labdien, skolēni!

Jūsu pasūtījums ir sagatavots un tiks nosūtīts tuvākajās dienās. Sanāksmes laikā pārrunāsim aktuālos jautājumus. Paldies, ka izmantojat mūsu pakalpojumus.

Lai jauka diena!
Mūsu komanda.",normal
Darba grafiks,"Labdien, Anna!

Tikšanās laiks ir saskaņots ar visiem dalībniekiem. Lūdzu, saglabājiet šo ziņojumu turpmākai atsaucei. Ja jums ir jautājumi, varat sazināties ar mūsu klientu apkalpošanas nodaļu.

Ar cieņu,
Projektu komanda.",normal
Pasūtījuma statuss,"Labdien!

Lūdzu, dodiet mums ziņu, ja nepieciešams mainīt tikšanās laiku. Piegāde ir plānota tuvāko trīs darba dienu laikā. Atgādinām par rīt plānoto tikšanos. Pasākuma sākums paredzēts plkst. 10.00. Mēs novērtējam jūsu atsauksmes un ieteikumus.

Lai jauka diena!
Mūsu komanda.",normal
Jaunā darba kārtība,"Sveiki, komanda!

Darba grafiks nākamajai nedēļai ir sagatavots. Dokumenti būs pieejami arī klātienes tikšanās laikā. Ja jums ir jautājumi, varat sazināties ar mūsu klientu apkalpošanas nodaļu. Lūdzu, iepazīstieties ar pievienotajiem dokumentiem. Informācija par jaunumiem ir pieejama mūsu mājaslapā.

Veiksmīgu dienu!
Mūsu komanda.",normal
Pasūtījuma statuss,"Sveiki, komanda!

Atgādinām, ka pasākums notiks piektdien. Mēs vēlamies precizēt dažas detaļas par mūsu sadarbību. Pielikumā nosūtām informāciju par plānoto pasākumu. Lūdzu, saglabājiet šo ziņojumu turpmākai atsaucei. Mēs nosūtīsim papildu informāciju pēc tikšanās. Piegāde ir plānota tuvāko trīs darba dienu laikā. Informācija tiks papildināta, ja būs nepieciešamas izmaiņas.

Ar cieņu,
Projektu komanda.",normal
Rēķins par pakalpojumu,"Labdien!

Lūdzu, iepazīstieties ar pievienotajiem dokumentiem. Jūsu rezervācija ir veiksmīgi apstiprināta. Papildu informāciju varat saņemt, sazinoties ar mums. Mēs nosūtīsim papildu informāciju pēc tikšanās. Lūdzu, saglabājiet šo ziņojumu turpmākai atsaucei.

Ar cieņu,
Projektu komanda.",normal
Rezervācijas apstiprinājums,"Sveiki, kolēģi!

Informācija tiks papildināta, ja būs nepieciešamas izmaiņas. Lūdzu, dodiet mums ziņu, ja nepieciešams mainīt tikšanās laiku. Ja jums ir jautājumi, varat sazināties ar mūsu klientu apkalpošanas nodaļu. Nodarbība notiks ierastajā laikā. Atgādinām par rīt plānoto tikšanos. Tikšanās laiks ir saskaņots ar visiem dalībniekiem. Atgādinām, ka pasākums notiks piektdien.

Veiksmīgu dienu!
Mūsu komanda.",normal
Rezervācijas apstiprinājums,"Labdien!

Nodarbība notiks ierastajā laikā. Ja jums ir jautājumi, varat sazināties ar mūsu klientu apkalpošanas nodaļu. Ja nepieciešams, varam vienoties par citu laiku.

Ar cieņu,
Skolas administrācija.",normal
Komandas sapulce,"Labdien, kolēģi!

Informācija par darba grafiku ir pievienota šim ziņojumam. Lūdzu, saglabājiet šo ziņojumu turpmākai atsaucei. Pasākuma dalībniekiem būs pieejami visi nepieciešamie materiāli. Nodarbība notiks ierastajā laikā. Paldies, ka izmantojat mūsu pakalpojumus.

Ar cieņu,
Klientu apkalpošanas nodaļa.",normal
Piegādes datums,"Labdien, kolēģi!

Informācija tiks papildināta, ja būs nepieciešamas izmaiņas. Atgādinām, ka pasākums notiks piektdien. Vēlamies informēt, ka mūsu tikšanās notiks nākamajā nedēļā. Darba grafiks nākamajai nedēļai ir sagatavots. Mēs priecāsimies saņemt jūsu komentārus. Jūsu rezervācija ir veiksmīgi apstiprināta. Aptauja aizņems tikai dažas minūtes.

Veiksmīgu dienu!
Mūsu komanda.",normal
Jaunā darba kārtība,"Labdien, skolēni!

Mēs nosūtīsim papildu informāciju pēc tikšanās. Paldies, ka izmantojat mūsu pakalpojumus. Vēlamies informēt, ka mūsu tikšanās notiks nākamajā nedēļā. Atgādinām par rīt plānoto tikšanos. Mēs novērtējam jūsu atsauksmes un ieteikumus.

Ar cieņu,
Skolas administrācija.",normal
Semināra programma,"Sveiki, visiem!

Dokumenti būs pieejami arī klātienes tikšanās laikā. Jūsu pasūtījums ir sagatavots un tiks nosūtīts tuvākajās dienās. Mēs novērtējam jūsu atsauksmes un ieteikumus.

Ar cieņu,
Klientu apkalpošanas nodaļa.",normal
Mēneša pārskats,"Labdien!

Vēlamies informēt, ka mūsu tikšanās notiks nākamajā nedēļā. Ja nepieciešams, varam vienoties par citu laiku. Piegāde ir plānota tuvāko trīs darba dienu laikā.

Ar cieņu,
Projektu komanda.",normal
Tikšanās par projektu,"Labdien!

Informācija tiks papildināta, ja būs nepieciešamas izmaiņas. Paldies, ka izmantojat mūsu pakalpojumus. Darba grafiks nākamajai nedēļai ir sagatavots.

Lai jauka diena!
Mūsu komanda.",normal
Atgādinājums par tikšanos,"Sveiki!

Jūsu pasūtījums ir sagatavots un tiks nosūtīts tuvākajās dienās. Pasākuma sākums paredzēts plkst. 10.00. Ja nepieciešams, varam vienoties par citu laiku. Paldies par jūsu iepriekšējo atbildi. Lūdzu, informējiet mūs, ja nevarēsiet piedalīties.

Ar cieņu,
Klientu apkalpošanas nodaļa.",normal
Rezervācijas apstiprinājums,"Labdien, skolēni!

Mēs novērtējam jūsu atsauksmes un ieteikumus. Šonedēļ esam sagatavojuši vairākus jaunumus. Lūdzu, iepazīstieties ar pievienotajiem dokumentiem. Jūsu rezervācija ir veiksmīgi apstiprināta.

Veiksmīgu dienu!
Mūsu komanda.",normal
Informācija klientiem,"Labdien, kolēģi!

Vēlamies informēt, ka mūsu tikšanās notiks nākamajā nedēļā. Atgādinām, ka pasākums notiks piektdien. Šonedēļ esam sagatavojuši vairākus jaunumus.

Veiksmīgu dienu!
Mūsu komanda.",normal
Informācija klientiem,"Labdien, Anna!

Aptauja aizņems tikai dažas minūtes. Pielikumā nosūtām informāciju par plānoto pasākumu. Lūdzu, iepazīstieties ar pievienotajiem dokumentiem. Piegāde ir plānota tuvāko trīs darba dienu laikā. Ja jums ir jautājumi, varat sazināties ar mūsu klientu apkalpošanas nodaļu. Lūdzu, dodiet mums ziņu, ja nepieciešams mainīt tikšanās laiku. Nodarbība notiks ierastajā laikā.

Veiksmīgu dienu!
Mūsu komanda.",normal
Dokumentu nosūtīšana,"Labdien, kolēģi!

Mēs nosūtīsim papildu informāciju pēc tikšanās. Dokumenti būs pieejami arī klātienes tikšanās laikā. Darba grafiks nākamajai nedēļai ir sagatavots. Informācija tiks papildināta, ja būs nepieciešamas izmaiņas.

Ar cieņu,
Skolas administrācija.",normal
Informācija klientiem,"Labdien, kolēģi!

Papildu informāciju varat saņemt, sazinoties ar mums. Informācija par darba grafiku ir pievienota šim ziņojumam. Paldies par jūsu iepriekšējo atbildi. Lūdzu, informējiet mūs, ja nevarēsiet piedalīties. Informācija par jaunumiem ir pieejama mūsu mājaslapā.

Ar cieņu,
Klientu apkalpošanas nodaļa.",normal
Informācija klientiem,"Sveiki, visiem!

Lūdzu, dodiet mums ziņu, ja nepieciešams mainīt tikšanās laiku. Paldies par jūsu laiku un atsaucību. Sanāksmes laikā pārrunāsim aktuālos jautājumus. Mēs novērtējam jūsu atsauksmes un ieteikumus. Pasākuma sākums paredzēts plkst. 10.00. Tikšanās laiks ir saskaņots ar visiem dalībniekiem. Atgādinām par rīt plānoto tikšanos.

Ar cieņu,
Projektu komanda.",normal
Bibliotēkas atgādinājums,"Labdien!

Mēs vēlamies precizēt dažas detaļas par mūsu sadarbību. Darba grafiks nākamajai nedēļai ir sagatavots. Pasākuma sākums paredzēts plkst. 10.00.

Ar cieņu,
Projektu komanda.",normal
Tikšanās par projektu,"Labdien, kolēģi!

Lūdzu, dodiet mums ziņu, ja nepieciešams mainīt tikšanās laiku. Nākamajā mēnesī tiks veiktas nelielas izmaiņas darba kārtībā. Nodarbība notiks ierastajā laikā. Mēs nosūtīsim papildu informāciju pēc tikšanās. Pielikumā nosūtām informāciju par plānoto pasākumu.

Ar cieņu,
Klientu apkalpošanas nodaļa.",normal
Informācija par pasākumu,"Labdien!

Pasākuma dalībniekiem būs pieejami visi nepieciešamie materiāli. Atgādinām, ka pasākums notiks piektdien. Mēs priecāsimies saņemt jūsu komentārus. Jūsu pasūtījums ir sagatavots un tiks nosūtīts tuvākajās dienās.

Ar cieņu,
Projektu komanda.",normal
Rezervācijas apstiprinājums,"Labdien, cienījamie klienti!

Aptauja aizņems tikai dažas minūtes. Lūdzu, informējiet mūs, ja nevarēsiet piedalīties. Atgādinām, ka pasākums notiks piektdien. Pasākuma dalībniekiem būs pieejami visi nepieciešamie materiāli.

Ar cieņu,
Administrācija.",normal
Atgādinājums par tikšanos,"Labdien, cienījamie klienti!

Tikšanās laiks ir saskaņots ar visiem dalībniekiem. Paldies par jūsu laiku un atsaucību. Paldies par jūsu iepriekšējo atbildi.

Ar cieņu,
Klientu apkalpošanas nodaļa.",normal
Informācija par nodarbību,"Sveiki, komanda!

Papildu informāciju varat saņemt, sazinoties ar mums. Lūdzu, dodiet mums ziņu, ja nepieciešams mainīt tikšanās laiku. Pasākuma dalībniekiem būs pieejami visi nepieciešamie materiāli.

Veiksmīgu dienu!
Mūsu komanda.",normal
Semināra programma,"Labdien, cienījamie klienti!

Mēs novērtējam jūsu atsauksmes un ieteikumus. Informācija par darba grafiku ir pievienota šim ziņojumam. Paldies, ka izmantojat mūsu pakalpojumus.

Ar cieņu,
Klientu apkalpošanas nodaļa.",normal
Pateicība par sadarbību,"Sveiki, kolēģi!

Ja jums ir jautājumi, varat sazināties ar mūsu klientu apkalpošanas nodaļu. Lūdzu, saglabājiet šo ziņojumu turpmākai atsaucei. Jūsu pasūtījums ir sagatavots un tiks nosūtīts tuvākajās dienās. Lūdzu, informējiet mūs, ja nevarēsiet piedalīties. Dokumenti būs pieejami arī klātienes tikšanās laikā. Darba grafiks nākamajai nedēļai ir sagatavots. Mēs novērtējam jūsu atsauksmes un ieteikumus.

Ar cieņu,
Skolas administrācija.",normal
Informācija klientiem,"Sveiki, kolēģi!

Sanāksmes laikā pārrunāsim aktuālos jautājumus. Darba grafiks nākamajai nedēļai ir sagatavots. Lūdzu, dodiet mums ziņu, ja nepieciešams mainīt tikšanās laiku. Pasākuma dalībniekiem būs pieejami visi nepieciešamie materiāli. Mēs priecāsimies saņemt jūsu komentārus. Mēs nosūtīsim papildu informāciju pēc tikšanās. Tikšanās laiks ir saskaņots ar visiem dalībniekiem.

Ar cieņu,
Klientu apkalpošanas nodaļa.",normal
Pasūtījuma statuss,"Labdien, cienījamie klienti!

Dokumenti būs pieejami arī klātienes tikšanās laikā. Lūdzu, saglabājiet šo ziņojumu turpmākai atsaucei. Sanāksmes laikā pārrunāsim aktuālos jautājumus. Ja jums ir jautājumi, varat sazināties ar mūsu klientu apkalpošanas nodaļu. Pasākuma dalībniekiem būs pieejami visi nepieciešamie materiāli. Šonedēļ esam sagatavojuši vairākus jaunumus.

Ar cieņu,
Administrācija.",normal
Informācija par pasākumu,"Sveiki, komanda!

Paldies, ka izmantojat mūsu pakalpojumus. Sanāksmes laikā pārrunāsim aktuālos jautājumus. Lūdzu, saglabājiet šo ziņojumu turpmākai atsaucei.

Veiksmīgu dienu!
Mūsu komanda.",normal
Jaunumi uzņēmumā,"Sveiki, visiem!

Informācija par jaunumiem ir pieejama mūsu mājaslapā. Pasākuma sākums paredzēts plkst. 10.00. Mēs vēlamies precizēt dažas detaļas par mūsu sadarbību. Ja jums ir jautājumi, varat sazināties ar mūsu klientu apkalpošanas nodaļu. Lūdzu, saglabājiet šo ziņojumu turpmākai atsaucei. Informācija par darba grafiku ir pievienota šim ziņojumam. Atgādinām, ka pasākums notiks piektdien.

Paldies!
Klientu serviss.",normal
Piegādes datums,"Sveiki!

Atgādinām, ka pasākums notiks piektdien. Atgādinām par rīt plānoto tikšanos. Jūsu rezervācija ir veiksmīgi apstiprināta. Lūdzu, dodiet mums ziņu, ja nepieciešams mainīt tikšanās laiku. Mēs vēlamies precizēt dažas detaļas par mūsu sadarbību. Ja jums ir jautājumi, varat sazināties ar mūsu klientu apkalpošanas nodaļu. Pielikumā nosūtām informāciju par plānoto pasākumu.

Ar cieņu,
Administrācija.",normal
Informācija par pasākumu,"Labdien, Anna!

Mēs vēlamies precizēt dažas detaļas par mūsu sadarbību. Atgādinām, ka pasākums notiks piektdien. Pielikumā nosūtām informāciju par plānoto pasākumu. Nodarbība notiks ierastajā laikā.

Paldies par sadarbību!
Uzņēmuma komanda.",normal
Rezervācijas apstiprinājums,"Labdien!

Ja jums ir jautājumi, varat sazināties ar mūsu klientu apkalpošanas nodaļu. Sanāksmes laikā pārrunāsim aktuālos jautājumus. Aptauja aizņems tikai dažas minūtes.

Lai jauka diena!
Mūsu komanda.",normal
Pasūtījuma statuss,"Sveiki, Jāni!

Tikšanās laiks ir saskaņots ar visiem dalībniekiem. Paldies, ka izmantojat mūsu pakalpojumus. Atgādinām par rīt plānoto tikšanos. Lūdzu, iepazīstieties ar pievienotajiem dokumentiem. Pielikumā nosūtām informāciju par plānoto pasākumu.

Paldies!
Klientu serviss.",normal
Atgādinājums par tikšanos,"Sveiki, visiem!

Lūdzu, dodiet mums ziņu, ja nepieciešams mainīt tikšanās laiku. Informācija par jaunumiem ir pieejama mūsu mājaslapā. Vēlamies informēt, ka mūsu tikšanās notiks nākamajā nedēļā. Mēs vēlamies precizēt dažas detaļas par mūsu sadarbību. Šonedēļ esam sagatavojuši vairākus jaunumus. Lūdzu, saglabājiet šo ziņojumu turpmākai atsaucei.

Ar cieņu,
Skolas administrācija.",normal
Mēneša pārskats,"Sveiki, Jāni!

Nodarbība notiks ierastajā laikā. Tikšanās laiks ir saskaņots ar visiem dalībniekiem. Atgādinām, ka pasākums notiks piektdien. Informācija par jaunumiem ir pieejama mūsu mājaslapā. Nākamajā mēnesī tiks veiktas nelielas izmaiņas darba kārtībā.

Paldies!
Klientu serviss.",normal
Rezervācijas apstiprinājums,"Sveiki, Jāni!

Nodarbība notiks ierastajā laikā. Šonedēļ esam sagatavojuši vairākus jaunumus. Atgādinām par rīt plānoto tikšanos. Piegāde ir plānota tuvāko trīs darba dienu laikā. Aptauja aizņems tikai dažas minūtes.

Ar cieņu,
Administrācija.",normal
Informācija par nodarbību,"Sveiki, visiem!

Papildu informāciju varat saņemt, sazinoties ar mums. Atgādinām par rīt plānoto tikšanos. Lūdzu, informējiet mūs, ja nevarēsiet piedalīties. Mēs vēlamies precizēt dažas detaļas par mūsu sadarbību.

Ar cieņu,
Administrācija.",normal
Pateicība par sadarbību,"Labdien, skolēni!

Pielikumā nosūtām informāciju par plānoto pasākumu. Piegāde ir plānota tuvāko trīs darba dienu laikā. Informācija par darba grafiku ir pievienota šim ziņojumam. Papildu informāciju varat saņemt, sazinoties ar mums. Lūdzu, saglabājiet šo ziņojumu turpmākai atsaucei. Vēlamies informēt, ka mūsu tikšanās notiks nākamajā nedēļā. Nākamajā mēnesī tiks veiktas nelielas izmaiņas darba kārtībā.

Paldies!
Klientu serviss.",normal
Nedēļas jaunumi,"Labdien, kolēģi!

Informācija par darba grafiku ir pievienota šim ziņojumam. Jūsu rezervācija ir veiksmīgi apstiprināta. Pasākuma dalībniekiem būs pieejami visi nepieciešamie materiāli. Mēs novērtējam jūsu atsauksmes un ieteikumus. Paldies, ka izmantojat mūsu pakalpojumus. Nākamajā mēnesī tiks veiktas nelielas izmaiņas darba kārtībā. Ja jums ir jautājumi, varat sazināties ar mūsu klientu apkalpošanas nodaļu.

Lai jauka diena!
Mūsu komanda.",normal
Piegādes informācija,"Sveiki, Jāni!

Informācija par jaunumiem ir pieejama mūsu mājaslapā. Mēs nosūtīsim papildu informāciju pēc tikšanās. Sanāksmes laikā pārrunāsim aktuālos jautājumus. Vēlamies informēt, ka mūsu tikšanās notiks nākamajā nedēļā.

Paldies!
Klientu serviss.",normal
Jaunumi uzņēmumā,"Sveiki, visiem!

Mēs priecāsimies saņemt jūsu komentārus. Lūdzu, dodiet mums ziņu, ja nepieciešams mainīt tikšanās laiku. Mēs novērtējam jūsu atsauksmes un ieteikumus. Aptauja aizņems tikai dažas minūtes. Ja nepieciešams, varam vienoties par citu laiku. Informācija par jaunumiem ir pieejama mūsu mājaslapā.

Ar cieņu,
Skolas administrācija.",normal
Rezervācijas apstiprinājums,"Sveiki, visiem!

Mēs novērtējam jūsu atsauksmes un ieteikumus. Sanāksmes laikā pārrunāsim aktuālos jautājumus. Paldies, ka izmantojat mūsu pakalpojumus. Pasākuma sākums paredzēts plkst. 10.00. Piegāde ir plānota tuvāko trīs darba dienu laikā.

Ar cieņu,
Administrācija.",normal
Semināra programma,"Labdien, kolēģi!

Paldies, ka izmantojat mūsu pakalpojumus. Atgādinām, ka pasākums notiks piektdien. Atgādinām par rīt plānoto tikšanos. Pielikumā nosūtām informāciju par plānoto pasākumu. Nākamajā mēnesī tiks veiktas nelielas izmaiņas darba kārtībā. Vēlamies informēt, ka mūsu tikšanās notiks nākamajā nedēļā. Dokumenti būs pieejami arī klātienes tikšanās laikā.

Paldies!
Klientu serviss.",normal
Piegādes datums,"Sveiki, kolēģi!

Nākamajā mēnesī tiks veiktas nelielas izmaiņas darba kārtībā. Nodarbība notiks ierastajā laikā. Paldies, ka izmantojat mūsu pakalpojumus.

Veiksmīgu dienu!
Mūsu komanda.",normal
Mācību materiāli,"Labdien, cienījamie klienti!

Paldies par jūsu laiku un atsaucību. Paldies par jūsu iepriekšējo atbildi. Jūsu pasūtījums ir sagatavots un tiks nosūtīts tuvākajās dienās. Papildu informāciju varat saņemt, sazinoties ar mums. Nodarbība notiks ierastajā laikā.

Veiksmīgu dienu!
Mūsu komanda.",normal
Piegādes informācija,"Sveiki, visiem!

Atgādinām par rīt plānoto tikšanos. Lūdzu, saglabājiet šo ziņojumu turpmākai atsaucei. Nākamajā mēnesī tiks veiktas nelielas izmaiņas darba kārtībā. Lūdzu, iepazīstieties ar pievienotajiem dokumentiem. Vēlamies informēt, ka mūsu tikšanās notiks nākamajā nedēļā. Paldies par jūsu iepriekšējo atbildi.

Ar cieņu,
Skolas administrācija.",normal
Pasākuma programma,"Labdien!

Pielikumā nosūtām informāciju par plānoto pasākumu. Papildu informāciju varat saņemt, sazinoties ar mums. Lūdzu, iepazīstieties ar pievienotajiem dokumentiem.

Paldies!
Klientu serviss.",normal
Komandas sapulce,"Sveiki, kolēģi!

Nākamajā mēnesī tiks veiktas nelielas izmaiņas darba kārtībā. Piegāde ir plānota tuvāko trīs darba dienu laikā. Jūsu rezervācija ir veiksmīgi apstiprināta. Informācija par jaunumiem ir pieejama mūsu mājaslapā. Ja nepieciešams, varam vienoties par citu laiku.

Paldies par sadarbību!
Uzņēmuma komanda.",normal
Informācija klientiem,"Labdien, cienījamie klienti!

Paldies par jūsu iepriekšējo atbildi. Informācija par jaunumiem ir pieejama mūsu mājaslapā. Ja jums ir jautājumi, varat sazināties ar mūsu klientu apkalpošanas nodaļu. Lūdzu, informējiet mūs, ja nevarēsiet piedalīties. Tikšanās laiks ir saskaņots ar visiem dalībniekiem. Aptauja aizņems tikai dažas minūtes.

Lai jauka diena!
Mūsu komanda.",normal
Pasūtījuma statuss,"Labdien!

Paldies par jūsu laiku un atsaucību. Jūsu rezervācija ir veiksmīgi apstiprināta. Tikšanās laiks ir saskaņots ar visiem dalībniekiem. Nodarbība notiks ierastajā laikā. Atgādinām par rīt plānoto tikšanos. Aptauja aizņems tikai dažas minūtes. Piegāde ir plānota tuvāko trīs darba dienu laikā.

Veiksmīgu dienu!
Mūsu komanda.",normal
Aptauja par pakalpojumu,"Sveiki, komanda!

Atgādinām, ka pasākums notiks piektdien. Piegāde ir plānota tuvāko trīs darba dienu laikā. Lūdzu, informējiet mūs, ja nevarēsiet piedalīties. Pielikumā nosūtām informāciju par plānoto pasākumu. Informācija par darba grafiku ir pievienota šim ziņojumam. Paldies par jūsu iepriekšējo atbildi.

Paldies!
Klientu serviss.",normal
Pateicība par sadarbību,"Sveiki, kolēģi!

Aptauja aizņems tikai dažas minūtes. Pielikumā nosūtām informāciju par plānoto pasākumu. Paldies, ka izmantojat mūsu pakalpojumus.

Paldies par sadarbību!
Uzņēmuma komanda.",normal
Tikšanās laika maiņa,"Labdien!

Pasākuma sākums paredzēts plkst. 10.00. Atgādinām, ka pasākums notiks piektdien. Lūdzu, dodiet mums ziņu, ja nepieciešams mainīt tikšanās laiku. Ja jums ir jautājumi, varat sazināties ar mūsu klientu apkalpošanas nodaļu. Nākamajā mēnesī tiks veiktas nelielas izmaiņas darba kārtībā. Aptauja aizņems tikai dažas minūtes.

Ar cieņu,
Projektu komanda.",normal
Darba grafiks,"Labdien, Anna!

Lūdzu, iepazīstieties ar pievienotajiem dokumentiem. Lūdzu, informējiet mūs, ja nevarēsiet piedalīties. Piegāde ir plānota tuvāko trīs darba dienu laikā. Aptauja aizņems tikai dažas minūtes. Tikšanās laiks ir saskaņots ar visiem dalībniekiem.

Ar cieņu,
Projektu komanda.",normal
Jaunumi uzņēmumā,"Labdien, Anna!

Informācija tiks papildināta, ja būs nepieciešamas izmaiņas. Jūsu rezervācija ir veiksmīgi apstiprināta. Lūdzu, iepazīstieties ar pievienotajiem dokumentiem.

Ar cieņu,
Klientu apkalpošanas nodaļa.",normal
Informācija klientiem,"Sveiki!

Piegāde ir plānota tuvāko trīs darba dienu laikā. Papildu informāciju varat saņemt, sazinoties ar mums. Informācija par jaunumiem ir pieejama mūsu mājaslapā. Lūdzu, informējiet mūs, ja nevarēsiet piedalīties. Mēs priecāsimies saņemt jūsu komentārus.

Ar cieņu,
Administrācija.",normal
Dokumentu nosūtīšana,"Sveiki, komanda!

Lūdzu, iepazīstieties ar pievienotajiem dokumentiem. Paldies par jūsu laiku un atsaucību. Vēlamies informēt, ka mūsu tikšanās notiks nākamajā nedēļā. Pielikumā nosūtām informāciju par plānoto pasākumu.

Ar cieņu,
Klientu apkalpošanas nodaļa.",normal
Jaunā darba kārtība,"Labdien!

Aptauja aizņems tikai dažas minūtes. Pasākuma sākums paredzēts plkst. 10.00. Pielikumā nosūtām informāciju par plānoto pasākumu. Sanāksmes laikā pārrunāsim aktuālos jautājumus. Lūdzu, informējiet mūs, ja nevarēsiet piedalīties.

Ar cieņu,
Projektu komanda.",normal
Rēķins par pakalpojumu,"Labdien!

Darba grafiks nākamajai nedēļai ir sagatavots. Paldies, ka izmantojat mūsu pakalpojumus. Mēs nosūtīsim papildu informāciju pēc tikšanās. Pasākuma sākums paredzēts plkst. 10.00. Papildu informāciju varat saņemt, sazinoties ar mums. Mēs priecāsimies saņemt jūsu komentārus. Mēs novērtējam jūsu atsauksmes un ieteikumus.

Ar cieņu,
Administrācija.",normal
Pasūtījuma statuss,"Labdien!

Papildu informāciju varat saņemt, sazinoties ar mums. Atgādinām, ka pasākums notiks piektdien. Lūdzu, saglabājiet šo ziņojumu turpmākai atsaucei. Pasākuma sākums paredzēts plkst. 10.00. Informācija tiks papildināta, ja būs nepieciešamas izmaiņas. Nākamajā mēnesī tiks veiktas nelielas izmaiņas darba kārtībā. Lūdzu, dodiet mums ziņu, ja nepieciešams mainīt tikšanās laiku.

Lai jauka diena!
Mūsu komanda.",normal
Atvaļinājuma plāns,"Sveiki!

Lūdzu, dodiet mums ziņu, ja nepieciešams mainīt tikšanās laiku. Atgādinām, ka pasākums notiks piektdien. Atgādinām par rīt plānoto tikšanos. Papildu informāciju varat saņemt, sazinoties ar mums.

Ar cieņu,
Skolas administrācija.",normal
Informācija par pasākumu,"Sveiki!

Papildu informāciju varat saņemt, sazinoties ar mums. Paldies, ka izmantojat mūsu pakalpojumus. Ja nepieciešams, varam vienoties par citu laiku. Lūdzu, iepazīstieties ar pievienotajiem dokumentiem. Šonedēļ esam sagatavojuši vairākus jaunumus. Informācija par darba grafiku ir pievienota šim ziņojumam. Darba grafiks nākamajai nedēļai ir sagatavots.

Ar cieņu,
Skolas administrācija.",normal
Pateicība par sadarbību,"Labdien, skolēni!

Darba grafiks nākamajai nedēļai ir sagatavots. Paldies par jūsu laiku un atsaucību. Mēs nosūtīsim papildu informāciju pēc tikšanās.

Ar cieņu,
Projektu komanda.",normal
Atgādinājums par tikšanos,"Sveiki, kolēģi!

Informācija tiks papildināta, ja būs nepieciešamas izmaiņas. Paldies par jūsu laiku un atsaucību. Nodarbība notiks ierastajā laikā. Paldies, ka izmantojat mūsu pakalpojumus.

Paldies!
Klientu serviss.",normal
Mēneša pārskats,"Labdien!

Dokumenti būs pieejami arī klātienes tikšanās laikā. Ja nepieciešams, varam vienoties par citu laiku. Lūdzu, iepazīstieties ar pievienotajiem dokumentiem. Mēs vēlamies precizēt dažas detaļas par mūsu sadarbību. Šonedēļ esam sagatavojuši vairākus jaunumus.

Paldies!
Klientu serviss.",normal
Nedēļas jaunumi,"Labdien!

Atgādinām, ka pasākums notiks piektdien. Nodarbība notiks ierastajā laikā. Informācija tiks papildināta, ja būs nepieciešamas izmaiņas. Paldies, ka izmantojat mūsu pakalpojumus. Lūdzu, saglabājiet šo ziņojumu turpmākai atsaucei.

Ar cieņu,
Klientu apkalpošanas nodaļa.",normal
Atvaļinājuma plāns,"Sveiki, visiem!

Informācija par jaunumiem ir pieejama mūsu mājaslapā. Paldies par jūsu laiku un atsaucību. Dokumenti būs pieejami arī klātienes tikšanās laikā. Lūdzu, saglabājiet šo ziņojumu turpmākai atsaucei.

Ar cieņu,
Klientu apkalpošanas nodaļa.",normal
Pateicība par sadarbību,"Labdien!

Vēlamies informēt, ka mūsu tikšanās notiks nākamajā nedēļā. Paldies par jūsu laiku un atsaucību. Mēs vēlamies precizēt dažas detaļas par mūsu sadarbību. Lūdzu, iepazīstieties ar pievienotajiem dokumentiem.

Ar cieņu,
Klientu apkalpošanas nodaļa.",normal
Nedēļas jaunumi,"Sveiki!

Sanāksmes laikā pārrunāsim aktuālos jautājumus. Atgādinām, ka pasākums notiks piektdien. Papildu informāciju varat saņemt, sazinoties ar mums. Informācija par darba grafiku ir pievienota šim ziņojumam.

Veiksmīgu dienu!
Mūsu komanda.",normal
Jaunumi uzņēmumā,"Sveiki, komanda!

Šonedēļ esam sagatavojuši vairākus jaunumus. Mēs novērtējam jūsu atsauksmes un ieteikumus. Informācija par darba grafiku ir pievienota šim ziņojumam. Pasākuma sākums paredzēts plkst. 10.00.

Lai jauka diena!
Mūsu komanda.",normal
Aptauja par pakalpojumu,"Labdien, skolēni!

Papildu informāciju varat saņemt, sazinoties ar mums. Paldies par jūsu iepriekšējo atbildi. Nodarbība notiks ierastajā laikā. Piegāde ir plānota tuvāko trīs darba dienu laikā. Mēs vēlamies precizēt dažas detaļas par mūsu sadarbību. Lūdzu, informējiet mūs, ja nevarēsiet piedalīties.

Ar cieņu,
Skolas administrācija.",normal
Darba grafiks,"Sveiki, komanda!

Darba grafiks nākamajai nedēļai ir sagatavots. Ja nepieciešams, varam vienoties par citu laiku. Informācija tiks papildināta, ja būs nepieciešamas izmaiņas. Mēs novērtējam jūsu atsauksmes un ieteikumus. Atgādinām par rīt plānoto tikšanos. Papildu informāciju varat saņemt, sazinoties ar mums. Sanāksmes laikā pārrunāsim aktuālos jautājumus.

Paldies par sadarbību!
Uzņēmuma komanda.",normal
Rēķins par pakalpojumu,"Sveiki, komanda!

Ja nepieciešams, varam vienoties par citu laiku. Lūdzu, saglabājiet šo ziņojumu turpmākai atsaucei. Lūdzu, dodiet mums ziņu, ja nepieciešams mainīt tikšanās laiku.

Paldies!
Klientu serviss.",normal
Piegādes informācija,"Sveiki, visiem!

Nākamajā mēnesī tiks veiktas nelielas izmaiņas darba kārtībā. Šonedēļ esam sagatavojuši vairākus jaunumus. Paldies, ka izmantojat mūsu pakalpojumus. Nodarbība notiks ierastajā laikā. Lūdzu, informējiet mūs, ja nevarēsiet piedalīties. Jūsu pasūtījums ir sagatavots un tiks nosūtīts tuvākajās dienās. Atgādinām par rīt plānoto tikšanos.

Paldies!
Klientu serviss.",normal
Semināra programma,"Sveiki!

Ja nepieciešams, varam vienoties par citu laiku. Lūdzu, iepazīstieties ar pievienotajiem dokumentiem. Jūsu pasūtījums ir sagatavots un tiks nosūtīts tuvākajās dienās. Lūdzu, dodiet mums ziņu, ja nepieciešams mainīt tikšanās laiku. Tikšanās laiks ir saskaņots ar visiem dalībniekiem. Paldies par jūsu iepriekšējo atbildi. Vēlamies informēt, ka mūsu tikšanās notiks nākamajā nedēļā.

Lai jauka diena!
Mūsu komanda.",normal
Tikšanās par projektu,"Labdien, Anna!

Paldies par jūsu iepriekšējo atbildi. Piegāde ir plānota tuvāko trīs darba dienu laikā. Atgādinām par rīt plānoto tikšanos.

Veiksmīgu dienu!
Mūsu komanda.",normal
Tikšanās par projektu,"Labdien, skolēni!

Paldies par jūsu iepriekšējo atbildi. Nākamajā mēnesī tiks veiktas nelielas izmaiņas darba kārtībā. Vēlamies informēt, ka mūsu tikšanās notiks nākamajā nedēļā. Lūdzu, dodiet mums ziņu, ja nepieciešams mainīt tikšanās laiku. Piegāde ir plānota tuvāko trīs darba dienu laikā. Šonedēļ esam sagatavojuši vairākus jaunumus. Mēs nosūtīsim papildu informāciju pēc tikšanās.

Veiksmīgu dienu!
Mūsu komanda.",normal
Piegādes informācija,"Sveiki, kolēģi!

Paldies, ka izmantojat mūsu pakalpojumus. Aptauja aizņems tikai dažas minūtes. Sanāksmes laikā pārrunāsim aktuālos jautājumus. Tikšanās laiks ir saskaņots ar visiem dalībniekiem. Mēs nosūtīsim papildu informāciju pēc tikšanās. Nākamajā mēnesī tiks veiktas nelielas izmaiņas darba kārtībā. Mēs novērtējam jūsu atsauksmes un ieteikumus.

Ar cieņu,
Klientu apkalpošanas nodaļa.",normal
Nedēļas jaunumi,"Sveiki, komanda!

Piegāde ir plānota tuvāko trīs darba dienu laikā. Vēlamies informēt, ka mūsu tikšanās notiks nākamajā nedēļā. Lūdzu, saglabājiet šo ziņojumu turpmākai atsaucei. Paldies par jūsu iepriekšējo atbildi. Jūsu rezervācija ir veiksmīgi apstiprināta. Šonedēļ esam sagatavojuši vairākus jaunumus.

Ar cieņu,
Projektu komanda.",normal
Mācību materiāli,"Sveiki, Jāni!

Šonedēļ esam sagatavojuši vairākus jaunumus. Dokumenti būs pieejami arī klātienes tikšanās laikā. Paldies, ka izmantojat mūsu pakalpojumus. Mēs novērtējam jūsu atsauksmes un ieteikumus. Aptauja aizņems tikai dažas minūtes. Papildu informāciju varat saņemt, sazinoties ar mums.

Paldies par sadarbību!
Uzņēmuma komanda.",normal
Tikšanās laika maiņa,"Sveiki, komanda!

Paldies, ka izmantojat mūsu pakalpojumus. Aptauja aizņems tikai dažas minūtes. Lūdzu, informējiet mūs, ja nevarēsiet piedalīties. Dokumenti būs pieejami arī klātienes tikšanās laikā. Atgādinām, ka pasākums notiks piektdien. Ja nepieciešams, varam vienoties par citu laiku. Pasākuma sākums paredzēts plkst. 10.00.

Ar cieņu,
Projektu komanda.",normal
Informācija par nodarbību,"Labdien, Anna!

Dokumenti būs pieejami arī klātienes tikšanās laikā. Informācija tiks papildināta, ja būs nepieciešamas izmaiņas. Vēlamies informēt, ka mūsu tikšanās notiks nākamajā nedēļā. Atgādinām, ka pasākums notiks piektdien. Informācija par jaunumiem ir pieejama mūsu mājaslapā.

Ar cieņu,
Projektu komanda.",normal
Informācija par nodarbību,"Sveiki, visiem!

Lūdzu, iepazīstieties ar pievienotajiem dokumentiem. Dokumenti būs pieejami arī klātienes tikšanās laikā. Darba grafiks nākamajai nedēļai ir sagatavots. Jūsu rezervācija ir veiksmīgi apstiprināta. Paldies, ka izmantojat mūsu pakalpojumus. Informācija par jaunumiem ir pieejama mūsu mājaslapā. Atgādinām par rīt plānoto tikšanos.

Ar cieņu,
Skolas administrācija.",normal
Rezervācijas apstiprinājums,"Labdien, cienījamie klienti!

Lūdzu, informējiet mūs, ja nevarēsiet piedalīties. Lūdzu, iepazīstieties ar pievienotajiem dokumentiem. Jūsu pasūtījums ir sagatavots un tiks nosūtīts tuvākajās dienās. Atgādinām, ka pasākums notiks piektdien. Tikšanās laiks ir saskaņots ar visiem dalībniekiem. Ja jums ir jautājumi, varat sazināties ar mūsu klientu apkalpošanas nodaļu.

Ar cieņu,
Klientu apkalpošanas nodaļa.",normal
Pasākuma programma,"Labdien, kolēģi!

Vēlamies informēt, ka mūsu tikšanās notiks nākamajā nedēļā. Mēs novērtējam jūsu atsauksmes un ieteikumus. Paldies par jūsu laiku un atsaucību. Tikšanās laiks ir saskaņots ar visiem dalībniekiem. Paldies, ka izmantojat mūsu pakalpojumus. Jūsu rezervācija ir veiksmīgi apstiprināta.

Ar cieņu,
Skolas administrācija.",normal
Jaunā darba kārtība,"Labdien, cienījamie klienti!

Paldies par jūsu iepriekšējo atbildi. Pasākuma sākums paredzēts plkst. 10.00. Atgādinām, ka pasākums notiks piektdien. Paldies par jūsu laiku un atsaucību.

Paldies!
Klientu serviss.",normal
Pasākuma programma,"Labdien, skolēni!

Nodarbība notiks ierastajā laikā. Sanāksmes laikā pārrunāsim aktuālos jautājumus. Ja jums ir jautājumi, varat sazināties ar mūsu klientu apkalpošanas nodaļu.

Lai jauka diena!
Mūsu komanda.",normal
Atgādinājums par tikšanos,"Labdien, Anna!

Lūdzu, informējiet mūs, ja nevarēsiet piedalīties. Pielikumā nosūtām informāciju par plānoto pasākumu. Tikšanās laiks ir saskaņots ar visiem dalībniekiem. Vēlamies informēt, ka mūsu tikšanās notiks nākamajā nedēļā. Nodarbība notiks ierastajā laikā. Informācija par jaunumiem ir pieejama mūsu mājaslapā. Darba grafiks nākamajai nedēļai ir sagatavots.

Lai jauka diena!
Mūsu komanda.",normal
Informācija par pasākumu,"Labdien, Anna!

Aptauja aizņems tikai dažas minūtes. Informācija par darba grafiku ir pievienota šim ziņojumam. Paldies, ka izmantojat mūsu pakalpojumus. Lūdzu, iepazīstieties ar pievienotajiem dokumentiem. Mēs vēlamies precizēt dažas detaļas par mūsu sadarbību.

Ar cieņu,
Projektu komanda.",normal
Aptauja par pakalpojumu,"Labdien, cienījamie klienti!

Informācija par jaunumiem ir pieejama mūsu mājaslapā. Šonedēļ esam sagatavojuši vairākus jaunumus. Paldies, ka izmantojat mūsu pakalpojumus. Sanāksmes laikā pārrunāsim aktuālos jautājumus. Dokumenti būs pieejami arī klātienes tikšanās laikā. Ja nepieciešams, varam vienoties par citu laiku.

Lai jauka diena!
Mūsu komanda.",normal
Bibliotēkas atgādinājums,"Sveiki, komanda!

Informācija par darba grafiku ir pievienota šim ziņojumam. Paldies, ka izmantojat mūsu pakalpojumus. Pasākuma sākums paredzēts plkst. 10.00.

Ar cieņu,
Projektu komanda.",normal
Semināra programma,"Sveiki!

Šonedēļ esam sagatavojuši vairākus jaunumus. Papildu informāciju varat saņemt, sazinoties ar mums. Pasākuma sākums paredzēts plkst. 10.00. Atgādinām, ka pasākums notiks piektdien.

Veiksmīgu dienu!
Mūsu komanda.",normal
Pateicība par sadarbību,"Labdien!

Mēs nosūtīsim papildu informāciju pēc tikšanās. Informācija par jaunumiem ir pieejama mūsu mājaslapā. Ja nepieciešams, varam vienoties par citu laiku. Informācija tiks papildināta, ja būs nepieciešamas izmaiņas.

Paldies par sadarbību!
Uzņēmuma komanda.",normal
Rēķins par pakalpojumu,"Labdien, kolēģi!

Pielikumā nosūtām informāciju par plānoto pasākumu. Mēs priecāsimies saņemt jūsu komentārus. Tikšanās laiks ir saskaņots ar visiem dalībniekiem. Lūdzu, informējiet mūs, ja nevarēsiet piedalīties. Piegāde ir plānota tuvāko trīs darba dienu laikā. Jūsu pasūtījums ir sagatavots un tiks nosūtīts tuvākajās dienās.

Paldies!
Klientu serviss.",normal
Dokumentu nosūtīšana,"Labdien!

Jūsu rezervācija ir veiksmīgi apstiprināta. Mēs priecāsimies saņemt jūsu komentārus. Paldies par jūsu laiku un atsaucību.

Ar cieņu,
Skolas administrācija.",normal
Informācija par nodarbību,"Sveiki, komanda!

Ja nepieciešams, varam vienoties par citu laiku. Informācija par jaunumiem ir pieejama mūsu mājaslapā. Mēs novērtējam jūsu atsauksmes un ieteikumus. Piegāde ir plānota tuvāko trīs darba dienu laikā. Nodarbība notiks ierastajā laikā.

Ar cieņu,
Skolas administrācija.",normal
Atgādinājums par tikšanos,"Labdien, skolēni!

Paldies, ka izmantojat mūsu pakalpojumus. Pasākuma sākums paredzēts plkst. 10.00. Lūdzu, informējiet mūs, ja nevarēsiet piedalīties. Lūdzu, iepazīstieties ar pievienotajiem dokumentiem. Pasākuma dalībniekiem būs pieejami visi nepieciešamie materiāli.

Ar cieņu,
Administrācija.",normal
Dokumentu nosūtīšana,"Sveiki, visiem!

Lūdzu, dodiet mums ziņu, ja nepieciešams mainīt tikšanās laiku. Mēs novērtējam jūsu atsauksmes un ieteikumus. Dokumenti būs pieejami arī klātienes tikšanās laikā. Pielikumā nosūtām informāciju par plānoto pasākumu. Paldies, ka izmantojat mūsu pakalpojumus. Jūsu pasūtījums ir sagatavots un tiks nosūtīts tuvākajās dienās. Papildu informāciju varat saņemt, sazinoties ar mums.

Paldies par sadarbību!
Uzņēmuma komanda.",normal
Mācību materiāli,"Sveiki, komanda!

Mēs novērtējam jūsu atsauksmes un ieteikumus. Mēs vēlamies precizēt dažas detaļas par mūsu sadarbību. Informācija par darba grafiku ir pievienota šim ziņojumam. Sanāksmes laikā pārrunāsim aktuālos jautājumus. Ja nepieciešams, varam vienoties par citu laiku. Jūsu rezervācija ir veiksmīgi apstiprināta. Vēlamies informēt, ka mūsu tikšanās notiks nākamajā nedēļā.

Paldies par sadarbību!
Uzņēmuma komanda.",normal
Informācija par pasākumu,"Labdien!

Piegāde ir plānota tuvāko trīs darba dienu laikā. Pielikumā nosūtām informāciju par plānoto pasākumu. Mēs novērtējam jūsu atsauksmes un ieteikumus. Ja nepieciešams, varam vienoties par citu laiku. Jūsu rezervācija ir veiksmīgi apstiprināta. Papildu informāciju varat saņemt, sazinoties ar mums. Paldies, ka izmantojat mūsu pakalpojumus.

Lai jauka diena!
Mūsu komanda.",normal
Atvaļinājuma plāns,"Sveiki!

Tikšanās laiks ir saskaņots ar visiem dalībniekiem. Pasākuma dalībniekiem būs pieejami visi nepieciešamie materiāli. Jūsu pasūtījums ir sagatavots un tiks nosūtīts tuvākajās dienās. Informācija par jaunumiem ir pieejama mūsu mājaslapā.

Paldies par sadarbību!
Uzņēmuma komanda.",normal
Rēķins par pakalpojumu,"Sveiki!

Šonedēļ esam sagatavojuši vairākus jaunumus. Dokumenti būs pieejami arī klātienes tikšanās laikā. Piegāde ir plānota tuvāko trīs darba dienu laikā. Sanāksmes laikā pārrunāsim aktuālos jautājumus. Ja jums ir jautājumi, varat sazināties ar mūsu klientu apkalpošanas nodaļu. Tikšanās laiks ir saskaņots ar visiem dalībniekiem.

Lai jauka diena!
Mūsu komanda.",normal
Pasūtījuma statuss,"Labdien, kolēģi!

Informācija tiks papildināta, ja būs nepieciešamas izmaiņas. Nākamajā mēnesī tiks veiktas nelielas izmaiņas darba kārtībā. Mēs priecāsimies saņemt jūsu komentārus. Šonedēļ esam sagatavojuši vairākus jaunumus.

Paldies!
Klientu serviss.",normal
Dokumentu nosūtīšana,"Sveiki, kolēģi!

Darba grafiks nākamajai nedēļai ir sagatavots. Lūdzu, saglabājiet šo ziņojumu turpmākai atsaucei. Pielikumā nosūtām informāciju par plānoto pasākumu. Papildu informāciju varat saņemt, sazinoties ar mums.

Ar cieņu,
Administrācija.",normal
Komandas sapulce,"Labdien, skolēni!

Atgādinām par rīt plānoto tikšanos. Darba grafiks nākamajai nedēļai ir sagatavots. Dokumenti būs pieejami arī klātienes tikšanās laikā. Papildu informāciju varat saņemt, sazinoties ar mums. Lūdzu, dodiet mums ziņu, ja nepieciešams mainīt tikšanās laiku.

Ar cieņu,
Projektu komanda.",normal
Bibliotēkas atgādinājums,"Labdien!

Informācija tiks papildināta, ja būs nepieciešamas izmaiņas. Nākamajā mēnesī tiks veiktas nelielas izmaiņas darba kārtībā. Lūdzu, iepazīstieties ar pievienotajiem dokumentiem. Mēs vēlamies precizēt dažas detaļas par mūsu sadarbību. Paldies par jūsu laiku un atsaucību. Paldies par jūsu iepriekšējo atbildi. Tikšanās laiks ir saskaņots ar visiem dalībniekiem.

Paldies!
Klientu serviss.",normal
Tikšanās par projektu,"Labdien, kolēģi!

Pasākuma sākums paredzēts plkst. 10.00. Papildu informāciju varat saņemt, sazinoties ar mums. Informācija par darba grafiku ir pievienota šim ziņojumam.

Paldies!
Klientu serviss.",normal
Informācija par nodarbību,"Sveiki, komanda!

Sanāksmes laikā pārrunāsim aktuālos jautājumus. Papildu informāciju varat saņemt, sazinoties ar mums. Lūdzu, saglabājiet šo ziņojumu turpmākai atsaucei.

Ar cieņu,
Projektu komanda.",normal
Komandas sapulce,"Sveiki, visiem!

Mēs nosūtīsim papildu informāciju pēc tikšanās. Papildu informāciju varat saņemt, sazinoties ar mums. Pasākuma sākums paredzēts plkst. 10.00. Darba grafiks nākamajai nedēļai ir sagatavots.

Ar cieņu,
Klientu apkalpošanas nodaļa.",normal
Informācija par pasākumu,"Labdien, Anna!

Informācija par darba grafiku ir pievienota šim ziņojumam. Nodarbība notiks ierastajā laikā. Lūdzu, saglabājiet šo ziņojumu turpmākai atsaucei.

Ar cieņu,
Klientu apkalpošanas nodaļa.",normal
Pasākuma programma,"Labdien, cienījamie klienti!

Informācija tiks papildināta, ja būs nepieciešamas izmaiņas. Pielikumā nosūtām informāciju par plānoto pasākumu. Mēs vēlamies precizēt dažas detaļas par mūsu sadarbību. Mēs nosūtīsim papildu informāciju pēc tikšanās.

Ar cieņu,
Klientu apkalpošanas nodaļa.",normal
Mācību materiāli,"Labdien, Anna!

Darba grafiks nākamajai nedēļai ir sagatavots. Aptauja aizņems tikai dažas minūtes. Jūsu pasūtījums ir sagatavots un tiks nosūtīts tuvākajās dienās. Atgādinām, ka pasākums notiks piektdien. Atgādinām par rīt plānoto tikšanos. Mēs nosūtīsim papildu informāciju pēc tikšanās. Sanāksmes laikā pārrunāsim aktuālos jautājumus.

Ar cieņu,
Skolas administrācija.",normal
Jaunā darba kārtība,"Sveiki, komanda!

Informācija par jaunumiem ir pieejama mūsu mājaslapā. Paldies par jūsu iepriekšējo atbildi. Sanāksmes laikā pārrunāsim aktuālos jautājumus. Vēlamies informēt, ka mūsu tikšanās notiks nākamajā nedēļā. Ja nepieciešams, varam vienoties par citu laiku. Atgādinām, ka pasākums notiks piektdien.

Veiksmīgu dienu!
Mūsu komanda.",normal
Rēķins par pakalpojumu,"Sveiki, visiem!

Lūdzu, dodiet mums ziņu, ja nepieciešams mainīt tikšanās laiku. Jūsu pasūtījums ir sagatavots un tiks nosūtīts tuvākajās dienās. Tikšanās laiks ir saskaņots ar visiem dalībniekiem. Ja jums ir jautājumi, varat sazināties ar mūsu klientu apkalpošanas nodaļu. Mēs nosūtīsim papildu informāciju pēc tikšanās. Vēlamies informēt, ka mūsu tikšanās notiks nākamajā nedēļā. Paldies par jūsu iepriekšējo atbildi.

Veiksmīgu dienu!
Mūsu komanda.",normal
Mācību materiāli,"Sveiki, komanda!

Pielikumā nosūtām informāciju par plānoto pasākumu. Paldies par jūsu laiku un atsaucību. Lūdzu, dodiet mums ziņu, ja nepieciešams mainīt tikšanās laiku. Dokumenti būs pieejami arī klātienes tikšanās laikā. Ja nepieciešams, varam vienoties par citu laiku.

Veiksmīgu dienu!
Mūsu komanda.",normal
Atvaļinājuma plāns,"Labdien, cienījamie klienti!

Šonedēļ esam sagatavojuši vairākus jaunumus. Piegāde ir plānota tuvāko trīs darba dienu laikā. Informācija tiks papildināta, ja būs nepieciešamas izmaiņas. Darba grafiks nākamajai nedēļai ir sagatavots. Atgādinām, ka pasākums notiks piektdien. Paldies, ka izmantojat mūsu pakalpojumus.

Ar cieņu,
Projektu komanda.",normal
Piegādes datums,"Labdien, skolēni!

Papildu informāciju varat saņemt, sazinoties ar mums. Paldies par jūsu iepriekšējo atbildi. Atgādinām par rīt plānoto tikšanos. Vēlamies informēt, ka mūsu tikšanās notiks nākamajā nedēļā. Nodarbība notiks ierastajā laikā. Pielikumā nosūtām informāciju par plānoto pasākumu.

Ar cieņu,
Projektu komanda.",normal
Jaunā darba kārtība,"Labdien!

Paldies, ka izmantojat mūsu pakalpojumus. Pielikumā nosūtām informāciju par plānoto pasākumu. Atgādinām par rīt plānoto tikšanos.

Ar cieņu,
Skolas administrācija.",normal
Bibliotēkas atgādinājums,"Labdien, skolēni!

Mēs priecāsimies saņemt jūsu komentārus. Informācija par jaunumiem ir pieejama mūsu mājaslapā. Nākamajā mēnesī tiks veiktas nelielas izmaiņas darba kārtībā.

Ar cieņu,
Projektu komanda.",normal
Aptauja par pakalpojumu,"Labdien!

Vēlamies informēt, ka mūsu tikšanās notiks nākamajā nedēļā. Papildu informāciju varat saņemt, sazinoties ar mums. Dokumenti būs pieejami arī klātienes tikšanās laikā.

Ar cieņu,
Administrācija.",normal
Pasūtījuma statuss,"Sveiki, komanda!

Informācija par jaunumiem ir pieejama mūsu mājaslapā. Paldies, ka izmantojat mūsu pakalpojumus. Aptauja aizņems tikai dažas minūtes. Mēs priecāsimies saņemt jūsu komentārus. Atgādinām par rīt plānoto tikšanos. Darba grafiks nākamajai nedēļai ir sagatavots.

Paldies par sadarbību!
Uzņēmuma komanda.",normal
Pateicība par sadarbību,"Sveiki!

Piegāde ir plānota tuvāko trīs darba dienu laikā. Nākamajā mēnesī tiks veiktas nelielas izmaiņas darba kārtībā. Tikšanās laiks ir saskaņots ar visiem dalībniekiem.

Veiksmīgu dienu!
Mūsu komanda.",normal
Komandas sapulce,"Sveiki!

Tikšanās laiks ir saskaņots ar visiem dalībniekiem. Mēs novērtējam jūsu atsauksmes un ieteikumus. Lūdzu, iepazīstieties ar pievienotajiem dokumentiem. Ja nepieciešams, varam vienoties par citu laiku. Paldies, ka izmantojat mūsu pakalpojumus.

Ar cieņu,
Skolas administrācija.",normal
Dokumentu nosūtīšana,"Labdien, skolēni!

Mēs novērtējam jūsu atsauksmes un ieteikumus. Pasākuma dalībniekiem būs pieejami visi nepieciešamie materiāli. Lūdzu, dodiet mums ziņu, ja nepieciešams mainīt tikšanās laiku.

Ar cieņu,
Projektu komanda.",normal
Jaunā darba kārtība,"Labdien, cienījamie klienti!

Nākamajā mēnesī tiks veiktas nelielas izmaiņas darba kārtībā. Dokumenti būs pieejami arī klātienes tikšanās laikā. Paldies par jūsu laiku un atsaucību. Pasākuma sākums paredzēts plkst. 10.00. Paldies, ka izmantojat mūsu pakalpojumus. Atgādinām par rīt plānoto tikšanos.

Ar cieņu,
Skolas administrācija.",normal
Atvaļinājuma plāns,"Sveiki, visiem!

Lūdzu, iepazīstieties ar pievienotajiem dokumentiem. Mēs novērtējam jūsu atsauksmes un ieteikumus. Lūdzu, informējiet mūs, ja nevarēsiet piedalīties. Darba grafiks nākamajai nedēļai ir sagatavots. Pielikumā nosūtām informāciju par plānoto pasākumu.

Ar cieņu,
Administrācija.",normal
Darba grafiks,"Labdien, cienījamie klienti!

Lūdzu, informējiet mūs, ja nevarēsiet piedalīties. Atgādinām, ka pasākums notiks piektdien. Mēs priecāsimies saņemt jūsu komentārus. Informācija tiks papildināta, ja būs nepieciešamas izmaiņas. Informācija par jaunumiem ir pieejama mūsu mājaslapā.

Paldies par sadarbību!
Uzņēmuma komanda.",normal
Mēneša pārskats,"Sveiki, Jāni!

Paldies par jūsu iepriekšējo atbildi. Ja jums ir jautājumi, varat sazināties ar mūsu klientu apkalpošanas nodaļu. Paldies, ka izmantojat mūsu pakalpojumus. Lūdzu, saglabājiet šo ziņojumu turpmākai atsaucei. Nodarbība notiks ierastajā laikā.

Lai jauka diena!
Mūsu komanda.",normal
Komandas sapulce,"Sveiki, komanda!

Pasākuma dalībniekiem būs pieejami visi nepieciešamie materiāli. Informācija par jaunumiem ir pieejama mūsu mājaslapā. Papildu informāciju varat saņemt, sazinoties ar mums.

Lai jauka diena!
Mūsu komanda.",normal
Rezervācijas apstiprinājums,"Labdien, Anna!

Lūdzu, iepazīstieties ar pievienotajiem dokumentiem. Mēs novērtējam jūsu atsauksmes un ieteikumus. Darba grafiks nākamajai nedēļai ir sagatavots. Vēlamies informēt, ka mūsu tikšanās notiks nākamajā nedēļā. Informācija par darba grafiku ir pievienota šim ziņojumam. Nākamajā mēnesī tiks veiktas nelielas izmaiņas darba kārtībā. Mēs priecāsimies saņemt jūsu komentārus.

Ar cieņu,
Klientu apkalpošanas nodaļa.",normal
Informācija klientiem,"Labdien, Anna!

Piegāde ir plānota tuvāko trīs darba dienu laikā. Lūdzu, saglabājiet šo ziņojumu turpmākai atsaucei. Lūdzu, iepazīstieties ar pievienotajiem dokumentiem. Paldies par jūsu iepriekšējo atbildi. Atgādinām par rīt plānoto tikšanos. Sanāksmes laikā pārrunāsim aktuālos jautājumus.

Paldies!
Klientu serviss.",normal
Tikšanās laika maiņa,"Sveiki!

Dokumenti būs pieejami arī klātienes tikšanās laikā. Sanāksmes laikā pārrunāsim aktuālos jautājumus. Darba grafiks nākamajai nedēļai ir sagatavots. Tikšanās laiks ir saskaņots ar visiem dalībniekiem. Piegāde ir plānota tuvāko trīs darba dienu laikā.

Lai jauka diena!
Mūsu komanda.",normal
Informācija par nodarbību,"Sveiki!

Jūsu rezervācija ir veiksmīgi apstiprināta. Lūdzu, dodiet mums ziņu, ja nepieciešams mainīt tikšanās laiku. Vēlamies informēt, ka mūsu tikšanās notiks nākamajā nedēļā. Lūdzu, saglabājiet šo ziņojumu turpmākai atsaucei.

Ar cieņu,
Skolas administrācija.",normal
Darba grafiks,"Sveiki, visiem!

Informācija par darba grafiku ir pievienota šim ziņojumam. Paldies par jūsu iepriekšējo atbildi. Mēs priecāsimies saņemt jūsu komentārus. Šonedēļ esam sagatavojuši vairākus jaunumus. Paldies, ka izmantojat mūsu pakalpojumus.

Ar cieņu,
Klientu apkalpošanas nodaļa.",normal
Semināra programma,"Sveiki!

Sanāksmes laikā pārrunāsim aktuālos jautājumus. Aptauja aizņems tikai dažas minūtes. Mēs vēlamies precizēt dažas detaļas par mūsu sadarbību. Lūdzu, dodiet mums ziņu, ja nepieciešams mainīt tikšanās laiku. Dokumenti būs pieejami arī klātienes tikšanās laikā.

Ar cieņu,
Skolas administrācija.",normal
Semināra programma,"Labdien, kolēģi!

Sanāksmes laikā pārrunāsim aktuālos jautājumus. Šonedēļ esam sagatavojuši vairākus jaunumus. Paldies, ka izmantojat mūsu pakalpojumus. Papildu informāciju varat saņemt, sazinoties ar mums. Jūsu rezervācija ir veiksmīgi apstiprināta. Ja jums ir jautājumi, varat sazināties ar mūsu klientu apkalpošanas nodaļu.

Ar cieņu,
Projektu komanda.",normal
Komandas sapulce,"Sveiki, kolēģi!

Mēs nosūtīsim papildu informāciju pēc tikšanās. Paldies par jūsu laiku un atsaucību. Tikšanās laiks ir saskaņots ar visiem dalībniekiem. Informācija par darba grafiku ir pievienota šim ziņojumam.

Veiksmīgu dienu!
Mūsu komanda.",normal
Darba grafiks,"Sveiki, visiem!

Ja jums ir jautājumi, varat sazināties ar mūsu klientu apkalpošanas nodaļu. Tikšanās laiks ir saskaņots ar visiem dalībniekiem. Nākamajā mēnesī tiks veiktas nelielas izmaiņas darba kārtībā. Darba grafiks nākamajai nedēļai ir sagatavots.

Paldies!
Klientu serviss.",normal
Nedēļas jaunumi,"Labdien, kolēģi!

Nodarbība notiks ierastajā laikā. Informācija par darba grafiku ir pievienota šim ziņojumam. Paldies, ka izmantojat mūsu pakalpojumus. Pasākuma dalībniekiem būs pieejami visi nepieciešamie materiāli. Lūdzu, informējiet mūs, ja nevarēsiet piedalīties. Nākamajā mēnesī tiks veiktas nelielas izmaiņas darba kārtībā.

Paldies!
Klientu serviss.",normal
Atvaļinājuma plāns,"Sveiki, komanda!

Ja nepieciešams, varam vienoties par citu laiku. Informācija par darba grafiku ir pievienota šim ziņojumam. Dokumenti būs pieejami arī klātienes tikšanās laikā. Lūdzu, saglabājiet šo ziņojumu turpmākai atsaucei.

Paldies par sadarbību!
Uzņēmuma komanda.",normal
Informācija klientiem,"Labdien, Anna!

Nodarbība notiks ierastajā laikā. Darba grafiks nākamajai nedēļai ir sagatavots. Pielikumā nosūtām informāciju par plānoto pasākumu. Jūsu rezervācija ir veiksmīgi apstiprināta. Lūdzu, informējiet mūs, ja nevarēsiet piedalīties. Sanāksmes laikā pārrunāsim aktuālos jautājumus. Informācija par darba grafiku ir pievienota šim ziņojumam.

Ar cieņu,
Skolas administrācija.",normal
Jaunumi uzņēmumā,"Labdien, skolēni!

Ja nepieciešams, varam vienoties par citu laiku. Šonedēļ esam sagatavojuši vairākus jaunumus. Paldies, ka izmantojat mūsu pakalpojumus.

Lai jauka diena!
Mūsu komanda.",normal
Aptauja par pakalpojumu,"Sveiki!

Nākamajā mēnesī tiks veiktas nelielas izmaiņas darba kārtībā. Pielikumā nosūtām informāciju par plānoto pasākumu. Šonedēļ esam sagatavojuši vairākus jaunumus.

Ar cieņu,
Skolas administrācija.",normal
Informācija klientiem,"Labdien!

Informācija tiks papildināta, ja būs nepieciešamas izmaiņas. Lūdzu, informējiet mūs, ja nevarēsiet piedalīties. Mēs nosūtīsim papildu informāciju pēc tikšanās. Nodarbība notiks ierastajā laikā. Paldies, ka izmantojat mūsu pakalpojumus. Papildu informāciju varat saņemt, sazinoties ar mums.

Veiksmīgu dienu!
Mūsu komanda.",normal
Rezervācijas apstiprinājums,"Labdien, cienījamie klienti!

Paldies par jūsu laiku un atsaucību. Lūdzu, saglabājiet šo ziņojumu turpmākai atsaucei. Mēs vēlamies precizēt dažas detaļas par mūsu sadarbību. Paldies, ka izmantojat mūsu pakalpojumus. Atgādinām par rīt plānoto tikšanos.

Paldies par sadarbību!
Uzņēmuma komanda.",normal
Pasūtījuma statuss,"Sveiki!

Informācija par jaunumiem ir pieejama mūsu mājaslapā. Paldies par jūsu laiku un atsaucību. Pielikumā nosūtām informāciju par plānoto pasākumu. Atgādinām par rīt plānoto tikšanos.

Veiksmīgu dienu!
Mūsu komanda.",normal
Piegādes informācija,"Labdien, cienījamie klienti!

Jūsu pasūtījums ir sagatavots un tiks nosūtīts tuvākajās dienās. Jūsu rezervācija ir veiksmīgi apstiprināta. Pasākuma dalībniekiem būs pieejami visi nepieciešamie materiāli. Lūdzu, saglabājiet šo ziņojumu turpmākai atsaucei. Lūdzu, dodiet mums ziņu, ja nepieciešams mainīt tikšanās laiku. Nākamajā mēnesī tiks veiktas nelielas izmaiņas darba kārtībā. Papildu informāciju varat saņemt, sazinoties ar mums.

Ar cieņu,
Projektu komanda.",normal
Tikšanās par projektu,"Sveiki, kolēģi!

Pasākuma sākums paredzēts plkst. 10.00. Nākamajā mēnesī tiks veiktas nelielas izmaiņas darba kārtībā. Mēs nosūtīsim papildu informāciju pēc tikšanās. Informācija par jaunumiem ir pieejama mūsu mājaslapā. Aptauja aizņems tikai dažas minūtes.

Ar cieņu,
Skolas administrācija.",normal
Aptauja par pakalpojumu,"Sveiki, kolēģi!

Papildu informāciju varat saņemt, sazinoties ar mums. Mēs vēlamies precizēt dažas detaļas par mūsu sadarbību. Informācija par jaunumiem ir pieejama mūsu mājaslapā. Atgādinām, ka pasākums notiks piektdien. Pielikumā nosūtām informāciju par plānoto pasākumu. Nodarbība notiks ierastajā laikā.

Ar cieņu,
Projektu komanda.",normal
Mācību materiāli,"Sveiki, visiem!

Nākamajā mēnesī tiks veiktas nelielas izmaiņas darba kārtībā. Šonedēļ esam sagatavojuši vairākus jaunumus. Paldies, ka izmantojat mūsu pakalpojumus. Lūdzu, dodiet mums ziņu, ja nepieciešams mainīt tikšanās laiku. Paldies par jūsu laiku un atsaucību.

Ar cieņu,
Klientu apkalpošanas nodaļa.",normal
Informācija par pasākumu,"Labdien, kolēģi!

Pielikumā nosūtām informāciju par plānoto pasākumu. Piegāde ir plānota tuvāko trīs darba dienu laikā. Informācija par jaunumiem ir pieejama mūsu mājaslapā. Ja nepieciešams, varam vienoties par citu laiku. Atgādinām par rīt plānoto tikšanos.

Ar cieņu,
Klientu apkalpošanas nodaļa.",normal
Piegādes informācija,"Labdien!

Dokumenti būs pieejami arī klātienes tikšanās laikā. Atgādinām, ka pasākums notiks piektdien. Informācija par darba grafiku ir pievienota šim ziņojumam. Jūsu pasūtījums ir sagatavots un tiks nosūtīts tuvākajās dienās.

Lai jauka diena!
Mūsu komanda.",normal
Jaunumi uzņēmumā,"Sveiki, Jāni!

Mēs priecāsimies saņemt jūsu komentārus. Paldies, ka izmantojat mūsu pakalpojumus. Jūsu pasūtījums ir sagatavots un tiks nosūtīts tuvākajās dienās.

Ar cieņu,
Skolas administrācija.",normal
Mēneša pārskats,"Labdien, skolēni!

Pielikumā nosūtām informāciju par plānoto pasākumu. Lūdzu, informējiet mūs, ja nevarēsiet piedalīties. Paldies par jūsu iepriekšējo atbildi. Atgādinām, ka pasākums notiks piektdien.

Paldies!
Klientu serviss.",normal
Jaunā darba kārtība,"Labdien, skolēni!

Piegāde ir plānota tuvāko trīs darba dienu laikā. Ja jums ir jautājumi, varat sazināties ar mūsu klientu apkalpošanas nodaļu. Sanāksmes laikā pārrunāsim aktuālos jautājumus. Dokumenti būs pieejami arī klātienes tikšanās laikā. Darba grafiks nākamajai nedēļai ir sagatavots.

Paldies par sadarbību!
Uzņēmuma komanda.",normal
Tikšanās par projektu,"Sveiki, komanda!

Papildu informāciju varat saņemt, sazinoties ar mums. Jūsu rezervācija ir veiksmīgi apstiprināta. Aptauja aizņems tikai dažas minūtes.

Ar cieņu,
Administrācija.",normal
Atgādinājums par tikšanos,"Labdien, Anna!

Piegāde ir plānota tuvāko trīs darba dienu laikā. Lūdzu, saglabājiet šo ziņojumu turpmākai atsaucei. Pasākuma sākums paredzēts plkst. 10.00. Informācija par jaunumiem ir pieejama mūsu mājaslapā.

Ar cieņu,
Projektu komanda.",normal
Piegādes informācija,"Labdien, kolēģi!

Darba grafiks nākamajai nedēļai ir sagatavots. Informācija tiks papildināta, ja būs nepieciešamas izmaiņas. Vēlamies informēt, ka mūsu tikšanās notiks nākamajā nedēļā.

Ar cieņu,
Skolas administrācija.",normal
Komandas sapulce,"Sveiki, visiem!

Informācija tiks papildināta, ja būs nepieciešamas izmaiņas. Nodarbība notiks ierastajā laikā. Mēs vēlamies precizēt dažas detaļas par mūsu sadarbību. Lūdzu, iepazīstieties ar pievienotajiem dokumentiem. Lūdzu, dodiet mums ziņu, ja nepieciešams mainīt tikšanās laiku. Pasākuma dalībniekiem būs pieejami visi nepieciešamie materiāli.

Ar cieņu,
Skolas administrācija.",normal
Dokumentu nosūtīšana,"Sveiki!

Pasākuma dalībniekiem būs pieejami visi nepieciešamie materiāli. Atgādinām par rīt plānoto tikšanos. Paldies, ka izmantojat mūsu pakalpojumus. Mēs novērtējam jūsu atsauksmes un ieteikumus. Lūdzu, saglabājiet šo ziņojumu turpmākai atsaucei. Dokumenti būs pieejami arī klātienes tikšanās laikā. Paldies par jūsu laiku un atsaucību.

Ar cieņu,
Skolas administrācija.",normal
Mācību materiāli,"Labdien, Anna!

Mēs nosūtīsim papildu informāciju pēc tikšanās. Darba grafiks nākamajai nedēļai ir sagatavots. Lūdzu, saglabājiet šo ziņojumu turpmākai atsaucei. Lūdzu, dodiet mums ziņu, ja nepieciešams mainīt tikšanās laiku. Atgādinām, ka pasākums notiks piektdien. Paldies, ka izmantojat mūsu pakalpojumus.

Ar cieņu,
Administrācija.",normal
Rēķins par pakalpojumu,"Labdien, cienījamie klienti!

Paldies, ka izmantojat mūsu pakalpojumus. Atgādinām par rīt plānoto tikšanos. Dokumenti būs pieejami arī klātienes tikšanās laikā. Pielikumā nosūtām informāciju par plānoto pasākumu. Nākamajā mēnesī tiks veiktas nelielas izmaiņas darba kārtībā. Pasākuma dalībniekiem būs pieejami visi nepieciešamie materiāli.

Paldies par sadarbību!
Uzņēmuma komanda.",normal
Tikšanās laika maiņa,"Labdien, cienījamie klienti!

Atgādinām par rīt plānoto tikšanos. Pasākuma sākums paredzēts plkst. 10.00. Informācija par darba grafiku ir pievienota šim ziņojumam.

Paldies!
Klientu serviss.",normal
Semināra programma,"Labdien, kolēģi!

Paldies, ka izmantojat mūsu pakalpojumus. Mēs nosūtīsim papildu informāciju pēc tikšanās. Tikšanās laiks ir saskaņots ar visiem dalībniekiem. Vēlamies informēt, ka mūsu tikšanās notiks nākamajā nedēļā.

Lai jauka diena!
Mūsu komanda.",normal
Rēķins par pakalpojumu,"Sveiki, visiem!

Piegāde ir plānota tuvāko trīs darba dienu laikā. Pielikumā nosūtām informāciju par plānoto pasākumu. Ja jums ir jautājumi, varat sazināties ar mūsu klientu apkalpošanas nodaļu. Informācija par jaunumiem ir pieejama mūsu mājaslapā. Papildu informāciju varat saņemt, sazinoties ar mums. Šonedēļ esam sagatavojuši vairākus jaunumus.

Lai jauka diena!
Mūsu komanda.",normal
Informācija klientiem,"Sveiki, kolēģi!

Piegāde ir plānota tuvāko trīs darba dienu laikā. Lūdzu, saglabājiet šo ziņojumu turpmākai atsaucei. Informācija tiks papildināta, ja būs nepieciešamas izmaiņas. Lūdzu, dodiet mums ziņu, ja nepieciešams mainīt tikšanās laiku.

Lai jauka diena!
Mūsu komanda.",normal
Pasākuma programma,"Sveiki, komanda!

Mēs nosūtīsim papildu informāciju pēc tikšanās. Ja nepieciešams, varam vienoties par citu laiku. Dokumenti būs pieejami arī klātienes tikšanās laikā. Vēlamies informēt, ka mūsu tikšanās notiks nākamajā nedēļā.

Paldies!
Klientu serviss.",normal
Rezervācijas apstiprinājums,"Labdien, kolēģi!

Lūdzu, informējiet mūs, ja nevarēsiet piedalīties. Papildu informāciju varat saņemt, sazinoties ar mums. Jūsu pasūtījums ir sagatavots un tiks nosūtīts tuvākajās dienās. Jūsu rezervācija ir veiksmīgi apstiprināta. Aptauja aizņems tikai dažas minūtes. Informācija par jaunumiem ir pieejama mūsu mājaslapā.

Lai jauka diena!
Mūsu komanda.",normal
Pasākuma programma,"Sveiki!

Mēs vēlamies precizēt dažas detaļas par mūsu sadarbību. Nodarbība notiks ierastajā laikā. Paldies par jūsu laiku un atsaucību. Sanāksmes laikā pārrunāsim aktuālos jautājumus. Aptauja aizņems tikai dažas minūtes.

Paldies par sadarbību!
Uzņēmuma komanda.",normal
Piegādes datums,"Labdien, kolēģi!

Informācija par jaunumiem ir pieejama mūsu mājaslapā. Informācija tiks papildināta, ja būs nepieciešamas izmaiņas. Mēs nosūtīsim papildu informāciju pēc tikšanās. Aptauja aizņems tikai dažas minūtes. Informācija par darba grafiku ir pievienota šim ziņojumam. Atgādinām, ka pasākums notiks piektdien.

Ar cieņu,
Projektu komanda.",normal
Atvaļinājuma plāns,"Sveiki, komanda!

Pasākuma sākums paredzēts plkst. 10.00. Šonedēļ esam sagatavojuši vairākus jaunumus. Papildu informāciju varat saņemt, sazinoties ar mums. Nodarbība notiks ierastajā laikā. Informācija tiks papildināta, ja būs nepieciešamas izmaiņas. Lūdzu, saglabājiet šo ziņojumu turpmākai atsaucei.

Paldies par sadarbību!
Uzņēmuma komanda.",normal
Informācija par nodarbību,"Sveiki, visiem!

Atgādinām par rīt plānoto tikšanos. Papildu informāciju varat saņemt, sazinoties ar mums. Mēs novērtējam jūsu atsauksmes un ieteikumus. Pasākuma dalībniekiem būs pieejami visi nepieciešamie materiāli. Jūsu rezervācija ir veiksmīgi apstiprināta.

Ar cieņu,
Klientu apkalpošanas nodaļa.",normal
Bibliotēkas atgādinājums,"Sveiki, kolēģi!

Paldies, ka izmantojat mūsu pakalpojumus. Darba grafiks nākamajai nedēļai ir sagatavots. Lūdzu, iepazīstieties ar pievienotajiem dokumentiem.

Lai jauka diena!
Mūsu komanda.",normal
Atgādinājums par tikšanos,"Labdien, skolēni!

Nākamajā mēnesī tiks veiktas nelielas izmaiņas darba kārtībā. Mēs novērtējam jūsu atsauksmes un ieteikumus. Lūdzu, informējiet mūs, ja nevarēsiet piedalīties. Pasākuma dalībniekiem būs pieejami visi nepieciešamie materiāli. Jūsu pasūtījums ir sagatavots un tiks nosūtīts tuvākajās dienās.

Paldies par sadarbību!
Uzņēmuma komanda.",normal
Bibliotēkas atgādinājums,"Sveiki, kolēģi!

Aptauja aizņems tikai dažas minūtes. Nodarbība notiks ierastajā laikā. Atgādinām, ka pasākums notiks piektdien. Jūsu pasūtījums ir sagatavots un tiks nosūtīts tuvākajās dienās. Mēs novērtējam jūsu atsauksmes un ieteikumus. Jūsu rezervācija ir veiksmīgi apstiprināta.

Lai jauka diena!
Mūsu komanda.",normal
Piegādes informācija,"Labdien, skolēni!

Jūsu pasūtījums ir sagatavots un tiks nosūtīts tuvākajās dienās. Piegāde ir plānota tuvāko trīs darba dienu laikā. Pasākuma dalībniekiem būs pieejami visi nepieciešamie materiāli. Atgādinām, ka pasākums notiks piektdien. Paldies par jūsu laiku un atsaucību. Tikšanās laiks ir saskaņots ar visiem dalībniekiem.

Paldies par sadarbību!
Uzņēmuma komanda.",normal
Pasākuma programma,"Labdien, skolēni!

Informācija par jaunumiem ir pieejama mūsu mājaslapā. Jūsu rezervācija ir veiksmīgi apstiprināta. Dokumenti būs pieejami arī klātienes tikšanās laikā. Lūdzu, iepazīstieties ar pievienotajiem dokumentiem.

Ar cieņu,
Skolas administrācija.",normal
Jaunā darba kārtība,"Labdien!

Pasākuma sākums paredzēts plkst. 10.00. Tikšanās laiks ir saskaņots ar visiem dalībniekiem. Sanāksmes laikā pārrunāsim aktuālos jautājumus. Mēs vēlamies precizēt dažas detaļas par mūsu sadarbību. Ja nepieciešams, varam vienoties par citu laiku. Dokumenti būs pieejami arī klātienes tikšanās laikā. Paldies par jūsu iepriekšējo atbildi.

Paldies par sadarbību!
Uzņēmuma komanda.",normal
Mācību materiāli,"Sveiki, visiem!

Mēs novērtējam jūsu atsauksmes un ieteikumus. Informācija par jaunumiem ir pieejama mūsu mājaslapā. Lūdzu, dodiet mums ziņu, ja nepieciešams mainīt tikšanās laiku. Pielikumā nosūtām informāciju par plānoto pasākumu. Ja nepieciešams, varam vienoties par citu laiku.

Ar cieņu,
Projektu komanda.",normal
Pateicība par sadarbību,"Labdien, cienījamie klienti!

Ja nepieciešams, varam vienoties par citu laiku. Atgādinām, ka pasākums notiks piektdien. Pasākuma dalībniekiem būs pieejami visi nepieciešamie materiāli. Pasākuma sākums paredzēts plkst. 10.00. Jūsu rezervācija ir veiksmīgi apstiprināta. Paldies, ka izmantojat mūsu pakalpojumus. Mēs vēlamies precizēt dažas detaļas par mūsu sadarbību.

Paldies par sadarbību!
Uzņēmuma komanda.",normal
Darba grafiks,"Sveiki, kolēģi!

Tikšanās laiks ir saskaņots ar visiem dalībniekiem. Mēs vēlamies precizēt dažas detaļas par mūsu sadarbību. Ja jums ir jautājumi, varat sazināties ar mūsu klientu apkalpošanas nodaļu. Lūdzu, informējiet mūs, ja nevarēsiet piedalīties. Nodarbība notiks ierastajā laikā. Informācija par jaunumiem ir pieejama mūsu mājaslapā. Mēs nosūtīsim papildu informāciju pēc tikšanās.

Lai jauka diena!
Mūsu komanda.",normal
Semināra programma,"Labdien, cienījamie klienti!

Šonedēļ esam sagatavojuši vairākus jaunumus. Paldies, ka izmantojat mūsu pakalpojumus. Informācija par darba grafiku ir pievienota šim ziņojumam.

Lai jauka diena!
Mūsu komanda.",normal
Jaunā darba kārtība,"Sveiki, visiem!

Mēs priecāsimies saņemt jūsu komentārus. Dokumenti būs pieejami arī klātienes tikšanās laikā. Piegāde ir plānota tuvāko trīs darba dienu laikā. Paldies par jūsu iepriekšējo atbildi.

Ar cieņu,
Klientu apkalpošanas nodaļa.",normal
Pasākuma programma,"Sveiki, kolēģi!

Sanāksmes laikā pārrunāsim aktuālos jautājumus. Lūdzu, iepazīstieties ar pievienotajiem dokumentiem. Piegāde ir plānota tuvāko trīs darba dienu laikā. Atgādinām par rīt plānoto tikšanos.

Paldies!
Klientu serviss.",normal
Mācību materiāli,"Sveiki, visiem!

Lūdzu, dodiet mums ziņu, ja nepieciešams mainīt tikšanās laiku. Paldies par jūsu iepriekšējo atbildi. Ja nepieciešams, varam vienoties par citu laiku. Lūdzu, informējiet mūs, ja nevarēsiet piedalīties. Sanāksmes laikā pārrunāsim aktuālos jautājumus. Pasākuma dalībniekiem būs pieejami visi nepieciešamie materiāli.

Lai jauka diena!
Mūsu komanda.",normal
Pasākuma programma,"Sveiki!

Informācija par darba grafiku ir pievienota šim ziņojumam. Informācija tiks papildināta, ja būs nepieciešamas izmaiņas. Ja jums ir jautājumi, varat sazināties ar mūsu klientu apkalpošanas nodaļu. Lūdzu, dodiet mums ziņu, ja nepieciešams mainīt tikšanās laiku.

Paldies!
Klientu serviss.",normal
Mācību materiāli,"Labdien, cienījamie klienti!

Nodarbība notiks ierastajā laikā. Jūsu rezervācija ir veiksmīgi apstiprināta. Mēs nosūtīsim papildu informāciju pēc tikšanās. Tikšanās laiks ir saskaņots ar visiem dalībniekiem. Paldies, ka izmantojat mūsu pakalpojumus. Ja nepieciešams, varam vienoties par citu laiku.

Lai jauka diena!
Mūsu komanda.",normal
Nedēļas jaunumi,"Labdien, kolēģi!

Darba grafiks nākamajai nedēļai ir sagatavots. Pielikumā nosūtām informāciju par plānoto pasākumu. Tikšanās laiks ir saskaņots ar visiem dalībniekiem.

Ar cieņu,
Administrācija.",normal
Mācību materiāli,"Labdien, cienījamie klienti!

Informācija par darba grafiku ir pievienota šim ziņojumam. Paldies par jūsu iepriekšējo atbildi. Pielikumā nosūtām informāciju par plānoto pasākumu.

Ar cieņu,
Projektu komanda.",normal
Aptauja par pakalpojumu,"Sveiki!

Piegāde ir plānota tuvāko trīs darba dienu laikā. Jūsu pasūtījums ir sagatavots un tiks nosūtīts tuvākajās dienās. Dokumenti būs pieejami arī klātienes tikšanās laikā. Atgādinām, ka pasākums notiks piektdien. Paldies, ka izmantojat mūsu pakalpojumus.

Ar cieņu,
Administrācija.",normal
Jaunumi uzņēmumā,"Sveiki!

Atgādinām, ka pasākums notiks piektdien. Jūsu rezervācija ir veiksmīgi apstiprināta. Informācija par jaunumiem ir pieejama mūsu mājaslapā. Lūdzu, iepazīstieties ar pievienotajiem dokumentiem.

Veiksmīgu dienu!
Mūsu komanda.",normal
Aptauja par pakalpojumu,"Labdien, skolēni!

Lūdzu, informējiet mūs, ja nevarēsiet piedalīties. Pasākuma sākums paredzēts plkst. 10.00. Pasākuma dalībniekiem būs pieejami visi nepieciešamie materiāli.

Ar cieņu,
Klientu apkalpošanas nodaļa.",normal
Piegādes datums,"Labdien, skolēni!

Pasākuma dalībniekiem būs pieejami visi nepieciešamie materiāli. Paldies, ka izmantojat mūsu pakalpojumus. Jūsu rezervācija ir veiksmīgi apstiprināta.

Ar cieņu,
Administrācija.",normal
Piegādes datums,"Sveiki, kolēģi!

Ja nepieciešams, varam vienoties par citu laiku. Paldies par jūsu laiku un atsaucību. Nākamajā mēnesī tiks veiktas nelielas izmaiņas darba kārtībā. Informācija tiks papildināta, ja būs nepieciešamas izmaiņas. Pasākuma sākums paredzēts plkst. 10.00.

Ar cieņu,
Administrācija.",normal
Dokumentu nosūtīšana,"Sveiki, komanda!

Sanāksmes laikā pārrunāsim aktuālos jautājumus. Informācija tiks papildināta, ja būs nepieciešamas izmaiņas. Mēs nosūtīsim papildu informāciju pēc tikšanās. Pasākuma dalībniekiem būs pieejami visi nepieciešamie materiāli. Ja jums ir jautājumi, varat sazināties ar mūsu klientu apkalpošanas nodaļu.

Paldies par sadarbību!
Uzņēmuma komanda.",normal
Pateicība par sadarbību,"Sveiki!

Papildu informāciju varat saņemt, sazinoties ar mums. Nākamajā mēnesī tiks veiktas nelielas izmaiņas darba kārtībā. Dokumenti būs pieejami arī klātienes tikšanās laikā. Piegāde ir plānota tuvāko trīs darba dienu laikā.

Lai jauka diena!
Mūsu komanda.",normal
Atvaļinājuma plāns,"Sveiki!

Darba grafiks nākamajai nedēļai ir sagatavots. Atgādinām par rīt plānoto tikšanos. Mēs novērtējam jūsu atsauksmes un ieteikumus. Aptauja aizņems tikai dažas minūtes. Mēs nosūtīsim papildu informāciju pēc tikšanās.

Ar cieņu,
Projektu komanda.",normal
Informācija par nodarbību,"Labdien, cienījamie klienti!

Atgādinām, ka pasākums notiks piektdien. Mēs vēlamies precizēt dažas detaļas par mūsu sadarbību. Sanāksmes laikā pārrunāsim aktuālos jautājumus. Pasākuma dalībniekiem būs pieejami visi nepieciešamie materiāli. Informācija par jaunumiem ir pieejama mūsu mājaslapā. Informācija par darba grafiku ir pievienota šim ziņojumam. Atgādinām par rīt plānoto tikšanos.

Paldies par sadarbību!
Uzņēmuma komanda.",normal
Jaunumi uzņēmumā,"Sveiki, kolēģi!

Informācija par jaunumiem ir pieejama mūsu mājaslapā. Sanāksmes laikā pārrunāsim aktuālos jautājumus. Atgādinām par rīt plānoto tikšanos.

Ar cieņu,
Projektu komanda.",normal
Darba grafiks,"Labdien, cienījamie klienti!

Pasākuma sākums paredzēts plkst. 10.00. Paldies par jūsu laiku un atsaucību. Papildu informāciju varat saņemt, sazinoties ar mums.

Ar cieņu,
Klientu apkalpošanas nodaļa.",normal
Piegādes datums,"Sveiki!

Pielikumā nosūtām informāciju par plānoto pasākumu. Lūdzu, informējiet mūs, ja nevarēsiet piedalīties. Informācija par jaunumiem ir pieejama mūsu mājaslapā. Informācija tiks papildināta, ja būs nepieciešamas izmaiņas. Jūsu rezervācija ir veiksmīgi apstiprināta. Ja nepieciešams, varam vienoties par citu laiku. Nākamajā mēnesī tiks veiktas nelielas izmaiņas darba kārtībā.

Veiksmīgu dienu!
Mūsu komanda.",normal
Mācību materiāli,"Labdien, skolēni!

Papildu informāciju varat saņemt, sazinoties ar mums. Dokumenti būs pieejami arī klātienes tikšanās laikā. Informācija par jaunumiem ir pieejama mūsu mājaslapā. Pasākuma sākums paredzēts plkst. 10.00.

Ar cieņu,
Administrācija.",normal
Atvaļinājuma plāns,"Labdien, cienījamie klienti!

Papildu informāciju varat saņemt, sazinoties ar mums. Jūsu pasūtījums ir sagatavots un tiks nosūtīts tuvākajās dienās. Paldies par jūsu laiku un atsaucību. Jūsu rezervācija ir veiksmīgi apstiprināta. Pasākuma sākums paredzēts plkst. 10.00. Lūdzu, iepazīstieties ar pievienotajiem dokumentiem.

Paldies par sadarbību!
Uzņēmuma komanda.",normal
Jaunā darba kārtība,"Sveiki!

Lūdzu, saglabājiet šo ziņojumu turpmākai atsaucei. Šonedēļ esam sagatavojuši vairākus jaunumus. Atgādinām par rīt plānoto tikšanos. Jūsu pasūtījums ir sagatavots un tiks nosūtīts tuvākajās dienās. Mēs novērtējam jūsu atsauksmes un ieteikumus.

Ar cieņu,
Klientu apkalpošanas nodaļa.",normal
Pateicība par sadarbību,"Sveiki, kolēģi!

Dokumenti būs pieejami arī klātienes tikšanās laikā. Lūdzu, informējiet mūs, ja nevarēsiet piedalīties. Mēs priecāsimies saņemt jūsu komentārus. Paldies par jūsu iepriekšējo atbildi.

Paldies par sadarbību!
Uzņēmuma komanda.",normal
Piegādes informācija,"Labdien, kolēģi!

Mēs priecāsimies saņemt jūsu komentārus. Atgādinām par rīt plānoto tikšanos. Informācija par jaunumiem ir pieejama mūsu mājaslapā. Mēs novērtējam jūsu atsauksmes un ieteikumus. Jūsu pasūtījums ir sagatavots un tiks nosūtīts tuvākajās dienās.

Ar cieņu,
Skolas administrācija.",normal
Atvaļinājuma plāns,"Sveiki, visiem!

Pasākuma sākums paredzēts plkst. 10.00. Mēs vēlamies precizēt dažas detaļas par mūsu sadarbību. Mēs nosūtīsim papildu informāciju pēc tikšanās.

Ar cieņu,
Projektu komanda.",normal
Nedēļas jaunumi,"Sveiki, komanda!

Lūdzu, informējiet mūs, ja nevarēsiet piedalīties. Paldies par jūsu laiku un atsaucību. Dokumenti būs pieejami arī klātienes tikšanās laikā. Nodarbība notiks ierastajā laikā. Pasākuma dalībniekiem būs pieejami visi nepieciešamie materiāli. Jūsu pasūtījums ir sagatavots un tiks nosūtīts tuvākajās dienās.

Ar cieņu,
Projektu komanda.",normal
Informācija klientiem,"Sveiki!

Mēs vēlamies precizēt dažas detaļas par mūsu sadarbību. Sanāksmes laikā pārrunāsim aktuālos jautājumus. Informācija par darba grafiku ir pievienota šim ziņojumam. Informācija par jaunumiem ir pieejama mūsu mājaslapā. Pasākuma sākums paredzēts plkst. 10.00.

Ar cieņu,
Klientu apkalpošanas nodaļa.",normal
Aptauja par pakalpojumu,"Labdien!

Lūdzu, informējiet mūs, ja nevarēsiet piedalīties. Mēs vēlamies precizēt dažas detaļas par mūsu sadarbību. Šonedēļ esam sagatavojuši vairākus jaunumus. Sanāksmes laikā pārrunāsim aktuālos jautājumus. Lūdzu, iepazīstieties ar pievienotajiem dokumentiem. Atgādinām par rīt plānoto tikšanos.

Ar cieņu,
Klientu apkalpošanas nodaļa.",normal
Jaunā darba kārtība,"Labdien, cienījamie klienti!

Lūdzu, informējiet mūs, ja nevarēsiet piedalīties. Ja jums ir jautājumi, varat sazināties ar mūsu klientu apkalpošanas nodaļu. Nodarbība notiks ierastajā laikā. Vēlamies informēt, ka mūsu tikšanās notiks nākamajā nedēļā. Ja nepieciešams, varam vienoties par citu laiku.

Lai jauka diena!
Mūsu komanda.",normal
Atgādinājums par tikšanos,"Labdien!

Tikšanās laiks ir saskaņots ar visiem dalībniekiem. Mēs nosūtīsim papildu informāciju pēc tikšanās. Mēs priecāsimies saņemt jūsu komentārus. Sanāksmes laikā pārrunāsim aktuālos jautājumus. Atgādinām par rīt plānoto tikšanos.

Ar cieņu,
Administrācija.",normal
Bibliotēkas atgādinājums,"Sveiki, Jāni!

Lūdzu, saglabājiet šo ziņojumu turpmākai atsaucei. Piegāde ir plānota tuvāko trīs darba dienu laikā. Mēs nosūtīsim papildu informāciju pēc tikšanās. Nākamajā mēnesī tiks veiktas nelielas izmaiņas darba kārtībā.

Ar cieņu,
Klientu apkalpošanas nodaļa.",normal
Tikšanās par projektu,"Labdien!

Piegāde ir plānota tuvāko trīs darba dienu laikā. Papildu informāciju varat saņemt, sazinoties ar mums. Vēlamies informēt, ka mūsu tikšanās notiks nākamajā nedēļā. Mēs vēlamies precizēt dažas detaļas par mūsu sadarbību. Jūsu rezervācija ir veiksmīgi apstiprināta.

Lai jauka diena!
Mūsu komanda.",normal
Informācija klientiem,"Sveiki, kolēģi!

Ja jums ir jautājumi, varat sazināties ar mūsu klientu apkalpošanas nodaļu. Paldies, ka izmantojat mūsu pakalpojumus. Lūdzu, saglabājiet šo ziņojumu turpmākai atsaucei. Sanāksmes laikā pārrunāsim aktuālos jautājumus.

Ar cieņu,
Klientu apkalpošanas nodaļa.",normal
Atvaļinājuma plāns,"Labdien, kolēģi!

Dokumenti būs pieejami arī klātienes tikšanās laikā. Nākamajā mēnesī tiks veiktas nelielas izmaiņas darba kārtībā. Mēs priecāsimies saņemt jūsu komentārus. Papildu informāciju varat saņemt, sazinoties ar mums. Ja nepieciešams, varam vienoties par citu laiku.

Ar cieņu,
Skolas administrācija.",normal
Jaunā darba kārtība,"Labdien, kolēģi!

Nodarbība notiks ierastajā laikā. Lūdzu, iepazīstieties ar pievienotajiem dokumentiem. Informācija par darba grafiku ir pievienota šim ziņojumam. Pasākuma dalībniekiem būs pieejami visi nepieciešamie materiāli. Mēs novērtējam jūsu atsauksmes un ieteikumus. Ja jums ir jautājumi, varat sazināties ar mūsu klientu apkalpošanas nodaļu. Atgādinām, ka pasākums notiks piektdien.

Ar cieņu,
Projektu komanda.",normal
Pasākuma programma,"Sveiki, komanda!

Pasākuma sākums paredzēts plkst. 10.00. Tikšanās laiks ir saskaņots ar visiem dalībniekiem. Paldies par jūsu iepriekšējo atbildi. Paldies, ka izmantojat mūsu pakalpojumus. Pasākuma dalībniekiem būs pieejami visi nepieciešamie materiāli. Mēs novērtējam jūsu atsauksmes un ieteikumus. Atgādinām, ka pasākums notiks piektdien.

Ar cieņu,
Administrācija.",normal
Jaunumi uzņēmumā,"Labdien!

Šonedēļ esam sagatavojuši vairākus jaunumus. Informācija tiks papildināta, ja būs nepieciešamas izmaiņas. Pasākuma dalībniekiem būs pieejami visi nepieciešamie materiāli. Lūdzu, dodiet mums ziņu, ja nepieciešams mainīt tikšanās laiku. Vēlamies informēt, ka mūsu tikšanās notiks nākamajā nedēļā. Mēs vēlamies precizēt dažas detaļas par mūsu sadarbību.

Ar cieņu,
Skolas administrācija.",normal
Komandas sapulce,"Sveiki, kolēģi!

Lūdzu, saglabājiet šo ziņojumu turpmākai atsaucei. Lūdzu, informējiet mūs, ja nevarēsiet piedalīties. Paldies, ka izmantojat mūsu pakalpojumus. Jūsu rezervācija ir veiksmīgi apstiprināta. Mēs vēlamies precizēt dažas detaļas par mūsu sadarbību. Atgādinām par rīt plānoto tikšanos.

Ar cieņu,
Klientu apkalpošanas nodaļa.",normal
Nedēļas jaunumi,"Sveiki, komanda!

Pielikumā nosūtām informāciju par plānoto pasākumu. Papildu informāciju varat saņemt, sazinoties ar mums. Jūsu rezervācija ir veiksmīgi apstiprināta. Informācija tiks papildināta, ja būs nepieciešamas izmaiņas.

Paldies par sadarbību!
Uzņēmuma komanda.",normal
Pasākuma programma,"Labdien, cienījamie klienti!

Pasākuma sākums paredzēts plkst. 10.00. Mēs vēlamies precizēt dažas detaļas par mūsu sadarbību. Mēs priecāsimies saņemt jūsu komentārus. Jūsu rezervācija ir veiksmīgi apstiprināta. Mēs novērtējam jūsu atsauksmes un ieteikumus. Lūdzu, dodiet mums ziņu, ja nepieciešams mainīt tikšanās laiku.

Paldies par sadarbību!
Uzņēmuma komanda.",normal
Piegādes datums,"Sveiki, Jāni!

Pielikumā nosūtām informāciju par plānoto pasākumu. Jūsu rezervācija ir veiksmīgi apstiprināta. Mēs priecāsimies saņemt jūsu komentārus. Mēs vēlamies precizēt dažas detaļas par mūsu sadarbību.

Ar cieņu,
Projektu komanda.",normal
Pateicība par sadarbību,"Sveiki!

Pasākuma dalībniekiem būs pieejami visi nepieciešamie materiāli. Lūdzu, saglabājiet šo ziņojumu turpmākai atsaucei. Piegāde ir plānota tuvāko trīs darba dienu laikā. Paldies par jūsu laiku un atsaucību. Ja jums ir jautājumi, varat sazināties ar mūsu klientu apkalpošanas nodaļu. Informācija tiks papildināta, ja būs nepieciešamas izmaiņas.

Ar cieņu,
Klientu apkalpošanas nodaļa.",normal
Nedēļas jaunumi,"Sveiki!

Ja nepieciešams, varam vienoties par citu laiku. Sanāksmes laikā pārrunāsim aktuālos jautājumus. Dokumenti būs pieejami arī klātienes tikšanās laikā. Mēs novērtējam jūsu atsauksmes un ieteikumus. Pasākuma sākums paredzēts plkst. 10.00. Aptauja aizņems tikai dažas minūtes. Darba grafiks nākamajai nedēļai ir sagatavots.

Paldies!
Klientu serviss.",normal
Piegādes informācija,"Labdien, Anna!

Tikšanās laiks ir saskaņots ar visiem dalībniekiem. Informācija tiks papildināta, ja būs nepieciešamas izmaiņas. Pielikumā nosūtām informāciju par plānoto pasākumu. Informācija par darba grafiku ir pievienota šim ziņojumam. Atgādinām par rīt plānoto tikšanos. Piegāde ir plānota tuvāko trīs darba dienu laikā. Lūdzu, saglabājiet šo ziņojumu turpmākai atsaucei.

Ar cieņu,
Projektu komanda.",normal
Informācija par nodarbību,"Sveiki, kolēģi!

Lūdzu, dodiet mums ziņu, ja nepieciešams mainīt tikšanās laiku. Nākamajā mēnesī tiks veiktas nelielas izmaiņas darba kārtībā. Pielikumā nosūtām informāciju par plānoto pasākumu. Darba grafiks nākamajai nedēļai ir sagatavots.

Paldies par sadarbību!
Uzņēmuma komanda.",normal
Pateicība par sadarbību,"Labdien, skolēni!

Paldies par jūsu laiku un atsaucību. Paldies, ka izmantojat mūsu pakalpojumus. Mēs priecāsimies saņemt jūsu komentārus.

Ar cieņu,
Administrācija.",normal
Rēķins par pakalpojumu,"Sveiki, komanda!

Atgādinām par rīt plānoto tikšanos. Lūdzu, dodiet mums ziņu, ja nepieciešams mainīt tikšanās laiku. Sanāksmes laikā pārrunāsim aktuālos jautājumus. Paldies par jūsu iepriekšējo atbildi. Informācija tiks papildināta, ja būs nepieciešamas izmaiņas.

Paldies par sadarbību!
Uzņēmuma komanda.",normal
Informācija par pasākumu,"Sveiki!

Darba grafiks nākamajai nedēļai ir sagatavots. Dokumenti būs pieejami arī klātienes tikšanās laikā. Lūdzu, informējiet mūs, ja nevarēsiet piedalīties. Lūdzu, iepazīstieties ar pievienotajiem dokumentiem. Sanāksmes laikā pārrunāsim aktuālos jautājumus. Paldies, ka izmantojat mūsu pakalpojumus.

Ar cieņu,
Skolas administrācija.",normal
Tikšanās par projektu,"Labdien!

Šonedēļ esam sagatavojuši vairākus jaunumus. Ja nepieciešams, varam vienoties par citu laiku. Pasākuma dalībniekiem būs pieejami visi nepieciešamie materiāli. Paldies par jūsu iepriekšējo atbildi. Lūdzu, iepazīstieties ar pievienotajiem dokumentiem. Lūdzu, dodiet mums ziņu, ja nepieciešams mainīt tikšanās laiku. Darba grafiks nākamajai nedēļai ir sagatavots.

Lai jauka diena!
Mūsu komanda.",normal
Jaunumi uzņēmumā,"Labdien, Anna!

Sanāksmes laikā pārrunāsim aktuālos jautājumus. Lūdzu, iepazīstieties ar pievienotajiem dokumentiem. Mēs vēlamies precizēt dažas detaļas par mūsu sadarbību. Mēs novērtējam jūsu atsauksmes un ieteikumus. Informācija tiks papildināta, ja būs nepieciešamas izmaiņas. Vēlamies informēt, ka mūsu tikšanās notiks nākamajā nedēļā. Mēs nosūtīsim papildu informāciju pēc tikšanās.

Ar cieņu,
Skolas administrācija.",normal
Nedēļas jaunumi,"Labdien!

Šonedēļ esam sagatavojuši vairākus jaunumus. Dokumenti būs pieejami arī klātienes tikšanās laikā. Tikšanās laiks ir saskaņots ar visiem dalībniekiem. Nodarbība notiks ierastajā laikā. Pielikumā nosūtām informāciju par plānoto pasākumu.

Ar cieņu,
Projektu komanda.",normal
Pasūtījuma statuss,"Labdien!

Nākamajā mēnesī tiks veiktas nelielas izmaiņas darba kārtībā. Lūdzu, iepazīstieties ar pievienotajiem dokumentiem. Ja jums ir jautājumi, varat sazināties ar mūsu klientu apkalpošanas nodaļu. Vēlamies informēt, ka mūsu tikšanās notiks nākamajā nedēļā. Paldies par jūsu iepriekšējo atbildi. Jūsu rezervācija ir veiksmīgi apstiprināta.

Ar cieņu,
Skolas administrācija.",normal
Mēneša pārskats,"Sveiki, komanda!

Nākamajā mēnesī tiks veiktas nelielas izmaiņas darba kārtībā. Lūdzu, informējiet mūs, ja nevarēsiet piedalīties. Šonedēļ esam sagatavojuši vairākus jaunumus. Paldies, ka izmantojat mūsu pakalpojumus. Piegāde ir plānota tuvāko trīs darba dienu laikā.

Veiksmīgu dienu!
Mūsu komanda.",normal
Atvaļinājuma plāns,"Sveiki!

Atgādinām par rīt plānoto tikšanos. Ja nepieciešams, varam vienoties par citu laiku. Ja jums ir jautājumi, varat sazināties ar mūsu klientu apkalpošanas nodaļu. Informācija tiks papildināta, ja būs nepieciešamas izmaiņas. Papildu informāciju varat saņemt, sazinoties ar mums. Tikšanās laiks ir saskaņots ar visiem dalībniekiem. Mēs vēlamies precizēt dažas detaļas par mūsu sadarbību.

Paldies par sadarbību!
Uzņēmuma komanda.",normal
Tikšanās laika maiņa,"Labdien, skolēni!

Atgādinām, ka pasākums notiks piektdien. Lūdzu, informējiet mūs, ja nevarēsiet piedalīties. Informācija par jaunumiem ir pieejama mūsu mājaslapā. Mēs vēlamies precizēt dažas detaļas par mūsu sadarbību. Šonedēļ esam sagatavojuši vairākus jaunumus. Lūdzu, dodiet mums ziņu, ja nepieciešams mainīt tikšanās laiku.

Ar cieņu,
Projektu komanda.",normal
Informācija par pasākumu,"Labdien, cienījamie klienti!

Lūdzu, dodiet mums ziņu, ja nepieciešams mainīt tikšanās laiku. Šonedēļ esam sagatavojuši vairākus jaunumus. Atgādinām par rīt plānoto tikšanos. Nākamajā mēnesī tiks veiktas nelielas izmaiņas darba kārtībā.

Lai jauka diena!
Mūsu komanda.",normal
Rezervācijas apstiprinājums,"Labdien, skolēni!

Paldies par jūsu iepriekšējo atbildi. Informācija par jaunumiem ir pieejama mūsu mājaslapā. Sanāksmes laikā pārrunāsim aktuālos jautājumus. Nodarbība notiks ierastajā laikā. Ja jums ir jautājumi, varat sazināties ar mūsu klientu apkalpošanas nodaļu.

Ar cieņu,
Projektu komanda.",normal
Rēķins par pakalpojumu,"Sveiki, Jāni!

Pielikumā nosūtām informāciju par plānoto pasākumu. Atgādinām par rīt plānoto tikšanos. Darba grafiks nākamajai nedēļai ir sagatavots. Mēs novērtējam jūsu atsauksmes un ieteikumus. Papildu informāciju varat saņemt, sazinoties ar mums.

Ar cieņu,
Skolas administrācija.",normal
Informācija par nodarbību,"Labdien, kolēģi!

Nodarbība notiks ierastajā laikā. Jūsu pasūtījums ir sagatavots un tiks nosūtīts tuvākajās dienās. Paldies par jūsu iepriekšējo atbildi. Ja nepieciešams, varam vienoties par citu laiku. Vēlamies informēt, ka mūsu tikšanās notiks nākamajā nedēļā. Piegāde ir plānota tuvāko trīs darba dienu laikā.

Ar cieņu,
Administrācija.",normal
Informācija klientiem,"Sveiki, kolēģi!

Tikšanās laiks ir saskaņots ar visiem dalībniekiem. Pasākuma sākums paredzēts plkst. 10.00. Mēs novērtējam jūsu atsauksmes un ieteikumus. Informācija tiks papildināta, ja būs nepieciešamas izmaiņas.

Ar cieņu,
Klientu apkalpošanas nodaļa.",normal
Pateicība par sadarbību,"Sveiki, komanda!

Nodarbība notiks ierastajā laikā. Paldies par jūsu iepriekšējo atbildi. Sanāksmes laikā pārrunāsim aktuālos jautājumus. Darba grafiks nākamajai nedēļai ir sagatavots. Informācija par darba grafiku ir pievienota šim ziņojumam.

Ar cieņu,
Projektu komanda.",normal
Mācību materiāli,"Sveiki, Jāni!

Informācija tiks papildināta, ja būs nepieciešamas izmaiņas. Aptauja aizņems tikai dažas minūtes. Sanāksmes laikā pārrunāsim aktuālos jautājumus. Paldies par jūsu iepriekšējo atbildi. Informācija par darba grafiku ir pievienota šim ziņojumam. Vēlamies informēt, ka mūsu tikšanās notiks nākamajā nedēļā.

Paldies!
Klientu serviss.",normal
Jaunā darba kārtība,"Labdien, Anna!

Ja jums ir jautājumi, varat sazināties ar mūsu klientu apkalpošanas nodaļu. Aptauja aizņems tikai dažas minūtes. Jūsu rezervācija ir veiksmīgi apstiprināta. Mēs novērtējam jūsu atsauksmes un ieteikumus. Šonedēļ esam sagatavojuši vairākus jaunumus.

Veiksmīgu dienu!
Mūsu komanda.",normal
Nedēļas jaunumi,"Labdien!

Nodarbība notiks ierastajā laikā. Lūdzu, iepazīstieties ar pievienotajiem dokumentiem. Paldies par jūsu iepriekšējo atbildi. Informācija par jaunumiem ir pieejama mūsu mājaslapā.

Paldies!
Klientu serviss.",normal
Nedēļas jaunumi,"Sveiki, Jāni!

Sanāksmes laikā pārrunāsim aktuālos jautājumus. Mēs priecāsimies saņemt jūsu komentārus. Atgādinām, ka pasākums notiks piektdien.

Ar cieņu,
Projektu komanda.",normal
Piegādes datums,"Sveiki!

Paldies par jūsu iepriekšējo atbildi. Paldies par jūsu laiku un atsaucību. Lūdzu, iepazīstieties ar pievienotajiem dokumentiem. Pielikumā nosūtām informāciju par plānoto pasākumu. Lūdzu, dodiet mums ziņu, ja nepieciešams mainīt tikšanās laiku.

Lai jauka diena!
Mūsu komanda.",normal
Atgādinājums par tikšanos,"Labdien, skolēni!

Lūdzu, informējiet mūs, ja nevarēsiet piedalīties. Piegāde ir plānota tuvāko trīs darba dienu laikā. Mēs vēlamies precizēt dažas detaļas par mūsu sadarbību. Lūdzu, dodiet mums ziņu, ja nepieciešams mainīt tikšanās laiku. Mēs priecāsimies saņemt jūsu komentārus. Informācija par jaunumiem ir pieejama mūsu mājaslapā. Pasākuma dalībniekiem būs pieejami visi nepieciešamie materiāli.

Ar cieņu,
Skolas administrācija.",normal
Jaunā darba kārtība,"Sveiki, Jāni!

Darba grafiks nākamajai nedēļai ir sagatavots. Aptauja aizņems tikai dažas minūtes. Informācija par darba grafiku ir pievienota šim ziņojumam. Pasākuma sākums paredzēts plkst. 10.00. Jūsu rezervācija ir veiksmīgi apstiprināta. Atgādinām par rīt plānoto tikšanos.

Paldies par sadarbību!
Uzņēmuma komanda.",normal
Atgādinājums par tikšanos,"Labdien, cienījamie klienti!

Mēs priecāsimies saņemt jūsu komentārus. Paldies, ka izmantojat mūsu pakalpojumus. Lūdzu, informējiet mūs, ja nevarēsiet piedalīties. Aptauja aizņems tikai dažas minūtes.

Ar cieņu,
Projektu komanda.",normal
Jaunumi uzņēmumā,"Sveiki, kolēģi!

Informācija tiks papildināta, ja būs nepieciešamas izmaiņas. Mēs nosūtīsim papildu informāciju pēc tikšanās. Lūdzu, saglabājiet šo ziņojumu turpmākai atsaucei.

Paldies par sadarbību!
Uzņēmuma komanda.",normal
Piegādes datums,"Labdien, cienījamie klienti!

Pasākuma dalībniekiem būs pieejami visi nepieciešamie materiāli. Paldies, ka izmantojat mūsu pakalpojumus. Paldies par jūsu laiku un atsaucību. Piegāde ir plānota tuvāko trīs darba dienu laikā.

Lai jauka diena!
Mūsu komanda.",normal
Informācija klientiem,"Sveiki, kolēģi!

Darba grafiks nākamajai nedēļai ir sagatavots. Dokumenti būs pieejami arī klātienes tikšanās laikā. Jūsu rezervācija ir veiksmīgi apstiprināta. Paldies par jūsu iepriekšējo atbildi.

Ar cieņu,
Projektu komanda.",normal
Bibliotēkas atgādinājums,"Labdien, Anna!

Atgādinām par rīt plānoto tikšanos. Piegāde ir plānota tuvāko trīs darba dienu laikā. Atgādinām, ka pasākums notiks piektdien. Informācija par jaunumiem ir pieejama mūsu mājaslapā. Dokumenti būs pieejami arī klātienes tikšanās laikā. Paldies, ka izmantojat mūsu pakalpojumus.

Paldies par sadarbību!
Uzņēmuma komanda.",normal
Informācija klientiem,"Sveiki, Jāni!

Atgādinām par rīt plānoto tikšanos. Mēs novērtējam jūsu atsauksmes un ieteikumus. Mēs priecāsimies saņemt jūsu komentārus. Darba grafiks nākamajai nedēļai ir sagatavots. Paldies, ka izmantojat mūsu pakalpojumus. Lūdzu, iepazīstieties ar pievienotajiem dokumentiem.

Ar cieņu,
Klientu apkalpošanas nodaļa.",normal
Piegādes datums,"Labdien!

Paldies par jūsu laiku un atsaucību. Atgādinām, ka pasākums notiks piektdien. Mēs priecāsimies saņemt jūsu komentārus. Vēlamies informēt, ka mūsu tikšanās notiks nākamajā nedēļā. Mēs novērtējam jūsu atsauksmes un ieteikumus. Aptauja aizņems tikai dažas minūtes. Pasākuma sākums paredzēts plkst. 10.00.

Paldies!
Klientu serviss.",normal
Atgādinājums par tikšanos,"Labdien, Anna!

Aptauja aizņems tikai dažas minūtes. Pielikumā nosūtām informāciju par plānoto pasākumu. Mēs novērtējam jūsu atsauksmes un ieteikumus. Lūdzu, dodiet mums ziņu, ja nepieciešams mainīt tikšanās laiku.

Ar cieņu,
Klientu apkalpošanas nodaļa.",normal
Darba grafiks,"Sveiki, kolēģi!

Darba grafiks nākamajai nedēļai ir sagatavots. Paldies par jūsu iepriekšējo atbildi. Vēlamies informēt, ka mūsu tikšanās notiks nākamajā nedēļā. Paldies par jūsu laiku un atsaucību. Piegāde ir plānota tuvāko trīs darba dienu laikā. Informācija par darba grafiku ir pievienota šim ziņojumam.

Ar cieņu,
Projektu komanda.",normal
Pasūtījuma statuss,"Sveiki, visiem!

Pasākuma sākums paredzēts plkst. 10.00. Ja nepieciešams, varam vienoties par citu laiku. Dokumenti būs pieejami arī klātienes tikšanās laikā. Informācija tiks papildināta, ja būs nepieciešamas izmaiņas.

Ar cieņu,
Administrācija.",normal
Dokumentu nosūtīšana,"Sveiki, Jāni!

Papildu informāciju varat saņemt, sazinoties ar mums. Mēs novērtējam jūsu atsauksmes un ieteikumus. Ja nepieciešams, varam vienoties par citu laiku. Informācija tiks papildināta, ja būs nepieciešamas izmaiņas. Paldies, ka izmantojat mūsu pakalpojumus.

Paldies par sadarbību!
Uzņēmuma komanda.",normal
Pateicība par sadarbību,"Sveiki, komanda!

Lūdzu, informējiet mūs, ja nevarēsiet piedalīties. Nodarbība notiks ierastajā laikā. Darba grafiks nākamajai nedēļai ir sagatavots. Piegāde ir plānota tuvāko trīs darba dienu laikā. Pasākuma dalībniekiem būs pieejami visi nepieciešamie materiāli.

Paldies par sadarbību!
Uzņēmuma komanda.",normal
Informācija par nodarbību,"Labdien, Anna!

Tikšanās laiks ir saskaņots ar visiem dalībniekiem. Lūdzu, informējiet mūs, ja nevarēsiet piedalīties. Informācija par jaunumiem ir pieejama mūsu mājaslapā. Pielikumā nosūtām informāciju par plānoto pasākumu. Dokumenti būs pieejami arī klātienes tikšanās laikā. Atgādinām, ka pasākums notiks piektdien. Ja nepieciešams, varam vienoties par citu laiku.

Paldies par sadarbību!
Uzņēmuma komanda.",normal
Mācību materiāli,"Labdien, cienījamie klienti!

Atgādinām, ka pasākums notiks piektdien. Jūsu rezervācija ir veiksmīgi apstiprināta. Mēs novērtējam jūsu atsauksmes un ieteikumus. Lūdzu, iepazīstieties ar pievienotajiem dokumentiem.

Ar cieņu,
Administrācija.",normal
Piegādes datums,"Labdien, kolēģi!

Paldies par jūsu iepriekšējo atbildi. Pielikumā nosūtām informāciju par plānoto pasākumu. Informācija tiks papildināta, ja būs nepieciešamas izmaiņas. Nākamajā mēnesī tiks veiktas nelielas izmaiņas darba kārtībā. Pasākuma sākums paredzēts plkst. 10.00.

Paldies!
Klientu serviss.",normal
Atgādinājums par tikšanos,"Labdien, cienījamie klienti!

Šonedēļ esam sagatavojuši vairākus jaunumus. Mēs vēlamies precizēt dažas detaļas par mūsu sadarbību. Lūdzu, informējiet mūs, ja nevarēsiet piedalīties. Jūsu pasūtījums ir sagatavots un tiks nosūtīts tuvākajās dienās. Paldies par jūsu iepriekšējo atbildi. Lūdzu, dodiet mums ziņu, ja nepieciešams mainīt tikšanās laiku. Mēs nosūtīsim papildu informāciju pēc tikšanās.

Ar cieņu,
Klientu apkalpošanas nodaļa.",normal
Atgādinājums par tikšanos,"Labdien!

Tikšanās laiks ir saskaņots ar visiem dalībniekiem. Nodarbība notiks ierastajā laikā. Atgādinām, ka pasākums notiks piektdien. Lūdzu, dodiet mums ziņu, ja nepieciešams mainīt tikšanās laiku.

Ar cieņu,
Klientu apkalpošanas nodaļa.",normal
Tikšanās laika maiņa,"Labdien, cienījamie klienti!

Ja jums ir jautājumi, varat sazināties ar mūsu klientu apkalpošanas nodaļu. Piegāde ir plānota tuvāko trīs darba dienu laikā. Informācija par jaunumiem ir pieejama mūsu mājaslapā.

Lai jauka diena!
Mūsu komanda.",normal
Tikšanās par projektu,"Labdien, skolēni!

Ja nepieciešams, varam vienoties par citu laiku. Dokumenti būs pieejami arī klātienes tikšanās laikā. Informācija tiks papildināta, ja būs nepieciešamas izmaiņas.

Ar cieņu,
Administrācija.",normal
Tikšanās laika maiņa,"Sveiki, Jāni!

Jūsu pasūtījums ir sagatavots un tiks nosūtīts tuvākajās dienās. Atgādinām par rīt plānoto tikšanos. Informācija tiks papildināta, ja būs nepieciešamas izmaiņas. Sanāksmes laikā pārrunāsim aktuālos jautājumus. Aptauja aizņems tikai dažas minūtes. Paldies par jūsu laiku un atsaucību. Mēs priecāsimies saņemt jūsu komentārus.

Ar cieņu,
Klientu apkalpošanas nodaļa.",normal
Nedēļas jaunumi,"Labdien, skolēni!

Lūdzu, informējiet mūs, ja nevarēsiet piedalīties. Informācija par jaunumiem ir pieejama mūsu mājaslapā. Pasākuma sākums paredzēts plkst. 10.00. Papildu informāciju varat saņemt, sazinoties ar mums. Informācija par darba grafiku ir pievienota šim ziņojumam. Nākamajā mēnesī tiks veiktas nelielas izmaiņas darba kārtībā.

Veiksmīgu dienu!
Mūsu komanda.",normal
Tikšanās laika maiņa,"Labdien!

Ja jums ir jautājumi, varat sazināties ar mūsu klientu apkalpošanas nodaļu. Paldies, ka izmantojat mūsu pakalpojumus. Papildu informāciju varat saņemt, sazinoties ar mums.

Veiksmīgu dienu!
Mūsu komanda.",normal
Bibliotēkas atgādinājums,"Sveiki!

Papildu informāciju varat saņemt, sazinoties ar mums. Jūsu pasūtījums ir sagatavots un tiks nosūtīts tuvākajās dienās. Lūdzu, dodiet mums ziņu, ja nepieciešams mainīt tikšanās laiku. Vēlamies informēt, ka mūsu tikšanās notiks nākamajā nedēļā.

Lai jauka diena!
Mūsu komanda.",normal
Atgādinājums par tikšanos,"Sveiki, Jāni!

Pasākuma sākums paredzēts plkst. 10.00. Aptauja aizņems tikai dažas minūtes. Papildu informāciju varat saņemt, sazinoties ar mums.

Veiksmīgu dienu!
Mūsu komanda.",normal
Rezervācijas apstiprinājums,"Labdien, kolēģi!

Vēlamies informēt, ka mūsu tikšanās notiks nākamajā nedēļā. Paldies par jūsu iepriekšējo atbildi. Mēs novērtējam jūsu atsauksmes un ieteikumus. Aptauja aizņems tikai dažas minūtes. Atgādinām par rīt plānoto tikšanos.

Ar cieņu,
Klientu apkalpošanas nodaļa.",normal
Atvaļinājuma plāns,"Sveiki, visiem!

Mēs priecāsimies saņemt jūsu komentārus. Paldies par jūsu laiku un atsaucību. Jūsu rezervācija ir veiksmīgi apstiprināta. Piegāde ir plānota tuvāko trīs darba dienu laikā.

Ar cieņu,
Administrācija.",normal
Komandas sapulce,"Sveiki, visiem!

Atgādinām, ka pasākums notiks piektdien. Lūdzu, dodiet mums ziņu, ja nepieciešams mainīt tikšanās laiku. Mēs priecāsimies saņemt jūsu komentārus. Pielikumā nosūtām informāciju par plānoto pasākumu. Nodarbība notiks ierastajā laikā. Jūsu pasūtījums ir sagatavots un tiks nosūtīts tuvākajās dienās. Ja nepieciešams, varam vienoties par citu laiku.

Ar cieņu,
Administrācija.",normal
Dokumentu nosūtīšana,"Sveiki, kolēģi!

Informācija par jaunumiem ir pieejama mūsu mājaslapā. Dokumenti būs pieejami arī klātienes tikšanās laikā. Lūdzu, iepazīstieties ar pievienotajiem dokumentiem. Mēs novērtējam jūsu atsauksmes un ieteikumus. Lūdzu, dodiet mums ziņu, ja nepieciešams mainīt tikšanās laiku.

Ar cieņu,
Projektu komanda.",normal
Rēķins par pakalpojumu,"Sveiki, kolēģi!

Lūdzu, saglabājiet šo ziņojumu turpmākai atsaucei. Jūsu pasūtījums ir sagatavots un tiks nosūtīts tuvākajās dienās. Ja jums ir jautājumi, varat sazināties ar mūsu klientu apkalpošanas nodaļu. Nākamajā mēnesī tiks veiktas nelielas izmaiņas darba kārtībā. Mēs priecāsimies saņemt jūsu komentārus. Piegāde ir plānota tuvāko trīs darba dienu laikā. Pielikumā nosūtām informāciju par plānoto pasākumu.

Paldies!
Klientu serviss.",normal
Pateicība par sadarbību,"Sveiki!

Papildu informāciju varat saņemt, sazinoties ar mums. Jūsu pasūtījums ir sagatavots un tiks nosūtīts tuvākajās dienās. Jūsu rezervācija ir veiksmīgi apstiprināta. Darba grafiks nākamajai nedēļai ir sagatavots.

Lai jauka diena!
Mūsu komanda.",normal
Darba grafiks,"Sveiki, kolēģi!

Ja jums ir jautājumi, varat sazināties ar mūsu klientu apkalpošanas nodaļu. Informācija par jaunumiem ir pieejama mūsu mājaslapā. Lūdzu, dodiet mums ziņu, ja nepieciešams mainīt tikšanās laiku. Darba grafiks nākamajai nedēļai ir sagatavots. Ja nepieciešams, varam vienoties par citu laiku. Paldies par jūsu laiku un atsaucību. Pasākuma dalībniekiem būs pieejami visi nepieciešamie materiāli.

Ar cieņu,
Administrācija.",normal
Informācija par nodarbību,"Sveiki!

Jūsu pasūtījums ir sagatavots un tiks nosūtīts tuvākajās dienās. Paldies, ka izmantojat mūsu pakalpojumus. Mēs vēlamies precizēt dažas detaļas par mūsu sadarbību. Ja nepieciešams, varam vienoties par citu laiku. Mēs nosūtīsim papildu informāciju pēc tikšanās. Sanāksmes laikā pārrunāsim aktuālos jautājumus.

Ar cieņu,
Skolas administrācija.",normal
Mēneša pārskats,"Labdien, Anna!

Jūsu rezervācija ir veiksmīgi apstiprināta. Lūdzu, informējiet mūs, ja nevarēsiet piedalīties. Darba grafiks nākamajai nedēļai ir sagatavots. Paldies par jūsu iepriekšējo atbildi. Nākamajā mēnesī tiks veiktas nelielas izmaiņas darba kārtībā.

Ar cieņu,
Administrācija.",normal
Jaunā darba kārtība,"Sveiki, komanda!

Jūsu pasūtījums ir sagatavots un tiks nosūtīts tuvākajās dienās. Aptauja aizņems tikai dažas minūtes. Mēs nosūtīsim papildu informāciju pēc tikšanās. Lūdzu, dodiet mums ziņu, ja nepieciešams mainīt tikšanās laiku. Tikšanās laiks ir saskaņots ar visiem dalībniekiem. Mēs priecāsimies saņemt jūsu komentārus.

Lai jauka diena!
Mūsu komanda.",normal
Rezervācijas apstiprinājums,"Sveiki, komanda!

Paldies par jūsu laiku un atsaucību. Pielikumā nosūtām informāciju par plānoto pasākumu. Jūsu pasūtījums ir sagatavots un tiks nosūtīts tuvākajās dienās.

Lai jauka diena!
Mūsu komanda.",normal
Piegādes informācija,"Labdien, kolēģi!

Tikšanās laiks ir saskaņots ar visiem dalībniekiem. Pasākuma dalībniekiem būs pieejami visi nepieciešamie materiāli. Lūdzu, saglabājiet šo ziņojumu turpmākai atsaucei. Informācija tiks papildināta, ja būs nepieciešamas izmaiņas.

Paldies par sadarbību!
Uzņēmuma komanda.",normal
Atvaļinājuma plāns,"Labdien, kolēģi!

Mēs nosūtīsim papildu informāciju pēc tikšanās. Paldies par jūsu iepriekšējo atbildi. Lūdzu, dodiet mums ziņu, ja nepieciešams mainīt tikšanās laiku. Lūdzu, saglabājiet šo ziņojumu turpmākai atsaucei. Mēs novērtējam jūsu atsauksmes un ieteikumus. Informācija par darba grafiku ir pievienota šim ziņojumam. Atgādinām, ka pasākums notiks piektdien.

Ar cieņu,
Projektu komanda.",normal
Pateicība par sadarbību,"Labdien, skolēni!

Sanāksmes laikā pārrunāsim aktuālos jautājumus. Pielikumā nosūtām informāciju par plānoto pasākumu. Vēlamies informēt, ka mūsu tikšanās notiks nākamajā nedēļā. Piegāde ir plānota tuvāko trīs darba dienu laikā. Darba grafiks nākamajai nedēļai ir sagatavots.

Paldies par sadarbību!
Uzņēmuma komanda.",normal
Mācību materiāli,"Labdien!

Informācija par jaunumiem ir pieejama mūsu mājaslapā. Piegāde ir plānota tuvāko trīs darba dienu laikā. Informācija par darba grafiku ir pievienota šim ziņojumam.

Lai jauka diena!
Mūsu komanda.",normal
Tikšanās laika maiņa,"Labdien, kolēģi!

Lūdzu, informējiet mūs, ja nevarēsiet piedalīties. Piegāde ir plānota tuvāko trīs darba dienu laikā. Informācija par darba grafiku ir pievienota šim ziņojumam. Darba grafiks nākamajai nedēļai ir sagatavots. Pielikumā nosūtām informāciju par plānoto pasākumu. Ja jums ir jautājumi, varat sazināties ar mūsu klientu apkalpošanas nodaļu. Mēs priecāsimies saņemt jūsu komentārus.

Veiksmīgu dienu!
Mūsu komanda.",normal
Tikšanās laika maiņa,"Sveiki, Jāni!

Nodarbība notiks ierastajā laikā. Atgādinām par rīt plānoto tikšanos. Piegāde ir plānota tuvāko trīs darba dienu laikā. Aptauja aizņems tikai dažas minūtes. Lūdzu, dodiet mums ziņu, ja nepieciešams mainīt tikšanās laiku.

Paldies par sadarbību!
Uzņēmuma komanda.",normal
Rēķins par pakalpojumu,"Sveiki, komanda!

Paldies par jūsu laiku un atsaucību. Ja nepieciešams, varam vienoties par citu laiku. Nākamajā mēnesī tiks veiktas nelielas izmaiņas darba kārtībā.

Paldies par sadarbību!
Uzņēmuma komanda.",normal
Aptauja par pakalpojumu,"Labdien, cienījamie klienti!

Mēs nosūtīsim papildu informāciju pēc tikšanās. Darba grafiks nākamajai nedēļai ir sagatavots. Nākamajā mēnesī tiks veiktas nelielas izmaiņas darba kārtībā. Atgādinām, ka pasākums notiks piektdien. Pasākuma dalībniekiem būs pieejami visi nepieciešamie materiāli. Lūdzu, informējiet mūs, ja nevarēsiet piedalīties.

Ar cieņu,
Administrācija.",normal
Piegādes datums,"Sveiki!

Paldies par jūsu iepriekšējo atbildi. Paldies, ka izmantojat mūsu pakalpojumus. Informācija par jaunumiem ir pieejama mūsu mājaslapā. Mēs nosūtīsim papildu informāciju pēc tikšanās. Jūsu pasūtījums ir sagatavots un tiks nosūtīts tuvākajās dienās. Lūdzu, iepazīstieties ar pievienotajiem dokumentiem.

Ar cieņu,
Projektu komanda.",normal
Mēneša pārskats,"Labdien, cienījamie klienti!

Nākamajā mēnesī tiks veiktas nelielas izmaiņas darba kārtībā. Pielikumā nosūtām informāciju par plānoto pasākumu. Jūsu pasūtījums ir sagatavots un tiks nosūtīts tuvākajās dienās. Atgādinām par rīt plānoto tikšanos.

Ar cieņu,
Klientu apkalpošanas nodaļa.",normal
Tikšanās par projektu,"Sveiki, Jāni!

Paldies par jūsu laiku un atsaucību. Nākamajā mēnesī tiks veiktas nelielas izmaiņas darba kārtībā. Paldies, ka izmantojat mūsu pakalpojumus. Papildu informāciju varat saņemt, sazinoties ar mums. Mēs nosūtīsim papildu informāciju pēc tikšanās. Informācija tiks papildināta, ja būs nepieciešamas izmaiņas.

Paldies!
Klientu serviss.",normal
Mēneša pārskats,"Labdien!

Atgādinām par rīt plānoto tikšanos. Šonedēļ esam sagatavojuši vairākus jaunumus. Pasākuma sākums paredzēts plkst. 10.00. Paldies par jūsu laiku un atsaucību. Ja nepieciešams, varam vienoties par citu laiku. Lūdzu, dodiet mums ziņu, ja nepieciešams mainīt tikšanās laiku.

Paldies par sadarbību!
Uzņēmuma komanda.",normal
Atgādinājums par tikšanos,"Labdien, cienījamie klienti!

Paldies par jūsu iepriekšējo atbildi. Atgādinām par rīt plānoto tikšanos. Mēs nosūtīsim papildu informāciju pēc tikšanās. Šonedēļ esam sagatavojuši vairākus jaunumus. Mēs vēlamies precizēt dažas detaļas par mūsu sadarbību. Aptauja aizņems tikai dažas minūtes.

Lai jauka diena!
Mūsu komanda.",normal
Komandas sapulce,"Sveiki!

Mēs nosūtīsim papildu informāciju pēc tikšanās. Šonedēļ esam sagatavojuši vairākus jaunumus. Lūdzu, informējiet mūs, ja nevarēsiet piedalīties.

Ar cieņu,
Administrācija.",normal
Rezervācijas apstiprinājums,"Labdien!

Paldies par jūsu iepriekšējo atbildi. Dokumenti būs pieejami arī klātienes tikšanās laikā. Piegāde ir plānota tuvāko trīs darba dienu laikā. Mēs vēlamies precizēt dažas detaļas par mūsu sadarbību.

Ar cieņu,
Klientu apkalpošanas nodaļa.",normal
Nedēļas jaunumi,"Sveiki, komanda!

Ja jums ir jautājumi, varat sazināties ar mūsu klientu apkalpošanas nodaļu. Atgādinām par rīt plānoto tikšanos. Vēlamies informēt, ka mūsu tikšanās notiks nākamajā nedēļā.

Ar cieņu,
Projektu komanda.",normal
Semināra programma,"Labdien, cienījamie klienti!

Paldies, ka izmantojat mūsu pakalpojumus. Paldies par jūsu iepriekšējo atbildi. Lūdzu, informējiet mūs, ja nevarēsiet piedalīties. Paldies par jūsu laiku un atsaucību.

Ar cieņu,
Skolas administrācija.",normal
Piegādes datums,"Labdien, cienījamie klienti!

Vēlamies informēt, ka mūsu tikšanās notiks nākamajā nedēļā. Papildu informāciju varat saņemt, sazinoties ar mums. Nākamajā mēnesī tiks veiktas nelielas izmaiņas darba kārtībā.

Veiksmīgu dienu!
Mūsu komanda.",normal
Pateicība par sadarbību,"Labdien!

Atgādinām, ka pasākums notiks piektdien. Aptauja aizņems tikai dažas minūtes. Dokumenti būs pieejami arī klātienes tikšanās laikā. Lūdzu, dodiet mums ziņu, ja nepieciešams mainīt tikšanās laiku. Mēs priecāsimies saņemt jūsu komentārus. Informācija par darba grafiku ir pievienota šim ziņojumam. Sanāksmes laikā pārrunāsim aktuālos jautājumus.

Ar cieņu,
Klientu apkalpošanas nodaļa.",normal
Jaunumi uzņēmumā,"Sveiki!

Aptauja aizņems tikai dažas minūtes. Informācija tiks papildināta, ja būs nepieciešamas izmaiņas. Lūdzu, informējiet mūs, ja nevarēsiet piedalīties.

Ar cieņu,
Skolas administrācija.",normal
Piegādes informācija,"Sveiki, visiem!

Sanāksmes laikā pārrunāsim aktuālos jautājumus. Šonedēļ esam sagatavojuši vairākus jaunumus. Atgādinām par rīt plānoto tikšanos. Atgādinām, ka pasākums notiks piektdien.

Ar cieņu,
Klientu apkalpošanas nodaļa.",normal
Atvaļinājuma plāns,"Labdien!

Šonedēļ esam sagatavojuši vairākus jaunumus. Papildu informāciju varat saņemt, sazinoties ar mums. Paldies par jūsu iepriekšējo atbildi. Nākamajā mēnesī tiks veiktas nelielas izmaiņas darba kārtībā.

Paldies par sadarbību!
Uzņēmuma komanda.",normal
Informācija klientiem,"Labdien!

Jūsu pasūtījums ir sagatavots un tiks nosūtīts tuvākajās dienās. Lūdzu, dodiet mums ziņu, ja nepieciešams mainīt tikšanās laiku. Pasākuma dalībniekiem būs pieejami visi nepieciešamie materiāli. Paldies par jūsu laiku un atsaucību.

Ar cieņu,
Projektu komanda.",normal
Pasūtījuma statuss,"Sveiki, komanda!

Ja jums ir jautājumi, varat sazināties ar mūsu klientu apkalpošanas nodaļu. Informācija par darba grafiku ir pievienota šim ziņojumam. Nākamajā mēnesī tiks veiktas nelielas izmaiņas darba kārtībā.

Ar cieņu,
Klientu apkalpošanas nodaļa.",normal
Atvaļinājuma plāns,"Labdien!

Jūsu rezervācija ir veiksmīgi apstiprināta. Ja nepieciešams, varam vienoties par citu laiku. Piegāde ir plānota tuvāko trīs darba dienu laikā. Mēs vēlamies precizēt dažas detaļas par mūsu sadarbību.

Ar cieņu,
Klientu apkalpošanas nodaļa.",normal
Tikšanās par projektu,"Sveiki, kolēģi!

Ja nepieciešams, varam vienoties par citu laiku. Tikšanās laiks ir saskaņots ar visiem dalībniekiem. Pasākuma dalībniekiem būs pieejami visi nepieciešamie materiāli. Jūsu pasūtījums ir sagatavots un tiks nosūtīts tuvākajās dienās. Atgādinām par rīt plānoto tikšanos. Lūdzu, saglabājiet šo ziņojumu turpmākai atsaucei.

Veiksmīgu dienu!
Mūsu komanda.",normal
Dokumentu nosūtīšana,"Labdien, kolēģi!

Šonedēļ esam sagatavojuši vairākus jaunumus. Informācija tiks papildināta, ja būs nepieciešamas izmaiņas. Pasākuma dalībniekiem būs pieejami visi nepieciešamie materiāli.

Ar cieņu,
Projektu komanda.",normal
Semināra programma,"Sveiki!

Sanāksmes laikā pārrunāsim aktuālos jautājumus. Mēs nosūtīsim papildu informāciju pēc tikšanās. Piegāde ir plānota tuvāko trīs darba dienu laikā. Mēs priecāsimies saņemt jūsu komentārus. Nodarbība notiks ierastajā laikā. Atgādinām, ka pasākums notiks piektdien.

Paldies par sadarbību!
Uzņēmuma komanda.",normal
Bibliotēkas atgādinājums,"Labdien, cienījamie klienti!

Mēs nosūtīsim papildu informāciju pēc tikšanās. Sanāksmes laikā pārrunāsim aktuālos jautājumus. Nākamajā mēnesī tiks veiktas nelielas izmaiņas darba kārtībā. Informācija par darba grafiku ir pievienota šim ziņojumam. Lūdzu, iepazīstieties ar pievienotajiem dokumentiem. Nodarbība notiks ierastajā laikā.

Paldies par sadarbību!
Uzņēmuma komanda.",normal
Atvaļinājuma plāns,"Sveiki, visiem!

Darba grafiks nākamajai nedēļai ir sagatavots. Dokumenti būs pieejami arī klātienes tikšanās laikā. Informācija par darba grafiku ir pievienota šim ziņojumam. Vēlamies informēt, ka mūsu tikšanās notiks nākamajā nedēļā. Ja nepieciešams, varam vienoties par citu laiku. Ja jums ir jautājumi, varat sazināties ar mūsu klientu apkalpošanas nodaļu.

Paldies!
Klientu serviss.",normal
Dokumentu nosūtīšana,"Labdien!

Mēs novērtējam jūsu atsauksmes un ieteikumus. Pasākuma dalībniekiem būs pieejami visi nepieciešamie materiāli. Paldies par jūsu iepriekšējo atbildi. Aptauja aizņems tikai dažas minūtes. Informācija par jaunumiem ir pieejama mūsu mājaslapā. Lūdzu, saglabājiet šo ziņojumu turpmākai atsaucei.

Paldies par sadarbību!
Uzņēmuma komanda.",normal
Jaunā darba kārtība,"Labdien, Anna!

Pielikumā nosūtām informāciju par plānoto pasākumu. Nodarbība notiks ierastajā laikā. Piegāde ir plānota tuvāko trīs darba dienu laikā. Jūsu rezervācija ir veiksmīgi apstiprināta. Dokumenti būs pieejami arī klātienes tikšanās laikā. Vēlamies informēt, ka mūsu tikšanās notiks nākamajā nedēļā.

Paldies par sadarbību!
Uzņēmuma komanda.",normal
Semināra programma,"Labdien!

Ja jums ir jautājumi, varat sazināties ar mūsu klientu apkalpošanas nodaļu. Paldies, ka izmantojat mūsu pakalpojumus. Tikšanās laiks ir saskaņots ar visiem dalībniekiem. Lūdzu, saglabājiet šo ziņojumu turpmākai atsaucei.

Ar cieņu,
Projektu komanda.",normal
Rēķins par pakalpojumu,"Labdien, kolēģi!

Pasākuma sākums paredzēts plkst. 10.00. Paldies, ka izmantojat mūsu pakalpojumus. Dokumenti būs pieejami arī klātienes tikšanās laikā. Paldies par jūsu iepriekšējo atbildi.

Ar cieņu,
Projektu komanda.",normal
Informācija klientiem,"Labdien, Anna!

Nākamajā mēnesī tiks veiktas nelielas izmaiņas darba kārtībā. Informācija par jaunumiem ir pieejama mūsu mājaslapā. Lūdzu, informējiet mūs, ja nevarēsiet piedalīties. Papildu informāciju varat saņemt, sazinoties ar mums.

Paldies!
Klientu serviss.",normal
Rēķins par pakalpojumu,"Labdien, cienījamie klienti!

Informācija par jaunumiem ir pieejama mūsu mājaslapā. Informācija tiks papildināta, ja būs nepieciešamas izmaiņas. Mēs vēlamies precizēt dažas detaļas par mūsu sadarbību. Ja nepieciešams, varam vienoties par citu laiku. Paldies par jūsu iepriekšējo atbildi. Aptauja aizņems tikai dažas minūtes. Lūdzu, saglabājiet šo ziņojumu turpmākai atsaucei.

Paldies par sadarbību!
Uzņēmuma komanda.",normal
Informācija klientiem,"Sveiki!

Nodarbība notiks ierastajā laikā. Darba grafiks nākamajai nedēļai ir sagatavots. Atgādinām, ka pasākums notiks piektdien.

Paldies par sadarbību!
Uzņēmuma komanda.",normal
Atgādinājums par tikšanos,"Labdien, cienījamie klienti!

Dokumenti būs pieejami arī klātienes tikšanās laikā. Mēs nosūtīsim papildu informāciju pēc tikšanās. Lūdzu, saglabājiet šo ziņojumu turpmākai atsaucei. Piegāde ir plānota tuvāko trīs darba dienu laikā. Lūdzu, dodiet mums ziņu, ja nepieciešams mainīt tikšanās laiku. Šonedēļ esam sagatavojuši vairākus jaunumus.

Paldies par sadarbību!
Uzņēmuma komanda.",normal
Piegādes informācija,"Sveiki, Jāni!

Lūdzu, iepazīstieties ar pievienotajiem dokumentiem. Atgādinām par rīt plānoto tikšanos. Mēs nosūtīsim papildu informāciju pēc tikšanās. Ja jums ir jautājumi, varat sazināties ar mūsu klientu apkalpošanas nodaļu. Mēs vēlamies precizēt dažas detaļas par mūsu sadarbību.

Ar cieņu,
Skolas administrācija.",normal
Piegādes datums,"Sveiki, kolēģi!

Mēs nosūtīsim papildu informāciju pēc tikšanās. Ja jums ir jautājumi, varat sazināties ar mūsu klientu apkalpošanas nodaļu. Pasākuma sākums paredzēts plkst. 10.00. Jūsu pasūtījums ir sagatavots un tiks nosūtīts tuvākajās dienās. Papildu informāciju varat saņemt, sazinoties ar mums.

Veiksmīgu dienu!
Mūsu komanda.",normal
Rezervācijas apstiprinājums,"Sveiki!

Informācija tiks papildināta, ja būs nepieciešamas izmaiņas. Mēs nosūtīsim papildu informāciju pēc tikšanās. Informācija par jaunumiem ir pieejama mūsu mājaslapā. Mēs vēlamies precizēt dažas detaļas par mūsu sadarbību. Vēlamies informēt, ka mūsu tikšanās notiks nākamajā nedēļā. Ja jums ir jautājumi, varat sazināties ar mūsu klientu apkalpošanas nodaļu.

Paldies par sadarbību!
Uzņēmuma komanda.",normal
Dokumentu nosūtīšana,"Labdien, skolēni!

Piegāde ir plānota tuvāko trīs darba dienu laikā. Sanāksmes laikā pārrunāsim aktuālos jautājumus. Dokumenti būs pieejami arī klātienes tikšanās laikā.

Ar cieņu,
Projektu komanda.",normal
Semināra programma,"Labdien!

Tikšanās laiks ir saskaņots ar visiem dalībniekiem. Nākamajā mēnesī tiks veiktas nelielas izmaiņas darba kārtībā. Jūsu pasūtījums ir sagatavots un tiks nosūtīts tuvākajās dienās. Pasākuma dalībniekiem būs pieejami visi nepieciešamie materiāli.

Paldies par sadarbību!
Uzņēmuma komanda.",normal
Mēneša pārskats,"Sveiki, kolēģi!

Vēlamies informēt, ka mūsu tikšanās notiks nākamajā nedēļā. Atgādinām, ka pasākums notiks piektdien. Piegāde ir plānota tuvāko trīs darba dienu laikā. Lūdzu, saglabājiet šo ziņojumu turpmākai atsaucei. Lūdzu, dodiet mums ziņu, ja nepieciešams mainīt tikšanās laiku. Paldies, ka izmantojat mūsu pakalpojumus. Mēs nosūtīsim papildu informāciju pēc tikšanās.

Veiksmīgu dienu!
Mūsu komanda.",normal
Aptauja par pakalpojumu,"Labdien, Anna!

Mēs novērtējam jūsu atsauksmes un ieteikumus. Aptauja aizņems tikai dažas minūtes. Pasākuma sākums paredzēts plkst. 10.00.

Ar cieņu,
Administrācija.",normal
Rēķins par pakalpojumu,"Labdien!

Mēs novērtējam jūsu atsauksmes un ieteikumus. Atgādinām par rīt plānoto tikšanos. Mēs vēlamies precizēt dažas detaļas par mūsu sadarbību. Ja jums ir jautājumi, varat sazināties ar mūsu klientu apkalpošanas nodaļu.

Lai jauka diena!
Mūsu komanda.",normal
Jaunā darba kārtība,"Labdien, skolēni!

Mēs nosūtīsim papildu informāciju pēc tikšanās. Lūdzu, iepazīstieties ar pievienotajiem dokumentiem. Piegāde ir plānota tuvāko trīs darba dienu laikā. Pielikumā nosūtām informāciju par plānoto pasākumu.

Ar cieņu,
Klientu apkalpošanas nodaļa.",normal
Darba grafiks,"Sveiki, visiem!

Ja nepieciešams, varam vienoties par citu laiku. Lūdzu, informējiet mūs, ja nevarēsiet piedalīties. Pielikumā nosūtām informāciju par plānoto pasākumu. Paldies par jūsu laiku un atsaucību. Pasākuma dalībniekiem būs pieejami visi nepieciešamie materiāli.

Ar cieņu,
Administrācija.",normal
Nedēļas jaunumi,"Sveiki, kolēģi!

Papildu informāciju varat saņemt, sazinoties ar mums. Vēlamies informēt, ka mūsu tikšanās notiks nākamajā nedēļā. Dokumenti būs pieejami arī klātienes tikšanās laikā. Mēs nosūtīsim papildu informāciju pēc tikšanās.

Veiksmīgu dienu!
Mūsu komanda.",normal
Atvaļinājuma plāns,"Sveiki, kolēģi!

Nākamajā mēnesī tiks veiktas nelielas izmaiņas darba kārtībā. Informācija tiks papildināta, ja būs nepieciešamas izmaiņas. Paldies, ka izmantojat mūsu pakalpojumus. Jūsu rezervācija ir veiksmīgi apstiprināta.

Lai jauka diena!
Mūsu komanda.",normal
Tikšanās laika maiņa,"Labdien!

Informācija par darba grafiku ir pievienota šim ziņojumam. Pasākuma dalībniekiem būs pieejami visi nepieciešamie materiāli. Mēs priecāsimies saņemt jūsu komentārus. Nodarbība notiks ierastajā laikā. Šonedēļ esam sagatavojuši vairākus jaunumus. Informācija tiks papildināta, ja būs nepieciešamas izmaiņas. Jūsu pasūtījums ir sagatavots un tiks nosūtīts tuvākajās dienās.

Ar cieņu,
Administrācija.",normal
Bibliotēkas atgādinājums,"Labdien, skolēni!

Piegāde ir plānota tuvāko trīs darba dienu laikā. Papildu informāciju varat saņemt, sazinoties ar mums. Pasākuma dalībniekiem būs pieejami visi nepieciešamie materiāli.

Veiksmīgu dienu!
Mūsu komanda.",normal
Rēķins par pakalpojumu,"Labdien, skolēni!

Paldies par jūsu iepriekšējo atbildi. Informācija par jaunumiem ir pieejama mūsu mājaslapā. Informācija tiks papildināta, ja būs nepieciešamas izmaiņas.

Veiksmīgu dienu!
Mūsu komanda.",normal
Informācija klientiem,"Sveiki, Jāni!

Ja jums ir jautājumi, varat sazināties ar mūsu klientu apkalpošanas nodaļu. Atgādinām, ka pasākums notiks piektdien. Lūdzu, saglabājiet šo ziņojumu turpmākai atsaucei. Aptauja aizņems tikai dažas minūtes.

Paldies par sadarbību!
Uzņēmuma komanda.",normal
Atvaļinājuma plāns,"Sveiki, kolēģi!

Ja nepieciešams, varam vienoties par citu laiku. Darba grafiks nākamajai nedēļai ir sagatavots. Informācija tiks papildināta, ja būs nepieciešamas izmaiņas. Mēs nosūtīsim papildu informāciju pēc tikšanās.

Ar cieņu,
Projektu komanda.",normal
Informācija par pasākumu,"Sveiki, Jāni!

Nākamajā mēnesī tiks veiktas nelielas izmaiņas darba kārtībā. Informācija tiks papildināta, ja būs nepieciešamas izmaiņas. Lūdzu, informējiet mūs, ja nevarēsiet piedalīties. Aptauja aizņems tikai dažas minūtes. Pasākuma sākums paredzēts plkst. 10.00. Lūdzu, iepazīstieties ar pievienotajiem dokumentiem.

Paldies par sadarbību!
Uzņēmuma komanda.",normal
Nedēļas jaunumi,"Sveiki, Jāni!

Lūdzu, saglabājiet šo ziņojumu turpmākai atsaucei. Jūsu rezervācija ir veiksmīgi apstiprināta. Aptauja aizņems tikai dažas minūtes. Lūdzu, dodiet mums ziņu, ja nepieciešams mainīt tikšanās laiku.

Paldies par sadarbību!
Uzņēmuma komanda.",normal
Jaunumi uzņēmumā,"Labdien, Anna!

Tikšanās laiks ir saskaņots ar visiem dalībniekiem. Informācija par darba grafiku ir pievienota šim ziņojumam. Ja nepieciešams, varam vienoties par citu laiku. Lūdzu, informējiet mūs, ja nevarēsiet piedalīties. Nodarbība notiks ierastajā laikā.

Ar cieņu,
Administrācija.",normal
Mācību materiāli,"Sveiki, kolēģi!

Nodarbība notiks ierastajā laikā. Nākamajā mēnesī tiks veiktas nelielas izmaiņas darba kārtībā. Tikšanās laiks ir saskaņots ar visiem dalībniekiem. Sanāksmes laikā pārrunāsim aktuālos jautājumus.

Paldies par sadarbību!
Uzņēmuma komanda.",normal
Informācija par pasākumu,"Labdien, Anna!

Papildu informāciju varat saņemt, sazinoties ar mums. Mēs priecāsimies saņemt jūsu komentārus. Aptauja aizņems tikai dažas minūtes. Nodarbība notiks ierastajā laikā. Tikšanās laiks ir saskaņots ar visiem dalībniekiem. Jūsu pasūtījums ir sagatavots un tiks nosūtīts tuvākajās dienās.

Lai jauka diena!
Mūsu komanda.",normal
Atgādinājums par tikšanos,"Labdien, cienījamie klienti!

Pasākuma sākums paredzēts plkst. 10.00. Informācija tiks papildināta, ja būs nepieciešamas izmaiņas. Šonedēļ esam sagatavojuši vairākus jaunumus. Mēs novērtējam jūsu atsauksmes un ieteikumus. Pielikumā nosūtām informāciju par plānoto pasākumu.

Ar cieņu,
Projektu komanda.",normal
Informācija par pasākumu,"Labdien!

Tikšanās laiks ir saskaņots ar visiem dalībniekiem. Nākamajā mēnesī tiks veiktas nelielas izmaiņas darba kārtībā. Mēs novērtējam jūsu atsauksmes un ieteikumus. Ja nepieciešams, varam vienoties par citu laiku.

Ar cieņu,
Klientu apkalpošanas nodaļa.",normal
Piegādes informācija,"Labdien, kolēģi!

Nodarbība notiks ierastajā laikā. Lūdzu, informējiet mūs, ja nevarēsiet piedalīties. Lūdzu, iepazīstieties ar pievienotajiem dokumentiem.

Lai jauka diena!
Mūsu komanda.",normal
Semināra programma,"Sveiki, komanda!

Paldies par jūsu iepriekšējo atbildi. Mēs nosūtīsim papildu informāciju pēc tikšanās. Jūsu rezervācija ir veiksmīgi apstiprināta.

Ar cieņu,
Administrācija.",normal
Informācija par nodarbību,"Sveiki!

Lūdzu, informējiet mūs, ja nevarēsiet piedalīties. Mēs priecāsimies saņemt jūsu komentārus. Atgādinām, ka pasākums notiks piektdien.

Ar cieņu,
Projektu komanda.",normal
Mēneša pārskats,"Labdien, cienījamie klienti!

Informācija par jaunumiem ir pieejama mūsu mājaslapā. Informācija par darba grafiku ir pievienota šim ziņojumam. Atgādinām, ka pasākums notiks piektdien.

Lai jauka diena!
Mūsu komanda.",normal
Tikšanās laika maiņa,"Sveiki, kolēģi!

Ja jums ir jautājumi, varat sazināties ar mūsu klientu apkalpošanas nodaļu. Mēs nosūtīsim papildu informāciju pēc tikšanās. Mēs vēlamies precizēt dažas detaļas par mūsu sadarbību.

Paldies!
Klientu serviss.",normal
Nedēļas jaunumi,"Sveiki, kolēģi!

Mēs priecāsimies saņemt jūsu komentārus. Atgādinām par rīt plānoto tikšanos. Papildu informāciju varat saņemt, sazinoties ar mums. Šonedēļ esam sagatavojuši vairākus jaunumus. Paldies par jūsu laiku un atsaucību.

Paldies par sadarbību!
Uzņēmuma komanda.",normal
Informācija par nodarbību,"Sveiki, visiem!

Nodarbība notiks ierastajā laikā. Atgādinām par rīt plānoto tikšanos. Paldies par jūsu laiku un atsaucību. Pasākuma sākums paredzēts plkst. 10.00.

Ar cieņu,
Klientu apkalpošanas nodaļa.",normal
Semināra programma,"Sveiki, komanda!

Mēs priecāsimies saņemt jūsu komentārus. Pielikumā nosūtām informāciju par plānoto pasākumu. Šonedēļ esam sagatavojuši vairākus jaunumus.

Lai jauka diena!
Mūsu komanda.",normal
Komandas sapulce,"Labdien, Anna!

Paldies par jūsu iepriekšējo atbildi. Mēs novērtējam jūsu atsauksmes un ieteikumus. Pasākuma dalībniekiem būs pieejami visi nepieciešamie materiāli. Mēs vēlamies precizēt dažas detaļas par mūsu sadarbību.

Paldies par sadarbību!
Uzņēmuma komanda.",normal
Pasūtījuma statuss,"Labdien, cienījamie klienti!

Lūdzu, informējiet mūs, ja nevarēsiet piedalīties. Pielikumā nosūtām informāciju par plānoto pasākumu. Pasākuma sākums paredzēts plkst. 10.00. Paldies par jūsu laiku un atsaucību. Sanāksmes laikā pārrunāsim aktuālos jautājumus.

Ar cieņu,
Skolas administrācija.",normal
Jaunumi uzņēmumā,"Labdien, skolēni!

Piegāde ir plānota tuvāko trīs darba dienu laikā. Dokumenti būs pieejami arī klātienes tikšanās laikā. Lūdzu, dodiet mums ziņu, ja nepieciešams mainīt tikšanās laiku. Nodarbība notiks ierastajā laikā.

Ar cieņu,
Skolas administrācija.",normal
Aptauja par pakalpojumu,"Labdien, cienījamie klienti!

Paldies par jūsu iepriekšējo atbildi. Mēs vēlamies precizēt dažas detaļas par mūsu sadarbību. Informācija par darba grafiku ir pievienota šim ziņojumam. Atgādinām par rīt plānoto tikšanos. Pasākuma dalībniekiem būs pieejami visi nepieciešamie materiāli. Tikšanās laiks ir saskaņots ar visiem dalībniekiem. Vēlamies informēt, ka mūsu tikšanās notiks nākamajā nedēļā.

Paldies!
Klientu serviss.",normal
Aptauja par pakalpojumu,"Labdien, kolēģi!

Lūdzu, dodiet mums ziņu, ja nepieciešams mainīt tikšanās laiku. Atgādinām par rīt plānoto tikšanos. Informācija tiks papildināta, ja būs nepieciešamas izmaiņas. Jūsu rezervācija ir veiksmīgi apstiprināta. Atgādinām, ka pasākums notiks piektdien. Mēs priecāsimies saņemt jūsu komentārus. Paldies par jūsu iepriekšējo atbildi.

Lai jauka diena!
Mūsu komanda.",normal
Mācību materiāli,"Sveiki, kolēģi!

Jūsu pasūtījums ir sagatavots un tiks nosūtīts tuvākajās dienās. Lūdzu, informējiet mūs, ja nevarēsiet piedalīties. Ja jums ir jautājumi, varat sazināties ar mūsu klientu apkalpošanas nodaļu. Tikšanās laiks ir saskaņots ar visiem dalībniekiem. Aptauja aizņems tikai dažas minūtes. Lūdzu, dodiet mums ziņu, ja nepieciešams mainīt tikšanās laiku.

Paldies!
Klientu serviss.",normal
Dokumentu nosūtīšana,"Sveiki, komanda!

Pielikumā nosūtām informāciju par plānoto pasākumu. Pasākuma sākums paredzēts plkst. 10.00. Šonedēļ esam sagatavojuši vairākus jaunumus. Lūdzu, iepazīstieties ar pievienotajiem dokumentiem. Atgādinām par rīt plānoto tikšanos. Informācija par darba grafiku ir pievienota šim ziņojumam.

Ar cieņu,
Klientu apkalpošanas nodaļa.",normal
Rēķins par pakalpojumu,"Labdien!

Jūsu rezervācija ir veiksmīgi apstiprināta. Informācija tiks papildināta, ja būs nepieciešamas izmaiņas. Tikšanās laiks ir saskaņots ar visiem dalībniekiem.

Ar cieņu,
Skolas administrācija.",normal
Pasūtījuma statuss,"Labdien, cienījamie klienti!

Ja jums ir jautājumi, varat sazināties ar mūsu klientu apkalpošanas nodaļu. Informācija tiks papildināta, ja būs nepieciešamas izmaiņas. Mēs vēlamies precizēt dažas detaļas par mūsu sadarbību. Papildu informāciju varat saņemt, sazinoties ar mums. Mēs nosūtīsim papildu informāciju pēc tikšanās. Tikšanās laiks ir saskaņots ar visiem dalībniekiem. Jūsu rezervācija ir veiksmīgi apstiprināta.

Lai jauka diena!
Mūsu komanda.",normal
Jaunā darba kārtība,"Labdien!

Mēs priecāsimies saņemt jūsu komentārus. Papildu informāciju varat saņemt, sazinoties ar mums. Nākamajā mēnesī tiks veiktas nelielas izmaiņas darba kārtībā. Pasākuma dalībniekiem būs pieejami visi nepieciešamie materiāli.

Ar cieņu,
Skolas administrācija.",normal
Semināra programma,"Labdien, Anna!

Papildu informāciju varat saņemt, sazinoties ar mums. Lūdzu, saglabājiet šo ziņojumu turpmākai atsaucei. Mēs novērtējam jūsu atsauksmes un ieteikumus. Tikšanās laiks ir saskaņots ar visiem dalībniekiem. Lūdzu, dodiet mums ziņu, ja nepieciešams mainīt tikšanās laiku.

Paldies!
Klientu serviss.",normal
Bibliotēkas atgādinājums,"Labdien!

Šonedēļ esam sagatavojuši vairākus jaunumus. Jūsu rezervācija ir veiksmīgi apstiprināta. Pielikumā nosūtām informāciju par plānoto pasākumu. Atgādinām, ka pasākums notiks piektdien. Pasākuma sākums paredzēts plkst. 10.00.

Ar cieņu,
Klientu apkalpošanas nodaļa.",normal
Informācija par nodarbību,"Sveiki, komanda!

Šonedēļ esam sagatavojuši vairākus jaunumus. Lūdzu, iepazīstieties ar pievienotajiem dokumentiem. Mēs vēlamies precizēt dažas detaļas par mūsu sadarbību.

Ar cieņu,
Projektu komanda.",normal
Dokumentu nosūtīšana,"Sveiki, Jāni!

Vēlamies informēt, ka mūsu tikšanās notiks nākamajā nedēļā. Aptauja aizņems tikai dažas minūtes. Paldies par jūsu laiku un atsaucību. Informācija par jaunumiem ir pieejama mūsu mājaslapā.

Ar cieņu,
Administrācija.",normal
Jaunumi uzņēmumā,"Labdien, Anna!

Lūdzu, saglabājiet šo ziņojumu turpmākai atsaucei. Atgādinām par rīt plānoto tikšanos. Papildu informāciju varat saņemt, sazinoties ar mums. Sanāksmes laikā pārrunāsim aktuālos jautājumus. Informācija par jaunumiem ir pieejama mūsu mājaslapā. Nākamajā mēnesī tiks veiktas nelielas izmaiņas darba kārtībā.

Lai jauka diena!
Mūsu komanda.",normal
Pasākuma programma,"Labdien!

Lūdzu, informējiet mūs, ja nevarēsiet piedalīties. Šonedēļ esam sagatavojuši vairākus jaunumus. Informācija par jaunumiem ir pieejama mūsu mājaslapā. Dokumenti būs pieejami arī klātienes tikšanās laikā. Mēs novērtējam jūsu atsauksmes un ieteikumus. Mēs vēlamies precizēt dažas detaļas par mūsu sadarbību.

Veiksmīgu dienu!
Mūsu komanda.",normal
Nedēļas jaunumi,"Labdien, cienījamie klienti!

Darba grafiks nākamajai nedēļai ir sagatavots. Paldies par jūsu iepriekšējo atbildi. Aptauja aizņems tikai dažas minūtes.

Ar cieņu,
Projektu komanda.",normal
Pasākuma programma,"Sveiki, Jāni!

Papildu informāciju varat saņemt, sazinoties ar mums. Mēs vēlamies precizēt dažas detaļas par mūsu sadarbību. Informācija tiks papildināta, ja būs nepieciešamas izmaiņas. Paldies par jūsu iepriekšējo atbildi. Lūdzu, informējiet mūs, ja nevarēsiet piedalīties.

Ar cieņu,
Klientu apkalpošanas nodaļa.",normal
Informācija klientiem,"Labdien, cienījamie klienti!

Sanāksmes laikā pārrunāsim aktuālos jautājumus. Mēs priecāsimies saņemt jūsu komentārus. Ja nepieciešams, varam vienoties par citu laiku.

Ar cieņu,
Projektu komanda.",normal
Informācija klientiem,"Sveiki, visiem!

Lūdzu, dodiet mums ziņu, ja nepieciešams mainīt tikšanās laiku. Dokumenti būs pieejami arī klātienes tikšanās laikā. Mēs priecāsimies saņemt jūsu komentārus.

Lai jauka diena!
Mūsu komanda.",normal
Dokumentu nosūtīšana,"Labdien, Anna!

Pasākuma dalībniekiem būs pieejami visi nepieciešamie materiāli. Lūdzu, saglabājiet šo ziņojumu turpmākai atsaucei. Atgādinām, ka pasākums notiks piektdien. Ja nepieciešams, varam vienoties par citu laiku.

Paldies par sadarbību!
Uzņēmuma komanda.",normal
Informācija par nodarbību,"Sveiki, Jāni!

Pasākuma sākums paredzēts plkst. 10.00. Ja jums ir jautājumi, varat sazināties ar mūsu klientu apkalpošanas nodaļu. Šonedēļ esam sagatavojuši vairākus jaunumus. Dokumenti būs pieejami arī klātienes tikšanās laikā. Informācija tiks papildināta, ja būs nepieciešamas izmaiņas. Pielikumā nosūtām informāciju par plānoto pasākumu. Mēs novērtējam jūsu atsauksmes un ieteikumus.

Ar cieņu,
Klientu apkalpošanas nodaļa.",normal
Aptauja par pakalpojumu,"Labdien, cienījamie klienti!

Paldies, ka izmantojat mūsu pakalpojumus. Informācija tiks papildināta, ja būs nepieciešamas izmaiņas. Pasākuma dalībniekiem būs pieejami visi nepieciešamie materiāli.

Ar cieņu,
Skolas administrācija.",normal
Mācību materiāli,"Labdien, Anna!

Ja jums ir jautājumi, varat sazināties ar mūsu klientu apkalpošanas nodaļu. Paldies par jūsu iepriekšējo atbildi. Vēlamies informēt, ka mūsu tikšanās notiks nākamajā nedēļā. Dokumenti būs pieejami arī klātienes tikšanās laikā. Informācija par jaunumiem ir pieejama mūsu mājaslapā. Lūdzu, dodiet mums ziņu, ja nepieciešams mainīt tikšanās laiku.

Ar cieņu,
Skolas administrācija.",normal
Komandas sapulce,"Labdien, kolēģi!

Paldies par jūsu iepriekšējo atbildi. Sanāksmes laikā pārrunāsim aktuālos jautājumus. Darba grafiks nākamajai nedēļai ir sagatavots. Lūdzu, dodiet mums ziņu, ja nepieciešams mainīt tikšanās laiku. Piegāde ir plānota tuvāko trīs darba dienu laikā.

Paldies par sadarbību!
Uzņēmuma komanda.",normal
Dokumentu nosūtīšana,"Labdien, skolēni!

Dokumenti būs pieejami arī klātienes tikšanās laikā. Nodarbība notiks ierastajā laikā. Ja nepieciešams, varam vienoties par citu laiku. Paldies par jūsu laiku un atsaucību.

Ar cieņu,
Projektu komanda.",normal
Informācija klientiem,"Labdien, skolēni!

Darba grafiks nākamajai nedēļai ir sagatavots. Pielikumā nosūtām informāciju par plānoto pasākumu. Atgādinām par rīt plānoto tikšanos.

Ar cieņu,
Skolas administrācija.",normal
Tikšanās par projektu,"Labdien, cienījamie klienti!

Mēs vēlamies precizēt dažas detaļas par mūsu sadarbību. Dokumenti būs pieejami arī klātienes tikšanās laikā. Šonedēļ esam sagatavojuši vairākus jaunumus. Mēs novērtējam jūsu atsauksmes un ieteikumus.

Veiksmīgu dienu!
Mūsu komanda.",normal
Nedēļas jaunumi,"Sveiki, visiem!

Nākamajā mēnesī tiks veiktas nelielas izmaiņas darba kārtībā. Jūsu rezervācija ir veiksmīgi apstiprināta. Mēs priecāsimies saņemt jūsu komentārus.

Ar cieņu,
Klientu apkalpošanas nodaļa.",normal
Tikšanās laika maiņa,"Sveiki, kolēģi!

Informācija tiks papildināta, ja būs nepieciešamas izmaiņas. Paldies par jūsu iepriekšējo atbildi. Jūsu pasūtījums ir sagatavots un tiks nosūtīts tuvākajās dienās. Mēs nosūtīsim papildu informāciju pēc tikšanās. Paldies par jūsu laiku un atsaucību.

Paldies par sadarbību!
Uzņēmuma komanda.",normal
Informācija par pasākumu,"Sveiki, Jāni!

Jūsu pasūtījums ir sagatavots un tiks nosūtīts tuvākajās dienās. Atgādinām, ka pasākums notiks piektdien. Paldies par jūsu laiku un atsaucību. Paldies, ka izmantojat mūsu pakalpojumus.

Ar cieņu,
Skolas administrācija.",normal
Tikšanās laika maiņa,"Labdien, kolēģi!

Jūsu rezervācija ir veiksmīgi apstiprināta. Darba grafiks nākamajai nedēļai ir sagatavots. Lūdzu, dodiet mums ziņu, ja nepieciešams mainīt tikšanās laiku. Informācija par darba grafiku ir pievienota šim ziņojumam. Jūsu pasūtījums ir sagatavots un tiks nosūtīts tuvākajās dienās. Informācija tiks papildināta, ja būs nepieciešamas izmaiņas. Aptauja aizņems tikai dažas minūtes.

Veiksmīgu dienu!
Mūsu komanda.",normal
Semināra programma,"Labdien!

Nākamajā mēnesī tiks veiktas nelielas izmaiņas darba kārtībā. Paldies, ka izmantojat mūsu pakalpojumus. Atgādinām par rīt plānoto tikšanos. Sanāksmes laikā pārrunāsim aktuālos jautājumus.

Paldies par sadarbību!
Uzņēmuma komanda.",normal
Pasūtījuma statuss,"Sveiki, kolēģi!

Tikšanās laiks ir saskaņots ar visiem dalībniekiem. Lūdzu, iepazīstieties ar pievienotajiem dokumentiem. Informācija par darba grafiku ir pievienota šim ziņojumam. Jūsu rezervācija ir veiksmīgi apstiprināta. Sanāksmes laikā pārrunāsim aktuālos jautājumus. Ja jums ir jautājumi, varat sazināties ar mūsu klientu apkalpošanas nodaļu. Paldies, ka izmantojat mūsu pakalpojumus.

Paldies!
Klientu serviss.",normal
Komandas sapulce,"Sveiki!

Šonedēļ esam sagatavojuši vairākus jaunumus. Tikšanās laiks ir saskaņots ar visiem dalībniekiem. Jūsu rezervācija ir veiksmīgi apstiprināta. Lūdzu, dodiet mums ziņu, ja nepieciešams mainīt tikšanās laiku.

Ar cieņu,
Skolas administrācija.",normal
Atgādinājums par tikšanos,"Labdien!

Lūdzu, informējiet mūs, ja nevarēsiet piedalīties. Jūsu rezervācija ir veiksmīgi apstiprināta. Pasākuma sākums paredzēts plkst. 10.00. Sanāksmes laikā pārrunāsim aktuālos jautājumus. Aptauja aizņems tikai dažas minūtes.

Ar cieņu,
Administrācija.",normal
Komandas sapulce,"Sveiki!

Jūsu rezervācija ir veiksmīgi apstiprināta. Nākamajā mēnesī tiks veiktas nelielas izmaiņas darba kārtībā. Mēs priecāsimies saņemt jūsu komentārus.

Ar cieņu,
Skolas administrācija.",normal
Dokumentu nosūtīšana,"Sveiki, kolēģi!

Sanāksmes laikā pārrunāsim aktuālos jautājumus. Jūsu pasūtījums ir sagatavots un tiks nosūtīts tuvākajās dienās. Ja nepieciešams, varam vienoties par citu laiku. Dokumenti būs pieejami arī klātienes tikšanās laikā. Lūdzu, iepazīstieties ar pievienotajiem dokumentiem.

Paldies!
Klientu serviss.",normal
Jaunā darba kārtība,"Sveiki!

Ja nepieciešams, varam vienoties par citu laiku. Pasākuma sākums paredzēts plkst. 10.00. Lūdzu, informējiet mūs, ja nevarēsiet piedalīties. Šonedēļ esam sagatavojuši vairākus jaunumus. Atgādinām, ka pasākums notiks piektdien. Sanāksmes laikā pārrunāsim aktuālos jautājumus. Jūsu rezervācija ir veiksmīgi apstiprināta.

Paldies!
Klientu serviss.",normal
Nedēļas jaunumi,"Labdien, skolēni!

Nākamajā mēnesī tiks veiktas nelielas izmaiņas darba kārtībā. Paldies, ka izmantojat mūsu pakalpojumus. Atgādinām, ka pasākums notiks piektdien. Lūdzu, informējiet mūs, ja nevarēsiet piedalīties. Paldies par jūsu laiku un atsaucību. Informācija par darba grafiku ir pievienota šim ziņojumam. Mēs vēlamies precizēt dažas detaļas par mūsu sadarbību.

Ar cieņu,
Projektu komanda.",normal
Nedēļas jaunumi,"Sveiki, visiem!

Šonedēļ esam sagatavojuši vairākus jaunumus. Tikšanās laiks ir saskaņots ar visiem dalībniekiem. Jūsu rezervācija ir veiksmīgi apstiprināta. Vēlamies informēt, ka mūsu tikšanās notiks nākamajā nedēļā. Ja jums ir jautājumi, varat sazināties ar mūsu klientu apkalpošanas nodaļu. Dokumenti būs pieejami arī klātienes tikšanās laikā.

Veiksmīgu dienu!
Mūsu komanda.",normal
Jaunumi uzņēmumā,"Labdien, cienījamie klienti!

Lūdzu, saglabājiet šo ziņojumu turpmākai atsaucei. Lūdzu, informējiet mūs, ja nevarēsiet piedalīties. Tikšanās laiks ir saskaņots ar visiem dalībniekiem. Ja jums ir jautājumi, varat sazināties ar mūsu klientu apkalpošanas nodaļu. Nākamajā mēnesī tiks veiktas nelielas izmaiņas darba kārtībā.

Ar cieņu,
Administrācija.",normal
Darba grafiks,"Labdien, kolēģi!

Informācija par jaunumiem ir pieejama mūsu mājaslapā. Nākamajā mēnesī tiks veiktas nelielas izmaiņas darba kārtībā. Jūsu rezervācija ir veiksmīgi apstiprināta. Mēs novērtējam jūsu atsauksmes un ieteikumus. Informācija par darba grafiku ir pievienota šim ziņojumam. Dokumenti būs pieejami arī klātienes tikšanās laikā.

Veiksmīgu dienu!
Mūsu komanda.",normal
Piegādes informācija,"Labdien, skolēni!

Jūsu rezervācija ir veiksmīgi apstiprināta. Mēs priecāsimies saņemt jūsu komentārus. Nodarbība notiks ierastajā laikā. Informācija par jaunumiem ir pieejama mūsu mājaslapā. Pasākuma dalībniekiem būs pieejami visi nepieciešamie materiāli.

Paldies par sadarbību!
Uzņēmuma komanda.",normal
Atvaļinājuma plāns,"Sveiki!

Mēs priecāsimies saņemt jūsu komentārus. Paldies, ka izmantojat mūsu pakalpojumus. Papildu informāciju varat saņemt, sazinoties ar mums. Informācija tiks papildināta, ja būs nepieciešamas izmaiņas. Sanāksmes laikā pārrunāsim aktuālos jautājumus. Darba grafiks nākamajai nedēļai ir sagatavots.

Ar cieņu,
Klientu apkalpošanas nodaļa.",normal
Jaunā darba kārtība,"Sveiki, visiem!

Pielikumā nosūtām informāciju par plānoto pasākumu. Šonedēļ esam sagatavojuši vairākus jaunumus. Ja jums ir jautājumi, varat sazināties ar mūsu klientu apkalpošanas nodaļu. Atgādinām par rīt plānoto tikšanos. Ja nepieciešams, varam vienoties par citu laiku. Mēs novērtējam jūsu atsauksmes un ieteikumus.

Ar cieņu,
Klientu apkalpošanas nodaļa.",normal
Jaunā darba kārtība,"Labdien, kolēģi!

Nākamajā mēnesī tiks veiktas nelielas izmaiņas darba kārtībā. Ja nepieciešams, varam vienoties par citu laiku. Darba grafiks nākamajai nedēļai ir sagatavots.

Veiksmīgu dienu!
Mūsu komanda.",normal
Rēķins par pakalpojumu,"Labdien, kolēģi!

Darba grafiks nākamajai nedēļai ir sagatavots. Informācija par darba grafiku ir pievienota šim ziņojumam. Papildu informāciju varat saņemt, sazinoties ar mums. Lūdzu, saglabājiet šo ziņojumu turpmākai atsaucei. Nodarbība notiks ierastajā laikā.

Ar cieņu,
Projektu komanda.",normal
Komandas sapulce,"Labdien, skolēni!

Vēlamies informēt, ka mūsu tikšanās notiks nākamajā nedēļā. Jūsu rezervācija ir veiksmīgi apstiprināta. Informācija par jaunumiem ir pieejama mūsu mājaslapā. Lūdzu, dodiet mums ziņu, ja nepieciešams mainīt tikšanās laiku.

Paldies par sadarbību!
Uzņēmuma komanda.",normal
Aptauja par pakalpojumu,"Sveiki, visiem!

Mēs priecāsimies saņemt jūsu komentārus. Mēs vēlamies precizēt dažas detaļas par mūsu sadarbību. Ja jums ir jautājumi, varat sazināties ar mūsu klientu apkalpošanas nodaļu. Nākamajā mēnesī tiks veiktas nelielas izmaiņas darba kārtībā. Lūdzu, informējiet mūs, ja nevarēsiet piedalīties. Informācija par darba grafiku ir pievienota šim ziņojumam.

Paldies!
Klientu serviss.",normal
Nedēļas jaunumi,"Labdien, cienījamie klienti!

Sanāksmes laikā pārrunāsim aktuālos jautājumus. Lūdzu, dodiet mums ziņu, ja nepieciešams mainīt tikšanās laiku. Mēs novērtējam jūsu atsauksmes un ieteikumus.

Paldies par sadarbību!
Uzņēmuma komanda.",normal
Pasākuma programma,"Labdien, cienījamie klienti!

Ja jums ir jautājumi, varat sazināties ar mūsu klientu apkalpošanas nodaļu. Mēs vēlamies precizēt dažas detaļas par mūsu sadarbību. Mēs priecāsimies saņemt jūsu komentārus. Informācija par jaunumiem ir pieejama mūsu mājaslapā. Mēs nosūtīsim papildu informāciju pēc tikšanās. Tikšanās laiks ir saskaņots ar visiem dalībniekiem. Atgādinām par rīt plānoto tikšanos.

Veiksmīgu dienu!
Mūsu komanda.",normal
Pasūtījuma statuss,"Labdien, Anna!

Nākamajā mēnesī tiks veiktas nelielas izmaiņas darba kārtībā. Sanāksmes laikā pārrunāsim aktuālos jautājumus. Lūdzu, dodiet mums ziņu, ja nepieciešams mainīt tikšanās laiku. Darba grafiks nākamajai nedēļai ir sagatavots. Ja jums ir jautājumi, varat sazināties ar mūsu klientu apkalpošanas nodaļu.

Lai jauka diena!
Mūsu komanda.",normal
Piegādes informācija,"Sveiki, komanda!

Paldies, ka izmantojat mūsu pakalpojumus. Atgādinām, ka pasākums notiks piektdien. Papildu informāciju varat saņemt, sazinoties ar mums. Lūdzu, saglabājiet šo ziņojumu turpmākai atsaucei. Jūsu pasūtījums ir sagatavots un tiks nosūtīts tuvākajās dienās. Informācija par jaunumiem ir pieejama mūsu mājaslapā. Darba grafiks nākamajai nedēļai ir sagatavots.

Paldies!
Klientu serviss.",normal
Tikšanās laika maiņa,"Labdien, Anna!

Paldies par jūsu laiku un atsaucību. Informācija par jaunumiem ir pieejama mūsu mājaslapā. Mēs priecāsimies saņemt jūsu komentārus. Sanāksmes laikā pārrunāsim aktuālos jautājumus.

Paldies par sadarbību!
Uzņēmuma komanda.",normal
Piegādes datums,"Sveiki, kolēģi!

Jūsu rezervācija ir veiksmīgi apstiprināta. Vēlamies informēt, ka mūsu tikšanās notiks nākamajā nedēļā. Jūsu pasūtījums ir sagatavots un tiks nosūtīts tuvākajās dienās. Aptauja aizņems tikai dažas minūtes.

Paldies par sadarbību!
Uzņēmuma komanda.",normal
Mēneša pārskats,"Labdien, skolēni!

Nodarbība notiks ierastajā laikā. Atgādinām par rīt plānoto tikšanos. Tikšanās laiks ir saskaņots ar visiem dalībniekiem. Atgādinām, ka pasākums notiks piektdien.

Lai jauka diena!
Mūsu komanda.",normal
Pasūtījuma statuss,"Labdien!

Informācija tiks papildināta, ja būs nepieciešamas izmaiņas. Atgādinām par rīt plānoto tikšanos. Jūsu rezervācija ir veiksmīgi apstiprināta. Mēs nosūtīsim papildu informāciju pēc tikšanās. Vēlamies informēt, ka mūsu tikšanās notiks nākamajā nedēļā.

Paldies!
Klientu serviss.",normal
Mēneša pārskats,"Sveiki, komanda!

Nākamajā mēnesī tiks veiktas nelielas izmaiņas darba kārtībā. Aptauja aizņems tikai dažas minūtes. Pasākuma sākums paredzēts plkst. 10.00. Papildu informāciju varat saņemt, sazinoties ar mums.

Paldies!
Klientu serviss.",normal
Pasūtījuma statuss,"Labdien, skolēni!

Informācija par jaunumiem ir pieejama mūsu mājaslapā. Mēs priecāsimies saņemt jūsu komentārus. Darba grafiks nākamajai nedēļai ir sagatavots. Mēs vēlamies precizēt dažas detaļas par mūsu sadarbību. Tikšanās laiks ir saskaņots ar visiem dalībniekiem.

Lai jauka diena!
Mūsu komanda.",normal
Atvaļinājuma plāns,"Sveiki, visiem!

Informācija par darba grafiku ir pievienota šim ziņojumam. Pasākuma dalībniekiem būs pieejami visi nepieciešamie materiāli. Lūdzu, dodiet mums ziņu, ja nepieciešams mainīt tikšanās laiku. Mēs priecāsimies saņemt jūsu komentārus. Aptauja aizņems tikai dažas minūtes. Dokumenti būs pieejami arī klātienes tikšanās laikā. Jūsu rezervācija ir veiksmīgi apstiprināta.

Ar cieņu,
Skolas administrācija.",normal
Tikšanās par projektu,"Labdien, skolēni!

Atgādinām par rīt plānoto tikšanos. Nākamajā mēnesī tiks veiktas nelielas izmaiņas darba kārtībā. Darba grafiks nākamajai nedēļai ir sagatavots. Pasākuma dalībniekiem būs pieejami visi nepieciešamie materiāli. Papildu informāciju varat saņemt, sazinoties ar mums.

Ar cieņu,
Projektu komanda.",normal
Jaunumi uzņēmumā,"Sveiki, komanda!

Pasākuma dalībniekiem būs pieejami visi nepieciešamie materiāli. Šonedēļ esam sagatavojuši vairākus jaunumus. Nodarbība notiks ierastajā laikā.

Paldies!
Klientu serviss.",normal
Piegādes informācija,"Sveiki, komanda!

Informācija par jaunumiem ir pieejama mūsu mājaslapā. Mēs vēlamies precizēt dažas detaļas par mūsu sadarbību. Dokumenti būs pieejami arī klātienes tikšanās laikā.

Veiksmīgu dienu!
Mūsu komanda.",normal
Pasūtījuma statuss,"Labdien, Anna!

Dokumenti būs pieejami arī klātienes tikšanās laikā. Pasākuma sākums paredzēts plkst. 10.00. Aptauja aizņems tikai dažas minūtes. Darba grafiks nākamajai nedēļai ir sagatavots. Informācija tiks papildināta, ja būs nepieciešamas izmaiņas. Atgādinām par rīt plānoto tikšanos.

Lai jauka diena!
Mūsu komanda.",normal
Informācija klientiem,"Labdien, kolēģi!

Mēs priecāsimies saņemt jūsu komentārus. Nodarbība notiks ierastajā laikā. Pasākuma sākums paredzēts plkst. 10.00. Lūdzu, saglabājiet šo ziņojumu turpmākai atsaucei. Atgādinām, ka pasākums notiks piektdien.

Ar cieņu,
Klientu apkalpošanas nodaļa.",normal
Jaunumi uzņēmumā,"Labdien!

Jūsu rezervācija ir veiksmīgi apstiprināta. Pasākuma dalībniekiem būs pieejami visi nepieciešamie materiāli. Aptauja aizņems tikai dažas minūtes. Nodarbība notiks ierastajā laikā. Pasākuma sākums paredzēts plkst. 10.00.

Ar cieņu,
Skolas administrācija.",normal
Dokumentu nosūtīšana,"Labdien, skolēni!

Informācija par darba grafiku ir pievienota šim ziņojumam. Aptauja aizņems tikai dažas minūtes. Paldies, ka izmantojat mūsu pakalpojumus. Nākamajā mēnesī tiks veiktas nelielas izmaiņas darba kārtībā. Pasākuma dalībniekiem būs pieejami visi nepieciešamie materiāli. Šonedēļ esam sagatavojuši vairākus jaunumus.

Ar cieņu,
Projektu komanda.",normal
Mācību materiāli,"Sveiki, komanda!

Informācija par jaunumiem ir pieejama mūsu mājaslapā. Nākamajā mēnesī tiks veiktas nelielas izmaiņas darba kārtībā. Mēs novērtējam jūsu atsauksmes un ieteikumus. Informācija tiks papildināta, ja būs nepieciešamas izmaiņas. Tikšanās laiks ir saskaņots ar visiem dalībniekiem. Vēlamies informēt, ka mūsu tikšanās notiks nākamajā nedēļā.

Veiksmīgu dienu!
Mūsu komanda.",normal
Informācija par pasākumu,"Labdien, kolēģi!

Mēs vēlamies precizēt dažas detaļas par mūsu sadarbību. Nodarbība notiks ierastajā laikā. Papildu informāciju varat saņemt, sazinoties ar mums. Mēs novērtējam jūsu atsauksmes un ieteikumus.

Lai jauka diena!
Mūsu komanda.",normal
Nedēļas jaunumi,"Sveiki!

Paldies par jūsu iepriekšējo atbildi. Pasākuma sākums paredzēts plkst. 10.00. Aptauja aizņems tikai dažas minūtes.

Ar cieņu,
Skolas administrācija.",normal
Semināra programma,"Labdien, skolēni!

Dokumenti būs pieejami arī klātienes tikšanās laikā. Piegāde ir plānota tuvāko trīs darba dienu laikā. Paldies par jūsu laiku un atsaucību. Pasākuma sākums paredzēts plkst. 10.00.

Paldies par sadarbību!
Uzņēmuma komanda.",normal
Bibliotēkas atgādinājums,"Labdien, skolēni!

Tikšanās laiks ir saskaņots ar visiem dalībniekiem. Paldies par jūsu iepriekšējo atbildi. Šonedēļ esam sagatavojuši vairākus jaunumus. Lūdzu, dodiet mums ziņu, ja nepieciešams mainīt tikšanās laiku. Darba grafiks nākamajai nedēļai ir sagatavots.

Ar cieņu,
Skolas administrācija.",normal
Pasūtījuma statuss,"Labdien!

Aptauja aizņems tikai dažas minūtes. Jūsu rezervācija ir veiksmīgi apstiprināta. Mēs priecāsimies saņemt jūsu komentārus. Nākamajā mēnesī tiks veiktas nelielas izmaiņas darba kārtībā. Tikšanās laiks ir saskaņots ar visiem dalībniekiem. Pielikumā nosūtām informāciju par plānoto pasākumu.

Paldies!
Klientu serviss.",normal
Tikšanās laika maiņa,"Labdien!

Mēs novērtējam jūsu atsauksmes un ieteikumus. Jūsu pasūtījums ir sagatavots un tiks nosūtīts tuvākajās dienās. Pasākuma sākums paredzēts plkst. 10.00. Informācija par jaunumiem ir pieejama mūsu mājaslapā. Aptauja aizņems tikai dažas minūtes. Piegāde ir plānota tuvāko trīs darba dienu laikā. Lūdzu, iepazīstieties ar pievienotajiem dokumentiem.

Ar cieņu,
Klientu apkalpošanas nodaļa.",normal
Nedēļas jaunumi,"Sveiki, komanda!

Vēlamies informēt, ka mūsu tikšanās notiks nākamajā nedēļā. Aptauja aizņems tikai dažas minūtes. Paldies par jūsu iepriekšējo atbildi. Informācija par darba grafiku ir pievienota šim ziņojumam.

Ar cieņu,
Klientu apkalpošanas nodaļa.",normal
Rezervācijas apstiprinājums,"Sveiki, kolēģi!

Lūdzu, informējiet mūs, ja nevarēsiet piedalīties. Tikšanās laiks ir saskaņots ar visiem dalībniekiem. Mēs vēlamies precizēt dažas detaļas par mūsu sadarbību.

Paldies par sadarbību!
Uzņēmuma komanda.",normal
Jaunumi uzņēmumā,"Sveiki, komanda!

Lūdzu, saglabājiet šo ziņojumu turpmākai atsaucei. Pielikumā nosūtām informāciju par plānoto pasākumu. Lūdzu, informējiet mūs, ja nevarēsiet piedalīties. Šonedēļ esam sagatavojuši vairākus jaunumus. Atgādinām par rīt plānoto tikšanos. Lūdzu, iepazīstieties ar pievienotajiem dokumentiem.

Ar cieņu,
Projektu komanda.",normal
Tikšanās laika maiņa,"Sveiki, Jāni!

Vēlamies informēt, ka mūsu tikšanās notiks nākamajā nedēļā. Mēs priecāsimies saņemt jūsu komentārus. Piegāde ir plānota tuvāko trīs darba dienu laikā. Pasākuma dalībniekiem būs pieejami visi nepieciešamie materiāli. Jūsu pasūtījums ir sagatavots un tiks nosūtīts tuvākajās dienās.

Lai jauka diena!
Mūsu komanda.",normal
Pasākuma programma,"Sveiki, Jāni!

Dokumenti būs pieejami arī klātienes tikšanās laikā. Aptauja aizņems tikai dažas minūtes. Lūdzu, informējiet mūs, ja nevarēsiet piedalīties. Atgādinām par rīt plānoto tikšanos. Lūdzu, iepazīstieties ar pievienotajiem dokumentiem. Sanāksmes laikā pārrunāsim aktuālos jautājumus. Ja jums ir jautājumi, varat sazināties ar mūsu klientu apkalpošanas nodaļu.

Paldies!
Klientu serviss.",normal
Tikšanās par projektu,"Sveiki, Jāni!

Mēs priecāsimies saņemt jūsu komentārus. Mēs novērtējam jūsu atsauksmes un ieteikumus. Atgādinām, ka pasākums notiks piektdien. Lūdzu, dodiet mums ziņu, ja nepieciešams mainīt tikšanās laiku. Ja jums ir jautājumi, varat sazināties ar mūsu klientu apkalpošanas nodaļu.

Ar cieņu,
Administrācija.",normal
Informācija klientiem,"Labdien!

Pielikumā nosūtām informāciju par plānoto pasākumu. Tikšanās laiks ir saskaņots ar visiem dalībniekiem. Lūdzu, iepazīstieties ar pievienotajiem dokumentiem.

Paldies par sadarbību!
Uzņēmuma komanda.",normal
Komandas sapulce,"Sveiki, komanda!

Lūdzu, informējiet mūs, ja nevarēsiet piedalīties. Piegāde ir plānota tuvāko trīs darba dienu laikā. Atgādinām par rīt plānoto tikšanos. Lūdzu, saglabājiet šo ziņojumu turpmākai atsaucei. Šonedēļ esam sagatavojuši vairākus jaunumus.

Paldies par sadarbību!
Uzņēmuma komanda.",normal
Rezervācijas apstiprinājums,"Sveiki, komanda!

Mēs priecāsimies saņemt jūsu komentārus. Informācija par jaunumiem ir pieejama mūsu mājaslapā. Mēs nosūtīsim papildu informāciju pēc tikšanās. Ja nepieciešams, varam vienoties par citu laiku. Nākamajā mēnesī tiks veiktas nelielas izmaiņas darba kārtībā. Mēs novērtējam jūsu atsauksmes un ieteikumus.

Ar cieņu,
Klientu apkalpošanas nodaļa.",normal
Informācija par nodarbību,"Labdien!

Informācija par jaunumiem ir pieejama mūsu mājaslapā. Pasākuma dalībniekiem būs pieejami visi nepieciešamie materiāli. Aptauja aizņems tikai dažas minūtes.

Veiksmīgu dienu!
Mūsu komanda.",normal
Pateicība par sadarbību,"Labdien!

Atgādinām, ka pasākums notiks piektdien. Pasākuma dalībniekiem būs pieejami visi nepieciešamie materiāli. Sanāksmes laikā pārrunāsim aktuālos jautājumus. Dokumenti būs pieejami arī klātienes tikšanās laikā. Pielikumā nosūtām informāciju par plānoto pasākumu.

Ar cieņu,
Administrācija.",normal
Tikšanās par projektu,"Sveiki, visiem!

Nodarbība notiks ierastajā laikā. Mēs vēlamies precizēt dažas detaļas par mūsu sadarbību. Informācija par jaunumiem ir pieejama mūsu mājaslapā. Šonedēļ esam sagatavojuši vairākus jaunumus. Informācija par darba grafiku ir pievienota šim ziņojumam.

Ar cieņu,
Administrācija.",normal
Mācību materiāli,"Sveiki, visiem!

Jūsu rezervācija ir veiksmīgi apstiprināta. Lūdzu, iepazīstieties ar pievienotajiem dokumentiem. Šonedēļ esam sagatavojuši vairākus jaunumus. Atgādinām par rīt plānoto tikšanos. Pielikumā nosūtām informāciju par plānoto pasākumu. Paldies par jūsu laiku un atsaucību.

Ar cieņu,
Klientu apkalpošanas nodaļa.",normal
Dokumentu nosūtīšana,"Labdien, cienījamie klienti!

Ja jums ir jautājumi, varat sazināties ar mūsu klientu apkalpošanas nodaļu. Nodarbība notiks ierastajā laikā. Informācija tiks papildināta, ja būs nepieciešamas izmaiņas. Šonedēļ esam sagatavojuši vairākus jaunumus. Lūdzu, informējiet mūs, ja nevarēsiet piedalīties.

Ar cieņu,
Klientu apkalpošanas nodaļa.",normal
Bibliotēkas atgādinājums,"Labdien, cienījamie klienti!

Mēs vēlamies precizēt dažas detaļas par mūsu sadarbību. Šonedēļ esam sagatavojuši vairākus jaunumus. Jūsu rezervācija ir veiksmīgi apstiprināta.

Ar cieņu,
Klientu apkalpošanas nodaļa.",normal
Rēķins par pakalpojumu,"Labdien, cienījamie klienti!

Aptauja aizņems tikai dažas minūtes. Pasākuma sākums paredzēts plkst. 10.00. Ja jums ir jautājumi, varat sazināties ar mūsu klientu apkalpošanas nodaļu. Atgādinām par rīt plānoto tikšanos. Ja nepieciešams, varam vienoties par citu laiku. Jūsu rezervācija ir veiksmīgi apstiprināta.

Paldies par sadarbību!
Uzņēmuma komanda.",normal
Mēneša pārskats,"Sveiki, visiem!

Atgādinām par rīt plānoto tikšanos. Mēs priecāsimies saņemt jūsu komentārus. Lūdzu, saglabājiet šo ziņojumu turpmākai atsaucei. Vēlamies informēt, ka mūsu tikšanās notiks nākamajā nedēļā. Lūdzu, informējiet mūs, ja nevarēsiet piedalīties.

Paldies!
Klientu serviss.",normal
Jaunumi uzņēmumā,"Labdien, kolēģi!

Darba grafiks nākamajai nedēļai ir sagatavots. Informācija tiks papildināta, ja būs nepieciešamas izmaiņas. Jūsu rezervācija ir veiksmīgi apstiprināta. Pasākuma sākums paredzēts plkst. 10.00. Nākamajā mēnesī tiks veiktas nelielas izmaiņas darba kārtībā. Atgādinām par rīt plānoto tikšanos. Lūdzu, iepazīstieties ar pievienotajiem dokumentiem.

Ar cieņu,
Skolas administrācija.",normal
Komandas sapulce,"Labdien, cienījamie klienti!

Lūdzu, informējiet mūs, ja nevarēsiet piedalīties. Pielikumā nosūtām informāciju par plānoto pasākumu. Pasākuma dalībniekiem būs pieejami visi nepieciešamie materiāli. Lūdzu, saglabājiet šo ziņojumu turpmākai atsaucei. Nodarbība notiks ierastajā laikā. Informācija par jaunumiem ir pieejama mūsu mājaslapā.

Ar cieņu,
Projektu komanda.",normal
Jaunā darba kārtība,"Labdien, skolēni!

Paldies par jūsu laiku un atsaucību. Nodarbība notiks ierastajā laikā. Informācija tiks papildināta, ja būs nepieciešamas izmaiņas. Informācija par jaunumiem ir pieejama mūsu mājaslapā.

Veiksmīgu dienu!
Mūsu komanda.",normal
Informācija par nodarbību,"Sveiki, kolēģi!

Ja jums ir jautājumi, varat sazināties ar mūsu klientu apkalpošanas nodaļu. Vēlamies informēt, ka mūsu tikšanās notiks nākamajā nedēļā. Paldies par jūsu laiku un atsaucību. Atgādinām, ka pasākums notiks piektdien. Paldies, ka izmantojat mūsu pakalpojumus.

Ar cieņu,
Klientu apkalpošanas nodaļa.",normal
Atvaļinājuma plāns,"Sveiki!

Nodarbība notiks ierastajā laikā. Nākamajā mēnesī tiks veiktas nelielas izmaiņas darba kārtībā. Atgādinām, ka pasākums notiks piektdien. Lūdzu, saglabājiet šo ziņojumu turpmākai atsaucei. Atgādinām par rīt plānoto tikšanos. Vēlamies informēt, ka mūsu tikšanās notiks nākamajā nedēļā. Mēs novērtējam jūsu atsauksmes un ieteikumus.

Ar cieņu,
Skolas administrācija.",normal
Informācija klientiem,"Labdien, kolēģi!

Aptauja aizņems tikai dažas minūtes. Mēs nosūtīsim papildu informāciju pēc tikšanās. Pasākuma sākums paredzēts plkst. 10.00. Mēs novērtējam jūsu atsauksmes un ieteikumus. Informācija tiks papildināta, ja būs nepieciešamas izmaiņas. Piegāde ir plānota tuvāko trīs darba dienu laikā. Lūdzu, dodiet mums ziņu, ja nepieciešams mainīt tikšanās laiku.

Paldies!
Klientu serviss.",normal
Atgādinājums par tikšanos,"Sveiki, Jāni!

Atgādinām, ka pasākums notiks piektdien. Lūdzu, saglabājiet šo ziņojumu turpmākai atsaucei. Aptauja aizņems tikai dažas minūtes. Informācija par jaunumiem ir pieejama mūsu mājaslapā. Paldies, ka izmantojat mūsu pakalpojumus. Vēlamies informēt, ka mūsu tikšanās notiks nākamajā nedēļā.

Veiksmīgu dienu!
Mūsu komanda.",normal
Pateicība par sadarbību,"Sveiki, kolēģi!

Nodarbība notiks ierastajā laikā. Piegāde ir plānota tuvāko trīs darba dienu laikā. Ja nepieciešams, varam vienoties par citu laiku. Pasākuma dalībniekiem būs pieejami visi nepieciešamie materiāli.

Paldies par sadarbību!
Uzņēmuma komanda.",normal
Semināra programma,"Sveiki, kolēģi!

Papildu informāciju varat saņemt, sazinoties ar mums. Mēs vēlamies precizēt dažas detaļas par mūsu sadarbību. Paldies par jūsu laiku un atsaucību. Ja jums ir jautājumi, varat sazināties ar mūsu klientu apkalpošanas nodaļu. Ja nepieciešams, varam vienoties par citu laiku. Jūsu rezervācija ir veiksmīgi apstiprināta.

Ar cieņu,
Skolas administrācija.",normal
Atvaļinājuma plāns,"Labdien, skolēni!

Informācija par jaunumiem ir pieejama mūsu mājaslapā. Nodarbība notiks ierastajā laikā. Sanāksmes laikā pārrunāsim aktuālos jautājumus.

Paldies!
Klientu serviss.",normal
Dokumentu nosūtīšana,"Sveiki, kolēģi!

Ja nepieciešams, varam vienoties par citu laiku. Jūsu rezervācija ir veiksmīgi apstiprināta. Mēs nosūtīsim papildu informāciju pēc tikšanās.

Ar cieņu,
Klientu apkalpošanas nodaļa.",normal
Jaunumi uzņēmumā,"Labdien!

Lūdzu, iepazīstieties ar pievienotajiem dokumentiem. Šonedēļ esam sagatavojuši vairākus jaunumus. Paldies par jūsu iepriekšējo atbildi. Ja nepieciešams, varam vienoties par citu laiku.

Ar cieņu,
Projektu komanda.",normal
Semināra programma,"Sveiki, visiem!

Mēs nosūtīsim papildu informāciju pēc tikšanās. Lūdzu, informējiet mūs, ja nevarēsiet piedalīties. Paldies, ka izmantojat mūsu pakalpojumus. Ja jums ir jautājumi, varat sazināties ar mūsu klientu apkalpošanas nodaļu. Jūsu rezervācija ir veiksmīgi apstiprināta. Informācija tiks papildināta, ja būs nepieciešamas izmaiņas. Darba grafiks nākamajai nedēļai ir sagatavots.

Veiksmīgu dienu!
Mūsu komanda.",normal
Piegādes datums,"Labdien, skolēni!

Ja jums ir jautājumi, varat sazināties ar mūsu klientu apkalpošanas nodaļu. Vēlamies informēt, ka mūsu tikšanās notiks nākamajā nedēļā. Ja nepieciešams, varam vienoties par citu laiku. Pasākuma sākums paredzēts plkst. 10.00. Lūdzu, informējiet mūs, ja nevarēsiet piedalīties. Atgādinām, ka pasākums notiks piektdien. Mēs priecāsimies saņemt jūsu komentārus.

Ar cieņu,
Skolas administrācija.",normal
Pasākuma programma,"Sveiki!

Jūsu pasūtījums ir sagatavots un tiks nosūtīts tuvākajās dienās. Lūdzu, iepazīstieties ar pievienotajiem dokumentiem. Ja nepieciešams, varam vienoties par citu laiku. Atgādinām, ka pasākums notiks piektdien. Atgādinām par rīt plānoto tikšanos. Lūdzu, informējiet mūs, ja nevarēsiet piedalīties. Mēs novērtējam jūsu atsauksmes un ieteikumus.

Lai jauka diena!
Mūsu komanda.",normal
Darba grafiks,"Labdien, Anna!

Jūsu rezervācija ir veiksmīgi apstiprināta. Dokumenti būs pieejami arī klātienes tikšanās laikā. Papildu informāciju varat saņemt, sazinoties ar mums. Vēlamies informēt, ka mūsu tikšanās notiks nākamajā nedēļā. Lūdzu, dodiet mums ziņu, ja nepieciešams mainīt tikšanās laiku. Paldies, ka izmantojat mūsu pakalpojumus. Jūsu pasūtījums ir sagatavots un tiks nosūtīts tuvākajās dienās.

Ar cieņu,
Skolas administrācija.",normal
Atvaļinājuma plāns,"Sveiki, Jāni!

Informācija tiks papildināta, ja būs nepieciešamas izmaiņas. Šonedēļ esam sagatavojuši vairākus jaunumus. Sanāksmes laikā pārrunāsim aktuālos jautājumus. Jūsu rezervācija ir veiksmīgi apstiprināta. Vēlamies informēt, ka mūsu tikšanās notiks nākamajā nedēļā.

Lai jauka diena!
Mūsu komanda.",normal
Tikšanās laika maiņa,"Sveiki, komanda!

Atgādinām par rīt plānoto tikšanos. Informācija par jaunumiem ir pieejama mūsu mājaslapā. Nodarbība notiks ierastajā laikā.

Paldies!
Klientu serviss.",normal
Semināra programma,"Sveiki, kolēģi!

Jūsu pasūtījums ir sagatavots un tiks nosūtīts tuvākajās dienās. Papildu informāciju varat saņemt, sazinoties ar mums. Aptauja aizņems tikai dažas minūtes. Paldies par jūsu laiku un atsaucību.

Ar cieņu,
Administrācija.",normal
Piegādes informācija,"Labdien, kolēģi!

Darba grafiks nākamajai nedēļai ir sagatavots. Atgādinām, ka pasākums notiks piektdien. Paldies par jūsu iepriekšējo atbildi. Pasākuma sākums paredzēts plkst. 10.00.

Paldies par sadarbību!
Uzņēmuma komanda.",normal
Piegādes datums,"Sveiki, visiem!

Lūdzu, dodiet mums ziņu, ja nepieciešams mainīt tikšanās laiku. Pasākuma sākums paredzēts plkst. 10.00. Šonedēļ esam sagatavojuši vairākus jaunumus. Papildu informāciju varat saņemt, sazinoties ar mums.

Ar cieņu,
Administrācija.",normal
Nedēļas jaunumi,"Labdien, kolēģi!

Vēlamies informēt, ka mūsu tikšanās notiks nākamajā nedēļā. Mēs priecāsimies saņemt jūsu komentārus. Lūdzu, saglabājiet šo ziņojumu turpmākai atsaucei. Ja jums ir jautājumi, varat sazināties ar mūsu klientu apkalpošanas nodaļu. Ja nepieciešams, varam vienoties par citu laiku.

Ar cieņu,
Klientu apkalpošanas nodaļa.",normal
Darba grafiks,"Labdien!

Informācija par jaunumiem ir pieejama mūsu mājaslapā. Paldies par jūsu laiku un atsaucību. Aptauja aizņems tikai dažas minūtes. Jūsu pasūtījums ir sagatavots un tiks nosūtīts tuvākajās dienās.

Paldies par sadarbību!
Uzņēmuma komanda.",normal
Mācību materiāli,"Sveiki, visiem!

Pasākuma sākums paredzēts plkst. 10.00. Paldies, ka izmantojat mūsu pakalpojumus. Vēlamies informēt, ka mūsu tikšanās notiks nākamajā nedēļā. Mēs priecāsimies saņemt jūsu komentārus. Ja jums ir jautājumi, varat sazināties ar mūsu klientu apkalpošanas nodaļu.

Ar cieņu,
Klientu apkalpošanas nodaļa.",normal
Dokumentu nosūtīšana,"Labdien, cienījamie klienti!

Paldies, ka izmantojat mūsu pakalpojumus. Informācija tiks papildināta, ja būs nepieciešamas izmaiņas. Atgādinām par rīt plānoto tikšanos. Papildu informāciju varat saņemt, sazinoties ar mums. Mēs priecāsimies saņemt jūsu komentārus. Mēs novērtējam jūsu atsauksmes un ieteikumus.

Lai jauka diena!
Mūsu komanda.",normal
Rezervācijas apstiprinājums,"Sveiki, visiem!

Atgādinām, ka pasākums notiks piektdien. Nodarbība notiks ierastajā laikā. Lūdzu, iepazīstieties ar pievienotajiem dokumentiem.

Ar cieņu,
Klientu apkalpošanas nodaļa.",normal
Bibliotēkas atgādinājums,"Labdien, Anna!

Dokumenti būs pieejami arī klātienes tikšanās laikā. Informācija par darba grafiku ir pievienota šim ziņojumam. Informācija tiks papildināta, ja būs nepieciešamas izmaiņas.

Ar cieņu,
Skolas administrācija.",normal
Informācija par pasākumu,"Labdien, skolēni!

Paldies, ka izmantojat mūsu pakalpojumus. Jūsu pasūtījums ir sagatavots un tiks nosūtīts tuvākajās dienās. Aptauja aizņems tikai dažas minūtes. Informācija par darba grafiku ir pievienota šim ziņojumam. Paldies par jūsu iepriekšējo atbildi.

Veiksmīgu dienu!
Mūsu komanda.",normal
Jaunumi uzņēmumā,"Sveiki, Jāni!

Nodarbība notiks ierastajā laikā. Lūdzu, iepazīstieties ar pievienotajiem dokumentiem. Lūdzu, informējiet mūs, ja nevarēsiet piedalīties. Dokumenti būs pieejami arī klātienes tikšanās laikā.

Lai jauka diena!
Mūsu komanda.",normal
Rezervācijas apstiprinājums,"Sveiki, kolēģi!

Lūdzu, informējiet mūs, ja nevarēsiet piedalīties. Paldies par jūsu laiku un atsaucību. Ja nepieciešams, varam vienoties par citu laiku. Šonedēļ esam sagatavojuši vairākus jaunumus.

Ar cieņu,
Skolas administrācija.",normal
Informācija par nodarbību,"Sveiki!

Aptauja aizņems tikai dažas minūtes. Lūdzu, dodiet mums ziņu, ja nepieciešams mainīt tikšanās laiku. Paldies, ka izmantojat mūsu pakalpojumus.

Ar cieņu,
Administrācija.",normal
Piegādes datums,"Sveiki!

Pasākuma dalībniekiem būs pieejami visi nepieciešamie materiāli. Darba grafiks nākamajai nedēļai ir sagatavots. Mēs priecāsimies saņemt jūsu komentārus.

Ar cieņu,
Administrācija.",normal
Pasūtījuma statuss,"Sveiki, kolēģi!

Paldies par jūsu iepriekšējo atbildi. Dokumenti būs pieejami arī klātienes tikšanās laikā. Lūdzu, iepazīstieties ar pievienotajiem dokumentiem. Sanāksmes laikā pārrunāsim aktuālos jautājumus.

Ar cieņu,
Klientu apkalpošanas nodaļa.",normal
Informācija par pasākumu,"Sveiki!

Paldies par jūsu iepriekšējo atbildi. Nākamajā mēnesī tiks veiktas nelielas izmaiņas darba kārtībā. Dokumenti būs pieejami arī klātienes tikšanās laikā. Paldies, ka izmantojat mūsu pakalpojumus. Pasākuma dalībniekiem būs pieejami visi nepieciešamie materiāli.

Ar cieņu,
Projektu komanda.",normal
Jaunumi uzņēmumā,"Labdien!

Ja nepieciešams, varam vienoties par citu laiku. Lūdzu, dodiet mums ziņu, ja nepieciešams mainīt tikšanās laiku. Pasākuma dalībniekiem būs pieejami visi nepieciešamie materiāli. Atgādinām par rīt plānoto tikšanos. Mēs nosūtīsim papildu informāciju pēc tikšanās.

Ar cieņu,
Klientu apkalpošanas nodaļa.",normal
Mēneša pārskats,"Labdien, skolēni!

Lūdzu, iepazīstieties ar pievienotajiem dokumentiem. Piegāde ir plānota tuvāko trīs darba dienu laikā. Nodarbība notiks ierastajā laikā. Lūdzu, dodiet mums ziņu, ja nepieciešams mainīt tikšanās laiku. Atgādinām par rīt plānoto tikšanos.

Ar cieņu,
Skolas administrācija.",normal
Informācija par pasākumu,"Labdien!

Mēs vēlamies precizēt dažas detaļas par mūsu sadarbību. Ja jums ir jautājumi, varat sazināties ar mūsu klientu apkalpošanas nodaļu. Mēs priecāsimies saņemt jūsu komentārus. Pasākuma sākums paredzēts plkst. 10.00. Pasākuma dalībniekiem būs pieejami visi nepieciešamie materiāli. Vēlamies informēt, ka mūsu tikšanās notiks nākamajā nedēļā. Piegāde ir plānota tuvāko trīs darba dienu laikā.

Paldies!
Klientu serviss.",normal
Mēneša pārskats,"Labdien, skolēni!

Lūdzu, saglabājiet šo ziņojumu turpmākai atsaucei. Atgādinām, ka pasākums notiks piektdien. Nākamajā mēnesī tiks veiktas nelielas izmaiņas darba kārtībā. Papildu informāciju varat saņemt, sazinoties ar mums. Mēs novērtējam jūsu atsauksmes un ieteikumus.

Ar cieņu,
Klientu apkalpošanas nodaļa.",normal
Darba grafiks,"Sveiki!

Mēs priecāsimies saņemt jūsu komentārus. Šonedēļ esam sagatavojuši vairākus jaunumus. Piegāde ir plānota tuvāko trīs darba dienu laikā. Informācija par darba grafiku ir pievienota šim ziņojumam.

Ar cieņu,
Projektu komanda.",normal
Mācību materiāli,"Labdien, skolēni!

Pielikumā nosūtām informāciju par plānoto pasākumu. Sanāksmes laikā pārrunāsim aktuālos jautājumus. Mēs vēlamies precizēt dažas detaļas par mūsu sadarbību. Papildu informāciju varat saņemt, sazinoties ar mums. Lūdzu, informējiet mūs, ja nevarēsiet piedalīties. Pasākuma sākums paredzēts plkst. 10.00. Nodarbība notiks ierastajā laikā.

Ar cieņu,
Administrācija.",normal
Rezervācijas apstiprinājums,"Sveiki, Jāni!

Mēs priecāsimies saņemt jūsu komentārus. Mēs novērtējam jūsu atsauksmes un ieteikumus. Jūsu pasūtījums ir sagatavots un tiks nosūtīts tuvākajās dienās.

Ar cieņu,
Projektu komanda.",normal
Pateicība par sadarbību,"Labdien!

Pasākuma dalībniekiem būs pieejami visi nepieciešamie materiāli. Jūsu rezervācija ir veiksmīgi apstiprināta. Vēlamies informēt, ka mūsu tikšanās notiks nākamajā nedēļā. Jūsu pasūtījums ir sagatavots un tiks nosūtīts tuvākajās dienās. Mēs priecāsimies saņemt jūsu komentārus.

Paldies!
Klientu serviss.",normal
Semināra programma,"Labdien, kolēģi!

Lūdzu, iepazīstieties ar pievienotajiem dokumentiem. Dokumenti būs pieejami arī klātienes tikšanās laikā. Informācija tiks papildināta, ja būs nepieciešamas izmaiņas. Ja jums ir jautājumi, varat sazināties ar mūsu klientu apkalpošanas nodaļu. Lūdzu, dodiet mums ziņu, ja nepieciešams mainīt tikšanās laiku.

Veiksmīgu dienu!
Mūsu komanda.",normal
Tikšanās laika maiņa,"Sveiki, komanda!

Jūsu pasūtījums ir sagatavots un tiks nosūtīts tuvākajās dienās. Aptauja aizņems tikai dažas minūtes. Pasākuma sākums paredzēts plkst. 10.00.

Veiksmīgu dienu!
Mūsu komanda.",normal
Atvaļinājuma plāns,"Labdien, skolēni!

Mēs nosūtīsim papildu informāciju pēc tikšanās. Pielikumā nosūtām informāciju par plānoto pasākumu. Lūdzu, informējiet mūs, ja nevarēsiet piedalīties.

Ar cieņu,
Administrācija.",normal
Rēķins par pakalpojumu,"Labdien, cienījamie klienti!

Ja nepieciešams, varam vienoties par citu laiku. Darba grafiks nākamajai nedēļai ir sagatavots. Sanāksmes laikā pārrunāsim aktuālos jautājumus. Atgādinām par rīt plānoto tikšanos. Lūdzu, iepazīstieties ar pievienotajiem dokumentiem. Lūdzu, dodiet mums ziņu, ja nepieciešams mainīt tikšanās laiku. Tikšanās laiks ir saskaņots ar visiem dalībniekiem.

Lai jauka diena!
Mūsu komanda.",normal
Darba grafiks,"Sveiki!

Lūdzu, informējiet mūs, ja nevarēsiet piedalīties. Mēs vēlamies precizēt dažas detaļas par mūsu sadarbību. Paldies par jūsu iepriekšējo atbildi. Mēs nosūtīsim papildu informāciju pēc tikšanās.

Veiksmīgu dienu!
Mūsu komanda.",normal
Atgādinājums par tikšanos,"Sveiki!

Vēlamies informēt, ka mūsu tikšanās notiks nākamajā nedēļā. Mēs novērtējam jūsu atsauksmes un ieteikumus. Informācija par jaunumiem ir pieejama mūsu mājaslapā. Darba grafiks nākamajai nedēļai ir sagatavots. Jūsu rezervācija ir veiksmīgi apstiprināta.

Ar cieņu,
Skolas administrācija.",normal
Atvaļinājuma plāns,"Sveiki, kolēģi!

Lūdzu, iepazīstieties ar pievienotajiem dokumentiem. Lūdzu, dodiet mums ziņu, ja nepieciešams mainīt tikšanās laiku. Jūsu pasūtījums ir sagatavots un tiks nosūtīts tuvākajās dienās. Pasākuma sākums paredzēts plkst. 10.00. Pasākuma dalībniekiem būs pieejami visi nepieciešamie materiāli.

Ar cieņu,
Klientu apkalpošanas nodaļa.",normal
Rezervācijas apstiprinājums,"Labdien, kolēģi!

Aptauja aizņems tikai dažas minūtes. Mēs novērtējam jūsu atsauksmes un ieteikumus. Mēs priecāsimies saņemt jūsu komentārus. Informācija par jaunumiem ir pieejama mūsu mājaslapā.

Ar cieņu,
Skolas administrācija.",normal
Atvaļinājuma plāns,"Labdien, cienījamie klienti!

Aptauja aizņems tikai dažas minūtes. Paldies, ka izmantojat mūsu pakalpojumus. Ja nepieciešams, varam vienoties par citu laiku. Informācija par jaunumiem ir pieejama mūsu mājaslapā. Mēs vēlamies precizēt dažas detaļas par mūsu sadarbību. Jūsu pasūtījums ir sagatavots un tiks nosūtīts tuvākajās dienās. Pasākuma sākums paredzēts plkst. 10.00.

Ar cieņu,
Skolas administrācija.",normal
Nedēļas jaunumi,"Sveiki, kolēģi!

Ja jums ir jautājumi, varat sazināties ar mūsu klientu apkalpošanas nodaļu. Mēs nosūtīsim papildu informāciju pēc tikšanās. Atgādinām, ka pasākums notiks piektdien. Informācija par jaunumiem ir pieejama mūsu mājaslapā.

Paldies!
Klientu serviss.",normal
Atgādinājums par tikšanos,"Sveiki, komanda!

Papildu informāciju varat saņemt, sazinoties ar mums. Lūdzu, dodiet mums ziņu, ja nepieciešams mainīt tikšanās laiku. Tikšanās laiks ir saskaņots ar visiem dalībniekiem. Lūdzu, informējiet mūs, ja nevarēsiet piedalīties. Paldies par jūsu laiku un atsaucību. Paldies, ka izmantojat mūsu pakalpojumus. Piegāde ir plānota tuvāko trīs darba dienu laikā.

Lai jauka diena!
Mūsu komanda.",normal
Informācija klientiem,"Sveiki, Jāni!

Dokumenti būs pieejami arī klātienes tikšanās laikā. Šonedēļ esam sagatavojuši vairākus jaunumus. Mēs novērtējam jūsu atsauksmes un ieteikumus. Ja jums ir jautājumi, varat sazināties ar mūsu klientu apkalpošanas nodaļu. Papildu informāciju varat saņemt, sazinoties ar mums. Informācija par darba grafiku ir pievienota šim ziņojumam. Nodarbība notiks ierastajā laikā.

Ar cieņu,
Klientu apkalpošanas nodaļa.",normal
Atgādinājums par tikšanos,"Labdien, cienījamie klienti!

Dokumenti būs pieejami arī klātienes tikšanās laikā. Nodarbība notiks ierastajā laikā. Piegāde ir plānota tuvāko trīs darba dienu laikā. Atgādinām par rīt plānoto tikšanos. Paldies, ka izmantojat mūsu pakalpojumus. Paldies par jūsu laiku un atsaucību.

Paldies par sadarbību!
Uzņēmuma komanda.",normal
Dokumentu nosūtīšana,"Labdien, skolēni!

Ja jums ir jautājumi, varat sazināties ar mūsu klientu apkalpošanas nodaļu. Mēs vēlamies precizēt dažas detaļas par mūsu sadarbību. Informācija par darba grafiku ir pievienota šim ziņojumam. Piegāde ir plānota tuvāko trīs darba dienu laikā. Pasākuma sākums paredzēts plkst. 10.00.

Lai jauka diena!
Mūsu komanda.",normal
Nedēļas jaunumi,"Sveiki, Jāni!

Mēs nosūtīsim papildu informāciju pēc tikšanās. Paldies par jūsu iepriekšējo atbildi. Aptauja aizņems tikai dažas minūtes. Paldies par jūsu laiku un atsaucību. Nākamajā mēnesī tiks veiktas nelielas izmaiņas darba kārtībā.

Lai jauka diena!
Mūsu komanda.",normal
Atgādinājums par tikšanos,"Sveiki!

Darba grafiks nākamajai nedēļai ir sagatavots. Papildu informāciju varat saņemt, sazinoties ar mums. Piegāde ir plānota tuvāko trīs darba dienu laikā. Paldies par jūsu iepriekšējo atbildi. Jūsu rezervācija ir veiksmīgi apstiprināta. Informācija par jaunumiem ir pieejama mūsu mājaslapā. Lūdzu, informējiet mūs, ja nevarēsiet piedalīties.

Ar cieņu,
Skolas administrācija.",normal
Jaunumi uzņēmumā,"Labdien, cienījamie klienti!

Vēlamies informēt, ka mūsu tikšanās notiks nākamajā nedēļā. Mēs novērtējam jūsu atsauksmes un ieteikumus. Jūsu rezervācija ir veiksmīgi apstiprināta. Nākamajā mēnesī tiks veiktas nelielas izmaiņas darba kārtībā.

Paldies par sadarbību!
Uzņēmuma komanda.",normal
Komandas sapulce,"Labdien, cienījamie klienti!

Pasākuma dalībniekiem būs pieejami visi nepieciešamie materiāli. Aptauja aizņems tikai dažas minūtes. Dokumenti būs pieejami arī klātienes tikšanās laikā. Nodarbība notiks ierastajā laikā.

Paldies!
Klientu serviss.",normal
Atgādinājums par tikšanos,"Sveiki, visiem!

Jūsu rezervācija ir veiksmīgi apstiprināta. Mēs vēlamies precizēt dažas detaļas par mūsu sadarbību. Nodarbība notiks ierastajā laikā. Sanāksmes laikā pārrunāsim aktuālos jautājumus. Informācija par jaunumiem ir pieejama mūsu mājaslapā.

Ar cieņu,
Administrācija.",normal
Pateicība par sadarbību,"Labdien, kolēģi!

Mēs nosūtīsim papildu informāciju pēc tikšanās. Jūsu pasūtījums ir sagatavots un tiks nosūtīts tuvākajās dienās. Informācija par darba grafiku ir pievienota šim ziņojumam. Ja jums ir jautājumi, varat sazināties ar mūsu klientu apkalpošanas nodaļu. Atgādinām par rīt plānoto tikšanos. Paldies par jūsu iepriekšējo atbildi. Vēlamies informēt, ka mūsu tikšanās notiks nākamajā nedēļā.

Ar cieņu,
Projektu komanda.",normal
Jaunā darba kārtība,"Sveiki, Jāni!

Informācija par jaunumiem ir pieejama mūsu mājaslapā. Ja jums ir jautājumi, varat sazināties ar mūsu klientu apkalpošanas nodaļu. Atgādinām par rīt plānoto tikšanos. Informācija par darba grafiku ir pievienota šim ziņojumam. Mēs novērtējam jūsu atsauksmes un ieteikumus. Šonedēļ esam sagatavojuši vairākus jaunumus. Piegāde ir plānota tuvāko trīs darba dienu laikā.

Veiksmīgu dienu!
Mūsu komanda.",normal
Mēneša pārskats,"Labdien!

Pielikumā nosūtām informāciju par plānoto pasākumu. Paldies par jūsu iepriekšējo atbildi. Lūdzu, dodiet mums ziņu, ja nepieciešams mainīt tikšanās laiku. Lūdzu, saglabājiet šo ziņojumu turpmākai atsaucei. Šonedēļ esam sagatavojuši vairākus jaunumus.

Lai jauka diena!
Mūsu komanda.",normal
Mācību materiāli,"Sveiki, visiem!

Papildu informāciju varat saņemt, sazinoties ar mums. Nodarbība notiks ierastajā laikā. Mēs novērtējam jūsu atsauksmes un ieteikumus. Jūsu rezervācija ir veiksmīgi apstiprināta.

Ar cieņu,
Klientu apkalpošanas nodaļa.",normal
Nedēļas jaunumi,"Labdien, skolēni!

Atgādinām par rīt plānoto tikšanos. Papildu informāciju varat saņemt, sazinoties ar mums. Pasākuma sākums paredzēts plkst. 10.00. Informācija tiks papildināta, ja būs nepieciešamas izmaiņas.

Ar cieņu,
Administrācija.",normal
Jaunā darba kārtība,"Labdien, skolēni!

Nodarbība notiks ierastajā laikā. Paldies par jūsu laiku un atsaucību. Ja nepieciešams, varam vienoties par citu laiku. Vēlamies informēt, ka mūsu tikšanās notiks nākamajā nedēļā. Informācija par jaunumiem ir pieejama mūsu mājaslapā. Jūsu pasūtījums ir sagatavots un tiks nosūtīts tuvākajās dienās.

Veiksmīgu dienu!
Mūsu komanda.",normal
Jaunumi uzņēmumā,"Labdien!

Sanāksmes laikā pārrunāsim aktuālos jautājumus. Darba grafiks nākamajai nedēļai ir sagatavots. Aptauja aizņems tikai dažas minūtes. Dokumenti būs pieejami arī klātienes tikšanās laikā. Atgādinām par rīt plānoto tikšanos. Paldies, ka izmantojat mūsu pakalpojumus. Pielikumā nosūtām informāciju par plānoto pasākumu.

Ar cieņu,
Administrācija.",normal
Piegādes informācija,"Sveiki, kolēģi!

Mēs nosūtīsim papildu informāciju pēc tikšanās. Lūdzu, informējiet mūs, ja nevarēsiet piedalīties. Pasākuma dalībniekiem būs pieejami visi nepieciešamie materiāli. Nākamajā mēnesī tiks veiktas nelielas izmaiņas darba kārtībā. Ja jums ir jautājumi, varat sazināties ar mūsu klientu apkalpošanas nodaļu. Informācija tiks papildināta, ja būs nepieciešamas izmaiņas.

Veiksmīgu dienu!
Mūsu komanda.",normal
Mācību materiāli,"Labdien, cienījamie klienti!

Pasākuma sākums paredzēts plkst. 10.00. Vēlamies informēt, ka mūsu tikšanās notiks nākamajā nedēļā. Aptauja aizņems tikai dažas minūtes. Pasākuma dalībniekiem būs pieejami visi nepieciešamie materiāli. Paldies, ka izmantojat mūsu pakalpojumus. Šonedēļ esam sagatavojuši vairākus jaunumus.

Veiksmīgu dienu!
Mūsu komanda.",normal
Darba grafiks,"Labdien, Anna!

Papildu informāciju varat saņemt, sazinoties ar mums. Informācija par jaunumiem ir pieejama mūsu mājaslapā. Aptauja aizņems tikai dažas minūtes.

Ar cieņu,
Administrācija.",normal
Nedēļas jaunumi,"Sveiki, kolēģi!

Lūdzu, dodiet mums ziņu, ja nepieciešams mainīt tikšanās laiku. Informācija par jaunumiem ir pieejama mūsu mājaslapā. Informācija tiks papildināta, ja būs nepieciešamas izmaiņas. Pasākuma dalībniekiem būs pieejami visi nepieciešamie materiāli.

Paldies!
Klientu serviss.",normal
Dokumentu nosūtīšana,"Sveiki, visiem!

Lūdzu, dodiet mums ziņu, ja nepieciešams mainīt tikšanās laiku. Pasākuma dalībniekiem būs pieejami visi nepieciešamie materiāli. Mēs novērtējam jūsu atsauksmes un ieteikumus. Lūdzu, saglabājiet šo ziņojumu turpmākai atsaucei. Nākamajā mēnesī tiks veiktas nelielas izmaiņas darba kārtībā.

Ar cieņu,
Administrācija.",normal
Mācību materiāli,"Labdien, Anna!

Atgādinām par rīt plānoto tikšanos. Papildu informāciju varat saņemt, sazinoties ar mums. Vēlamies informēt, ka mūsu tikšanās notiks nākamajā nedēļā. Pielikumā nosūtām informāciju par plānoto pasākumu.

Ar cieņu,
Administrācija.",normal
Pasākuma programma,"Labdien, cienījamie klienti!

Vēlamies informēt, ka mūsu tikšanās notiks nākamajā nedēļā. Informācija tiks papildināta, ja būs nepieciešamas izmaiņas. Nākamajā mēnesī tiks veiktas nelielas izmaiņas darba kārtībā. Darba grafiks nākamajai nedēļai ir sagatavots. Pasākuma sākums paredzēts plkst. 10.00.

Ar cieņu,
Klientu apkalpošanas nodaļa.",normal
Piegādes datums,"Sveiki!

Atgādinām, ka pasākums notiks piektdien. Sanāksmes laikā pārrunāsim aktuālos jautājumus. Informācija tiks papildināta, ja būs nepieciešamas izmaiņas. Šonedēļ esam sagatavojuši vairākus jaunumus.

Ar cieņu,
Administrācija.",normal
Pateicība par sadarbību,"Labdien, skolēni!

Nākamajā mēnesī tiks veiktas nelielas izmaiņas darba kārtībā. Atgādinām, ka pasākums notiks piektdien. Jūsu pasūtījums ir sagatavots un tiks nosūtīts tuvākajās dienās. Sanāksmes laikā pārrunāsim aktuālos jautājumus. Lūdzu, iepazīstieties ar pievienotajiem dokumentiem. Aptauja aizņems tikai dažas minūtes. Šonedēļ esam sagatavojuši vairākus jaunumus.

Ar cieņu,
Klientu apkalpošanas nodaļa.",normal
Mācību materiāli,"Labdien, Anna!

Lūdzu, dodiet mums ziņu, ja nepieciešams mainīt tikšanās laiku. Jūsu pasūtījums ir sagatavots un tiks nosūtīts tuvākajās dienās. Informācija par jaunumiem ir pieejama mūsu mājaslapā. Piegāde ir plānota tuvāko trīs darba dienu laikā. Paldies par jūsu laiku un atsaucību. Lūdzu, saglabājiet šo ziņojumu turpmākai atsaucei.

Paldies par sadarbību!
Uzņēmuma komanda.",normal
Jaunumi uzņēmumā,"Sveiki!

Šonedēļ esam sagatavojuši vairākus jaunumus. Paldies par jūsu laiku un atsaucību. Aptauja aizņems tikai dažas minūtes.

Ar cieņu,
Skolas administrācija.",normal
Jaunumi uzņēmumā,"Sveiki, komanda!

Mēs nosūtīsim papildu informāciju pēc tikšanās. Jūsu rezervācija ir veiksmīgi apstiprināta. Piegāde ir plānota tuvāko trīs darba dienu laikā. Pasākuma sākums paredzēts plkst. 10.00.

Ar cieņu,
Skolas administrācija.",normal
Nedēļas jaunumi,"Labdien, cienījamie klienti!

Jūsu rezervācija ir veiksmīgi apstiprināta. Informācija par darba grafiku ir pievienota šim ziņojumam. Lūdzu, informējiet mūs, ja nevarēsiet piedalīties.

Ar cieņu,
Skolas administrācija.",normal
Tikšanās laika maiņa,"Labdien, Anna!

Darba grafiks nākamajai nedēļai ir sagatavots. Mēs novērtējam jūsu atsauksmes un ieteikumus. Lūdzu, informējiet mūs, ja nevarēsiet piedalīties. Atgādinām, ka pasākums notiks piektdien. Ja jums ir jautājumi, varat sazināties ar mūsu klientu apkalpošanas nodaļu. Pielikumā nosūtām informāciju par plānoto pasākumu. Mēs vēlamies precizēt dažas detaļas par mūsu sadarbību.

Ar cieņu,
Klientu apkalpošanas nodaļa.",normal
Atvaļinājuma plāns,"Labdien, cienījamie klienti!

Darba grafiks nākamajai nedēļai ir sagatavots. Mēs novērtējam jūsu atsauksmes un ieteikumus. Mēs nosūtīsim papildu informāciju pēc tikšanās. Piegāde ir plānota tuvāko trīs darba dienu laikā.

Lai jauka diena!
Mūsu komanda.",normal
Jaunā darba kārtība,"Labdien, kolēģi!

Informācija tiks papildināta, ja būs nepieciešamas izmaiņas. Paldies par jūsu laiku un atsaucību. Mēs vēlamies precizēt dažas detaļas par mūsu sadarbību. Mēs nosūtīsim papildu informāciju pēc tikšanās.

Veiksmīgu dienu!
Mūsu komanda.",normal
Piegādes datums,"Labdien, cienījamie klienti!

Mēs nosūtīsim papildu informāciju pēc tikšanās. Nodarbība notiks ierastajā laikā. Pasākuma dalībniekiem būs pieejami visi nepieciešamie materiāli.

Veiksmīgu dienu!
Mūsu komanda.",normal
Darba grafiks,"Labdien!

Mēs priecāsimies saņemt jūsu komentārus. Atgādinām, ka pasākums notiks piektdien. Tikšanās laiks ir saskaņots ar visiem dalībniekiem. Informācija par darba grafiku ir pievienota šim ziņojumam. Ja nepieciešams, varam vienoties par citu laiku. Aptauja aizņems tikai dažas minūtes. Paldies par jūsu iepriekšējo atbildi.

Ar cieņu,
Projektu komanda.",normal
Informācija par nodarbību,"Labdien!

Informācija par jaunumiem ir pieejama mūsu mājaslapā. Papildu informāciju varat saņemt, sazinoties ar mums. Vēlamies informēt, ka mūsu tikšanās notiks nākamajā nedēļā. Mēs priecāsimies saņemt jūsu komentārus.

Paldies!
Klientu serviss.",normal
Tikšanās laika maiņa,"Sveiki, kolēģi!

Ja jums ir jautājumi, varat sazināties ar mūsu klientu apkalpošanas nodaļu. Mēs novērtējam jūsu atsauksmes un ieteikumus. Informācija tiks papildināta, ja būs nepieciešamas izmaiņas. Lūdzu, informējiet mūs, ja nevarēsiet piedalīties. Vēlamies informēt, ka mūsu tikšanās notiks nākamajā nedēļā. Jūsu pasūtījums ir sagatavots un tiks nosūtīts tuvākajās dienās. Jūsu rezervācija ir veiksmīgi apstiprināta.

Ar cieņu,
Projektu komanda.",normal
Semināra programma,"Sveiki, komanda!

Informācija par jaunumiem ir pieejama mūsu mājaslapā. Nodarbība notiks ierastajā laikā. Šonedēļ esam sagatavojuši vairākus jaunumus. Mēs vēlamies precizēt dažas detaļas par mūsu sadarbību. Dokumenti būs pieejami arī klātienes tikšanās laikā.

Lai jauka diena!
Mūsu komanda.",normal
Nedēļas jaunumi,"Labdien, cienījamie klienti!

Lūdzu, iepazīstieties ar pievienotajiem dokumentiem. Mēs vēlamies precizēt dažas detaļas par mūsu sadarbību. Atgādinām, ka pasākums notiks piektdien. Sanāksmes laikā pārrunāsim aktuālos jautājumus. Piegāde ir plānota tuvāko trīs darba dienu laikā.

Paldies!
Klientu serviss.",normal
Piegādes datums,"Labdien!

Dokumenti būs pieejami arī klātienes tikšanās laikā. Jūsu rezervācija ir veiksmīgi apstiprināta. Informācija par jaunumiem ir pieejama mūsu mājaslapā. Lūdzu, informējiet mūs, ja nevarēsiet piedalīties. Sanāksmes laikā pārrunāsim aktuālos jautājumus. Aptauja aizņems tikai dažas minūtes.

Veiksmīgu dienu!
Mūsu komanda.",normal
Nedēļas jaunumi,"Sveiki, Jāni!

Mēs vēlamies precizēt dažas detaļas par mūsu sadarbību. Pielikumā nosūtām informāciju par plānoto pasākumu. Ja jums ir jautājumi, varat sazināties ar mūsu klientu apkalpošanas nodaļu. Dokumenti būs pieejami arī klātienes tikšanās laikā.

Ar cieņu,
Administrācija.",normal
Semināra programma,"Sveiki!

Pasākuma sākums paredzēts plkst. 10.00. Papildu informāciju varat saņemt, sazinoties ar mums. Informācija tiks papildināta, ja būs nepieciešamas izmaiņas. Piegāde ir plānota tuvāko trīs darba dienu laikā. Lūdzu, saglabājiet šo ziņojumu turpmākai atsaucei. Dokumenti būs pieejami arī klātienes tikšanās laikā. Informācija par jaunumiem ir pieejama mūsu mājaslapā.

Paldies par sadarbību!
Uzņēmuma komanda.",normal
Nedēļas jaunumi,"Labdien, skolēni!

Atgādinām par rīt plānoto tikšanos. Pielikumā nosūtām informāciju par plānoto pasākumu. Mēs priecāsimies saņemt jūsu komentārus. Sanāksmes laikā pārrunāsim aktuālos jautājumus.

Paldies par sadarbību!
Uzņēmuma komanda.",normal
Informācija par nodarbību,"Sveiki, visiem!

Papildu informāciju varat saņemt, sazinoties ar mums. Lūdzu, saglabājiet šo ziņojumu turpmākai atsaucei. Atgādinām, ka pasākums notiks piektdien. Tikšanās laiks ir saskaņots ar visiem dalībniekiem. Sanāksmes laikā pārrunāsim aktuālos jautājumus. Paldies par jūsu iepriekšējo atbildi.

Paldies!
Klientu serviss.",normal
Rezervācijas apstiprinājums,"Labdien!

Lūdzu, saglabājiet šo ziņojumu turpmākai atsaucei. Mēs vēlamies precizēt dažas detaļas par mūsu sadarbību. Lūdzu, dodiet mums ziņu, ja nepieciešams mainīt tikšanās laiku. Atgādinām par rīt plānoto tikšanos.

Paldies!
Klientu serviss.",normal
Pateicība par sadarbību,"Sveiki, visiem!

Darba grafiks nākamajai nedēļai ir sagatavots. Pasākuma dalībniekiem būs pieejami visi nepieciešamie materiāli. Aptauja aizņems tikai dažas minūtes.

Paldies par sadarbību!
Uzņēmuma komanda.",normal
Atvaļinājuma plāns,"Labdien!

Ja jums ir jautājumi, varat sazināties ar mūsu klientu apkalpošanas nodaļu. Pielikumā nosūtām informāciju par plānoto pasākumu. Nākamajā mēnesī tiks veiktas nelielas izmaiņas darba kārtībā. Lūdzu, informējiet mūs, ja nevarēsiet piedalīties.

Paldies!
Klientu serviss.",normal
Jaunumi uzņēmumā,"Sveiki!

Nodarbība notiks ierastajā laikā. Lūdzu, informējiet mūs, ja nevarēsiet piedalīties. Informācija par jaunumiem ir pieejama mūsu mājaslapā. Aptauja aizņems tikai dažas minūtes.

Lai jauka diena!
Mūsu komanda.",normal
Pasūtījuma statuss,"Labdien, Anna!

Papildu informāciju varat saņemt, sazinoties ar mums. Ja jums ir jautājumi, varat sazināties ar mūsu klientu apkalpošanas nodaļu. Lūdzu, saglabājiet šo ziņojumu turpmākai atsaucei. Informācija tiks papildināta, ja būs nepieciešamas izmaiņas.

Paldies!
Klientu serviss.",normal
Piegādes datums,"Labdien, skolēni!

Paldies, ka izmantojat mūsu pakalpojumus. Jūsu pasūtījums ir sagatavots un tiks nosūtīts tuvākajās dienās. Vēlamies informēt, ka mūsu tikšanās notiks nākamajā nedēļā. Ja nepieciešams, varam vienoties par citu laiku. Informācija par jaunumiem ir pieejama mūsu mājaslapā. Jūsu rezervācija ir veiksmīgi apstiprināta.

Paldies!
Klientu serviss.",normal
Darba grafiks,"Sveiki, Jāni!

Lūdzu, saglabājiet šo ziņojumu turpmākai atsaucei. Nākamajā mēnesī tiks veiktas nelielas izmaiņas darba kārtībā. Mēs vēlamies precizēt dažas detaļas par mūsu sadarbību. Papildu informāciju varat saņemt, sazinoties ar mums. Ja jums ir jautājumi, varat sazināties ar mūsu klientu apkalpošanas nodaļu. Aptauja aizņems tikai dažas minūtes.

Ar cieņu,
Skolas administrācija.",normal
Tikšanās par projektu,"Sveiki, visiem!

Sanāksmes laikā pārrunāsim aktuālos jautājumus. Tikšanās laiks ir saskaņots ar visiem dalībniekiem. Pasākuma sākums paredzēts plkst. 10.00.

Paldies par sadarbību!
Uzņēmuma komanda.",normal
Atgādinājums par tikšanos,"Labdien, cienījamie klienti!

Tikšanās laiks ir saskaņots ar visiem dalībniekiem. Sanāksmes laikā pārrunāsim aktuālos jautājumus. Ja jums ir jautājumi, varat sazināties ar mūsu klientu apkalpošanas nodaļu. Lūdzu, iepazīstieties ar pievienotajiem dokumentiem. Mēs vēlamies precizēt dažas detaļas par mūsu sadarbību. Pasākuma dalībniekiem būs pieejami visi nepieciešamie materiāli.

Ar cieņu,
Projektu komanda.",normal
Dokumentu nosūtīšana,"Labdien, Anna!

Tikšanās laiks ir saskaņots ar visiem dalībniekiem. Informācija par darba grafiku ir pievienota šim ziņojumam. Pielikumā nosūtām informāciju par plānoto pasākumu. Informācija par jaunumiem ir pieejama mūsu mājaslapā. Ja jums ir jautājumi, varat sazināties ar mūsu klientu apkalpošanas nodaļu. Mēs novērtējam jūsu atsauksmes un ieteikumus.

Ar cieņu,
Projektu komanda.",normal
Piegādes datums,"Sveiki, visiem!

Atgādinām par rīt plānoto tikšanos. Jūsu pasūtījums ir sagatavots un tiks nosūtīts tuvākajās dienās. Mēs priecāsimies saņemt jūsu komentārus. Lūdzu, iepazīstieties ar pievienotajiem dokumentiem. Tikšanās laiks ir saskaņots ar visiem dalībniekiem. Nākamajā mēnesī tiks veiktas nelielas izmaiņas darba kārtībā. Informācija tiks papildināta, ja būs nepieciešamas izmaiņas.

Paldies par sadarbību!
Uzņēmuma komanda.",normal
Pasūtījuma statuss,"Sveiki, Jāni!

Mēs nosūtīsim papildu informāciju pēc tikšanās. Lūdzu, informējiet mūs, ja nevarēsiet piedalīties. Sanāksmes laikā pārrunāsim aktuālos jautājumus. Aptauja aizņems tikai dažas minūtes. Atgādinām par rīt plānoto tikšanos. Piegāde ir plānota tuvāko trīs darba dienu laikā.

Ar cieņu,
Projektu komanda.",normal
Mācību materiāli,"Labdien, skolēni!

Atgādinām par rīt plānoto tikšanos. Mēs priecāsimies saņemt jūsu komentārus. Ja nepieciešams, varam vienoties par citu laiku. Aptauja aizņems tikai dažas minūtes.

Paldies par sadarbību!
Uzņēmuma komanda.",normal
Pateicība par sadarbību,"Sveiki, Jāni!

Informācija par darba grafiku ir pievienota šim ziņojumam. Atgādinām par rīt plānoto tikšanos. Lūdzu, dodiet mums ziņu, ja nepieciešams mainīt tikšanās laiku. Jūsu pasūtījums ir sagatavots un tiks nosūtīts tuvākajās dienās. Ja nepieciešams, varam vienoties par citu laiku.

Paldies!
Klientu serviss.",normal
Jaunā darba kārtība,"Labdien, skolēni!

Atgādinām, ka pasākums notiks piektdien. Lūdzu, dodiet mums ziņu, ja nepieciešams mainīt tikšanās laiku. Tikšanās laiks ir saskaņots ar visiem dalībniekiem.

Paldies par sadarbību!
Uzņēmuma komanda.",normal
Nedēļas jaunumi,"Labdien, kolēģi!

Atgādinām, ka pasākums notiks piektdien. Vēlamies informēt, ka mūsu tikšanās notiks nākamajā nedēļā. Paldies par jūsu iepriekšējo atbildi. Jūsu rezervācija ir veiksmīgi apstiprināta. Lūdzu, dodiet mums ziņu, ja nepieciešams mainīt tikšanās laiku. Tikšanās laiks ir saskaņots ar visiem dalībniekiem. Sanāksmes laikā pārrunāsim aktuālos jautājumus.

Ar cieņu,
Projektu komanda.",normal
Komandas sapulce,"Sveiki, komanda!

Nākamajā mēnesī tiks veiktas nelielas izmaiņas darba kārtībā. Papildu informāciju varat saņemt, sazinoties ar mums. Nodarbība notiks ierastajā laikā. Informācija tiks papildināta, ja būs nepieciešamas izmaiņas. Lūdzu, iepazīstieties ar pievienotajiem dokumentiem.

Paldies!
Klientu serviss.",normal
Jaunā darba kārtība,"Sveiki, visiem!

Piegāde ir plānota tuvāko trīs darba dienu laikā. Paldies par jūsu iepriekšējo atbildi. Lūdzu, iepazīstieties ar pievienotajiem dokumentiem. Informācija par jaunumiem ir pieejama mūsu mājaslapā. Nākamajā mēnesī tiks veiktas nelielas izmaiņas darba kārtībā. Mēs vēlamies precizēt dažas detaļas par mūsu sadarbību.

Ar cieņu,
Klientu apkalpošanas nodaļa.",normal
Informācija par nodarbību,"Labdien, Anna!

Nākamajā mēnesī tiks veiktas nelielas izmaiņas darba kārtībā. Informācija par darba grafiku ir pievienota šim ziņojumam. Lūdzu, saglabājiet šo ziņojumu turpmākai atsaucei.

Veiksmīgu dienu!
Mūsu komanda.",normal
Piegādes datums,"Sveiki, visiem!

Vēlamies informēt, ka mūsu tikšanās notiks nākamajā nedēļā. Sanāksmes laikā pārrunāsim aktuālos jautājumus. Mēs novērtējam jūsu atsauksmes un ieteikumus. Lūdzu, informējiet mūs, ja nevarēsiet piedalīties. Informācija par jaunumiem ir pieejama mūsu mājaslapā.

Ar cieņu,
Administrācija.",normal
Darba grafiks,"Sveiki, Jāni!

Informācija par jaunumiem ir pieejama mūsu mājaslapā. Darba grafiks nākamajai nedēļai ir sagatavots. Pasākuma sākums paredzēts plkst. 10.00.

Ar cieņu,
Klientu apkalpošanas nodaļa.",normal
Mācību materiāli,"Sveiki!

Informācija par darba grafiku ir pievienota šim ziņojumam. Pasākuma dalībniekiem būs pieejami visi nepieciešamie materiāli. Nākamajā mēnesī tiks veiktas nelielas izmaiņas darba kārtībā. Atgādinām, ka pasākums notiks piektdien.

Ar cieņu,
Klientu apkalpošanas nodaļa.",normal
Nedēļas jaunumi,"Labdien!

Piegāde ir plānota tuvāko trīs darba dienu laikā. Atgādinām, ka pasākums notiks piektdien. Paldies, ka izmantojat mūsu pakalpojumus. Pielikumā nosūtām informāciju par plānoto pasākumu. Informācija par darba grafiku ir pievienota šim ziņojumam. Pasākuma sākums paredzēts plkst. 10.00. Aptauja aizņems tikai dažas minūtes.

Ar cieņu,
Administrācija.",normal
Rēķins par pakalpojumu,"Sveiki, visiem!

Pasākuma dalībniekiem būs pieejami visi nepieciešamie materiāli. Informācija tiks papildināta, ja būs nepieciešamas izmaiņas. Atgādinām, ka pasākums notiks piektdien. Mēs novērtējam jūsu atsauksmes un ieteikumus. Darba grafiks nākamajai nedēļai ir sagatavots. Šonedēļ esam sagatavojuši vairākus jaunumus. Paldies par jūsu iepriekšējo atbildi.

Ar cieņu,
Klientu apkalpošanas nodaļa.",normal
Rezervācijas apstiprinājums,"Labdien, Anna!

Dokumenti būs pieejami arī klātienes tikšanās laikā. Piegāde ir plānota tuvāko trīs darba dienu laikā. Ja nepieciešams, varam vienoties par citu laiku.

Ar cieņu,
Administrācija.",normal
Bibliotēkas atgādinājums,"Labdien!

Papildu informāciju varat saņemt, sazinoties ar mums. Paldies, ka izmantojat mūsu pakalpojumus. Nākamajā mēnesī tiks veiktas nelielas izmaiņas darba kārtībā. Nodarbība notiks ierastajā laikā.

Ar cieņu,
Projektu komanda.",normal
Bibliotēkas atgādinājums,"Sveiki!

Tikšanās laiks ir saskaņots ar visiem dalībniekiem. Sanāksmes laikā pārrunāsim aktuālos jautājumus. Lūdzu, saglabājiet šo ziņojumu turpmākai atsaucei. Pasākuma dalībniekiem būs pieejami visi nepieciešamie materiāli.

Ar cieņu,
Projektu komanda.",normal
Komandas sapulce,"Sveiki, komanda!

Paldies par jūsu iepriekšējo atbildi. Nodarbība notiks ierastajā laikā. Lūdzu, dodiet mums ziņu, ja nepieciešams mainīt tikšanās laiku. Papildu informāciju varat saņemt, sazinoties ar mums.

Ar cieņu,
Projektu komanda.",normal
Piegādes informācija,"Labdien!

Tikšanās laiks ir saskaņots ar visiem dalībniekiem. Aptauja aizņems tikai dažas minūtes. Paldies par jūsu laiku un atsaucību. Šonedēļ esam sagatavojuši vairākus jaunumus. Ja nepieciešams, varam vienoties par citu laiku. Atgādinām, ka pasākums notiks piektdien.

Veiksmīgu dienu!
Mūsu komanda.",normal
Piegādes datums,"Sveiki!

Ja nepieciešams, varam vienoties par citu laiku. Pasākuma dalībniekiem būs pieejami visi nepieciešamie materiāli. Lūdzu, dodiet mums ziņu, ja nepieciešams mainīt tikšanās laiku. Mēs nosūtīsim papildu informāciju pēc tikšanās. Nodarbība notiks ierastajā laikā.

Veiksmīgu dienu!
Mūsu komanda.",normal
Jaunā darba kārtība,"Sveiki, kolēģi!

Informācija par darba grafiku ir pievienota šim ziņojumam. Ja jums ir jautājumi, varat sazināties ar mūsu klientu apkalpošanas nodaļu. Papildu informāciju varat saņemt, sazinoties ar mums. Nākamajā mēnesī tiks veiktas nelielas izmaiņas darba kārtībā. Paldies par jūsu laiku un atsaucību. Pasākuma dalībniekiem būs pieejami visi nepieciešamie materiāli.

Paldies!
Klientu serviss.",normal
Dokumentu nosūtīšana,"Labdien, skolēni!

Tikšanās laiks ir saskaņots ar visiem dalībniekiem. Lūdzu, saglabājiet šo ziņojumu turpmākai atsaucei. Lūdzu, informējiet mūs, ja nevarēsiet piedalīties. Papildu informāciju varat saņemt, sazinoties ar mums. Informācija par darba grafiku ir pievienota šim ziņojumam. Pasākuma dalībniekiem būs pieejami visi nepieciešamie materiāli. Paldies par jūsu iepriekšējo atbildi.

Ar cieņu,
Projektu komanda.",normal
Mācību materiāli,"Sveiki, Jāni!

Paldies, ka izmantojat mūsu pakalpojumus. Jūsu pasūtījums ir sagatavots un tiks nosūtīts tuvākajās dienās. Informācija par darba grafiku ir pievienota šim ziņojumam. Paldies par jūsu iepriekšējo atbildi. Mēs priecāsimies saņemt jūsu komentārus. Informācija tiks papildināta, ja būs nepieciešamas izmaiņas.

Ar cieņu,
Projektu komanda.",normal
Atvaļinājuma plāns,"Labdien, kolēģi!

Nākamajā mēnesī tiks veiktas nelielas izmaiņas darba kārtībā. Lūdzu, informējiet mūs, ja nevarēsiet piedalīties. Sanāksmes laikā pārrunāsim aktuālos jautājumus. Atgādinām par rīt plānoto tikšanos. Dokumenti būs pieejami arī klātienes tikšanās laikā. Nodarbība notiks ierastajā laikā. Informācija par jaunumiem ir pieejama mūsu mājaslapā.

Veiksmīgu dienu!
Mūsu komanda.",normal
Darba grafiks,"Sveiki!

Paldies par jūsu iepriekšējo atbildi. Lūdzu, informējiet mūs, ja nevarēsiet piedalīties. Piegāde ir plānota tuvāko trīs darba dienu laikā. Jūsu rezervācija ir veiksmīgi apstiprināta.

Ar cieņu,
Klientu apkalpošanas nodaļa.",normal
Informācija par nodarbību,"Sveiki, kolēģi!

Aptauja aizņems tikai dažas minūtes. Mēs nosūtīsim papildu informāciju pēc tikšanās. Paldies, ka izmantojat mūsu pakalpojumus. Pielikumā nosūtām informāciju par plānoto pasākumu. Darba grafiks nākamajai nedēļai ir sagatavots. Atgādinām par rīt plānoto tikšanos. Lūdzu, dodiet mums ziņu, ja nepieciešams mainīt tikšanās laiku.

Paldies!
Klientu serviss.",normal
Pateicība par sadarbību,"Labdien, cienījamie klienti!

Vēlamies informēt, ka mūsu tikšanās notiks nākamajā nedēļā. Tikšanās laiks ir saskaņots ar visiem dalībniekiem. Informācija tiks papildināta, ja būs nepieciešamas izmaiņas. Ja jums ir jautājumi, varat sazināties ar mūsu klientu apkalpošanas nodaļu. Paldies par jūsu iepriekšējo atbildi. Pasākuma dalībniekiem būs pieejami visi nepieciešamie materiāli.

Lai jauka diena!
Mūsu komanda.",normal
Tikšanās laika maiņa,"Sveiki, komanda!

Pielikumā nosūtām informāciju par plānoto pasākumu. Tikšanās laiks ir saskaņots ar visiem dalībniekiem. Jūsu rezervācija ir veiksmīgi apstiprināta. Darba grafiks nākamajai nedēļai ir sagatavots. Lūdzu, informējiet mūs, ja nevarēsiet piedalīties. Aptauja aizņems tikai dažas minūtes.

Veiksmīgu dienu!
Mūsu komanda.",normal
Informācija klientiem,"Sveiki, visiem!

Informācija par jaunumiem ir pieejama mūsu mājaslapā. Mēs novērtējam jūsu atsauksmes un ieteikumus. Darba grafiks nākamajai nedēļai ir sagatavots. Jūsu pasūtījums ir sagatavots un tiks nosūtīts tuvākajās dienās. Ja nepieciešams, varam vienoties par citu laiku.

Ar cieņu,
Administrācija.",normal
Tikšanās par projektu,"Sveiki, Jāni!

Pielikumā nosūtām informāciju par plānoto pasākumu. Mēs novērtējam jūsu atsauksmes un ieteikumus. Tikšanās laiks ir saskaņots ar visiem dalībniekiem. Lūdzu, saglabājiet šo ziņojumu turpmākai atsaucei. Sanāksmes laikā pārrunāsim aktuālos jautājumus. Nodarbība notiks ierastajā laikā. Darba grafiks nākamajai nedēļai ir sagatavots.

Lai jauka diena!
Mūsu komanda.",normal
Atvaļinājuma plāns,"Sveiki, komanda!

Tikšanās laiks ir saskaņots ar visiem dalībniekiem. Lūdzu, dodiet mums ziņu, ja nepieciešams mainīt tikšanās laiku. Ja jums ir jautājumi, varat sazināties ar mūsu klientu apkalpošanas nodaļu. Informācija par jaunumiem ir pieejama mūsu mājaslapā. Sanāksmes laikā pārrunāsim aktuālos jautājumus. Mēs nosūtīsim papildu informāciju pēc tikšanās. Jūsu pasūtījums ir sagatavots un tiks nosūtīts tuvākajās dienās.

Paldies!
Klientu serviss.",normal
Atgādinājums par tikšanos,"Sveiki!

Pasākuma dalībniekiem būs pieejami visi nepieciešamie materiāli. Tikšanās laiks ir saskaņots ar visiem dalībniekiem. Pasākuma sākums paredzēts plkst. 10.00. Informācija tiks papildināta, ja būs nepieciešamas izmaiņas. Ja nepieciešams, varam vienoties par citu laiku. Informācija par darba grafiku ir pievienota šim ziņojumam. Mēs priecāsimies saņemt jūsu komentārus.

Paldies!
Klientu serviss.",normal
Rēķins par pakalpojumu,"Sveiki, Jāni!

Šonedēļ esam sagatavojuši vairākus jaunumus. Lūdzu, saglabājiet šo ziņojumu turpmākai atsaucei. Pasākuma dalībniekiem būs pieejami visi nepieciešamie materiāli. Dokumenti būs pieejami arī klātienes tikšanās laikā.

Ar cieņu,
Klientu apkalpošanas nodaļa.",normal
Mēneša pārskats,"Sveiki!

Ja nepieciešams, varam vienoties par citu laiku. Papildu informāciju varat saņemt, sazinoties ar mums. Lūdzu, saglabājiet šo ziņojumu turpmākai atsaucei.

Ar cieņu,
Administrācija.",normal
Semināra programma,"Labdien, Anna!

Dokumenti būs pieejami arī klātienes tikšanās laikā. Pielikumā nosūtām informāciju par plānoto pasākumu. Sanāksmes laikā pārrunāsim aktuālos jautājumus. Vēlamies informēt, ka mūsu tikšanās notiks nākamajā nedēļā. Lūdzu, saglabājiet šo ziņojumu turpmākai atsaucei.

Ar cieņu,
Klientu apkalpošanas nodaļa.",normal
Mēneša pārskats,"Labdien!

Ja jums ir jautājumi, varat sazināties ar mūsu klientu apkalpošanas nodaļu. Mēs vēlamies precizēt dažas detaļas par mūsu sadarbību. Informācija par darba grafiku ir pievienota šim ziņojumam. Mēs novērtējam jūsu atsauksmes un ieteikumus. Lūdzu, informējiet mūs, ja nevarēsiet piedalīties. Dokumenti būs pieejami arī klātienes tikšanās laikā. Jūsu pasūtījums ir sagatavots un tiks nosūtīts tuvākajās dienās.

Ar cieņu,
Skolas administrācija.",normal
Jaunā darba kārtība,"Sveiki!

Vēlamies informēt, ka mūsu tikšanās notiks nākamajā nedēļā. Ja nepieciešams, varam vienoties par citu laiku. Ja jums ir jautājumi, varat sazināties ar mūsu klientu apkalpošanas nodaļu. Dokumenti būs pieejami arī klātienes tikšanās laikā. Paldies par jūsu iepriekšējo atbildi. Informācija par jaunumiem ir pieejama mūsu mājaslapā.

Ar cieņu,
Administrācija.",normal
Mācību materiāli,"Sveiki!

Tikšanās laiks ir saskaņots ar visiem dalībniekiem. Jūsu pasūtījums ir sagatavots un tiks nosūtīts tuvākajās dienās. Lūdzu, iepazīstieties ar pievienotajiem dokumentiem. Paldies, ka izmantojat mūsu pakalpojumus. Mēs priecāsimies saņemt jūsu komentārus. Paldies par jūsu iepriekšējo atbildi.

Lai jauka diena!
Mūsu komanda.",normal
Pasākuma programma,"Labdien, Anna!

Pasākuma dalībniekiem būs pieejami visi nepieciešamie materiāli. Lūdzu, dodiet mums ziņu, ja nepieciešams mainīt tikšanās laiku. Informācija par darba grafiku ir pievienota šim ziņojumam. Lūdzu, saglabājiet šo ziņojumu turpmākai atsaucei. Paldies, ka izmantojat mūsu pakalpojumus. Mēs novērtējam jūsu atsauksmes un ieteikumus.

Veiksmīgu dienu!
Mūsu komanda.",normal
Informācija klientiem,"Labdien, cienījamie klienti!

Lūdzu, dodiet mums ziņu, ja nepieciešams mainīt tikšanās laiku. Paldies, ka izmantojat mūsu pakalpojumus. Nodarbība notiks ierastajā laikā. Paldies par jūsu iepriekšējo atbildi. Atgādinām par rīt plānoto tikšanos.

Ar cieņu,
Projektu komanda.",normal
Bibliotēkas atgādinājums,"Sveiki, kolēģi!

Ja jums ir jautājumi, varat sazināties ar mūsu klientu apkalpošanas nodaļu. Piegāde ir plānota tuvāko trīs darba dienu laikā. Nākamajā mēnesī tiks veiktas nelielas izmaiņas darba kārtībā. Lūdzu, informējiet mūs, ja nevarēsiet piedalīties. Pielikumā nosūtām informāciju par plānoto pasākumu. Pasākuma sākums paredzēts plkst. 10.00. Mēs vēlamies precizēt dažas detaļas par mūsu sadarbību.

Paldies!
Klientu serviss.",normal
Atvaļinājuma plāns,"Sveiki!

Mēs vēlamies precizēt dažas detaļas par mūsu sadarbību. Pasākuma dalībniekiem būs pieejami visi nepieciešamie materiāli. Darba grafiks nākamajai nedēļai ir sagatavots. Mēs nosūtīsim papildu informāciju pēc tikšanās. Nodarbība notiks ierastajā laikā. Vēlamies informēt, ka mūsu tikšanās notiks nākamajā nedēļā. Informācija par darba grafiku ir pievienota šim ziņojumam.

Lai jauka diena!
Mūsu komanda.",normal
Atvaļinājuma plāns,"Labdien, skolēni!

Šonedēļ esam sagatavojuši vairākus jaunumus. Paldies, ka izmantojat mūsu pakalpojumus. Mēs novērtējam jūsu atsauksmes un ieteikumus. Lūdzu, dodiet mums ziņu, ja nepieciešams mainīt tikšanās laiku. Piegāde ir plānota tuvāko trīs darba dienu laikā.

Ar cieņu,
Administrācija.",normal
Pateicība par sadarbību,"Labdien, Anna!

Vēlamies informēt, ka mūsu tikšanās notiks nākamajā nedēļā. Ja jums ir jautājumi, varat sazināties ar mūsu klientu apkalpošanas nodaļu. Pasākuma dalībniekiem būs pieejami visi nepieciešamie materiāli.

Paldies par sadarbību!
Uzņēmuma komanda.",normal
Rēķins par pakalpojumu,"Labdien, skolēni!

Ja nepieciešams, varam vienoties par citu laiku. Darba grafiks nākamajai nedēļai ir sagatavots. Jūsu rezervācija ir veiksmīgi apstiprināta. Lūdzu, iepazīstieties ar pievienotajiem dokumentiem. Informācija tiks papildināta, ja būs nepieciešamas izmaiņas.

Ar cieņu,
Klientu apkalpošanas nodaļa.",normal
Jaunumi uzņēmumā,"Sveiki, kolēģi!

Tikšanās laiks ir saskaņots ar visiem dalībniekiem. Mēs vēlamies precizēt dažas detaļas par mūsu sadarbību. Informācija par jaunumiem ir pieejama mūsu mājaslapā. Mēs priecāsimies saņemt jūsu komentārus. Pasākuma sākums paredzēts plkst. 10.00. Jūsu rezervācija ir veiksmīgi apstiprināta. Ja nepieciešams, varam vienoties par citu laiku.

Veiksmīgu dienu!
Mūsu komanda.",normal
Piegādes informācija,"Sveiki, Jāni!

Atgādinām, ka pasākums notiks piektdien. Ja nepieciešams, varam vienoties par citu laiku. Mēs nosūtīsim papildu informāciju pēc tikšanās. Pasākuma dalībniekiem būs pieejami visi nepieciešamie materiāli. Tikšanās laiks ir saskaņots ar visiem dalībniekiem.

Lai jauka diena!
Mūsu komanda.",normal
Rezervācijas apstiprinājums,"Labdien, kolēģi!

Lūdzu, iepazīstieties ar pievienotajiem dokumentiem. Informācija par jaunumiem ir pieejama mūsu mājaslapā. Informācija tiks papildināta, ja būs nepieciešamas izmaiņas. Jūsu rezervācija ir veiksmīgi apstiprināta.

Lai jauka diena!
Mūsu komanda.",normal
Dokumentu nosūtīšana,"Labdien, cienījamie klienti!

Lūdzu, saglabājiet šo ziņojumu turpmākai atsaucei. Dokumenti būs pieejami arī klātienes tikšanās laikā. Jūsu pasūtījums ir sagatavots un tiks nosūtīts tuvākajās dienās.

Ar cieņu,
Administrācija.",normal
Semināra programma,"Sveiki, visiem!

Atgādinām par rīt plānoto tikšanos. Šonedēļ esam sagatavojuši vairākus jaunumus. Ja jums ir jautājumi, varat sazināties ar mūsu klientu apkalpošanas nodaļu. Ja nepieciešams, varam vienoties par citu laiku. Informācija par jaunumiem ir pieejama mūsu mājaslapā. Tikšanās laiks ir saskaņots ar visiem dalībniekiem.

Paldies par sadarbību!
Uzņēmuma komanda.",normal
Atgādinājums par tikšanos,"Labdien!

Pasākuma sākums paredzēts plkst. 10.00. Darba grafiks nākamajai nedēļai ir sagatavots. Paldies par jūsu laiku un atsaucību. Atgādinām par rīt plānoto tikšanos. Paldies, ka izmantojat mūsu pakalpojumus.

Lai jauka diena!
Mūsu komanda.",normal
Pasūtījuma statuss,"Labdien, kolēģi!

Ja jums ir jautājumi, varat sazināties ar mūsu klientu apkalpošanas nodaļu. Informācija par darba grafiku ir pievienota šim ziņojumam. Sanāksmes laikā pārrunāsim aktuālos jautājumus. Aptauja aizņems tikai dažas minūtes. Ja nepieciešams, varam vienoties par citu laiku. Nodarbība notiks ierastajā laikā. Lūdzu, dodiet mums ziņu, ja nepieciešams mainīt tikšanās laiku.

Ar cieņu,
Administrācija.",normal
Piegādes informācija,"Labdien, skolēni!

Paldies, ka izmantojat mūsu pakalpojumus. Informācija par jaunumiem ir pieejama mūsu mājaslapā. Paldies par jūsu iepriekšējo atbildi. Sanāksmes laikā pārrunāsim aktuālos jautājumus.

Ar cieņu,
Projektu komanda.",normal
Darba grafiks,"Sveiki, Jāni!

Jūsu pasūtījums ir sagatavots un tiks nosūtīts tuvākajās dienās. Atgādinām, ka pasākums notiks piektdien. Informācija tiks papildināta, ja būs nepieciešamas izmaiņas.

Ar cieņu,
Skolas administrācija.",normal
Jaunā darba kārtība,"Labdien, cienījamie klienti!

Piegāde ir plānota tuvāko trīs darba dienu laikā. Mēs priecāsimies saņemt jūsu komentārus. Pasākuma dalībniekiem būs pieejami visi nepieciešamie materiāli. Nodarbība notiks ierastajā laikā. Sanāksmes laikā pārrunāsim aktuālos jautājumus.

Veiksmīgu dienu!
Mūsu komanda.",normal
Pasūtījuma statuss,"Labdien, Anna!

Atgādinām par rīt plānoto tikšanos. Piegāde ir plānota tuvāko trīs darba dienu laikā. Vēlamies informēt, ka mūsu tikšanās notiks nākamajā nedēļā. Mēs priecāsimies saņemt jūsu komentārus. Lūdzu, saglabājiet šo ziņojumu turpmākai atsaucei.

Ar cieņu,
Projektu komanda.",normal
Jaunumi uzņēmumā,"Labdien, skolēni!

Informācija tiks papildināta, ja būs nepieciešamas izmaiņas. Tikšanās laiks ir saskaņots ar visiem dalībniekiem. Mēs priecāsimies saņemt jūsu komentārus. Pielikumā nosūtām informāciju par plānoto pasākumu.

Ar cieņu,
Projektu komanda.",normal
Tikšanās laika maiņa,"Sveiki, visiem!

Pielikumā nosūtām informāciju par plānoto pasākumu. Ja nepieciešams, varam vienoties par citu laiku. Vēlamies informēt, ka mūsu tikšanās notiks nākamajā nedēļā. Lūdzu, iepazīstieties ar pievienotajiem dokumentiem. Atgādinām, ka pasākums notiks piektdien.

Ar cieņu,
Klientu apkalpošanas nodaļa.",normal
Tikšanās par projektu,"Labdien, Anna!

Piegāde ir plānota tuvāko trīs darba dienu laikā. Nodarbība notiks ierastajā laikā. Vēlamies informēt, ka mūsu tikšanās notiks nākamajā nedēļā. Mēs nosūtīsim papildu informāciju pēc tikšanās. Darba grafiks nākamajai nedēļai ir sagatavots.

Ar cieņu,
Klientu apkalpošanas nodaļa.",normal
Semināra programma,"Sveiki, kolēģi!

Nodarbība notiks ierastajā laikā. Pielikumā nosūtām informāciju par plānoto pasākumu. Informācija par darba grafiku ir pievienota šim ziņojumam. Mēs novērtējam jūsu atsauksmes un ieteikumus. Jūsu rezervācija ir veiksmīgi apstiprināta. Atgādinām par rīt plānoto tikšanos. Paldies par jūsu iepriekšējo atbildi.

Paldies par sadarbību!
Uzņēmuma komanda.",normal
Atvaļinājuma plāns,"Sveiki, Jāni!

Pielikumā nosūtām informāciju par plānoto pasākumu. Jūsu pasūtījums ir sagatavots un tiks nosūtīts tuvākajās dienās. Vēlamies informēt, ka mūsu tikšanās notiks nākamajā nedēļā. Informācija par jaunumiem ir pieejama mūsu mājaslapā.

Veiksmīgu dienu!
Mūsu komanda.",normal
Mācību materiāli,"Labdien, cienījamie klienti!

Nākamajā mēnesī tiks veiktas nelielas izmaiņas darba kārtībā. Pasākuma sākums paredzēts plkst. 10.00. Lūdzu, iepazīstieties ar pievienotajiem dokumentiem. Mēs vēlamies precizēt dažas detaļas par mūsu sadarbību. Mēs priecāsimies saņemt jūsu komentārus. Vēlamies informēt, ka mūsu tikšanās notiks nākamajā nedēļā. Informācija par jaunumiem ir pieejama mūsu mājaslapā.

Ar cieņu,
Klientu apkalpošanas nodaļa.",normal
Nedēļas jaunumi,"Sveiki!

Mēs priecāsimies saņemt jūsu komentārus. Tikšanās laiks ir saskaņots ar visiem dalībniekiem. Ja jums ir jautājumi, varat sazināties ar mūsu klientu apkalpošanas nodaļu. Lūdzu, iepazīstieties ar pievienotajiem dokumentiem. Nodarbība notiks ierastajā laikā. Lūdzu, informējiet mūs, ja nevarēsiet piedalīties.

Ar cieņu,
Projektu komanda.",normal
Aptauja par pakalpojumu,"Labdien!

Dokumenti būs pieejami arī klātienes tikšanās laikā. Atgādinām par rīt plānoto tikšanos. Pielikumā nosūtām informāciju par plānoto pasākumu. Jūsu pasūtījums ir sagatavots un tiks nosūtīts tuvākajās dienās.

Paldies!
Klientu serviss.",normal
Mācību materiāli,"Sveiki, komanda!

Ja jums ir jautājumi, varat sazināties ar mūsu klientu apkalpošanas nodaļu. Jūsu rezervācija ir veiksmīgi apstiprināta. Mēs vēlamies precizēt dažas detaļas par mūsu sadarbību. Informācija par jaunumiem ir pieejama mūsu mājaslapā. Informācija tiks papildināta, ja būs nepieciešamas izmaiņas.

Paldies par sadarbību!
Uzņēmuma komanda.",normal
Aptauja par pakalpojumu,"Labdien, kolēģi!

Vēlamies informēt, ka mūsu tikšanās notiks nākamajā nedēļā. Nodarbība notiks ierastajā laikā. Atgādinām par rīt plānoto tikšanos. Informācija tiks papildināta, ja būs nepieciešamas izmaiņas. Sanāksmes laikā pārrunāsim aktuālos jautājumus.

Ar cieņu,
Projektu komanda.",normal
Pateicība par sadarbību,"Labdien, Anna!

Lūdzu, saglabājiet šo ziņojumu turpmākai atsaucei. Mēs priecāsimies saņemt jūsu komentārus. Paldies, ka izmantojat mūsu pakalpojumus. Informācija par jaunumiem ir pieejama mūsu mājaslapā. Pielikumā nosūtām informāciju par plānoto pasākumu. Šonedēļ esam sagatavojuši vairākus jaunumus.

Veiksmīgu dienu!
Mūsu komanda.",normal
Informācija par pasākumu,"Sveiki!

Aptauja aizņems tikai dažas minūtes. Piegāde ir plānota tuvāko trīs darba dienu laikā. Darba grafiks nākamajai nedēļai ir sagatavots. Informācija par darba grafiku ir pievienota šim ziņojumam. Mēs novērtējam jūsu atsauksmes un ieteikumus.

Lai jauka diena!
Mūsu komanda.",normal
Bibliotēkas atgādinājums,"Labdien, Anna!

Pasākuma sākums paredzēts plkst. 10.00. Ja jums ir jautājumi, varat sazināties ar mūsu klientu apkalpošanas nodaļu. Sanāksmes laikā pārrunāsim aktuālos jautājumus. Papildu informāciju varat saņemt, sazinoties ar mums. Mēs novērtējam jūsu atsauksmes un ieteikumus. Mēs priecāsimies saņemt jūsu komentārus.

Veiksmīgu dienu!
Mūsu komanda.",normal
Atvaļinājuma plāns,"Sveiki, Jāni!

Dokumenti būs pieejami arī klātienes tikšanās laikā. Ja jums ir jautājumi, varat sazināties ar mūsu klientu apkalpošanas nodaļu. Pielikumā nosūtām informāciju par plānoto pasākumu. Vēlamies informēt, ka mūsu tikšanās notiks nākamajā nedēļā. Mēs nosūtīsim papildu informāciju pēc tikšanās. Jūsu pasūtījums ir sagatavots un tiks nosūtīts tuvākajās dienās.

Paldies par sadarbību!
Uzņēmuma komanda.",normal
Pasākuma programma,"Sveiki, visiem!

Paldies par jūsu iepriekšējo atbildi. Pasākuma sākums paredzēts plkst. 10.00. Informācija par darba grafiku ir pievienota šim ziņojumam. Mēs nosūtīsim papildu informāciju pēc tikšanās. Pielikumā nosūtām informāciju par plānoto pasākumu.

Paldies par sadarbību!
Uzņēmuma komanda.",normal
Aptauja par pakalpojumu,"Labdien, kolēģi!

Tikšanās laiks ir saskaņots ar visiem dalībniekiem. Jūsu rezervācija ir veiksmīgi apstiprināta. Informācija par darba grafiku ir pievienota šim ziņojumam. Vēlamies informēt, ka mūsu tikšanās notiks nākamajā nedēļā.

Ar cieņu,
Klientu apkalpošanas nodaļa.",normal
Pateicība par sadarbību,"Sveiki, Jāni!

Pielikumā nosūtām informāciju par plānoto pasākumu. Vēlamies informēt, ka mūsu tikšanās notiks nākamajā nedēļā. Paldies par jūsu iepriekšējo atbildi.

Paldies!
Klientu serviss.",normal
Informācija par nodarbību,"Labdien, Anna!

Informācija tiks papildināta, ja būs nepieciešamas izmaiņas. Informācija par darba grafiku ir pievienota šim ziņojumam. Piegāde ir plānota tuvāko trīs darba dienu laikā. Aptauja aizņems tikai dažas minūtes. Papildu informāciju varat saņemt, sazinoties ar mums. Mēs vēlamies precizēt dažas detaļas par mūsu sadarbību. Pasākuma sākums paredzēts plkst. 10.00.

Paldies!
Klientu serviss.",normal
Pasūtījuma statuss,"Labdien, Anna!

Mēs vēlamies precizēt dažas detaļas par mūsu sadarbību. Paldies, ka izmantojat mūsu pakalpojumus. Informācija tiks papildināta, ja būs nepieciešamas izmaiņas. Atgādinām, ka pasākums notiks piektdien.

Ar cieņu,
Skolas administrācija.",normal
Jaunā darba kārtība,"Labdien, skolēni!

Pasākuma dalībniekiem būs pieejami visi nepieciešamie materiāli. Darba grafiks nākamajai nedēļai ir sagatavots. Mēs nosūtīsim papildu informāciju pēc tikšanās.

Ar cieņu,
Klientu apkalpošanas nodaļa.",normal
Piegādes informācija,"Sveiki, kolēģi!

Informācija tiks papildināta, ja būs nepieciešamas izmaiņas. Lūdzu, dodiet mums ziņu, ja nepieciešams mainīt tikšanās laiku. Lūdzu, iepazīstieties ar pievienotajiem dokumentiem. Nodarbība notiks ierastajā laikā.

Ar cieņu,
Projektu komanda.",normal
Rezervācijas apstiprinājums,"Labdien, Anna!

Atgādinām, ka pasākums notiks piektdien. Šonedēļ esam sagatavojuši vairākus jaunumus. Pasākuma sākums paredzēts plkst. 10.00. Sanāksmes laikā pārrunāsim aktuālos jautājumus. Paldies par jūsu iepriekšējo atbildi. Atgādinām par rīt plānoto tikšanos.

Paldies!
Klientu serviss.",normal
Pasākuma programma,"Sveiki, komanda!

Dokumenti būs pieejami arī klātienes tikšanās laikā. Paldies par jūsu iepriekšējo atbildi. Jūsu rezervācija ir veiksmīgi apstiprināta.

Paldies!
Klientu serviss.",normal
Jaunā darba kārtība,"Sveiki, kolēģi!

Paldies par jūsu iepriekšējo atbildi. Aptauja aizņems tikai dažas minūtes. Ja nepieciešams, varam vienoties par citu laiku. Informācija tiks papildināta, ja būs nepieciešamas izmaiņas. Paldies, ka izmantojat mūsu pakalpojumus.

Veiksmīgu dienu!
Mūsu komanda.",normal
Darba grafiks,"Labdien, Anna!

Mēs nosūtīsim papildu informāciju pēc tikšanās. Pasākuma sākums paredzēts plkst. 10.00. Lūdzu, dodiet mums ziņu, ja nepieciešams mainīt tikšanās laiku.

Ar cieņu,
Administrācija.",normal
Piegādes datums,"Labdien, kolēģi!

Nākamajā mēnesī tiks veiktas nelielas izmaiņas darba kārtībā. Tikšanās laiks ir saskaņots ar visiem dalībniekiem. Mēs nosūtīsim papildu informāciju pēc tikšanās. Informācija par darba grafiku ir pievienota šim ziņojumam.

Veiksmīgu dienu!
Mūsu komanda.",normal
Informācija klientiem,"Sveiki, visiem!

Vēlamies informēt, ka mūsu tikšanās notiks nākamajā nedēļā. Mēs priecāsimies saņemt jūsu komentārus. Atgādinām par rīt plānoto tikšanos. Mēs novērtējam jūsu atsauksmes un ieteikumus. Šonedēļ esam sagatavojuši vairākus jaunumus. Lūdzu, dodiet mums ziņu, ja nepieciešams mainīt tikšanās laiku. Aptauja aizņems tikai dažas minūtes.

Ar cieņu,
Skolas administrācija.",normal
Pasūtījuma statuss,"Sveiki!

Tikšanās laiks ir saskaņots ar visiem dalībniekiem. Paldies par jūsu laiku un atsaucību. Jūsu rezervācija ir veiksmīgi apstiprināta. Nākamajā mēnesī tiks veiktas nelielas izmaiņas darba kārtībā. Nodarbība notiks ierastajā laikā.

Lai jauka diena!
Mūsu komanda.",normal
Aptauja par pakalpojumu,"Labdien!

Mēs nosūtīsim papildu informāciju pēc tikšanās. Dokumenti būs pieejami arī klātienes tikšanās laikā. Pasākuma sākums paredzēts plkst. 10.00. Sanāksmes laikā pārrunāsim aktuālos jautājumus. Ja nepieciešams, varam vienoties par citu laiku. Nākamajā mēnesī tiks veiktas nelielas izmaiņas darba kārtībā.

Ar cieņu,
Administrācija.",normal
Semināra programma,"Labdien, kolēģi!

Vēlamies informēt, ka mūsu tikšanās notiks nākamajā nedēļā. Lūdzu, dodiet mums ziņu, ja nepieciešams mainīt tikšanās laiku. Pasākuma dalībniekiem būs pieejami visi nepieciešamie materiāli. Mēs novērtējam jūsu atsauksmes un ieteikumus. Tikšanās laiks ir saskaņots ar visiem dalībniekiem.

Ar cieņu,
Skolas administrācija.",normal
Atgādinājums par tikšanos,"Labdien, cienījamie klienti!

Lūdzu, dodiet mums ziņu, ja nepieciešams mainīt tikšanās laiku. Paldies par jūsu laiku un atsaucību. Jūsu rezervācija ir veiksmīgi apstiprināta. Paldies, ka izmantojat mūsu pakalpojumus. Nodarbība notiks ierastajā laikā. Tikšanās laiks ir saskaņots ar visiem dalībniekiem. Pasākuma dalībniekiem būs pieejami visi nepieciešamie materiāli.

Lai jauka diena!
Mūsu komanda.",normal
Komandas sapulce,"Labdien, cienījamie klienti!

Piegāde ir plānota tuvāko trīs darba dienu laikā. Mēs priecāsimies saņemt jūsu komentārus. Nākamajā mēnesī tiks veiktas nelielas izmaiņas darba kārtībā.

Veiksmīgu dienu!
Mūsu komanda.",normal
Dokumentu nosūtīšana,"Labdien, Anna!

Nodarbība notiks ierastajā laikā. Darba grafiks nākamajai nedēļai ir sagatavots. Paldies par jūsu iepriekšējo atbildi. Lūdzu, iepazīstieties ar pievienotajiem dokumentiem.

Ar cieņu,
Skolas administrācija.",normal
Jaunā darba kārtība,"Labdien!

Paldies par jūsu laiku un atsaucību. Sanāksmes laikā pārrunāsim aktuālos jautājumus. Darba grafiks nākamajai nedēļai ir sagatavots. Ja nepieciešams, varam vienoties par citu laiku. Nākamajā mēnesī tiks veiktas nelielas izmaiņas darba kārtībā. Mēs novērtējam jūsu atsauksmes un ieteikumus.

Ar cieņu,
Administrācija.",normal
Rēķins par pakalpojumu,"Sveiki, visiem!

Mēs novērtējam jūsu atsauksmes un ieteikumus. Mēs nosūtīsim papildu informāciju pēc tikšanās. Pasākuma sākums paredzēts plkst. 10.00. Tikšanās laiks ir saskaņots ar visiem dalībniekiem. Jūsu pasūtījums ir sagatavots un tiks nosūtīts tuvākajās dienās. Ja nepieciešams, varam vienoties par citu laiku.

Ar cieņu,
Administrācija.",normal
Jaunā darba kārtība,"Labdien, cienījamie klienti!

Pasākuma sākums paredzēts plkst. 10.00. Aptauja aizņems tikai dažas minūtes. Mēs nosūtīsim papildu informāciju pēc tikšanās. Nodarbība notiks ierastajā laikā.

Ar cieņu,
Klientu apkalpošanas nodaļa.",normal
Komandas sapulce,"Labdien, kolēģi!

Paldies par jūsu iepriekšējo atbildi. Ja nepieciešams, varam vienoties par citu laiku. Informācija par jaunumiem ir pieejama mūsu mājaslapā. Šonedēļ esam sagatavojuši vairākus jaunumus. Piegāde ir plānota tuvāko trīs darba dienu laikā. Paldies par jūsu laiku un atsaucību. Mēs priecāsimies saņemt jūsu komentārus.

Ar cieņu,
Skolas administrācija.",normal
Pasākuma programma,"Sveiki, Jāni!

Ja jums ir jautājumi, varat sazināties ar mūsu klientu apkalpošanas nodaļu. Piegāde ir plānota tuvāko trīs darba dienu laikā. Ja nepieciešams, varam vienoties par citu laiku.

Ar cieņu,
Skolas administrācija.",normal
Dokumentu nosūtīšana,"Labdien, cienījamie klienti!

Informācija tiks papildināta, ja būs nepieciešamas izmaiņas. Papildu informāciju varat saņemt, sazinoties ar mums. Mēs priecāsimies saņemt jūsu komentārus. Paldies, ka izmantojat mūsu pakalpojumus. Aptauja aizņems tikai dažas minūtes. Sanāksmes laikā pārrunāsim aktuālos jautājumus. Lūdzu, iepazīstieties ar pievienotajiem dokumentiem.

Veiksmīgu dienu!
Mūsu komanda.",normal
Rezervācijas apstiprinājums,"Sveiki!

Informācija par darba grafiku ir pievienota šim ziņojumam. Lūdzu, iepazīstieties ar pievienotajiem dokumentiem. Sanāksmes laikā pārrunāsim aktuālos jautājumus.

Paldies!
Klientu serviss.",normal
Piegādes datums,"Labdien!

Atgādinām par rīt plānoto tikšanos. Mēs novērtējam jūsu atsauksmes un ieteikumus. Jūsu rezervācija ir veiksmīgi apstiprināta. Ja jums ir jautājumi, varat sazināties ar mūsu klientu apkalpošanas nodaļu. Paldies, ka izmantojat mūsu pakalpojumus. Lūdzu, saglabājiet šo ziņojumu turpmākai atsaucei.

Ar cieņu,
Projektu komanda.",normal
Komandas sapulce,"Sveiki, komanda!

Paldies par jūsu iepriekšējo atbildi. Piegāde ir plānota tuvāko trīs darba dienu laikā. Nākamajā mēnesī tiks veiktas nelielas izmaiņas darba kārtībā.

Ar cieņu,
Administrācija.",normal
Atgādinājums par tikšanos,"Labdien, Anna!

Piegāde ir plānota tuvāko trīs darba dienu laikā. Mēs vēlamies precizēt dažas detaļas par mūsu sadarbību. Informācija tiks papildināta, ja būs nepieciešamas izmaiņas. Nākamajā mēnesī tiks veiktas nelielas izmaiņas darba kārtībā.

Paldies!
Klientu serviss.",normal
Tikšanās laika maiņa,"Labdien, skolēni!

Nākamajā mēnesī tiks veiktas nelielas izmaiņas darba kārtībā. Informācija par jaunumiem ir pieejama mūsu mājaslapā. Jūsu pasūtījums ir sagatavots un tiks nosūtīts tuvākajās dienās. Mēs priecāsimies saņemt jūsu komentārus. Informācija par darba grafiku ir pievienota šim ziņojumam. Mēs novērtējam jūsu atsauksmes un ieteikumus.

Veiksmīgu dienu!
Mūsu komanda.",normal
Bibliotēkas atgādinājums,"Sveiki, kolēģi!

Paldies par jūsu laiku un atsaucību. Mēs novērtējam jūsu atsauksmes un ieteikumus. Jūsu rezervācija ir veiksmīgi apstiprināta. Lūdzu, informējiet mūs, ja nevarēsiet piedalīties. Mēs priecāsimies saņemt jūsu komentārus. Lūdzu, dodiet mums ziņu, ja nepieciešams mainīt tikšanās laiku. Mēs vēlamies precizēt dažas detaļas par mūsu sadarbību.

Ar cieņu,
Projektu komanda.",normal
Tikšanās par projektu,"Sveiki, visiem!

Dokumenti būs pieejami arī klātienes tikšanās laikā. Pasākuma sākums paredzēts plkst. 10.00. Sanāksmes laikā pārrunāsim aktuālos jautājumus. Informācija par darba grafiku ir pievienota šim ziņojumam. Ja jums ir jautājumi, varat sazināties ar mūsu klientu apkalpošanas nodaļu. Mēs nosūtīsim papildu informāciju pēc tikšanās.

Ar cieņu,
Projektu komanda.",normal
Aptauja par pakalpojumu,"Labdien, cienījamie klienti!

Paldies par jūsu laiku un atsaucību. Lūdzu, dodiet mums ziņu, ja nepieciešams mainīt tikšanās laiku. Informācija par darba grafiku ir pievienota šim ziņojumam. Piegāde ir plānota tuvāko trīs darba dienu laikā. Informācija tiks papildināta, ja būs nepieciešamas izmaiņas. Mēs novērtējam jūsu atsauksmes un ieteikumus.

Ar cieņu,
Administrācija.",normal
Nedēļas jaunumi,"Sveiki, Jāni!

Tikšanās laiks ir saskaņots ar visiem dalībniekiem. Nodarbība notiks ierastajā laikā. Paldies par jūsu iepriekšējo atbildi. Lūdzu, iepazīstieties ar pievienotajiem dokumentiem. Pielikumā nosūtām informāciju par plānoto pasākumu. Paldies par jūsu laiku un atsaucību. Darba grafiks nākamajai nedēļai ir sagatavots.

Paldies!
Klientu serviss.",normal
Jaunā darba kārtība,"Sveiki, visiem!

Informācija par jaunumiem ir pieejama mūsu mājaslapā. Paldies par jūsu iepriekšējo atbildi. Pielikumā nosūtām informāciju par plānoto pasākumu. Mēs vēlamies precizēt dažas detaļas par mūsu sadarbību. Atgādinām, ka pasākums notiks piektdien. Aptauja aizņems tikai dažas minūtes.

Ar cieņu,
Projektu komanda.",normal
Tikšanās laika maiņa,"Labdien, skolēni!

Aptauja aizņems tikai dažas minūtes. Atgādinām, ka pasākums notiks piektdien. Tikšanās laiks ir saskaņots ar visiem dalībniekiem. Mēs vēlamies precizēt dažas detaļas par mūsu sadarbību. Dokumenti būs pieejami arī klātienes tikšanās laikā. Ja nepieciešams, varam vienoties par citu laiku. Lūdzu, dodiet mums ziņu, ja nepieciešams mainīt tikšanās laiku.

Paldies par sadarbību!
Uzņēmuma komanda.",normal
Komandas sapulce,"Labdien, cienījamie klienti!

Lūdzu, saglabājiet šo ziņojumu turpmākai atsaucei. Pasākuma dalībniekiem būs pieejami visi nepieciešamie materiāli. Paldies par jūsu laiku un atsaucību. Ja nepieciešams, varam vienoties par citu laiku. Pielikumā nosūtām informāciju par plānoto pasākumu. Vēlamies informēt, ka mūsu tikšanās notiks nākamajā nedēļā.

Ar cieņu,
Administrācija.",normal
Pasūtījuma statuss,"Labdien!

Lūdzu, iepazīstieties ar pievienotajiem dokumentiem. Piegāde ir plānota tuvāko trīs darba dienu laikā. Darba grafiks nākamajai nedēļai ir sagatavots. Ja jums ir jautājumi, varat sazināties ar mūsu klientu apkalpošanas nodaļu. Ja nepieciešams, varam vienoties par citu laiku.

Veiksmīgu dienu!
Mūsu komanda.",normal
Informācija par nodarbību,"Sveiki, Jāni!

Informācija tiks papildināta, ja būs nepieciešamas izmaiņas. Paldies, ka izmantojat mūsu pakalpojumus. Informācija par darba grafiku ir pievienota šim ziņojumam. Sanāksmes laikā pārrunāsim aktuālos jautājumus. Lūdzu, dodiet mums ziņu, ja nepieciešams mainīt tikšanās laiku.

Ar cieņu,
Administrācija.",normal
Informācija par pasākumu,"Sveiki, komanda!

Aptauja aizņems tikai dažas minūtes. Tikšanās laiks ir saskaņots ar visiem dalībniekiem. Informācija par jaunumiem ir pieejama mūsu mājaslapā.

Ar cieņu,
Projektu komanda.",normal
Rezervācijas apstiprinājums,"Sveiki!

Piegāde ir plānota tuvāko trīs darba dienu laikā. Pielikumā nosūtām informāciju par plānoto pasākumu. Dokumenti būs pieejami arī klātienes tikšanās laikā. Paldies par jūsu laiku un atsaucību. Lūdzu, saglabājiet šo ziņojumu turpmākai atsaucei. Lūdzu, iepazīstieties ar pievienotajiem dokumentiem.

Veiksmīgu dienu!
Mūsu komanda.",normal
Jaunā darba kārtība,"Sveiki!

Nākamajā mēnesī tiks veiktas nelielas izmaiņas darba kārtībā. Informācija par darba grafiku ir pievienota šim ziņojumam. Atgādinām, ka pasākums notiks piektdien. Pasākuma sākums paredzēts plkst. 10.00. Ja jums ir jautājumi, varat sazināties ar mūsu klientu apkalpošanas nodaļu.

Veiksmīgu dienu!
Mūsu komanda.",normal
Piegādes informācija,"Sveiki!

Informācija par darba grafiku ir pievienota šim ziņojumam. Atgādinām par rīt plānoto tikšanos. Paldies, ka izmantojat mūsu pakalpojumus. Dokumenti būs pieejami arī klātienes tikšanās laikā. Aptauja aizņems tikai dažas minūtes. Mēs vēlamies precizēt dažas detaļas par mūsu sadarbību.

Veiksmīgu dienu!
Mūsu komanda.",normal
Pasūtījuma statuss,"Labdien, kolēģi!

Mēs priecāsimies saņemt jūsu komentārus. Mēs nosūtīsim papildu informāciju pēc tikšanās. Lūdzu, iepazīstieties ar pievienotajiem dokumentiem. Lūdzu, dodiet mums ziņu, ja nepieciešams mainīt tikšanās laiku. Atgādinām, ka pasākums notiks piektdien. Paldies par jūsu laiku un atsaucību. Lūdzu, saglabājiet šo ziņojumu turpmākai atsaucei.

Ar cieņu,
Klientu apkalpošanas nodaļa.",normal
Jaunā darba kārtība,"Sveiki, kolēģi!

Tikšanās laiks ir saskaņots ar visiem dalībniekiem. Darba grafiks nākamajai nedēļai ir sagatavots. Pielikumā nosūtām informāciju par plānoto pasākumu. Jūsu pasūtījums ir sagatavots un tiks nosūtīts tuvākajās dienās.

Veiksmīgu dienu!
Mūsu komanda.",normal
Komandas sapulce,"Sveiki, komanda!

Paldies par jūsu iepriekšējo atbildi. Šonedēļ esam sagatavojuši vairākus jaunumus. Atgādinām, ka pasākums notiks piektdien.

Veiksmīgu dienu!
Mūsu komanda.",normal
Nedēļas jaunumi,"Sveiki, komanda!

Paldies, ka izmantojat mūsu pakalpojumus. Piegāde ir plānota tuvāko trīs darba dienu laikā. Paldies par jūsu iepriekšējo atbildi. Mēs novērtējam jūsu atsauksmes un ieteikumus. Nodarbība notiks ierastajā laikā. Informācija par darba grafiku ir pievienota šim ziņojumam.

Veiksmīgu dienu!
Mūsu komanda.",normal
Informācija klientiem,"Labdien, skolēni!

Pasākuma dalībniekiem būs pieejami visi nepieciešamie materiāli. Pielikumā nosūtām informāciju par plānoto pasākumu. Informācija par jaunumiem ir pieejama mūsu mājaslapā. Mēs vēlamies precizēt dažas detaļas par mūsu sadarbību. Nākamajā mēnesī tiks veiktas nelielas izmaiņas darba kārtībā.

Veiksmīgu dienu!
Mūsu komanda.",normal
Jaunā darba kārtība,"Labdien!

Informācija par darba grafiku ir pievienota šim ziņojumam. Atgādinām, ka pasākums notiks piektdien. Jūsu rezervācija ir veiksmīgi apstiprināta. Informācija tiks papildināta, ja būs nepieciešamas izmaiņas.

Ar cieņu,
Klientu apkalpošanas nodaļa.",normal
Darba grafiks,"Sveiki, visiem!

Mēs vēlamies precizēt dažas detaļas par mūsu sadarbību. Papildu informāciju varat saņemt, sazinoties ar mums. Jūsu rezervācija ir veiksmīgi apstiprināta. Lūdzu, informējiet mūs, ja nevarēsiet piedalīties. Dokumenti būs pieejami arī klātienes tikšanās laikā. Vēlamies informēt, ka mūsu tikšanās notiks nākamajā nedēļā. Tikšanās laiks ir saskaņots ar visiem dalībniekiem.

Ar cieņu,
Skolas administrācija.",normal
Piegādes informācija,"Sveiki, visiem!

Paldies par jūsu laiku un atsaucību. Sanāksmes laikā pārrunāsim aktuālos jautājumus. Atgādinām, ka pasākums notiks piektdien. Dokumenti būs pieejami arī klātienes tikšanās laikā. Lūdzu, saglabājiet šo ziņojumu turpmākai atsaucei. Nodarbība notiks ierastajā laikā. Darba grafiks nākamajai nedēļai ir sagatavots.

Ar cieņu,
Administrācija.",normal
Dokumentu nosūtīšana,"Sveiki!

Pasākuma sākums paredzēts plkst. 10.00. Atgādinām par rīt plānoto tikšanos. Informācija tiks papildināta, ja būs nepieciešamas izmaiņas.

Ar cieņu,
Skolas administrācija.",normal
Komandas sapulce,"Sveiki, Jāni!

Atgādinām par rīt plānoto tikšanos. Mēs priecāsimies saņemt jūsu komentārus. Pasākuma sākums paredzēts plkst. 10.00. Nākamajā mēnesī tiks veiktas nelielas izmaiņas darba kārtībā. Lūdzu, iepazīstieties ar pievienotajiem dokumentiem.

Ar cieņu,
Administrācija.",normal
Informācija klientiem,"Labdien, cienījamie klienti!

Dokumenti būs pieejami arī klātienes tikšanās laikā. Papildu informāciju varat saņemt, sazinoties ar mums. Tikšanās laiks ir saskaņots ar visiem dalībniekiem. Lūdzu, iepazīstieties ar pievienotajiem dokumentiem.

Paldies!
Klientu serviss.",normal
Semināra programma,"Sveiki, komanda!

Lūdzu, iepazīstieties ar pievienotajiem dokumentiem. Paldies, ka izmantojat mūsu pakalpojumus. Dokumenti būs pieejami arī klātienes tikšanās laikā. Mēs vēlamies precizēt dažas detaļas par mūsu sadarbību. Paldies par jūsu laiku un atsaucību. Pasākuma sākums paredzēts plkst. 10.00. Lūdzu, informējiet mūs, ja nevarēsiet piedalīties.

Veiksmīgu dienu!
Mūsu komanda.",normal
Pasūtījuma statuss,"Sveiki, kolēģi!

Mēs priecāsimies saņemt jūsu komentārus. Darba grafiks nākamajai nedēļai ir sagatavots. Jūsu rezervācija ir veiksmīgi apstiprināta. Lūdzu, saglabājiet šo ziņojumu turpmākai atsaucei.

Paldies par sadarbību!
Uzņēmuma komanda.",normal
Pasūtījuma statuss,"Labdien, Anna!

Lūdzu, iepazīstieties ar pievienotajiem dokumentiem. Pielikumā nosūtām informāciju par plānoto pasākumu. Tikšanās laiks ir saskaņots ar visiem dalībniekiem. Šonedēļ esam sagatavojuši vairākus jaunumus.

Lai jauka diena!
Mūsu komanda.",normal
Informācija par nodarbību,"Labdien, kolēģi!

Lūdzu, informējiet mūs, ja nevarēsiet piedalīties. Darba grafiks nākamajai nedēļai ir sagatavots. Lūdzu, saglabājiet šo ziņojumu turpmākai atsaucei.

Veiksmīgu dienu!
Mūsu komanda.",normal
Pasākuma programma,"Sveiki, Jāni!

Lūdzu, informējiet mūs, ja nevarēsiet piedalīties. Ja jums ir jautājumi, varat sazināties ar mūsu klientu apkalpošanas nodaļu. Vēlamies informēt, ka mūsu tikšanās notiks nākamajā nedēļā. Lūdzu, iepazīstieties ar pievienotajiem dokumentiem. Sanāksmes laikā pārrunāsim aktuālos jautājumus.

Ar cieņu,
Skolas administrācija.",normal
Aptauja par pakalpojumu,"Labdien, cienījamie klienti!

Piegāde ir plānota tuvāko trīs darba dienu laikā. Lūdzu, saglabājiet šo ziņojumu turpmākai atsaucei. Pasākuma dalībniekiem būs pieejami visi nepieciešamie materiāli. Nākamajā mēnesī tiks veiktas nelielas izmaiņas darba kārtībā. Atgādinām par rīt plānoto tikšanos. Sanāksmes laikā pārrunāsim aktuālos jautājumus. Papildu informāciju varat saņemt, sazinoties ar mums.

Veiksmīgu dienu!
Mūsu komanda.",normal
Bibliotēkas atgādinājums,"Sveiki, komanda!

Informācija par darba grafiku ir pievienota šim ziņojumam. Pasākuma dalībniekiem būs pieejami visi nepieciešamie materiāli. Lūdzu, dodiet mums ziņu, ja nepieciešams mainīt tikšanās laiku. Mēs novērtējam jūsu atsauksmes un ieteikumus. Lūdzu, iepazīstieties ar pievienotajiem dokumentiem. Piegāde ir plānota tuvāko trīs darba dienu laikā.

Ar cieņu,
Projektu komanda.",normal
Pateicība par sadarbību,"Sveiki!

Mēs nosūtīsim papildu informāciju pēc tikšanās. Aptauja aizņems tikai dažas minūtes. Lūdzu, dodiet mums ziņu, ja nepieciešams mainīt tikšanās laiku. Ja nepieciešams, varam vienoties par citu laiku.

Ar cieņu,
Projektu komanda.",normal
Bibliotēkas atgādinājums,"Sveiki, Jāni!

Informācija par darba grafiku ir pievienota šim ziņojumam. Papildu informāciju varat saņemt, sazinoties ar mums. Atgādinām par rīt plānoto tikšanos.

Ar cieņu,
Skolas administrācija.",normal
Dokumentu nosūtīšana,"Sveiki!

Dokumenti būs pieejami arī klātienes tikšanās laikā. Sanāksmes laikā pārrunāsim aktuālos jautājumus. Nākamajā mēnesī tiks veiktas nelielas izmaiņas darba kārtībā. Tikšanās laiks ir saskaņots ar visiem dalībniekiem. Paldies, ka izmantojat mūsu pakalpojumus. Informācija par jaunumiem ir pieejama mūsu mājaslapā. Mēs novērtējam jūsu atsauksmes un ieteikumus.

Paldies!
Klientu serviss.",normal
Nedēļas jaunumi,"Labdien, kolēģi!

Šonedēļ esam sagatavojuši vairākus jaunumus. Paldies, ka izmantojat mūsu pakalpojumus. Informācija par jaunumiem ir pieejama mūsu mājaslapā. Pielikumā nosūtām informāciju par plānoto pasākumu.

Paldies!
Klientu serviss.",normal
Pateicība par sadarbību,"Labdien!

Atgādinām par rīt plānoto tikšanos. Mēs vēlamies precizēt dažas detaļas par mūsu sadarbību. Dokumenti būs pieejami arī klātienes tikšanās laikā.

Paldies par sadarbību!
Uzņēmuma komanda.",normal
Jaunumi uzņēmumā,"Labdien, cienījamie klienti!

Mēs priecāsimies saņemt jūsu komentārus. Lūdzu, dodiet mums ziņu, ja nepieciešams mainīt tikšanās laiku. Dokumenti būs pieejami arī klātienes tikšanās laikā. Piegāde ir plānota tuvāko trīs darba dienu laikā.

Veiksmīgu dienu!
Mūsu komanda.",normal
Tikšanās par projektu,"Labdien, kolēģi!

Šonedēļ esam sagatavojuši vairākus jaunumus. Nākamajā mēnesī tiks veiktas nelielas izmaiņas darba kārtībā. Informācija par jaunumiem ir pieejama mūsu mājaslapā. Informācija tiks papildināta, ja būs nepieciešamas izmaiņas. Informācija par darba grafiku ir pievienota šim ziņojumam. Papildu informāciju varat saņemt, sazinoties ar mums.

Veiksmīgu dienu!
Mūsu komanda.",normal
Pasūtījuma statuss,"Labdien!

Mēs novērtējam jūsu atsauksmes un ieteikumus. Pielikumā nosūtām informāciju par plānoto pasākumu. Papildu informāciju varat saņemt, sazinoties ar mums. Darba grafiks nākamajai nedēļai ir sagatavots.

Veiksmīgu dienu!
Mūsu komanda.",normal
Pasūtījuma statuss,"Sveiki, kolēģi!

Pielikumā nosūtām informāciju par plānoto pasākumu. Lūdzu, iepazīstieties ar pievienotajiem dokumentiem. Aptauja aizņems tikai dažas minūtes.

Veiksmīgu dienu!
Mūsu komanda.",normal
